dataset,grammar,L,strategy,sampling_strategy,sigma,eb_gamma,T,n_reps,mean_rule1,std_rule1,mean_rule2,std_rule2,mean_both_rules,std_both_rules,mean_format,std_format,n_steps_mean,n_steps_max,deterministic,elapsed_s,n_correct,n_correct_too_low,uniqueness,duplication_rate,mean_lev_dist_normalized,lev_n_used,bigram_diversity,trigram_diversity,dfa_state_coverage,dfa_transition_coverage,n_entropy,n_coverage,m_entropy,nm_joint_coverage,max_depth_ratio_mean,max_depth_ratio_std,brackets_parens_ratio_mean,brackets_parens_ratio_std,n_zero_paren_sequences,distribution_path
unconditional,parentheses_and_brackets,32,uniform,categorical,,,2,5,0.002,0.004,1.0,0.0,0.002,0.004,0.248,0.044452,1.25,2,False,161.39,1,True,1.0,0.0,,1,0.3548387096774194,0.6666666666666666,,,,,,,0.3125,,2.2,,0,results/T-sweep-Dyck-2/distributions/parentheses_and_brackets_L32_T2_uniform_categorical_none.json
unconditional,parentheses_and_brackets,32,gaussian,greedy,20.0,,2,5,0.012,0.007483,1.0,0.0,0.012,0.007483,0.852,0.022271,2.002,3,False,166.38,6,False,1.0,0.0,0.13229166666666667,6,0.021505376344086023,0.044444444444444446,,,,,,,0.5208333333333334,0.09991315673568166,0.0,0.0,0,results/T-sweep-Dyck-2/distributions/parentheses_and_brackets_L32_T2_gaussian_greedy_sigma20.0.json
unconditional,parentheses_and_brackets,32,uniform,greedy,,,2,5,0.034,0.014967,1.0,0.0,0.034,0.014967,1.0,0.0,2.0,2,False,169.27,17,False,1.0,0.0,0.12143841911764706,17,0.007590132827324478,0.01568627450980392,,,,,,,0.5625,0.11741705457846553,0.0,0.0,0,results/T-sweep-Dyck-2/distributions/parentheses_and_brackets_L32_T2_uniform_greedy_none.json
unconditional,parentheses_and_brackets,32,uniform,categorical,,,1,5,0.0,0.0,1.0,0.0,0.0,0.0,0.762,0.029933,1.0,1,False,169.94,0,True,,,,0,,,,,,,,,,,,,0,results/T-sweep-Dyck-2/distributions/parentheses_and_brackets_L32_T1_uniform_categorical_none.json
unconditional,parentheses_and_brackets,32,gaussian,greedy,10.0,,1,5,0.038,0.017205,1.0,0.0,0.038,0.017205,0.978,0.004,1.04,2,False,189.54,19,False,0.42105263157894735,0.5789473684210527,0.027777777777777776,19,0.006791171477079796,0.010526315789473684,,,,,,,0.9375,0.0,0.0,0.0,0,results/T-sweep-Dyck-2/distributions/parentheses_and_brackets_L32_T1_gaussian_greedy_sigma10.0.json
unconditional,parentheses_and_brackets,32,uniform,greedy,,,1,5,0.0,0.0,1.0,0.0,0.0,0.0,1.0,0.0,1.0,1,False,200.07,0,True,,,,0,,,,,,,,,,,,,0,results/T-sweep-Dyck-2/distributions/parentheses_and_brackets_L32_T1_uniform_greedy_none.json
unconditional,parentheses_and_brackets,32,gaussian,greedy,20.0,,1,5,0.096,0.024166,1.0,0.0,0.096,0.024166,0.972,0.011662,1.104,2,False,199.6,48,False,0.3125,0.6875,0.02917220744680851,48,0.002688172043010753,0.004166666666666667,,,,,,,0.9388020833333334,0.008926633594272194,0.0,0.0,0,results/T-sweep-Dyck-2/distributions/parentheses_and_brackets_L32_T1_gaussian_greedy_sigma20.0.json
unconditional,parentheses_and_brackets,32,gaussian,greedy,2.0,,1,5,0.0,0.0,1.0,0.0,0.0,0.0,0.998,0.004,1.0,1,False,203.07,0,True,,,,0,,,,,,,,,,,,,0,results/T-sweep-Dyck-2/distributions/parentheses_and_brackets_L32_T1_gaussian_greedy_sigma2.0.json
unconditional,parentheses_and_brackets,32,gaussian,greedy,1.0,,1,5,0.0,0.0,1.0,0.0,0.0,0.0,1.0,0.0,1.0,1,False,203.43,0,True,,,,0,,,,,,,,,,,,,0,results/T-sweep-Dyck-2/distributions/parentheses_and_brackets_L32_T1_gaussian_greedy_sigma1.0.json
unconditional,parentheses_and_brackets,32,gaussian,greedy,2.0,,2,5,0.0,0.0,1.0,0.0,0.0,0.0,0.996,0.004899,2.0,2,False,204.17,0,True,,,,0,,,,,,,,,,,,,0,results/T-sweep-Dyck-2/distributions/parentheses_and_brackets_L32_T2_gaussian_greedy_sigma2.0.json
unconditional,parentheses_and_brackets,32,gaussian,greedy,5.0,,1,5,0.004,0.004899,1.0,0.0,0.004,0.004899,0.988,0.009798,1.004,2,False,204.79,2,True,,,,2,,,,,,,,,0.9375,0.0,0.0,0.0,0,results/T-sweep-Dyck-2/distributions/parentheses_and_brackets_L32_T1_gaussian_greedy_sigma5.0.json
unconditional,parentheses_and_brackets,32,gaussian,greedy,50.0,,1,5,0.164,0.020591,1.0,0.0,0.164,0.020591,0.916,0.024166,1.174,2,False,204.73,82,False,0.1951219512195122,0.8048780487804879,0.029142201144233666,82,0.0015735641227380016,0.002845528455284553,,,,,,,0.9405487804878049,0.013463050101109524,0.0,0.0,0,results/T-sweep-Dyck-2/distributions/parentheses_and_brackets_L32_T1_gaussian_greedy_sigma50.0.json
unconditional,parentheses_and_brackets,32,gaussian,greedy,50.0,,2,5,0.046,0.013565,1.0,0.0,0.046,0.013565,0.688,0.049558,2.02,3,False,215.53,23,False,1.0,0.0,0.12957015810276679,23,0.005610098176718092,0.011594202898550725,,,,,,,0.5652173913043478,0.1468397400663728,0.0,0.0,0,results/T-sweep-Dyck-2/distributions/parentheses_and_brackets_L32_T2_gaussian_greedy_sigma50.0.json
unconditional,parentheses_and_brackets,32,gaussian,greedy,5.0,,2,5,0.002,0.004,1.0,0.0,0.002,0.004,0.974,0.018547,2.002,3,False,220.18,1,True,1.0,0.0,,1,0.12903225806451613,0.2,,,,,,,0.9375,,0.0,,0,results/T-sweep-Dyck-2/distributions/parentheses_and_brackets_L32_T2_gaussian_greedy_sigma5.0.json
unconditional,parentheses_and_brackets,32,gaussian,greedy,10.0,,2,5,0.002,0.004,1.0,0.0,0.002,0.004,0.926,0.014967,2.0,2,False,225.76,1,True,1.0,0.0,,1,0.12903225806451613,0.26666666666666666,,,,,,,0.5625,,0.0,,0,results/T-sweep-Dyck-2/distributions/parentheses_and_brackets_L32_T2_gaussian_greedy_sigma10.0.json
unconditional,parentheses_and_brackets,32,gaussian,greedy,1.0,,2,5,0.0,0.0,1.0,0.0,0.0,0.0,1.0,0.0,2.0,2,False,229.5,0,True,,,,0,,,,,,,,,,,,,0,results/T-sweep-Dyck-2/distributions/parentheses_and_brackets_L32_T2_gaussian_greedy_sigma1.0.json
unconditional,parentheses_and_brackets,32,uniform,categorical,,,4,5,0.06,0.018974,1.0,0.0,0.06,0.018974,0.244,0.05748,2.494,4,False,235.52,30,False,1.0,0.0,0.2696580580002886,30,0.01511879049676026,0.05357142857142857,,,,,,,0.3891666666666667,0.11125130045016036,1.0775060125060125,0.49146752479514544,0,results/T-sweep-Dyck-2/distributions/parentheses_and_brackets_L32_T4_uniform_categorical_none.json
unconditional,parentheses_and_brackets,32,uniform,greedy,,,4,5,0.11,0.028284,1.0,0.0,0.11,0.028284,0.898,0.017205,3.898,4,False,264.98,55,False,1.0,0.0,0.13805765993265992,55,0.002346041055718475,0.0048484848484848485,,,,,,,0.4636363636363636,0.10705968830285342,0.0,0.0,0,results/T-sweep-Dyck-2/distributions/parentheses_and_brackets_L32_T4_uniform_greedy_none.json
unconditional,parentheses_and_brackets,32,gaussian,greedy,1.0,,4,5,0.03,0.02,1.0,0.0,0.03,0.02,0.15,0.025298,2.306,4,False,272.29,15,False,0.4666666666666667,0.5333333333333333,0.040773809523809525,15,0.008602150537634409,0.017777777777777778,,,,,,,0.4875,0.0338501600193165,0.0,0.0,0,results/T-sweep-Dyck-2/distributions/parentheses_and_brackets_L32_T4_gaussian_greedy_sigma1.0.json
unconditional,parentheses_and_brackets,32,uniform,categorical,,,2,5,0.02,0.04,1.0,0.0,0.02,0.04,0.26,0.185472,1.26,2,False,12.81,1,True,1.0,0.0,,1,0.3548387096774194,0.6666666666666666,,,,,,,0.3125,,2.2,,0,results/T-sweep-Dyck-2/distributions/parentheses_and_brackets_L32_T2_uniform_categorical_none.json
unconditional,parentheses_and_brackets,32,gaussian,greedy,50.0,,1,5,0.1,0.109545,1.0,0.0,0.1,0.109545,0.92,0.074833,1.1,2,False,12.62,5,False,0.8,0.19999999999999996,0.028125,5,0.025806451612903226,0.04,,,,,,,0.9375,0.0,0.0,0.0,0,results/T-sweep-Dyck-2/distributions/parentheses_and_brackets_L32_T1_gaussian_greedy_sigma50.0.json
unconditional,parentheses_and_brackets,32,gaussian,greedy,20.0,,2,5,0.02,0.04,1.0,0.0,0.02,0.04,0.8,0.089443,2.0,2,False,17.96,1,True,1.0,0.0,,1,0.12903225806451613,0.26666666666666666,,,,,,,0.4375,,0.0,,0,results/T-sweep-Dyck-2/distributions/parentheses_and_brackets_L32_T2_gaussian_greedy_sigma20.0.json
unconditional,parentheses_and_brackets,32,uniform,categorical,,,4,5,0.06,0.08,1.0,0.0,0.06,0.08,0.22,0.116619,2.32,4,False,19.08,3,True,,,,3,,,,,,,,,0.5,0.05103103630798288,0.9619047619047619,0.2812347249568267,0,results/T-sweep-Dyck-2/distributions/parentheses_and_brackets_L32_T4_uniform_categorical_none.json
unconditional,parentheses_and_brackets,32,gaussian,greedy,5.0,,1,5,0.0,0.0,1.0,0.0,0.0,0.0,0.98,0.04,1.0,1,False,19.95,0,True,,,,0,,,,,,,,,,,,,0,results/T-sweep-Dyck-2/distributions/parentheses_and_brackets_L32_T1_gaussian_greedy_sigma5.0.json
unconditional,parentheses_and_brackets,32,uniform,greedy,,,1,5,0.0,0.0,1.0,0.0,0.0,0.0,1.0,0.0,1.0,1,False,20.45,0,True,,,,0,,,,,,,,,,,,,0,results/T-sweep-Dyck-2/distributions/parentheses_and_brackets_L32_T1_uniform_greedy_none.json
unconditional,parentheses_and_brackets,32,uniform,categorical,,,1,5,0.0,0.0,1.0,0.0,0.0,0.0,0.74,0.08,1.0,1,False,20.41,0,True,,,,0,,,,,,,,,,,,,0,results/T-sweep-Dyck-2/distributions/parentheses_and_brackets_L32_T1_uniform_categorical_none.json
unconditional,parentheses_and_brackets,32,gaussian,greedy,1.0,,1,5,0.0,0.0,1.0,0.0,0.0,0.0,1.0,0.0,1.0,1,False,20.1,0,True,,,,0,,,,,,,,,,,,,0,results/T-sweep-Dyck-2/distributions/parentheses_and_brackets_L32_T1_gaussian_greedy_sigma1.0.json
unconditional,parentheses_and_brackets,32,gaussian,greedy,10.0,,1,5,0.02,0.04,1.0,0.0,0.02,0.04,0.98,0.04,1.02,2,False,20.8,1,True,1.0,0.0,,1,0.12903225806451613,0.2,,,,,,,0.9375,,0.0,,0,results/T-sweep-Dyck-2/distributions/parentheses_and_brackets_L32_T1_gaussian_greedy_sigma10.0.json
unconditional,parentheses_and_brackets,32,gaussian,greedy,2.0,,1,5,0.0,0.0,1.0,0.0,0.0,0.0,1.0,0.0,1.0,1,False,20.68,0,True,,,,0,,,,,,,,,,,,,0,results/T-sweep-Dyck-2/distributions/parentheses_and_brackets_L32_T1_gaussian_greedy_sigma2.0.json
unconditional,parentheses_and_brackets,32,gaussian,greedy,20.0,,1,5,0.08,0.074833,1.0,0.0,0.08,0.074833,0.96,0.04899,1.08,2,False,20.87,4,True,,,,4,,,,,,,,,0.9375,0.0,0.0,0.0,0,results/T-sweep-Dyck-2/distributions/parentheses_and_brackets_L32_T1_gaussian_greedy_sigma20.0.json
unconditional,parentheses_and_brackets,32,gaussian,greedy,50.0,,2,5,0.04,0.04899,1.0,0.0,0.04,0.04899,0.76,0.12,2.0,2,False,22.56,2,True,,,,2,,,,,,,,,0.5,0.0625,0.0,0.0,0,results/T-sweep-Dyck-2/distributions/parentheses_and_brackets_L32_T2_gaussian_greedy_sigma50.0.json
unconditional,parentheses_and_brackets,32,uniform,greedy,,,2,5,0.02,0.04,1.0,0.0,0.02,0.04,1.0,0.0,2.0,2,False,23.08,1,True,1.0,0.0,,1,0.12903225806451613,0.26666666666666666,,,,,,,0.4375,,0.0,,0,results/T-sweep-Dyck-2/distributions/parentheses_and_brackets_L32_T2_uniform_greedy_none.json
unconditional,parentheses_and_brackets,32,gaussian,greedy,1.0,,2,5,0.0,0.0,1.0,0.0,0.0,0.0,1.0,0.0,2.0,2,False,22.83,0,True,,,,0,,,,,,,,,,,,,0,results/T-sweep-Dyck-2/distributions/parentheses_and_brackets_L32_T2_gaussian_greedy_sigma1.0.json
unconditional,parentheses_and_brackets,32,gaussian,greedy,2.0,,2,5,0.0,0.0,1.0,0.0,0.0,0.0,1.0,0.0,2.0,2,False,23.63,0,True,,,,0,,,,,,,,,,,,,0,results/T-sweep-Dyck-2/distributions/parentheses_and_brackets_L32_T2_gaussian_greedy_sigma2.0.json
unconditional,parentheses_and_brackets,32,gaussian,greedy,10.0,,2,5,0.0,0.0,1.0,0.0,0.0,0.0,0.94,0.04899,2.0,2,False,24.05,0,True,,,,0,,,,,,,,,,,,,0,results/T-sweep-Dyck-2/distributions/parentheses_and_brackets_L32_T2_gaussian_greedy_sigma10.0.json
unconditional,parentheses_and_brackets,32,gaussian,greedy,5.0,,2,5,0.0,0.0,1.0,0.0,0.0,0.0,0.96,0.04899,2.0,2,False,24.16,0,True,,,,0,,,,,,,,,,,,,0,results/T-sweep-Dyck-2/distributions/parentheses_and_brackets_L32_T2_gaussian_greedy_sigma5.0.json
unconditional,parentheses_and_brackets,32,uniform,greedy,,,4,5,0.12,0.09798,1.0,0.0,0.12,0.09798,0.88,0.074833,3.88,4,False,28.99,6,False,1.0,0.0,0.12604166666666666,6,0.021505376344086023,0.044444444444444446,,,,,,,0.4479166666666667,0.0914058790353346,0.0,0.0,0,results/T-sweep-Dyck-2/distributions/parentheses_and_brackets_L32_T4_uniform_greedy_none.json
unconditional,parentheses_and_brackets,32,gaussian,greedy,1.0,,4,5,0.06,0.04899,1.0,0.0,0.06,0.04899,0.16,0.10198,2.32,4,False,29.14,3,True,,,,3,,,,,,,,,0.5,0.0,0.0,0.0,0,results/T-sweep-Dyck-2/distributions/parentheses_and_brackets_L32_T4_gaussian_greedy_sigma1.0.json
unconditional,parentheses_and_brackets,32,gaussian,greedy,2.0,,4,5,0.0,0.0,1.0,0.0,0.0,0.0,0.0,0.0,2.04,3,False,34.36,0,True,,,,0,,,,,,,,,,,,,0,results/T-sweep-Dyck-2/distributions/parentheses_and_brackets_L32_T4_gaussian_greedy_sigma2.0.json
unconditional,parentheses_and_brackets,32,uniform,categorical,,,8,5,0.2,0.141421,1.0,0.0,0.2,0.141421,0.32,0.213542,5.64,8,False,37.13,10,False,1.0,0.0,0.275654635527247,10,0.046052631578947366,0.16326530612244897,,,,,,,0.39625,0.09797338782660434,1.1136507936507936,0.3765260040098708,0,results/T-sweep-Dyck-2/distributions/parentheses_and_brackets_L32_T8_uniform_categorical_none.json
unconditional,parentheses_and_brackets,32,gaussian,greedy,10.0,,4,5,0.2,0.154919,1.0,0.0,0.2,0.154919,0.36,0.185472,3.0,5,False,25.64,10,False,1.0,0.0,0.1371527777777778,10,0.012903225806451613,0.02666666666666667,,,,,,,0.43125,0.10250762166785453,0.0,0.0,0,results/T-sweep-Dyck-2/distributions/parentheses_and_brackets_L32_T4_gaussian_greedy_sigma10.0.json
unconditional,parentheses_and_brackets,32,gaussian,greedy,5.0,,4,5,0.1,0.089443,1.0,0.0,0.1,0.089443,0.16,0.135647,2.42,5,False,28.11,5,False,1.0,0.0,0.1046875,5,0.025806451612903226,0.05333333333333334,,,,,,,0.4125,0.049999999999999996,0.0,0.0,0,results/T-sweep-Dyck-2/distributions/parentheses_and_brackets_L32_T4_gaussian_greedy_sigma5.0.json
unconditional,parentheses_and_brackets,32,uniform,greedy,,,8,5,0.4,0.178885,1.0,0.0,0.4,0.178885,0.88,0.074833,7.88,8,False,43.84,20,False,1.0,0.0,0.1323190789473684,20,0.0064516129032258064,0.013333333333333334,,,,,,,0.45,0.0960143218483576,0.0,0.0,0,results/T-sweep-Dyck-2/distributions/parentheses_and_brackets_L32_T8_uniform_greedy_none.json
unconditional,parentheses_and_brackets,32,gaussian,greedy,20.0,,4,5,0.2,0.089443,1.0,0.0,0.2,0.089443,0.3,0.141421,3.26,5,False,28.08,10,False,1.0,0.0,0.13541666666666666,10,0.012903225806451613,0.02666666666666667,,,,,,,0.4875,0.11110243021644486,0.0,0.0,0,results/T-sweep-Dyck-2/distributions/parentheses_and_brackets_L32_T4_gaussian_greedy_sigma20.0.json
unconditional,parentheses_and_brackets,32,gaussian,greedy,50.0,,4,5,0.22,0.16,1.0,0.0,0.22,0.16,0.34,0.215407,3.48,5,False,34.09,11,False,1.0,0.0,0.1403409090909091,11,0.011730205278592375,0.024242424242424242,,,,,,,0.48863636363636365,0.11560789743963526,0.0,0.0,0,results/T-sweep-Dyck-2/distributions/parentheses_and_brackets_L32_T4_gaussian_greedy_sigma50.0.json
unconditional,parentheses_and_brackets,32,uniform,categorical,,,16,5,0.42,0.116619,1.0,0.0,0.42,0.116619,0.46,0.149666,12.8,16,False,59.16,21,False,1.0,0.0,0.26706586826347306,21,0.021638330757341576,0.07667731629392971,,,,,,,0.3751984126984127,0.09733957931480994,1.317288531574246,0.5815800385571802,0,results/T-sweep-Dyck-2/distributions/parentheses_and_brackets_L32_T16_uniform_categorical_none.json
unconditional,parentheses_and_brackets,32,gaussian,greedy,2.0,,8,5,0.2,0.126491,1.0,0.0,0.2,0.126491,0.28,0.16,5.8,8,False,46.59,10,False,1.0,0.0,0.15416666666666667,10,0.012903225806451613,0.02666666666666667,,,,,,,0.33125,0.06875,0.0,0.0,0,results/T-sweep-Dyck-2/distributions/parentheses_and_brackets_L32_T8_gaussian_greedy_sigma2.0.json
unconditional,parentheses_and_brackets,32,uniform,greedy,,,16,5,0.4,0.236643,1.0,0.0,0.4,0.236643,0.76,0.10198,15.5,16,False,70.09,20,False,1.0,0.0,0.13182565789473685,20,0.0064516129032258064,0.013333333333333334,,,,,,,0.396875,0.07467376965842826,0.0,0.0,0,results/T-sweep-Dyck-2/distributions/parentheses_and_brackets_L32_T16_uniform_greedy_none.json
unconditional,parentheses_and_brackets,32,gaussian,greedy,1.0,,8,5,0.14,0.08,1.0,0.0,0.14,0.08,0.14,0.08,5.66,8,False,58.58,7,False,1.0,0.0,0.14508928571428573,7,0.018433179723502304,0.0380952380952381,,,,,,,0.36607142857142855,0.06185895741317419,0.0,0.0,0,results/T-sweep-Dyck-2/distributions/parentheses_and_brackets_L32_T8_gaussian_greedy_sigma1.0.json
unconditional,parentheses_and_brackets,32,gaussian,greedy,50.0,,8,5,0.56,0.149666,1.0,0.0,0.56,0.149666,0.74,0.04899,7.6,9,False,59.92,28,False,1.0,0.0,0.13636739417989419,28,0.004608294930875576,0.009523809523809525,,,,,,,0.4575892857142857,0.1016789461958069,0.0,0.0,0,results/T-sweep-Dyck-2/distributions/parentheses_and_brackets_L32_T8_gaussian_greedy_sigma50.0.json
unconditional,parentheses_and_brackets,32,gaussian,greedy,20.0,,8,5,0.46,0.12,1.0,0.0,0.46,0.12,0.66,0.12,7.08,9,False,64.47,23,False,1.0,0.0,0.1427248023715415,23,0.005610098176718092,0.011594202898550725,,,,,,,0.41304347826086957,0.08593145815674944,0.0,0.0,0,results/T-sweep-Dyck-2/distributions/parentheses_and_brackets_L32_T8_gaussian_greedy_sigma20.0.json
unconditional,parentheses_and_brackets,32,gaussian,greedy,5.0,,8,5,0.22,0.074833,1.0,0.0,0.22,0.074833,0.32,0.09798,5.7,8,False,65.9,11,False,1.0,0.0,0.14829545454545454,11,0.011730205278592375,0.024242424242424242,,,,,,,0.3522727272727273,0.09709095165133558,0.0,0.0,0,results/T-sweep-Dyck-2/distributions/parentheses_and_brackets_L32_T8_gaussian_greedy_sigma5.0.json
unconditional,parentheses_and_brackets,32,gaussian,categorical,1.0,,1,5,0.0,0.0,1.0,0.0,0.0,0.0,0.74,0.08,1.0,1,False,20.16,0,True,,,,0,,,,,,,,,,,,,0,results/T-sweep-Dyck-2/distributions/parentheses_and_brackets_L32_T1_gaussian_categorical_sigma1.0.json
unconditional,parentheses_and_brackets,32,gaussian,greedy,10.0,,8,5,0.7,0.2,1.0,0.0,0.7,0.2,0.82,0.116619,7.1,9,False,69.67,35,False,1.0,0.0,0.14561449579831934,35,0.003686635944700461,0.007619047619047619,,,,,,,0.39107142857142857,0.10387885408749276,0.0,0.0,0,results/T-sweep-Dyck-2/distributions/parentheses_and_brackets_L32_T8_gaussian_greedy_sigma10.0.json
unconditional,parentheses_and_brackets,32,gaussian,categorical,2.0,,1,5,0.0,0.0,1.0,0.0,0.0,0.0,0.74,0.08,1.0,1,False,20.04,0,True,,,,0,,,,,,,,,,,,,0,results/T-sweep-Dyck-2/distributions/parentheses_and_brackets_L32_T1_gaussian_categorical_sigma2.0.json
unconditional,parentheses_and_brackets,32,gaussian,categorical,5.0,,1,5,0.0,0.0,1.0,0.0,0.0,0.0,0.74,0.08,1.0,1,False,20.8,0,True,,,,0,,,,,,,,,,,,,0,results/T-sweep-Dyck-2/distributions/parentheses_and_brackets_L32_T1_gaussian_categorical_sigma5.0.json
unconditional,parentheses_and_brackets,32,gaussian,categorical,10.0,,1,5,0.0,0.0,1.0,0.0,0.0,0.0,0.66,0.10198,1.0,1,False,20.1,0,True,,,,0,,,,,,,,,,,,,0,results/T-sweep-Dyck-2/distributions/parentheses_and_brackets_L32_T1_gaussian_categorical_sigma10.0.json
unconditional,parentheses_and_brackets,32,gaussian,greedy,10.0,,16,5,0.62,0.146969,1.0,0.0,0.62,0.146969,0.76,0.162481,13.8,17,False,82.54,31,False,1.0,0.0,0.14220430107526882,31,0.004162330905306972,0.008602150537634409,,,,,,,0.36693548387096775,0.09752731147135343,0.0,0.0,0,results/T-sweep-Dyck-2/distributions/parentheses_and_brackets_L32_T16_gaussian_greedy_sigma10.0.json
unconditional,parentheses_and_brackets,32,gaussian,categorical,20.0,,1,5,0.0,0.0,1.0,0.0,0.0,0.0,0.58,0.074833,1.0,1,False,20.14,0,True,,,,0,,,,,,,,,,,,,0,results/T-sweep-Dyck-2/distributions/parentheses_and_brackets_L32_T1_gaussian_categorical_sigma20.0.json
unconditional,parentheses_and_brackets,32,uniform,categorical,,,32,5,0.9,0.109545,1.0,0.0,0.9,0.109545,0.9,0.109545,30.12,32,False,108.85,45,False,1.0,0.0,0.26734869765066394,45,0.01015228426395939,0.035982008995502246,,,,,,,0.36185185185185187,0.11603318609065436,1.081822991822992,0.5603038263129015,0,results/T-sweep-Dyck-2/distributions/parentheses_and_brackets_L32_T32_uniform_categorical_none.json
unconditional,parentheses_and_brackets,32,gaussian,categorical,50.0,,1,5,0.0,0.0,1.0,0.0,0.0,0.0,0.48,0.04,1.0,1,False,20.12,0,True,,,,0,,,,,,,,,,,,,0,results/T-sweep-Dyck-2/distributions/parentheses_and_brackets_L32_T1_gaussian_categorical_sigma50.0.json
unconditional,parentheses_and_brackets,32,gaussian,categorical,1.0,,2,5,0.0,0.0,1.0,0.0,0.0,0.0,0.0,0.0,1.0,1,False,20.99,0,True,,,,0,,,,,,,,,,,,,0,results/T-sweep-Dyck-2/distributions/parentheses_and_brackets_L32_T2_gaussian_categorical_sigma1.0.json
unconditional,parentheses_and_brackets,32,gaussian,categorical,2.0,,2,5,0.0,0.0,1.0,0.0,0.0,0.0,0.02,0.04,1.02,2,False,20.67,0,True,,,,0,,,,,,,,,,,,,0,results/T-sweep-Dyck-2/distributions/parentheses_and_brackets_L32_T2_gaussian_categorical_sigma2.0.json
unconditional,parentheses_and_brackets,32,gaussian,categorical,5.0,,2,5,0.0,0.0,1.0,0.0,0.0,0.0,0.06,0.08,1.06,2,False,18.61,0,True,,,,0,,,,,,,,,,,,,0,results/T-sweep-Dyck-2/distributions/parentheses_and_brackets_L32_T2_gaussian_categorical_sigma5.0.json
unconditional,parentheses_and_brackets,32,gaussian,categorical,20.0,,2,5,0.0,0.0,1.0,0.0,0.0,0.0,0.16,0.04899,1.22,2,False,16.53,0,True,,,,0,,,,,,,,,,,,,0,results/T-sweep-Dyck-2/distributions/parentheses_and_brackets_L32_T2_gaussian_categorical_sigma20.0.json
unconditional,parentheses_and_brackets,32,gaussian,greedy,50.0,,16,5,0.74,0.12,1.0,0.0,0.74,0.12,0.92,0.074833,15.22,17,False,99.94,37,False,1.0,0.0,0.14229072822822822,37,0.0034873583260680036,0.007207207207207207,,,,,,,0.40371621621621623,0.0948356003217446,0.0,0.0,0,results/T-sweep-Dyck-2/distributions/parentheses_and_brackets_L32_T16_gaussian_greedy_sigma50.0.json
unconditional,parentheses_and_brackets,32,gaussian,categorical,10.0,,2,5,0.0,0.0,1.0,0.0,0.0,0.0,0.08,0.074833,1.12,2,False,20.82,0,True,,,,0,,,,,,,,,,,,,0,results/T-sweep-Dyck-2/distributions/parentheses_and_brackets_L32_T2_gaussian_categorical_sigma10.0.json
unconditional,parentheses_and_brackets,32,gaussian,categorical,50.0,,2,5,0.0,0.0,1.0,0.0,0.0,0.0,0.18,0.132665,1.24,2,False,20.93,0,True,,,,0,,,,,,,,,,,,,0,results/T-sweep-Dyck-2/distributions/parentheses_and_brackets_L32_T2_gaussian_categorical_sigma50.0.json
unconditional,parentheses_and_brackets,32,uniform,greedy,,,32,5,0.6,0.154919,1.0,0.0,0.6,0.154919,0.98,0.04,31.26,32,False,129.39,30,False,1.0,0.0,0.14313936781609196,30,0.004301075268817204,0.008888888888888889,,,,,,,0.38333333333333336,0.09090593428863095,0.0,0.0,0,results/T-sweep-Dyck-2/distributions/parentheses_and_brackets_L32_T32_uniform_greedy_none.json
unconditional,parentheses_and_brackets,32,gaussian,greedy,1.0,,16,5,0.58,0.146969,1.0,0.0,0.58,0.146969,0.58,0.146969,13.52,16,False,110.62,29,False,1.0,0.0,0.13881619458128078,29,0.004449388209121246,0.009195402298850575,,,,,,,0.2521551724137931,0.04489798848275788,0.0,0.0,0,results/T-sweep-Dyck-2/distributions/parentheses_and_brackets_L32_T16_gaussian_greedy_sigma1.0.json
unconditional,parentheses_and_brackets,32,gaussian,categorical,1.0,,4,5,0.0,0.0,1.0,0.0,0.0,0.0,0.02,0.04,1.3,4,False,24.06,0,True,,,,0,,,,,,,,,,,,,0,results/T-sweep-Dyck-2/distributions/parentheses_and_brackets_L32_T4_gaussian_categorical_sigma1.0.json
unconditional,parentheses_and_brackets,32,gaussian,categorical,2.0,,4,5,0.0,0.0,1.0,0.0,0.0,0.0,0.0,0.0,1.5,3,False,26.44,0,True,,,,0,,,,,,,,,,,,,0,results/T-sweep-Dyck-2/distributions/parentheses_and_brackets_L32_T4_gaussian_categorical_sigma2.0.json
unconditional,parentheses_and_brackets,32,gaussian,greedy,2.0,,16,5,0.52,0.074833,1.0,0.0,0.52,0.074833,0.56,0.04899,13.36,16,False,117.04,26,False,1.0,0.0,0.14509615384615385,26,0.004962779156327543,0.010256410256410256,,,,,,,0.2764423076923077,0.05794216727497091,0.0,0.0,0,results/T-sweep-Dyck-2/distributions/parentheses_and_brackets_L32_T16_gaussian_greedy_sigma2.0.json
unconditional,parentheses_and_brackets,32,gaussian,greedy,20.0,,16,5,0.86,0.10198,1.0,0.0,0.86,0.10198,0.98,0.04,14.88,17,False,117.53,43,False,1.0,0.0,0.1429782668881506,43,0.003000750187546887,0.006201550387596899,,,,,,,0.3633720930232558,0.10019586011403539,0.0,0.0,0,results/T-sweep-Dyck-2/distributions/parentheses_and_brackets_L32_T16_gaussian_greedy_sigma20.0.json
unconditional,parentheses_and_brackets,32,gaussian,categorical,5.0,,4,5,0.02,0.04,1.0,0.0,0.02,0.04,0.02,0.04,2.0,4,False,33.99,1,True,1.0,0.0,,1,0.41935483870967744,0.8,,,,,,,0.375,,1.2857142857142858,,0,results/T-sweep-Dyck-2/distributions/parentheses_and_brackets_L32_T4_gaussian_categorical_sigma5.0.json
unconditional,parentheses_and_brackets,32,gaussian,categorical,1.0,,8,5,0.0,0.0,1.0,0.0,0.0,0.0,0.0,0.0,2.24,7,False,23.5,0,True,,,,0,,,,,,,,,,,,,0,results/T-sweep-Dyck-2/distributions/parentheses_and_brackets_L32_T8_gaussian_categorical_sigma1.0.json
unconditional,parentheses_and_brackets,32,gaussian,greedy,5.0,,16,5,0.56,0.149666,1.0,0.0,0.56,0.149666,0.6,0.141421,13.34,17,False,126.79,28,False,1.0,0.0,0.14306382275132276,28,0.004608294930875576,0.009523809523809525,,,,,,,0.30357142857142855,0.06185895741317419,0.0,0.0,0,results/T-sweep-Dyck-2/distributions/parentheses_and_brackets_L32_T16_gaussian_greedy_sigma5.0.json
unconditional,parentheses_and_brackets,32,gaussian,categorical,10.0,,4,5,0.04,0.04899,1.0,0.0,0.04,0.04899,0.04,0.04899,2.18,5,False,34.84,2,True,,,,2,,,,,,,,,0.48333333333333334,0.016666666666666663,1.35,0.8500000000000001,0,results/T-sweep-Dyck-2/distributions/parentheses_and_brackets_L32_T4_gaussian_categorical_sigma10.0.json
unconditional,parentheses_and_brackets,32,gaussian,categorical,50.0,,4,5,0.02,0.04,1.0,0.0,0.02,0.04,0.04,0.04899,2.4,5,False,32.28,1,True,1.0,0.0,,1,0.3548387096774194,0.7,,,,,,,0.3125,,0.7777777777777778,,0,results/T-sweep-Dyck-2/distributions/parentheses_and_brackets_L32_T4_gaussian_categorical_sigma50.0.json
unconditional,parentheses_and_brackets,32,gaussian,categorical,20.0,,4,5,0.0,0.0,1.0,0.0,0.0,0.0,0.02,0.04,2.24,3,False,35.92,0,True,,,,0,,,,,,,,,,,,,0,results/T-sweep-Dyck-2/distributions/parentheses_and_brackets_L32_T4_gaussian_categorical_sigma20.0.json
unconditional,parentheses_and_brackets,32,gaussian,greedy,50.0,,32,5,0.88,0.074833,1.0,0.0,0.88,0.074833,0.96,0.04899,30.24,33,False,122.86,44,False,1.0,0.0,0.13932016384778012,44,0.002932551319648094,0.006060606060606061,,,,,,,0.375,0.08427498280790525,0.0,0.0,0,results/T-sweep-Dyck-2/distributions/parentheses_and_brackets_L32_T32_gaussian_greedy_sigma50.0.json
unconditional,parentheses_and_brackets,32,gaussian,categorical,2.0,,8,5,0.02,0.04,1.0,0.0,0.02,0.04,0.02,0.04,3.28,8,False,49.4,1,True,1.0,0.0,,1,0.45161290322580644,0.8666666666666667,,,,,,,0.25,,0.6,,0,results/T-sweep-Dyck-2/distributions/parentheses_and_brackets_L32_T8_gaussian_categorical_sigma2.0.json
unconditional,parentheses_and_brackets,32,gaussian,categorical,50.0,,8,5,0.08,0.04,1.0,0.0,0.08,0.04,0.1,0.063246,5.06,9,False,45.14,4,True,,,,4,,,,,,,,,0.3958333333333333,0.0625,0.9045454545454545,0.7526674328432246,0,results/T-sweep-Dyck-2/distributions/parentheses_and_brackets_L32_T8_gaussian_categorical_sigma50.0.json
unconditional,parentheses_and_brackets,32,gaussian,categorical,5.0,,8,5,0.04,0.04899,1.0,0.0,0.04,0.04899,0.04,0.04899,3.9,8,False,58.64,2,True,,,,2,,,,,,,,,0.40625,0.03125,0.41538461538461535,0.1846153846153846,0,results/T-sweep-Dyck-2/distributions/parentheses_and_brackets_L32_T8_gaussian_categorical_sigma5.0.json
unconditional,parentheses_and_brackets,32,gaussian,categorical,10.0,,8,5,0.08,0.074833,1.0,0.0,0.08,0.074833,0.1,0.063246,4.22,8,False,60.42,4,True,,,,4,,,,,,,,,0.4375,0.07654655446197431,1.3795093795093796,0.981379966389835,0,results/T-sweep-Dyck-2/distributions/parentheses_and_brackets_L32_T8_gaussian_categorical_sigma10.0.json
unconditional,parentheses_and_brackets,32,gaussian,categorical,20.0,,8,5,0.16,0.135647,1.0,0.0,0.16,0.135647,0.16,0.135647,4.86,9,False,61.35,8,False,1.0,0.0,0.26339285714285715,8,0.056451612903225805,0.2,,,,,,,0.421875,0.1316585902058806,1.023088023088023,0.5904146869183527,0,results/T-sweep-Dyck-2/distributions/parentheses_and_brackets_L32_T8_gaussian_categorical_sigma20.0.json
unconditional,parentheses_and_brackets,32,gaussian,categorical,1.0,,16,5,0.0,0.0,1.0,0.0,0.0,0.0,0.0,0.0,5.18,14,False,67.38,0,True,,,,0,,,,,,,,,,,,,0,results/T-sweep-Dyck-2/distributions/parentheses_and_brackets_L32_T16_gaussian_categorical_sigma1.0.json
unconditional,parentheses_and_brackets,32,uniform,categorical,,,64,5,0.74,0.149666,1.0,0.0,0.74,0.149666,0.76,0.149666,57.26,63,False,232.59,37,False,1.0,0.0,0.27493848192314974,37,0.012313104661389622,0.04363636363636364,,,,,,,0.37266112266112267,0.08048451150843493,1.2786552786552787,0.9601464619357376,0,results/T-sweep-Dyck-2/distributions/parentheses_and_brackets_L32_T64_uniform_categorical_none.json
unconditional,parentheses_and_brackets,32,gaussian,categorical,2.0,,16,5,0.08,0.116619,1.0,0.0,0.08,0.116619,0.08,0.116619,6.96,15,False,93.39,4,True,,,,4,,,,,,,,,0.4263392857142857,0.1552101880910042,1.3375,0.9704219443108241,0,results/T-sweep-Dyck-2/distributions/parentheses_and_brackets_L32_T16_gaussian_categorical_sigma2.0.json
unconditional,parentheses_and_brackets,32,uniform,greedy,,,64,5,0.76,0.10198,1.0,0.0,0.76,0.10198,0.92,0.074833,61.1,63,False,236.56,38,False,1.0,0.0,0.14235864153627312,38,0.003395585738539898,0.007017543859649123,,,,,,,0.39473684210526316,0.10546854961764078,0.0,0.0,0,results/T-sweep-Dyck-2/distributions/parentheses_and_brackets_L32_T64_uniform_greedy_none.json
unconditional,parentheses_and_brackets,32,gaussian,categorical,20.0,,16,5,0.38,0.09798,1.0,0.0,0.38,0.09798,0.38,0.09798,11.28,17,False,89.26,19,False,1.0,0.0,0.27280405405405406,19,0.02443280977312391,0.08664259927797834,,,,,,,0.3637193946404473,0.10318860762515562,1.0440457203615099,0.47812780854624387,0,results/T-sweep-Dyck-2/distributions/parentheses_and_brackets_L32_T16_gaussian_categorical_sigma20.0.json
unconditional,parentheses_and_brackets,32,gaussian,greedy,1.0,,32,5,0.68,0.074833,1.0,0.0,0.68,0.074833,0.68,0.074833,28.04,32,False,213.89,34,False,1.0,0.0,0.126754679144385,34,0.003795066413662239,0.00784313725490196,,,,,,,0.20588235294117646,0.035644704833943594,0.0,0.0,0,results/T-sweep-Dyck-2/distributions/parentheses_and_brackets_L32_T32_gaussian_greedy_sigma1.0.json
unconditional,parentheses_and_brackets,32,gaussian,greedy,5.0,,32,5,0.86,0.135647,1.0,0.0,0.86,0.135647,0.88,0.116619,27.34,31,False,215.47,43,False,1.0,0.0,0.14159399224806202,43,0.003000750187546887,0.006201550387596899,,,,,,,0.2747093023255814,0.06342274485253323,0.0,0.0,0,results/T-sweep-Dyck-2/distributions/parentheses_and_brackets_L32_T32_gaussian_greedy_sigma5.0.json
unconditional,parentheses_and_brackets,32,gaussian,greedy,2.0,,32,5,0.8,0.063246,1.0,0.0,0.8,0.063246,0.8,0.063246,27.88,32,False,219.5,40,False,1.0,0.0,0.13195112179487178,40,0.0032258064516129032,0.006666666666666667,,,,,,,0.228125,0.05685439187081329,0.0,0.0,0,results/T-sweep-Dyck-2/distributions/parentheses_and_brackets_L32_T32_gaussian_greedy_sigma2.0.json
unconditional,parentheses_and_brackets,32,gaussian,categorical,5.0,,16,5,0.2,0.063246,1.0,0.0,0.2,0.063246,0.2,0.063246,9.08,16,False,107.5,10,False,1.0,0.0,0.2701388888888889,10,0.04516129032258064,0.16,,,,,,,0.38125,0.12945196985754986,1.3104761904761904,0.6639427344647475,0,results/T-sweep-Dyck-2/distributions/parentheses_and_brackets_L32_T16_gaussian_categorical_sigma5.0.json
unconditional,parentheses_and_brackets,32,gaussian,categorical,50.0,,16,5,0.52,0.116619,1.0,0.0,0.52,0.116619,0.52,0.116619,12.24,17,False,102.59,26,False,1.0,0.0,0.2767554479418886,26,0.0175,0.06201550387596899,,,,,,,0.3900641025641026,0.12069552775797372,1.2544566544566544,0.7329365022156866,0,results/T-sweep-Dyck-2/distributions/parentheses_and_brackets_L32_T16_gaussian_categorical_sigma50.0.json
unconditional,parentheses_and_brackets,32,ebsampler,greedy,,0.1,1,1,1.0,0.0,1.0,0.0,1.0,0.0,1.0,0.0,33.0,33,True,15.92,10,False,0.1,0.9,0.0,10,0.012903225806451613,0.02,,,,,,,0.5,0.0,0.0,0.0,0,results/T-sweep-Dyck-2/distributions/parentheses_and_brackets_L32_T1_ebsampler_greedy_gamma0.1.json
unconditional,parentheses_and_brackets,32,ebsampler,greedy,,2.0,1,1,0.0,0.0,1.0,0.0,0.0,0.0,1.0,0.0,15.0,15,True,6.49,0,True,,,,0,,,,,,,,,,,,,0,results/T-sweep-Dyck-2/distributions/parentheses_and_brackets_L32_T1_ebsampler_greedy_gamma2.0.json
unconditional,parentheses_and_brackets,32,gaussian,greedy,20.0,,32,5,0.82,0.074833,1.0,0.0,0.82,0.074833,0.88,0.074833,28.12,33,False,220.11,41,False,1.0,0.0,0.14254954268292683,41,0.003147128245476003,0.0065040650406504065,,,,,,,0.375,0.1257598854185539,0.0,0.0,0,results/T-sweep-Dyck-2/distributions/parentheses_and_brackets_L32_T32_gaussian_greedy_sigma20.0.json
unconditional,parentheses_and_brackets,32,ebsampler,greedy,,10.0,1,1,1.0,0.0,1.0,0.0,1.0,0.0,1.0,0.0,4.0,4,True,3.12,10,False,0.1,0.9,0.0,10,0.012903225806451613,0.02666666666666667,,,,,,,0.4375,0.0,0.0,0.0,0,results/T-sweep-Dyck-2/distributions/parentheses_and_brackets_L32_T1_ebsampler_greedy_gamma10.0.json
unconditional,parentheses_and_brackets,32,ebsampler,greedy,,5.0,1,1,0.0,0.0,1.0,0.0,0.0,0.0,0.0,0.0,6.0,6,True,5.78,0,True,,,,0,,,,,,,,,,,,,0,results/T-sweep-Dyck-2/distributions/parentheses_and_brackets_L32_T1_ebsampler_greedy_gamma5.0.json
unconditional,parentheses_and_brackets,32,ebsampler,greedy,,0.5,1,1,1.0,0.0,1.0,0.0,1.0,0.0,1.0,0.0,32.0,32,True,17.58,10,False,0.1,0.9,0.0,10,0.012903225806451613,0.02,,,,,,,0.5,0.0,0.0,0.0,0,results/T-sweep-Dyck-2/distributions/parentheses_and_brackets_L32_T1_ebsampler_greedy_gamma0.5.json
unconditional,parentheses_and_brackets,32,ebsampler,greedy,,0.9,1,1,1.0,0.0,1.0,0.0,1.0,0.0,1.0,0.0,31.0,31,True,15.82,10,False,0.1,0.9,0.0,10,0.012903225806451613,0.02,,,,,,,0.5,0.0,0.0,0.0,0,results/T-sweep-Dyck-2/distributions/parentheses_and_brackets_L32_T1_ebsampler_greedy_gamma0.9.json
unconditional,parentheses_and_brackets,32,gaussian,categorical,10.0,,16,5,0.36,0.08,1.0,0.0,0.36,0.08,0.36,0.08,10.98,16,False,120.63,18,False,1.0,0.0,0.2594427244582043,18,0.025362318840579712,0.0898876404494382,,,,,,,0.3574074074074074,0.08648614072626265,1.59320987654321,0.5028743020214819,0,results/T-sweep-Dyck-2/distributions/parentheses_and_brackets_L32_T16_gaussian_categorical_sigma10.0.json
unconditional,parentheses_and_brackets,32,ebsampler,greedy,,5.0,2,1,0.0,0.0,1.0,0.0,0.0,0.0,0.0,0.0,6.0,6,True,4.67,0,True,,,,0,,,,,,,,,,,,,0,results/T-sweep-Dyck-2/distributions/parentheses_and_brackets_L32_T2_ebsampler_greedy_gamma5.0.json
unconditional,parentheses_and_brackets,32,ebsampler,greedy,,2.0,2,1,0.0,0.0,1.0,0.0,0.0,0.0,1.0,0.0,15.0,15,True,9.82,0,True,,,,0,,,,,,,,,,,,,0,results/T-sweep-Dyck-2/distributions/parentheses_and_brackets_L32_T2_ebsampler_greedy_gamma2.0.json
unconditional,parentheses_and_brackets,32,ebsampler,greedy,,10.0,2,1,1.0,0.0,1.0,0.0,1.0,0.0,1.0,0.0,4.0,4,True,5.2,10,False,0.1,0.9,0.0,10,0.012903225806451613,0.02666666666666667,,,,,,,0.4375,0.0,0.0,0.0,0,results/T-sweep-Dyck-2/distributions/parentheses_and_brackets_L32_T2_ebsampler_greedy_gamma10.0.json
unconditional,parentheses_and_brackets,32,ebsampler,greedy,,0.9,2,1,1.0,0.0,1.0,0.0,1.0,0.0,1.0,0.0,31.0,31,True,14.13,10,False,0.1,0.9,0.0,10,0.012903225806451613,0.02,,,,,,,0.5,0.0,0.0,0.0,0,results/T-sweep-Dyck-2/distributions/parentheses_and_brackets_L32_T2_ebsampler_greedy_gamma0.9.json
unconditional,parentheses_and_brackets,32,ebsampler,greedy,,0.1,2,1,1.0,0.0,1.0,0.0,1.0,0.0,1.0,0.0,33.0,33,True,18.08,10,False,0.1,0.9,0.0,10,0.012903225806451613,0.02,,,,,,,0.5,0.0,0.0,0.0,0,results/T-sweep-Dyck-2/distributions/parentheses_and_brackets_L32_T2_ebsampler_greedy_gamma0.1.json
unconditional,parentheses_and_brackets,32,ebsampler,greedy,,0.5,2,1,1.0,0.0,1.0,0.0,1.0,0.0,1.0,0.0,32.0,32,True,17.48,10,False,0.1,0.9,0.0,10,0.012903225806451613,0.02,,,,,,,0.5,0.0,0.0,0.0,0,results/T-sweep-Dyck-2/distributions/parentheses_and_brackets_L32_T2_ebsampler_greedy_gamma0.5.json
unconditional,parentheses_and_brackets,32,ar,greedy,,,34,1,1.0,0.0,1.0,0.0,1.0,0.0,1.0,0.0,33.0,33,True,39.37,10,False,0.1,0.9,0.0,10,0.012903225806451613,0.016666666666666666,,,,,,,0.125,0.0,0.0,0.0,0,results/T-sweep-Dyck-2/distributions/parentheses_and_brackets_L32_T34_ar_greedy_none.json
unconditional,parentheses_and_brackets,32,ebsampler,greedy,,5.0,4,1,0.0,0.0,1.0,0.0,0.0,0.0,0.0,0.0,6.0,6,True,6.93,0,True,,,,0,,,,,,,,,,,,,0,results/T-sweep-Dyck-2/distributions/parentheses_and_brackets_L32_T4_ebsampler_greedy_gamma5.0.json
unconditional,parentheses_and_brackets,32,ebsampler,greedy,,10.0,4,1,1.0,0.0,1.0,0.0,1.0,0.0,1.0,0.0,4.0,4,True,5.23,10,False,0.1,0.9,0.0,10,0.012903225806451613,0.02666666666666667,,,,,,,0.4375,0.0,0.0,0.0,0,results/T-sweep-Dyck-2/distributions/parentheses_and_brackets_L32_T4_ebsampler_greedy_gamma10.0.json
unconditional,parentheses_and_brackets,32,ebsampler,greedy,,2.0,4,1,0.0,0.0,1.0,0.0,0.0,0.0,1.0,0.0,15.0,15,True,10.88,0,True,,,,0,,,,,,,,,,,,,0,results/T-sweep-Dyck-2/distributions/parentheses_and_brackets_L32_T4_ebsampler_greedy_gamma2.0.json
unconditional,parentheses_and_brackets,32,gaussian,greedy,10.0,,32,5,0.86,0.08,1.0,0.0,0.86,0.08,0.92,0.074833,27.7,33,False,245.91,43,False,1.0,0.0,0.1431686046511628,43,0.003000750187546887,0.006201550387596899,,,,,,,0.33575581395348836,0.0713542890036836,0.0,0.0,0,results/T-sweep-Dyck-2/distributions/parentheses_and_brackets_L32_T32_gaussian_greedy_sigma10.0.json
unconditional,parentheses_and_brackets,32,ebsampler,greedy,,0.9,4,1,1.0,0.0,1.0,0.0,1.0,0.0,1.0,0.0,31.0,31,True,16.8,10,False,0.1,0.9,0.0,10,0.012903225806451613,0.02,,,,,,,0.5,0.0,0.0,0.0,0,results/T-sweep-Dyck-2/distributions/parentheses_and_brackets_L32_T4_ebsampler_greedy_gamma0.9.json
unconditional,parentheses_and_brackets,32,ebsampler,greedy,,0.5,4,1,1.0,0.0,1.0,0.0,1.0,0.0,1.0,0.0,32.0,32,True,17.78,10,False,0.1,0.9,0.0,10,0.012903225806451613,0.02,,,,,,,0.5,0.0,0.0,0.0,0,results/T-sweep-Dyck-2/distributions/parentheses_and_brackets_L32_T4_ebsampler_greedy_gamma0.5.json
unconditional,parentheses_and_brackets,32,ebsampler,greedy,,0.1,4,1,1.0,0.0,1.0,0.0,1.0,0.0,1.0,0.0,33.0,33,True,19.92,10,False,0.1,0.9,0.0,10,0.012903225806451613,0.02,,,,,,,0.5,0.0,0.0,0.0,0,results/T-sweep-Dyck-2/distributions/parentheses_and_brackets_L32_T4_ebsampler_greedy_gamma0.1.json
unconditional,parentheses_and_brackets,32,ebsampler,greedy,,10.0,8,1,1.0,0.0,1.0,0.0,1.0,0.0,1.0,0.0,4.0,4,True,5.36,10,False,0.1,0.9,0.0,10,0.012903225806451613,0.02666666666666667,,,,,,,0.4375,0.0,0.0,0.0,0,results/T-sweep-Dyck-2/distributions/parentheses_and_brackets_L32_T8_ebsampler_greedy_gamma10.0.json
unconditional,parentheses_and_brackets,32,ebsampler,greedy,,5.0,8,1,0.0,0.0,1.0,0.0,0.0,0.0,0.0,0.0,6.0,6,True,6.32,0,True,,,,0,,,,,,,,,,,,,0,results/T-sweep-Dyck-2/distributions/parentheses_and_brackets_L32_T8_ebsampler_greedy_gamma5.0.json
unconditional,parentheses_and_brackets,32,ebsampler,greedy,,2.0,8,1,0.0,0.0,1.0,0.0,0.0,0.0,1.0,0.0,15.0,15,True,11.03,0,True,,,,0,,,,,,,,,,,,,0,results/T-sweep-Dyck-2/distributions/parentheses_and_brackets_L32_T8_ebsampler_greedy_gamma2.0.json
unconditional,parentheses_and_brackets,32,ebsampler,greedy,,0.9,8,1,1.0,0.0,1.0,0.0,1.0,0.0,1.0,0.0,31.0,31,True,12.57,10,False,0.1,0.9,0.0,10,0.012903225806451613,0.02,,,,,,,0.5,0.0,0.0,0.0,0,results/T-sweep-Dyck-2/distributions/parentheses_and_brackets_L32_T8_ebsampler_greedy_gamma0.9.json
unconditional,parentheses_and_brackets,32,ebsampler,greedy,,0.1,8,1,1.0,0.0,1.0,0.0,1.0,0.0,1.0,0.0,33.0,33,True,18.02,10,False,0.1,0.9,0.0,10,0.012903225806451613,0.02,,,,,,,0.5,0.0,0.0,0.0,0,results/T-sweep-Dyck-2/distributions/parentheses_and_brackets_L32_T8_ebsampler_greedy_gamma0.1.json
unconditional,parentheses_and_brackets,32,ebsampler,greedy,,5.0,16,1,0.0,0.0,1.0,0.0,0.0,0.0,0.0,0.0,6.0,6,True,6.34,0,True,,,,0,,,,,,,,,,,,,0,results/T-sweep-Dyck-2/distributions/parentheses_and_brackets_L32_T16_ebsampler_greedy_gamma5.0.json
unconditional,parentheses_and_brackets,32,ebsampler,greedy,,0.5,8,1,1.0,0.0,1.0,0.0,1.0,0.0,1.0,0.0,32.0,32,True,17.85,10,False,0.1,0.9,0.0,10,0.012903225806451613,0.02,,,,,,,0.5,0.0,0.0,0.0,0,results/T-sweep-Dyck-2/distributions/parentheses_and_brackets_L32_T8_ebsampler_greedy_gamma0.5.json
unconditional,parentheses_and_brackets,32,ebsampler,greedy,,10.0,16,1,1.0,0.0,1.0,0.0,1.0,0.0,1.0,0.0,4.0,4,True,5.17,10,False,0.1,0.9,0.0,10,0.012903225806451613,0.02666666666666667,,,,,,,0.4375,0.0,0.0,0.0,0,results/T-sweep-Dyck-2/distributions/parentheses_and_brackets_L32_T16_ebsampler_greedy_gamma10.0.json
unconditional,parentheses_and_brackets,32,ebsampler,greedy,,2.0,16,1,0.0,0.0,1.0,0.0,0.0,0.0,1.0,0.0,15.0,15,True,10.62,0,True,,,,0,,,,,,,,,,,,,0,results/T-sweep-Dyck-2/distributions/parentheses_and_brackets_L32_T16_ebsampler_greedy_gamma2.0.json
unconditional,parentheses_and_brackets,32,ebsampler,greedy,,0.1,16,1,1.0,0.0,1.0,0.0,1.0,0.0,1.0,0.0,33.0,33,True,13.56,10,False,0.1,0.9,0.0,10,0.012903225806451613,0.02,,,,,,,0.5,0.0,0.0,0.0,0,results/T-sweep-Dyck-2/distributions/parentheses_and_brackets_L32_T16_ebsampler_greedy_gamma0.1.json
unconditional,parentheses_and_brackets,32,ebsampler,greedy,,5.0,32,1,0.0,0.0,1.0,0.0,0.0,0.0,0.0,0.0,6.0,6,True,6.4,0,True,,,,0,,,,,,,,,,,,,0,results/T-sweep-Dyck-2/distributions/parentheses_and_brackets_L32_T32_ebsampler_greedy_gamma5.0.json
unconditional,parentheses_and_brackets,32,ebsampler,greedy,,10.0,32,1,1.0,0.0,1.0,0.0,1.0,0.0,1.0,0.0,4.0,4,True,5.18,10,False,0.1,0.9,0.0,10,0.012903225806451613,0.02666666666666667,,,,,,,0.4375,0.0,0.0,0.0,0,results/T-sweep-Dyck-2/distributions/parentheses_and_brackets_L32_T32_ebsampler_greedy_gamma10.0.json
unconditional,parentheses_and_brackets,32,ebsampler,greedy,,0.9,16,1,1.0,0.0,1.0,0.0,1.0,0.0,1.0,0.0,31.0,31,True,16.28,10,False,0.1,0.9,0.0,10,0.012903225806451613,0.02,,,,,,,0.5,0.0,0.0,0.0,0,results/T-sweep-Dyck-2/distributions/parentheses_and_brackets_L32_T16_ebsampler_greedy_gamma0.9.json
unconditional,parentheses_and_brackets,32,ebsampler,greedy,,0.5,16,1,1.0,0.0,1.0,0.0,1.0,0.0,1.0,0.0,32.0,32,True,18.0,10,False,0.1,0.9,0.0,10,0.012903225806451613,0.02,,,,,,,0.5,0.0,0.0,0.0,0,results/T-sweep-Dyck-2/distributions/parentheses_and_brackets_L32_T16_ebsampler_greedy_gamma0.5.json
unconditional,parentheses_and_brackets,32,ebsampler,greedy,,2.0,32,1,0.0,0.0,1.0,0.0,0.0,0.0,1.0,0.0,15.0,15,True,10.64,0,True,,,,0,,,,,,,,,,,,,0,results/T-sweep-Dyck-2/distributions/parentheses_and_brackets_L32_T32_ebsampler_greedy_gamma2.0.json
unconditional,parentheses_and_brackets,32,gaussian,categorical,1.0,,32,5,0.12,0.146969,1.0,0.0,0.12,0.146969,0.12,0.146969,15.08,31,False,154.8,6,False,1.0,0.0,0.27052631578947367,6,0.07608695652173914,0.25842696629213485,,,,,,,0.38958333333333334,0.06669921080659218,1.0407407407407407,0.5401442676766811,0,results/T-sweep-Dyck-2/distributions/parentheses_and_brackets_L32_T32_gaussian_categorical_sigma1.0.json
unconditional,parentheses_and_brackets,32,ebsampler,greedy,,5.0,64,1,0.0,0.0,1.0,0.0,0.0,0.0,0.0,0.0,6.0,6,True,6.32,0,True,,,,0,,,,,,,,,,,,,0,results/T-sweep-Dyck-2/distributions/parentheses_and_brackets_L32_T64_ebsampler_greedy_gamma5.0.json
unconditional,parentheses_and_brackets,32,ebsampler,greedy,,0.1,64,1,1.0,0.0,1.0,0.0,1.0,0.0,1.0,0.0,33.0,33,True,11.1,10,False,0.1,0.9,0.0,10,0.012903225806451613,0.02,,,,,,,0.5,0.0,0.0,0.0,0,results/T-sweep-Dyck-2/distributions/parentheses_and_brackets_L32_T64_ebsampler_greedy_gamma0.1.json
unconditional,parentheses_and_brackets,32,ebsampler,greedy,,10.0,64,1,1.0,0.0,1.0,0.0,1.0,0.0,1.0,0.0,4.0,4,True,5.12,10,False,0.1,0.9,0.0,10,0.012903225806451613,0.02666666666666667,,,,,,,0.4375,0.0,0.0,0.0,0,results/T-sweep-Dyck-2/distributions/parentheses_and_brackets_L32_T64_ebsampler_greedy_gamma10.0.json
unconditional,parentheses_and_brackets,32,ebsampler,greedy,,0.9,32,1,1.0,0.0,1.0,0.0,1.0,0.0,1.0,0.0,31.0,31,True,16.75,10,False,0.1,0.9,0.0,10,0.012903225806451613,0.02,,,,,,,0.5,0.0,0.0,0.0,0,results/T-sweep-Dyck-2/distributions/parentheses_and_brackets_L32_T32_ebsampler_greedy_gamma0.9.json
unconditional,parentheses_and_brackets,32,ebsampler,greedy,,0.5,32,1,1.0,0.0,1.0,0.0,1.0,0.0,1.0,0.0,32.0,32,True,17.22,10,False,0.1,0.9,0.0,10,0.012903225806451613,0.02,,,,,,,0.5,0.0,0.0,0.0,0,results/T-sweep-Dyck-2/distributions/parentheses_and_brackets_L32_T32_ebsampler_greedy_gamma0.5.json
unconditional,parentheses_and_brackets,32,ebsampler,greedy,,0.1,32,1,1.0,0.0,1.0,0.0,1.0,0.0,1.0,0.0,33.0,33,True,18.82,10,False,0.1,0.9,0.0,10,0.012903225806451613,0.02,,,,,,,0.5,0.0,0.0,0.0,0,results/T-sweep-Dyck-2/distributions/parentheses_and_brackets_L32_T32_ebsampler_greedy_gamma0.1.json
unconditional,parentheses_and_brackets,32,ebsampler,greedy,,2.0,64,1,0.0,0.0,1.0,0.0,0.0,0.0,1.0,0.0,15.0,15,True,10.28,0,True,,,,0,,,,,,,,,,,,,0,results/T-sweep-Dyck-2/distributions/parentheses_and_brackets_L32_T64_ebsampler_greedy_gamma2.0.json
unconditional,parentheses_and_brackets,32,ebsampler,greedy,,0.9,64,1,1.0,0.0,1.0,0.0,1.0,0.0,1.0,0.0,31.0,31,True,16.91,10,False,0.1,0.9,0.0,10,0.012903225806451613,0.02,,,,,,,0.5,0.0,0.0,0.0,0,results/T-sweep-Dyck-2/distributions/parentheses_and_brackets_L32_T64_ebsampler_greedy_gamma0.9.json
unconditional,parentheses_and_brackets,32,ebsampler,greedy,,0.5,64,1,1.0,0.0,1.0,0.0,1.0,0.0,1.0,0.0,32.0,32,True,17.89,10,False,0.1,0.9,0.0,10,0.012903225806451613,0.02,,,,,,,0.5,0.0,0.0,0.0,0,results/T-sweep-Dyck-2/distributions/parentheses_and_brackets_L32_T64_ebsampler_greedy_gamma0.5.json
unconditional,parentheses_and_brackets,32,ebsampler,categorical,,10.0,1,5,0.02,0.04,1.0,0.0,0.02,0.04,0.08,0.074833,1.68,4,False,22.81,1,True,1.0,0.0,,1,0.41935483870967744,0.7,,,,,,,0.4375,,1.6666666666666667,,0,results/T-sweep-Dyck-2/distributions/parentheses_and_brackets_L32_T1_ebsampler_categorical_gamma10.0.json
unconditional,parentheses_and_brackets,32,ebsampler,categorical,,5.0,1,5,0.0,0.0,1.0,0.0,0.0,0.0,0.04,0.04899,2.36,7,False,24.93,0,True,,,,0,,,,,,,,,,,,,0,results/T-sweep-Dyck-2/distributions/parentheses_and_brackets_L32_T1_ebsampler_categorical_gamma5.0.json
unconditional,parentheses_and_brackets,32,gaussian,categorical,2.0,,32,5,0.32,0.074833,1.0,0.0,0.32,0.074833,0.32,0.074833,19.08,31,False,180.57,16,False,1.0,0.0,0.2742483660130719,16,0.02834008097165992,0.100418410041841,,,,,,,0.41875,0.13799626353637262,1.1815453643578644,0.6180904805742637,0,results/T-sweep-Dyck-2/distributions/parentheses_and_brackets_L32_T32_gaussian_categorical_sigma2.0.json
unconditional,parentheses_and_brackets,32,ebsampler,categorical,,2.0,1,5,0.32,0.116619,1.0,0.0,0.32,0.116619,0.3,0.167332,8.52,15,False,40.33,12,False,1.0,0.0,0.2663352272727273,12,0.03763440860215054,0.13333333333333333,,,,,,,0.3645833333333333,0.09490034978275311,1.6433862433862434,0.7269741148236564,0,results/T-sweep-Dyck-2/distributions/parentheses_and_brackets_L32_T1_ebsampler_categorical_gamma2.0.json
unconditional,parentheses_and_brackets,32,gaussian,categorical,50.0,,32,5,0.7,0.109545,1.0,0.0,0.7,0.109545,0.7,0.109545,25.6,33,False,172.51,35,False,1.0,0.0,0.2731849496555379,35,0.013023255813953489,0.046153846153846156,,,,,,,0.365989010989011,0.08814566326222846,1.1619088847660277,0.7605420686870241,0,results/T-sweep-Dyck-2/distributions/parentheses_and_brackets_L32_T32_gaussian_categorical_sigma50.0.json
unconditional,parentheses_and_brackets,32,gaussian,greedy,50.0,,64,5,0.86,0.08,1.0,0.0,0.86,0.08,0.96,0.04899,57.86,64,False,289.0,43,False,1.0,0.0,0.14093646179401995,43,0.003000750187546887,0.006201550387596899,,,,,,,0.38226744186046513,0.10015368126135009,0.0,0.0,0,results/T-sweep-Dyck-2/distributions/parentheses_and_brackets_L32_T64_gaussian_greedy_sigma50.0.json
unconditional,parentheses_and_brackets,32,ebsampler,categorical,,10.0,2,5,0.02,0.04,1.0,0.0,0.02,0.04,0.08,0.074833,1.68,4,False,21.87,1,True,1.0,0.0,,1,0.41935483870967744,0.7,,,,,,,0.4375,,1.6666666666666667,,0,results/T-sweep-Dyck-2/distributions/parentheses_and_brackets_L32_T2_ebsampler_categorical_gamma10.0.json
unconditional,parentheses_and_brackets,32,ebsampler,categorical,,5.0,2,5,0.0,0.0,1.0,0.0,0.0,0.0,0.04,0.04899,2.36,7,False,25.21,0,True,,,,0,,,,,,,,,,,,,0,results/T-sweep-Dyck-2/distributions/parentheses_and_brackets_L32_T2_ebsampler_categorical_gamma5.0.json
unconditional,parentheses_and_brackets,32,ebsampler,categorical,,2.0,2,5,0.32,0.116619,1.0,0.0,0.32,0.116619,0.3,0.167332,8.52,15,False,40.01,12,False,1.0,0.0,0.2663352272727273,12,0.03763440860215054,0.13333333333333333,,,,,,,0.3645833333333333,0.09490034978275311,1.6433862433862434,0.7269741148236564,0,results/T-sweep-Dyck-2/distributions/parentheses_and_brackets_L32_T2_ebsampler_categorical_gamma2.0.json
unconditional,parentheses_and_brackets,32,gaussian,categorical,10.0,,32,5,0.46,0.12,1.0,0.0,0.46,0.12,0.46,0.12,22.74,33,False,201.51,23,False,1.0,0.0,0.2635620510279911,23,0.01969057665260197,0.06976744186046512,,,,,,,0.365036231884058,0.10656116789748364,1.0589183763096808,0.5086360520201864,0,results/T-sweep-Dyck-2/distributions/parentheses_and_brackets_L32_T32_gaussian_categorical_sigma10.0.json
unconditional,parentheses_and_brackets,32,gaussian,categorical,5.0,,32,5,0.54,0.149666,1.0,0.0,0.54,0.149666,0.54,0.149666,23.82,33,False,220.16,27,False,1.0,0.0,0.2658687466379774,27,0.01684717208182912,0.05970149253731343,,,,,,,0.3566358024691358,0.08860820309911949,0.9867190422745978,0.4536956739655231,0,results/T-sweep-Dyck-2/distributions/parentheses_and_brackets_L32_T32_gaussian_categorical_sigma5.0.json
unconditional,parentheses_and_brackets,32,ebsampler,categorical,,0.1,2,5,1.0,0.0,1.0,0.0,1.0,0.0,1.0,0.0,31.52,33,False,66.86,50,False,1.0,0.0,0.2716561909935077,50,0.009162303664921465,0.03247631935047361,,,,,,,0.36389285714285713,0.08170506264549805,1.1171175491175491,0.6852482057081699,0,results/T-sweep-Dyck-2/distributions/parentheses_and_brackets_L32_T2_ebsampler_categorical_gamma0.1.json
unconditional,parentheses_and_brackets,32,ebsampler,categorical,,0.9,1,5,0.96,0.04899,1.0,0.0,0.96,0.04899,0.94,0.04899,25.16,31,False,68.64,47,False,1.0,0.0,0.2700098814229249,47,0.00966183574879227,0.034236804564907276,,,,,,,0.3608156028368794,0.0938200470170023,1.1647369179284073,0.819965467790697,0,results/T-sweep-Dyck-2/distributions/parentheses_and_brackets_L32_T1_ebsampler_categorical_gamma0.9.json
unconditional,parentheses_and_brackets,32,ebsampler,categorical,,0.5,1,5,0.98,0.04,1.0,0.0,0.98,0.04,0.96,0.04899,29.3,32,False,70.53,48,False,1.0,0.0,0.27204244179570014,48,0.00945945945945946,0.0335195530726257,,,,,,,0.36571180555555555,0.08418935158803662,1.162209780959781,0.6029801521355809,0,results/T-sweep-Dyck-2/distributions/parentheses_and_brackets_L32_T1_ebsampler_categorical_gamma0.5.json
unconditional,parentheses_and_brackets,32,ebsampler,categorical,,10.0,4,5,0.02,0.04,1.0,0.0,0.02,0.04,0.08,0.074833,1.68,4,False,22.06,1,True,1.0,0.0,,1,0.41935483870967744,0.7,,,,,,,0.4375,,1.6666666666666667,,0,results/T-sweep-Dyck-2/distributions/parentheses_and_brackets_L32_T4_ebsampler_categorical_gamma10.0.json
unconditional,parentheses_and_brackets,32,ebsampler,categorical,,2.0,4,5,0.32,0.116619,1.0,0.0,0.32,0.116619,0.3,0.167332,8.52,15,False,26.31,12,False,1.0,0.0,0.2663352272727273,12,0.03763440860215054,0.13333333333333333,,,,,,,0.3645833333333333,0.09490034978275311,1.6433862433862434,0.7269741148236564,0,results/T-sweep-Dyck-2/distributions/parentheses_and_brackets_L32_T4_ebsampler_categorical_gamma2.0.json
unconditional,parentheses_and_brackets,32,ebsampler,categorical,,5.0,4,5,0.0,0.0,1.0,0.0,0.0,0.0,0.04,0.04899,2.36,7,False,25.93,0,True,,,,0,,,,,,,,,,,,,0,results/T-sweep-Dyck-2/distributions/parentheses_and_brackets_L32_T4_ebsampler_categorical_gamma5.0.json
unconditional,parentheses_and_brackets,32,gaussian,categorical,20.0,,32,5,0.6,0.178885,1.0,0.0,0.6,0.178885,0.6,0.178885,24.12,33,False,209.62,30,False,1.0,0.0,0.26565430673784446,30,0.01511879049676026,0.05357142857142857,,,,,,,0.35375,0.11655426132635963,1.1699326599326598,0.5394566259972219,0,results/T-sweep-Dyck-2/distributions/parentheses_and_brackets_L32_T32_gaussian_categorical_sigma20.0.json
unconditional,parentheses_and_brackets,32,ebsampler,categorical,,0.9,2,5,0.96,0.04899,1.0,0.0,0.96,0.04899,0.94,0.04899,25.16,31,False,76.69,47,False,1.0,0.0,0.2700098814229249,47,0.00966183574879227,0.034236804564907276,,,,,,,0.3608156028368794,0.0938200470170023,1.1647369179284073,0.819965467790697,0,results/T-sweep-Dyck-2/distributions/parentheses_and_brackets_L32_T2_ebsampler_categorical_gamma0.9.json
unconditional,parentheses_and_brackets,32,ebsampler,categorical,,0.5,2,5,0.98,0.04,1.0,0.0,0.98,0.04,0.96,0.04899,29.3,32,False,85.04,48,False,1.0,0.0,0.27204244179570014,48,0.00945945945945946,0.0335195530726257,,,,,,,0.36571180555555555,0.08418935158803662,1.162209780959781,0.6029801521355809,0,results/T-sweep-Dyck-2/distributions/parentheses_and_brackets_L32_T2_ebsampler_categorical_gamma0.5.json
unconditional,parentheses_and_brackets,32,ebsampler,categorical,,0.1,1,5,1.0,0.0,1.0,0.0,1.0,0.0,1.0,0.0,31.52,33,False,88.71,50,False,1.0,0.0,0.2716561909935077,50,0.009162303664921465,0.03247631935047361,,,,,,,0.36389285714285713,0.08170506264549805,1.1171175491175491,0.6852482057081699,0,results/T-sweep-Dyck-2/distributions/parentheses_and_brackets_L32_T1_ebsampler_categorical_gamma0.1.json
unconditional,parentheses_and_brackets,32,ebsampler,categorical,,10.0,8,5,0.02,0.04,1.0,0.0,0.02,0.04,0.08,0.074833,1.68,4,False,22.41,1,True,1.0,0.0,,1,0.41935483870967744,0.7,,,,,,,0.4375,,1.6666666666666667,,0,results/T-sweep-Dyck-2/distributions/parentheses_and_brackets_L32_T8_ebsampler_categorical_gamma10.0.json
unconditional,parentheses_and_brackets,32,ebsampler,categorical,,5.0,8,5,0.0,0.0,1.0,0.0,0.0,0.0,0.04,0.04899,2.36,7,False,24.79,0,True,,,,0,,,,,,,,,,,,,0,results/T-sweep-Dyck-2/distributions/parentheses_and_brackets_L32_T8_ebsampler_categorical_gamma5.0.json
unconditional,parentheses_and_brackets,32,gaussian,greedy,20.0,,64,5,0.96,0.04899,1.0,0.0,0.96,0.04899,0.98,0.04,57.62,64,False,355.7,48,False,1.0,0.0,0.1457917774822695,48,0.002688172043010753,0.005555555555555556,,,,,,,0.3776041666666667,0.10897122892139414,0.0,0.0,0,results/T-sweep-Dyck-2/distributions/parentheses_and_brackets_L32_T64_gaussian_greedy_sigma20.0.json
unconditional,parentheses_and_brackets,32,ebsampler,categorical,,2.0,8,5,0.32,0.116619,1.0,0.0,0.32,0.116619,0.3,0.167332,8.52,15,False,38.89,12,False,1.0,0.0,0.2663352272727273,12,0.03763440860215054,0.13333333333333333,,,,,,,0.3645833333333333,0.09490034978275311,1.6433862433862434,0.7269741148236564,0,results/T-sweep-Dyck-2/distributions/parentheses_and_brackets_L32_T8_ebsampler_categorical_gamma2.0.json
unconditional,parentheses_and_brackets,32,ebsampler,categorical,,10.0,16,5,0.02,0.04,1.0,0.0,0.02,0.04,0.08,0.074833,1.68,4,False,21.91,1,True,1.0,0.0,,1,0.41935483870967744,0.7,,,,,,,0.4375,,1.6666666666666667,,0,results/T-sweep-Dyck-2/distributions/parentheses_and_brackets_L32_T16_ebsampler_categorical_gamma10.0.json
unconditional,parentheses_and_brackets,32,ebsampler,categorical,,5.0,16,5,0.0,0.0,1.0,0.0,0.0,0.0,0.04,0.04899,2.36,7,False,25.12,0,True,,,,0,,,,,,,,,,,,,0,results/T-sweep-Dyck-2/distributions/parentheses_and_brackets_L32_T16_ebsampler_categorical_gamma5.0.json
unconditional,parentheses_and_brackets,32,ebsampler,categorical,,0.1,4,5,1.0,0.0,1.0,0.0,1.0,0.0,1.0,0.0,31.52,33,False,88.82,50,False,1.0,0.0,0.2716561909935077,50,0.009162303664921465,0.03247631935047361,,,,,,,0.36389285714285713,0.08170506264549805,1.1171175491175491,0.6852482057081699,0,results/T-sweep-Dyck-2/distributions/parentheses_and_brackets_L32_T4_ebsampler_categorical_gamma0.1.json
unconditional,parentheses_and_brackets,32,ebsampler,categorical,,0.9,4,5,0.96,0.04899,1.0,0.0,0.96,0.04899,0.94,0.04899,25.16,31,False,74.2,47,False,1.0,0.0,0.2700098814229249,47,0.00966183574879227,0.034236804564907276,,,,,,,0.3608156028368794,0.0938200470170023,1.1647369179284073,0.819965467790697,0,results/T-sweep-Dyck-2/distributions/parentheses_and_brackets_L32_T4_ebsampler_categorical_gamma0.9.json
unconditional,parentheses_and_brackets,32,ebsampler,categorical,,2.0,16,5,0.32,0.116619,1.0,0.0,0.32,0.116619,0.3,0.167332,8.52,15,False,39.99,12,False,1.0,0.0,0.2663352272727273,12,0.03763440860215054,0.13333333333333333,,,,,,,0.3645833333333333,0.09490034978275311,1.6433862433862434,0.7269741148236564,0,results/T-sweep-Dyck-2/distributions/parentheses_and_brackets_L32_T16_ebsampler_categorical_gamma2.0.json
unconditional,parentheses_and_brackets,32,ebsampler,categorical,,0.5,4,5,0.98,0.04,1.0,0.0,0.98,0.04,0.96,0.04899,29.3,32,False,83.96,48,False,1.0,0.0,0.27204244179570014,48,0.00945945945945946,0.0335195530726257,,,,,,,0.36571180555555555,0.08418935158803662,1.162209780959781,0.6029801521355809,0,results/T-sweep-Dyck-2/distributions/parentheses_and_brackets_L32_T4_ebsampler_categorical_gamma0.5.json
unconditional,parentheses_and_brackets,32,ar,categorical,,,34,5,1.0,0.0,1.0,0.0,1.0,0.0,1.0,0.0,33.0,33,False,197.54,50,False,1.0,0.0,0.2691101629568704,50,0.009102730819245773,0.03225806451612903,,,,,,,0.3605,0.1095357628052744,1.2427099567099567,0.8328720264451193,0,results/T-sweep-Dyck-2/distributions/parentheses_and_brackets_L32_T34_ar_categorical_none.json
unconditional,parentheses_and_brackets,32,gaussian,greedy,1.0,,64,5,0.96,0.04899,1.0,0.0,0.96,0.04899,0.96,0.04899,58.46,62,False,397.96,48,False,1.0,0.0,0.1177277260638298,48,0.002688172043010753,0.005555555555555556,,,,,,,0.19791666666666666,0.03454817489953541,0.0,0.0,0,results/T-sweep-Dyck-2/distributions/parentheses_and_brackets_L32_T64_gaussian_greedy_sigma1.0.json
unconditional,parentheses_and_brackets,32,ebsampler,categorical,,5.0,32,5,0.0,0.0,1.0,0.0,0.0,0.0,0.04,0.04899,2.36,7,False,24.06,0,True,,,,0,,,,,,,,,,,,,0,results/T-sweep-Dyck-2/distributions/parentheses_and_brackets_L32_T32_ebsampler_categorical_gamma5.0.json
unconditional,parentheses_and_brackets,32,ebsampler,categorical,,2.0,32,5,0.32,0.116619,1.0,0.0,0.32,0.116619,0.3,0.167332,8.52,15,False,25.06,12,False,1.0,0.0,0.2663352272727273,12,0.03763440860215054,0.13333333333333333,,,,,,,0.3645833333333333,0.09490034978275311,1.6433862433862434,0.7269741148236564,0,results/T-sweep-Dyck-2/distributions/parentheses_and_brackets_L32_T32_ebsampler_categorical_gamma2.0.json
unconditional,not_nested_parentheses_and_brackets,32,uniform,greedy,,,1,5,1.0,0.0,1.0,0.0,1.0,0.0,1.0,0.0,1.0,1,False,2.22,50,False,0.02,0.98,0.0,50,0.001935483870967742,0.0026666666666666666,,,,,,,1.0,0.0,0.0,0.0,0,results/T-sweep-Dyck-2/distributions/not_nested_parentheses_and_brackets_L32_T1_uniform_greedy_none.json
unconditional,parentheses_and_brackets,32,gaussian,greedy,10.0,,64,5,0.92,0.09798,1.0,0.0,0.92,0.09798,0.98,0.04,56.08,64,False,388.58,46,False,1.0,0.0,0.14384057971014494,46,0.002805049088359046,0.005797101449275362,,,,,,,0.3070652173913043,0.08015152828126428,0.0,0.0,0,results/T-sweep-Dyck-2/distributions/parentheses_and_brackets_L32_T64_gaussian_greedy_sigma10.0.json
unconditional,parentheses_and_brackets,32,ebsampler,categorical,,10.0,32,5,0.02,0.04,1.0,0.0,0.02,0.04,0.08,0.074833,1.68,4,False,22.25,1,True,1.0,0.0,,1,0.41935483870967744,0.7,,,,,,,0.4375,,1.6666666666666667,,0,results/T-sweep-Dyck-2/distributions/parentheses_and_brackets_L32_T32_ebsampler_categorical_gamma10.0.json
unconditional,parentheses_and_brackets,32,gaussian,greedy,2.0,,64,5,0.9,0.126491,1.0,0.0,0.9,0.126491,0.94,0.08,56.68,64,False,398.29,45,False,1.0,0.0,0.13267045454545454,45,0.002867383512544803,0.005925925925925926,,,,,,,0.2152777777777778,0.042808430576173444,0.0,0.0,0,results/T-sweep-Dyck-2/distributions/parentheses_and_brackets_L32_T64_gaussian_greedy_sigma2.0.json
unconditional,not_nested_parentheses_and_brackets,32,uniform,greedy,,,4,5,0.08,0.074833,0.16,0.10198,0.02,0.04,0.82,0.116619,3.82,4,False,1.93,1,True,1.0,0.0,,1,0.25806451612903225,0.4666666666666667,,,,,,,0.5625,,0.14285714285714285,,0,results/T-sweep-Dyck-2/distributions/not_nested_parentheses_and_brackets_L32_T4_uniform_greedy_none.json
unconditional,not_nested_parentheses_and_brackets,32,uniform,greedy,,,2,5,0.0,0.0,0.6,0.228035,0.0,0.0,1.0,0.0,2.0,2,False,2.33,0,True,,,,0,,,,,,,,,,,,,0,results/T-sweep-Dyck-2/distributions/not_nested_parentheses_and_brackets_L32_T2_uniform_greedy_none.json
unconditional,not_nested_parentheses_and_brackets,32,uniform,categorical,,,1,5,0.02,0.04,0.04,0.08,0.0,0.0,0.94,0.08,1.0,1,False,1.39,0,True,,,,0,,,,,,,,,,,,,0,results/T-sweep-Dyck-2/distributions/not_nested_parentheses_and_brackets_L32_T1_uniform_categorical_none.json
unconditional,not_nested_parentheses_and_brackets,32,uniform,categorical,,,2,5,0.18,0.116619,0.14,0.149666,0.04,0.08,0.86,0.10198,1.88,2,False,2.24,2,True,,,,2,,,,,,,,,0.38541666666666663,0.05208333333333334,0.8333333333333333,0.16666666666666669,0,results/T-sweep-Dyck-2/distributions/not_nested_parentheses_and_brackets_L32_T2_uniform_categorical_none.json
unconditional,not_nested_parentheses_and_brackets,32,uniform,categorical,,,4,5,0.16,0.10198,0.24,0.12,0.12,0.116619,0.78,0.132665,3.7,4,False,1.8,6,False,1.0,0.0,0.26526315789473687,6,0.08695652173913043,0.33707865168539325,,,,,,,0.47361111111111115,0.07745468607554826,1.1008597883597884,0.297222877121744,0,results/T-sweep-Dyck-2/distributions/not_nested_parentheses_and_brackets_L32_T4_uniform_categorical_none.json
unconditional,not_nested_parentheses_and_brackets,32,uniform,greedy,,,8,5,0.36,0.185472,0.4,0.141421,0.22,0.172047,0.76,0.08,7.7,8,False,4.21,11,False,1.0,0.0,0.24630681818181818,11,0.0469208211143695,0.18484848484848485,,,,,,,0.5738636363636364,0.10929195489585992,0.7085298539843995,0.5427853276043643,0,results/T-sweep-Dyck-2/distributions/not_nested_parentheses_and_brackets_L32_T8_uniform_greedy_none.json
unconditional,not_nested_parentheses_and_brackets,32,uniform,greedy,,,16,5,0.42,0.31241,0.66,0.149666,0.32,0.222711,0.76,0.10198,15.36,16,False,4.61,16,False,1.0,0.0,0.261328125,16,0.03225806451612903,0.13125,,,,,,,0.56640625,0.1047428724827494,1.266147741147741,0.8558209208729939,0,results/T-sweep-Dyck-2/distributions/not_nested_parentheses_and_brackets_L32_T16_uniform_greedy_none.json
unconditional,parentheses_and_brackets,32,ebsampler,categorical,,0.5,8,5,0.98,0.04,1.0,0.0,0.98,0.04,0.96,0.04899,29.3,32,False,83.39,48,False,1.0,0.0,0.27204244179570014,48,0.00945945945945946,0.0335195530726257,,,,,,,0.36571180555555555,0.08418935158803662,1.162209780959781,0.6029801521355809,0,results/T-sweep-Dyck-2/distributions/parentheses_and_brackets_L32_T8_ebsampler_categorical_gamma0.5.json
unconditional,parentheses_and_brackets,32,ebsampler,categorical,,0.5,16,5,0.98,0.04,1.0,0.0,0.98,0.04,0.96,0.04899,29.3,32,False,65.53,48,False,1.0,0.0,0.27204244179570014,48,0.00945945945945946,0.0335195530726257,,,,,,,0.36571180555555555,0.08418935158803662,1.162209780959781,0.6029801521355809,0,results/T-sweep-Dyck-2/distributions/parentheses_and_brackets_L32_T16_ebsampler_categorical_gamma0.5.json
unconditional,parentheses_and_brackets,32,ebsampler,categorical,,0.1,8,5,1.0,0.0,1.0,0.0,1.0,0.0,1.0,0.0,31.52,33,False,88.78,50,False,1.0,0.0,0.2716561909935077,50,0.009162303664921465,0.03247631935047361,,,,,,,0.36389285714285713,0.08170506264549805,1.1171175491175491,0.6852482057081699,0,results/T-sweep-Dyck-2/distributions/parentheses_and_brackets_L32_T8_ebsampler_categorical_gamma0.1.json
unconditional,not_nested_parentheses_and_brackets,32,uniform,categorical,,,8,5,0.3,0.089443,0.36,0.10198,0.28,0.074833,0.72,0.09798,7.24,8,False,3.83,14,False,1.0,0.0,0.2688873626373626,14,0.03686635944700461,0.15,,,,,,,0.48214285714285715,0.1143415042398723,0.8580498866213152,0.2998336137027115,0,results/T-sweep-Dyck-2/distributions/not_nested_parentheses_and_brackets_L32_T8_uniform_categorical_none.json
unconditional,not_nested_parentheses_and_brackets,32,gaussian,greedy,1.0,,1,5,1.0,0.0,1.0,0.0,1.0,0.0,1.0,0.0,1.0,1,False,2.23,50,False,0.02,0.98,0.0,50,0.001935483870967742,0.0026666666666666666,,,,,,,1.0,0.0,0.0,0.0,0,results/T-sweep-Dyck-2/distributions/not_nested_parentheses_and_brackets_L32_T1_gaussian_greedy_sigma1.0.json
unconditional,parentheses_and_brackets,32,ebsampler,categorical,,0.9,8,5,0.96,0.04899,1.0,0.0,0.96,0.04899,0.94,0.04899,25.16,31,False,72.81,47,False,1.0,0.0,0.2700098814229249,47,0.00966183574879227,0.034236804564907276,,,,,,,0.3608156028368794,0.0938200470170023,1.1647369179284073,0.819965467790697,0,results/T-sweep-Dyck-2/distributions/parentheses_and_brackets_L32_T8_ebsampler_categorical_gamma0.9.json
unconditional,not_nested_parentheses_and_brackets,32,uniform,categorical,,,16,5,0.52,0.09798,0.46,0.135647,0.44,0.12,0.8,0.167332,15.36,16,False,4.52,22,False,1.0,0.0,0.2677551020408163,22,0.02359882005899705,0.0975609756097561,,,,,,,0.45473484848484846,0.09067381961382724,0.8847943722943724,0.2703979855334981,0,results/T-sweep-Dyck-2/distributions/not_nested_parentheses_and_brackets_L32_T16_uniform_categorical_none.json
unconditional,not_nested_parentheses_and_brackets,32,gaussian,greedy,2.0,,1,5,1.0,0.0,1.0,0.0,1.0,0.0,1.0,0.0,1.0,1,False,2.12,50,False,0.02,0.98,0.0,50,0.001935483870967742,0.0026666666666666666,,,,,,,1.0,0.0,0.0,0.0,0,results/T-sweep-Dyck-2/distributions/not_nested_parentheses_and_brackets_L32_T1_gaussian_greedy_sigma2.0.json
unconditional,not_nested_parentheses_and_brackets,32,gaussian,greedy,5.0,,1,5,1.0,0.0,1.0,0.0,1.0,0.0,1.0,0.0,1.02,2,False,2.17,50,False,0.02,0.98,0.0,50,0.001935483870967742,0.0026666666666666666,,,,,,,1.0,0.0,0.0,0.0,0,results/T-sweep-Dyck-2/distributions/not_nested_parentheses_and_brackets_L32_T1_gaussian_greedy_sigma5.0.json
unconditional,not_nested_parentheses_and_brackets,32,gaussian,greedy,10.0,,1,5,1.0,0.0,1.0,0.0,1.0,0.0,1.0,0.0,1.04,2,False,2.19,50,False,0.02,0.98,0.0,50,0.001935483870967742,0.0026666666666666666,,,,,,,1.0,0.0,0.0,0.0,0,results/T-sweep-Dyck-2/distributions/not_nested_parentheses_and_brackets_L32_T1_gaussian_greedy_sigma10.0.json
unconditional,not_nested_parentheses_and_brackets,32,gaussian,greedy,20.0,,1,5,0.98,0.04,1.0,0.0,0.98,0.04,1.0,0.0,1.2,2,False,2.21,49,False,0.02040816326530612,0.9795918367346939,0.0,49,0.0019749835418038184,0.0027210884353741495,,,,,,,1.0,0.0,0.0,0.0,0,results/T-sweep-Dyck-2/distributions/not_nested_parentheses_and_brackets_L32_T1_gaussian_greedy_sigma20.0.json
unconditional,not_nested_parentheses_and_brackets,32,gaussian,greedy,50.0,,1,5,0.96,0.04899,1.0,0.0,0.96,0.04899,1.0,0.0,1.28,2,False,2.03,48,False,0.020833333333333332,0.9791666666666666,0.0,48,0.0020161290322580645,0.002777777777777778,,,,,,,1.0,0.0,0.0,0.0,0,results/T-sweep-Dyck-2/distributions/not_nested_parentheses_and_brackets_L32_T1_gaussian_greedy_sigma50.0.json
unconditional,not_nested_parentheses_and_brackets,32,gaussian,greedy,1.0,,2,5,0.9,0.063246,1.0,0.0,0.9,0.063246,1.0,0.0,2.0,2,False,1.84,45,False,0.022222222222222223,0.9777777777777777,0.0,45,0.002150537634408602,0.002962962962962963,,,,,,,1.0,0.0,0.0,0.0,0,results/T-sweep-Dyck-2/distributions/not_nested_parentheses_and_brackets_L32_T2_gaussian_greedy_sigma1.0.json
unconditional,not_nested_parentheses_and_brackets,32,gaussian,greedy,2.0,,2,5,0.68,0.09798,1.0,0.0,0.68,0.09798,1.0,0.0,2.0,2,False,2.44,34,False,0.029411764705882353,0.9705882352941176,0.0,34,0.0028462998102466793,0.00392156862745098,,,,,,,1.0,0.0,0.0,0.0,0,results/T-sweep-Dyck-2/distributions/not_nested_parentheses_and_brackets_L32_T2_gaussian_greedy_sigma2.0.json
unconditional,not_nested_parentheses_and_brackets,32,gaussian,greedy,10.0,,2,5,0.0,0.0,0.84,0.04899,0.0,0.0,0.94,0.04899,2.0,2,False,2.37,0,True,,,,0,,,,,,,,,,,,,0,results/T-sweep-Dyck-2/distributions/not_nested_parentheses_and_brackets_L32_T2_gaussian_greedy_sigma10.0.json
unconditional,not_nested_parentheses_and_brackets,32,gaussian,greedy,5.0,,2,5,0.14,0.08,1.0,0.0,0.14,0.08,0.98,0.04,2.0,2,False,2.44,7,False,0.14285714285714285,0.8571428571428572,0.0,7,0.013824884792626729,0.01904761904761905,,,,,,,1.0,0.0,0.0,0.0,0,results/T-sweep-Dyck-2/distributions/not_nested_parentheses_and_brackets_L32_T2_gaussian_greedy_sigma5.0.json
unconditional,not_nested_parentheses_and_brackets,32,gaussian,greedy,20.0,,2,5,0.0,0.0,0.6,0.141421,0.0,0.0,0.84,0.08,2.0,2,False,2.46,0,True,,,,0,,,,,,,,,,,,,0,results/T-sweep-Dyck-2/distributions/not_nested_parentheses_and_brackets_L32_T2_gaussian_greedy_sigma20.0.json
unconditional,not_nested_parentheses_and_brackets,32,uniform,greedy,,,32,5,0.72,0.132665,0.94,0.08,0.7,0.167332,0.98,0.04,31.32,32,False,11.89,35,False,1.0,0.0,0.2513655462184874,35,0.014746543778801843,0.06095238095238095,,,,,,,0.5928571428571429,0.11893447003819081,0.8319027004741291,0.34246637514669626,0,results/T-sweep-Dyck-2/distributions/not_nested_parentheses_and_brackets_L32_T32_uniform_greedy_none.json
unconditional,not_nested_parentheses_and_brackets,32,gaussian,greedy,50.0,,2,5,0.0,0.0,0.62,0.116619,0.0,0.0,0.66,0.162481,2.0,2,False,2.45,0,True,,,,0,,,,,,,,,,,,,0,results/T-sweep-Dyck-2/distributions/not_nested_parentheses_and_brackets_L32_T2_gaussian_greedy_sigma50.0.json
unconditional,not_nested_parentheses_and_brackets,32,gaussian,greedy,1.0,,4,5,0.1,0.126491,0.14,0.135647,0.1,0.126491,0.1,0.126491,2.26,4,False,3.57,5,False,0.6,0.4,0.0265625,5,0.025806451612903226,0.05333333333333334,,,,,,,0.5,0.0,0.0,0.0,0,results/T-sweep-Dyck-2/distributions/not_nested_parentheses_and_brackets_L32_T4_gaussian_greedy_sigma1.0.json
unconditional,not_nested_parentheses_and_brackets,32,uniform,categorical,,,32,5,0.74,0.08,0.76,0.10198,0.72,0.116619,0.88,0.074833,31.04,32,False,9.81,36,False,1.0,0.0,0.26809357889497265,36,0.014388489208633094,0.05947955390334572,,,,,,,0.4304398148148148,0.08414431453085194,1.0249278499278498,0.3825192069252509,0,results/T-sweep-Dyck-2/distributions/not_nested_parentheses_and_brackets_L32_T32_uniform_categorical_none.json
unconditional,parentheses_and_brackets,32,ebsampler,categorical,,0.9,16,5,0.96,0.04899,1.0,0.0,0.96,0.04899,0.94,0.04899,25.16,31,False,73.4,47,False,1.0,0.0,0.2700098814229249,47,0.00966183574879227,0.034236804564907276,,,,,,,0.3608156028368794,0.0938200470170023,1.1647369179284073,0.819965467790697,0,results/T-sweep-Dyck-2/distributions/parentheses_and_brackets_L32_T16_ebsampler_categorical_gamma0.9.json
unconditional,not_nested_parentheses_and_brackets,32,gaussian,greedy,2.0,,4,5,0.06,0.08,0.0,0.0,0.0,0.0,0.04,0.04899,2.2,4,False,3.74,0,True,,,,0,,,,,,,,,,,,,0,results/T-sweep-Dyck-2/distributions/not_nested_parentheses_and_brackets_L32_T4_gaussian_greedy_sigma2.0.json
unconditional,parentheses_and_brackets,32,ebsampler,categorical,,10.0,64,5,0.02,0.04,1.0,0.0,0.02,0.04,0.08,0.074833,1.68,4,False,22.41,1,True,1.0,0.0,,1,0.41935483870967744,0.7,,,,,,,0.4375,,1.6666666666666667,,0,results/T-sweep-Dyck-2/distributions/parentheses_and_brackets_L32_T64_ebsampler_categorical_gamma10.0.json
unconditional,not_nested_parentheses_and_brackets,32,gaussian,greedy,5.0,,4,5,0.26,0.149666,0.14,0.12,0.06,0.08,0.22,0.203961,2.96,4,False,4.07,3,True,,,,3,,,,,,,,,0.7916666666666666,0.02946278254943948,1.5333333333333332,1.0498677165349082,0,results/T-sweep-Dyck-2/distributions/not_nested_parentheses_and_brackets_L32_T4_gaussian_greedy_sigma5.0.json
unconditional,not_nested_parentheses_and_brackets,32,gaussian,greedy,50.0,,4,5,0.18,0.193907,0.26,0.162481,0.14,0.149666,0.34,0.224499,3.36,5,False,3.67,7,False,1.0,0.0,0.23214285714285715,7,0.07373271889400922,0.2,,,,,,,0.6785714285714286,0.1268988428888562,0.6607392607392608,0.6403468916708454,0,results/T-sweep-Dyck-2/distributions/not_nested_parentheses_and_brackets_L32_T4_gaussian_greedy_sigma50.0.json
unconditional,not_nested_parentheses_and_brackets,32,gaussian,greedy,10.0,,4,5,0.16,0.12,0.22,0.074833,0.06,0.08,0.3,0.141421,3.24,4,False,4.27,3,True,,,,3,,,,,,,,,0.875,0.05103103630798288,1.2433862433862435,0.36411958802296834,0,results/T-sweep-Dyck-2/distributions/not_nested_parentheses_and_brackets_L32_T4_gaussian_greedy_sigma10.0.json
unconditional,not_nested_parentheses_and_brackets,32,gaussian,greedy,20.0,,4,5,0.12,0.116619,0.24,0.08,0.08,0.074833,0.22,0.146969,3.16,4,False,4.06,4,True,,,,4,,,,,,,,,0.734375,0.18421603316486868,1.3873015873015875,0.5129907270279151,0,results/T-sweep-Dyck-2/distributions/not_nested_parentheses_and_brackets_L32_T4_gaussian_greedy_sigma20.0.json
unconditional,parentheses_and_brackets,32,ebsampler,categorical,,5.0,64,5,0.0,0.0,1.0,0.0,0.0,0.0,0.04,0.04899,2.36,7,False,24.68,0,True,,,,0,,,,,,,,,,,,,0,results/T-sweep-Dyck-2/distributions/parentheses_and_brackets_L32_T64_ebsampler_categorical_gamma5.0.json
unconditional,not_nested_parentheses_and_brackets,32,gaussian,greedy,5.0,,8,5,0.18,0.146969,0.2,0.089443,0.08,0.074833,0.22,0.132665,5.68,8,False,4.78,4,True,,,,4,,,,,,,,,0.515625,0.05182226234930312,3.444444444444444,1.539600717839002,0,results/T-sweep-Dyck-2/distributions/not_nested_parentheses_and_brackets_L32_T8_gaussian_greedy_sigma5.0.json
unconditional,not_nested_parentheses_and_brackets,32,gaussian,greedy,1.0,,8,5,0.02,0.04,0.02,0.04,0.02,0.04,0.04,0.04899,4.8,8,False,6.38,1,True,1.0,0.0,,1,0.3548387096774194,0.4666666666666667,,,,,,,0.5,,4.333333333333333,,0,results/T-sweep-Dyck-2/distributions/not_nested_parentheses_and_brackets_L32_T8_gaussian_greedy_sigma1.0.json
unconditional,not_nested_parentheses_and_brackets,32,gaussian,greedy,2.0,,8,5,0.18,0.074833,0.12,0.074833,0.1,0.063246,0.16,0.08,5.7,8,False,6.71,5,False,1.0,0.0,0.3046875,5,0.0967741935483871,0.24,,,,,,,0.5875,0.1346291201783626,3.5575757575757576,5.7277569139569,0,results/T-sweep-Dyck-2/distributions/not_nested_parentheses_and_brackets_L32_T8_gaussian_greedy_sigma2.0.json
unconditional,not_nested_parentheses_and_brackets,32,gaussian,greedy,50.0,,8,5,0.42,0.172047,0.44,0.08,0.34,0.10198,0.52,0.172047,7.18,9,False,5.72,17,False,1.0,0.0,0.2760799632352941,17,0.030360531309297913,0.12549019607843137,,,,,,,0.5955882352941176,0.15024129957134227,1.1657453657453658,0.9212592833766341,0,results/T-sweep-Dyck-2/distributions/not_nested_parentheses_and_brackets_L32_T8_gaussian_greedy_sigma50.0.json
unconditional,not_nested_parentheses_and_brackets,32,uniform,greedy,,,64,5,0.68,0.116619,0.94,0.04899,0.66,0.149666,0.96,0.08,61.7,63,False,21.05,33,False,1.0,0.0,0.24135890151515152,33,0.015640273704789834,0.06464646464646465,,,,,,,0.6022727272727273,0.11597962797268836,0.7362892999256636,0.28094763675948886,0,results/T-sweep-Dyck-2/distributions/not_nested_parentheses_and_brackets_L32_T64_uniform_greedy_none.json
unconditional,not_nested_parentheses_and_brackets,32,gaussian,greedy,20.0,,8,5,0.32,0.09798,0.3,0.109545,0.2,0.089443,0.42,0.04,6.5,9,False,6.53,10,False,1.0,0.0,0.2701388888888889,10,0.05161290322580645,0.2,,,,,,,0.6125,0.1334634781503914,1.2464646464646465,0.9521528433806243,0,results/T-sweep-Dyck-2/distributions/not_nested_parentheses_and_brackets_L32_T8_gaussian_greedy_sigma20.0.json
unconditional,not_nested_parentheses_and_brackets,32,gaussian,greedy,10.0,,8,5,0.3,0.063246,0.34,0.08,0.24,0.08,0.42,0.132665,6.48,9,False,7.22,12,False,1.0,0.0,0.2921401515151515,12,0.043010752688172046,0.16111111111111112,,,,,,,0.5677083333333334,0.1287417405657112,2.8592407592407594,4.1040255865362365,0,results/T-sweep-Dyck-2/distributions/not_nested_parentheses_and_brackets_L32_T8_gaussian_greedy_sigma10.0.json
unconditional,not_nested_parentheses_and_brackets,32,uniform,categorical,,,64,5,0.92,0.074833,0.92,0.074833,0.92,0.074833,0.94,0.04899,60.88,63,False,19.38,46,False,1.0,0.0,0.269448223733938,46,0.011235955056179775,0.04644412191582003,,,,,,,0.398731884057971,0.08911496861218009,1.021738346194868,0.4205195243208792,0,results/T-sweep-Dyck-2/distributions/not_nested_parentheses_and_brackets_L32_T64_uniform_categorical_none.json
unconditional,parentheses_and_brackets,32,ebsampler,categorical,,2.0,64,5,0.32,0.116619,1.0,0.0,0.32,0.116619,0.3,0.167332,8.52,15,False,40.27,12,False,1.0,0.0,0.2663352272727273,12,0.03763440860215054,0.13333333333333333,,,,,,,0.3645833333333333,0.09490034978275311,1.6433862433862434,0.7269741148236564,0,results/T-sweep-Dyck-2/distributions/parentheses_and_brackets_L32_T64_ebsampler_categorical_gamma2.0.json
unconditional,parentheses_and_brackets,32,gaussian,categorical,1.0,,64,5,0.36,0.08,1.0,0.0,0.36,0.08,0.36,0.08,39.86,62,False,282.02,18,False,1.0,0.0,0.2730357877416701,18,0.02527075812274368,0.08955223880597014,,,,,,,0.36412037037037037,0.07699430405330611,1.0119588744588743,0.6091863441824712,0,results/T-sweep-Dyck-2/distributions/parentheses_and_brackets_L32_T64_gaussian_categorical_sigma1.0.json
unconditional,not_nested_parentheses_and_brackets,32,gaussian,greedy,50.0,,16,5,0.72,0.193907,0.74,0.174356,0.64,0.162481,0.84,0.149666,15.08,17,False,8.08,32,False,1.0,0.0,0.2623172883064516,32,0.016129032258064516,0.06666666666666667,,,,,,,0.607421875,0.08591530253094833,1.4077367077367078,1.2312089678288851,0,results/T-sweep-Dyck-2/distributions/not_nested_parentheses_and_brackets_L32_T16_gaussian_greedy_sigma50.0.json
unconditional,not_nested_parentheses_and_brackets,32,gaussian,greedy,1.0,,16,5,0.18,0.09798,0.12,0.074833,0.1,0.089443,0.12,0.074833,11.02,15,False,11.75,5,False,1.0,0.0,0.2484375,5,0.1032258064516129,0.28,,,,,,,0.4625,0.08477912478906585,1.9993650793650795,1.4428079339225897,0,results/T-sweep-Dyck-2/distributions/not_nested_parentheses_and_brackets_L32_T16_gaussian_greedy_sigma1.0.json
unconditional,not_nested_parentheses_and_brackets,32,gaussian,greedy,2.0,,16,5,0.24,0.12,0.3,0.178885,0.22,0.146969,0.28,0.193907,12.02,16,False,12.51,11,False,1.0,0.0,0.2852272727272727,11,0.0469208211143695,0.1606060606060606,,,,,,,0.4715909090909091,0.08154943235458706,1.0427289881835335,1.1617167679795652,0,results/T-sweep-Dyck-2/distributions/not_nested_parentheses_and_brackets_L32_T16_gaussian_greedy_sigma2.0.json
unconditional,not_nested_parentheses_and_brackets,32,gaussian,greedy,5.0,,16,5,0.32,0.146969,0.48,0.09798,0.3,0.126491,0.4,0.063246,12.52,16,False,13.36,15,False,1.0,0.0,0.278125,15,0.034408602150537634,0.14222222222222222,,,,,,,0.4583333333333333,0.06319062870042959,1.5634247234247234,1.121511621154658,0,results/T-sweep-Dyck-2/distributions/not_nested_parentheses_and_brackets_L32_T16_gaussian_greedy_sigma5.0.json
unconditional,not_nested_parentheses_and_brackets,32,gaussian,greedy,20.0,,16,5,0.84,0.135647,0.82,0.16,0.78,0.183303,0.88,0.116619,14.5,17,False,12.32,39,False,1.0,0.0,0.2629470310391363,39,0.013234077750206782,0.0547008547008547,,,,,,,0.5721153846153846,0.10452355037897645,1.2034262034262035,0.9412851183198755,0,results/T-sweep-Dyck-2/distributions/not_nested_parentheses_and_brackets_L32_T16_gaussian_greedy_sigma20.0.json
unconditional,not_nested_parentheses_and_brackets,32,gaussian,greedy,10.0,,16,5,0.48,0.222711,0.56,0.12,0.42,0.16,0.64,0.185472,13.36,17,False,13.58,21,False,1.0,0.0,0.2636160714285714,21,0.02457757296466974,0.10158730158730159,,,,,,,0.5297619047619048,0.07374709341288016,0.8510357367500225,0.7328216795820568,0,results/T-sweep-Dyck-2/distributions/not_nested_parentheses_and_brackets_L32_T16_gaussian_greedy_sigma10.0.json
unconditional,parentheses_and_brackets,32,ebsampler,categorical,,0.1,16,5,1.0,0.0,1.0,0.0,1.0,0.0,1.0,0.0,31.52,33,False,92.65,50,False,1.0,0.0,0.2716561909935077,50,0.009162303664921465,0.03247631935047361,,,,,,,0.36389285714285713,0.08170506264549805,1.1171175491175491,0.6852482057081699,0,results/T-sweep-Dyck-2/distributions/parentheses_and_brackets_L32_T16_ebsampler_categorical_gamma0.1.json
unconditional,not_nested_parentheses_and_brackets,32,gaussian,categorical,1.0,,1,5,0.02,0.04,0.04,0.08,0.0,0.0,0.94,0.08,1.0,1,False,2.17,0,True,,,,0,,,,,,,,,,,,,0,results/T-sweep-Dyck-2/distributions/not_nested_parentheses_and_brackets_L32_T1_gaussian_categorical_sigma1.0.json
unconditional,not_nested_parentheses_and_brackets,32,gaussian,categorical,2.0,,1,5,0.02,0.04,0.04,0.08,0.0,0.0,0.94,0.08,1.0,1,False,2.12,0,True,,,,0,,,,,,,,,,,,,0,results/T-sweep-Dyck-2/distributions/not_nested_parentheses_and_brackets_L32_T1_gaussian_categorical_sigma2.0.json
unconditional,not_nested_parentheses_and_brackets,32,gaussian,categorical,5.0,,1,5,0.02,0.04,0.04,0.08,0.0,0.0,0.94,0.08,1.0,1,False,2.23,0,True,,,,0,,,,,,,,,,,,,0,results/T-sweep-Dyck-2/distributions/not_nested_parentheses_and_brackets_L32_T1_gaussian_categorical_sigma5.0.json
unconditional,not_nested_parentheses_and_brackets,32,gaussian,categorical,10.0,,1,5,0.02,0.04,0.04,0.08,0.0,0.0,0.88,0.193907,1.0,1,False,2.17,0,True,,,,0,,,,,,,,,,,,,0,results/T-sweep-Dyck-2/distributions/not_nested_parentheses_and_brackets_L32_T1_gaussian_categorical_sigma10.0.json
unconditional,not_nested_parentheses_and_brackets,32,gaussian,categorical,20.0,,1,5,0.04,0.08,0.04,0.08,0.0,0.0,0.82,0.222711,1.0,1,False,2.22,0,True,,,,0,,,,,,,,,,,,,0,results/T-sweep-Dyck-2/distributions/not_nested_parentheses_and_brackets_L32_T1_gaussian_categorical_sigma20.0.json
unconditional,parentheses_and_brackets,32,ebsampler,categorical,,0.1,32,5,1.0,0.0,1.0,0.0,1.0,0.0,1.0,0.0,31.52,33,False,77.69,50,False,1.0,0.0,0.2716561909935077,50,0.009162303664921465,0.03247631935047361,,,,,,,0.36389285714285713,0.08170506264549805,1.1171175491175491,0.6852482057081699,0,results/T-sweep-Dyck-2/distributions/parentheses_and_brackets_L32_T32_ebsampler_categorical_gamma0.1.json
unconditional,not_nested_parentheses_and_brackets,32,gaussian,categorical,50.0,,1,5,0.04,0.04899,0.02,0.04,0.0,0.0,0.6,0.167332,1.0,1,False,2.12,0,True,,,,0,,,,,,,,,,,,,0,results/T-sweep-Dyck-2/distributions/not_nested_parentheses_and_brackets_L32_T1_gaussian_categorical_sigma50.0.json
unconditional,not_nested_parentheses_and_brackets,32,gaussian,categorical,1.0,,2,5,0.04,0.08,0.12,0.04,0.02,0.04,0.42,0.074833,1.46,2,False,2.49,1,True,1.0,0.0,,1,0.4838709677419355,0.8,,,,,,,0.5,,1.0,,0,results/T-sweep-Dyck-2/distributions/not_nested_parentheses_and_brackets_L32_T2_gaussian_categorical_sigma1.0.json
unconditional,parentheses_and_brackets,32,ebsampler,categorical,,0.9,32,5,0.96,0.04899,1.0,0.0,0.96,0.04899,0.94,0.04899,25.16,31,False,73.69,47,False,1.0,0.0,0.2700098814229249,47,0.00966183574879227,0.034236804564907276,,,,,,,0.3608156028368794,0.0938200470170023,1.1647369179284073,0.819965467790697,0,results/T-sweep-Dyck-2/distributions/parentheses_and_brackets_L32_T32_ebsampler_categorical_gamma0.9.json
unconditional,not_nested_parentheses_and_brackets,32,gaussian,categorical,10.0,,2,5,0.06,0.08,0.04,0.04899,0.0,0.0,0.62,0.172047,1.7,2,False,1.56,0,True,,,,0,,,,,,,,,,,,,0,results/T-sweep-Dyck-2/distributions/not_nested_parentheses_and_brackets_L32_T2_gaussian_categorical_sigma10.0.json
unconditional,not_nested_parentheses_and_brackets,32,gaussian,categorical,2.0,,2,5,0.04,0.04899,0.08,0.04,0.0,0.0,0.42,0.074833,1.46,2,False,2.52,0,True,,,,0,,,,,,,,,,,,,0,results/T-sweep-Dyck-2/distributions/not_nested_parentheses_and_brackets_L32_T2_gaussian_categorical_sigma2.0.json
unconditional,not_nested_parentheses_and_brackets,32,gaussian,categorical,5.0,,2,5,0.12,0.09798,0.06,0.04899,0.04,0.04899,0.44,0.08,1.48,2,False,2.48,2,True,,,,2,,,,,,,,,0.59375,0.28125,0.9428571428571428,0.3428571428571429,0,results/T-sweep-Dyck-2/distributions/not_nested_parentheses_and_brackets_L32_T2_gaussian_categorical_sigma5.0.json
unconditional,not_nested_parentheses_and_brackets,32,gaussian,categorical,20.0,,2,5,0.1,0.089443,0.08,0.074833,0.04,0.04899,0.78,0.116619,1.94,3,False,2.31,2,True,,,,2,,,,,,,,,0.4375,0.0,0.8888888888888888,0.1111111111111111,0,results/T-sweep-Dyck-2/distributions/not_nested_parentheses_and_brackets_L32_T2_gaussian_categorical_sigma20.0.json
unconditional,not_nested_parentheses_and_brackets,32,gaussian,categorical,50.0,,2,5,0.2,0.063246,0.26,0.10198,0.14,0.04899,0.58,0.222711,2.0,3,False,2.41,6,False,1.0,0.0,0.27263157894736845,6,0.08695652173913043,0.34831460674157305,,,,,,,0.4534722222222222,0.10193204965521678,0.8141835016835017,0.18472703600003929,0,results/T-sweep-Dyck-2/distributions/not_nested_parentheses_and_brackets_L32_T2_gaussian_categorical_sigma50.0.json
unconditional,not_nested_parentheses_and_brackets,32,gaussian,categorical,2.0,,4,5,0.16,0.08,0.12,0.074833,0.12,0.074833,0.32,0.146969,2.8,4,False,2.41,6,False,1.0,0.0,0.2677083333333333,6,0.08602150537634409,0.3111111111111111,,,,,,,0.6666666666666666,0.10622957319984969,0.9196729196729198,0.25489258890246064,0,results/T-sweep-Dyck-2/distributions/not_nested_parentheses_and_brackets_L32_T4_gaussian_categorical_sigma2.0.json
unconditional,not_nested_parentheses_and_brackets,32,gaussian,categorical,1.0,,4,5,0.18,0.074833,0.2,0.063246,0.12,0.074833,0.32,0.16,2.7,4,False,3.34,6,False,1.0,0.0,0.26875,6,0.08602150537634409,0.34444444444444444,,,,,,,0.5625,0.08068715304598785,0.8962962962962964,0.41507928077398226,0,results/T-sweep-Dyck-2/distributions/not_nested_parentheses_and_brackets_L32_T4_gaussian_categorical_sigma1.0.json
unconditional,not_nested_parentheses_and_brackets,32,gaussian,categorical,20.0,,4,5,0.18,0.074833,0.12,0.116619,0.08,0.074833,0.22,0.074833,3.08,5,False,3.7,4,True,,,,4,,,,,,,,,0.453125,0.027063293868263706,1.415873015873016,0.9485797156519499,0,results/T-sweep-Dyck-2/distributions/not_nested_parentheses_and_brackets_L32_T4_gaussian_categorical_sigma20.0.json
unconditional,not_nested_parentheses_and_brackets,32,gaussian,categorical,50.0,,4,5,0.2,0.063246,0.18,0.116619,0.16,0.08,0.34,0.10198,3.38,5,False,3.45,8,False,1.0,0.0,0.2761529808773903,8,0.06504065040650407,0.2647058823529412,,,,,,,0.440625,0.040383899947875265,0.9756448412698413,0.3365894055635297,0,results/T-sweep-Dyck-2/distributions/not_nested_parentheses_and_brackets_L32_T4_gaussian_categorical_sigma50.0.json
unconditional,not_nested_parentheses_and_brackets,32,gaussian,categorical,5.0,,4,5,0.22,0.116619,0.24,0.241661,0.14,0.10198,0.32,0.193907,2.92,4,False,4.12,7,False,1.0,0.0,0.2507440476190476,7,0.07373271889400922,0.29523809523809524,,,,,,,0.5267857142857143,0.056469243931578206,1.164172335600907,0.4816608367684278,0,results/T-sweep-Dyck-2/distributions/not_nested_parentheses_and_brackets_L32_T4_gaussian_categorical_sigma5.0.json
unconditional,not_nested_parentheses_and_brackets,32,gaussian,categorical,10.0,,4,5,0.12,0.074833,0.18,0.132665,0.08,0.074833,0.26,0.233238,3.0,5,False,4.07,4,True,,,,4,,,,,,,,,0.4916666666666667,0.07789549623266633,0.8801587301587301,0.20757116820865115,0,results/T-sweep-Dyck-2/distributions/not_nested_parentheses_and_brackets_L32_T4_gaussian_categorical_sigma10.0.json
unconditional,not_nested_parentheses_and_brackets,32,gaussian,greedy,50.0,,32,5,0.78,0.16,0.96,0.04899,0.74,0.162481,0.9,0.089443,30.08,33,False,19.38,37,False,1.0,0.0,0.25309684684684686,37,0.013949433304272014,0.05765765765765766,,,,,,,0.5878378378378378,0.10322037917197426,0.8063198063198063,0.4911649928712135,0,results/T-sweep-Dyck-2/distributions/not_nested_parentheses_and_brackets_L32_T32_gaussian_greedy_sigma50.0.json
unconditional,not_nested_parentheses_and_brackets,32,gaussian,categorical,1.0,,8,5,0.16,0.10198,0.2,0.109545,0.1,0.063246,0.16,0.08,5.26,8,False,3.82,5,False,1.0,0.0,0.25625,5,0.1032258064516129,0.35333333333333333,,,,,,,0.625,0.09682458365518543,0.9542857142857143,0.3075114067902563,0,results/T-sweep-Dyck-2/distributions/not_nested_parentheses_and_brackets_L32_T8_gaussian_categorical_sigma1.0.json
unconditional,not_nested_parentheses_and_brackets,32,gaussian,categorical,2.0,,8,5,0.24,0.10198,0.16,0.08,0.12,0.074833,0.2,0.109545,5.3,8,False,3.84,6,False,1.0,0.0,0.278125,6,0.08602150537634409,0.31666666666666665,,,,,,,0.5,0.13501543121683043,1.417989417989418,0.7720699027395598,0,results/T-sweep-Dyck-2/distributions/not_nested_parentheses_and_brackets_L32_T8_gaussian_categorical_sigma2.0.json
unconditional,not_nested_parentheses_and_brackets,32,gaussian,greedy,1.0,,32,5,0.38,0.193907,0.32,0.116619,0.3,0.141421,0.3,0.141421,26.32,32,False,23.43,15,False,1.0,0.0,0.228125,15,0.034408602150537634,0.13111111111111112,,,,,,,0.425,0.04677071733467427,0.4578014578014578,0.25431273735043647,0,results/T-sweep-Dyck-2/distributions/not_nested_parentheses_and_brackets_L32_T32_gaussian_greedy_sigma1.0.json
unconditional,not_nested_parentheses_and_brackets,32,gaussian,greedy,2.0,,32,5,0.48,0.146969,0.52,0.248193,0.44,0.185472,0.48,0.183303,26.44,31,False,23.98,22,False,1.0,0.0,0.24688852813852813,22,0.02346041055718475,0.09696969696969697,,,,,,,0.4346590909090909,0.06099690498177241,0.5585868676777768,0.33153742193257313,0,results/T-sweep-Dyck-2/distributions/not_nested_parentheses_and_brackets_L32_T32_gaussian_greedy_sigma2.0.json
unconditional,not_nested_parentheses_and_brackets,32,gaussian,greedy,20.0,,32,5,0.86,0.135647,0.96,0.04899,0.86,0.135647,0.9,0.089443,28.5,33,False,22.91,43,False,1.0,0.0,0.2563676633444075,43,0.012003000750187547,0.04961240310077519,,,,,,,0.5712209302325582,0.09394978262321112,1.107242628172861,0.7872631104314987,0,results/T-sweep-Dyck-2/distributions/not_nested_parentheses_and_brackets_L32_T32_gaussian_greedy_sigma20.0.json
unconditional,not_nested_parentheses_and_brackets,32,gaussian,categorical,50.0,,8,5,0.46,0.12,0.42,0.116619,0.4,0.141421,0.54,0.10198,6.7,9,False,5.72,20,False,1.0,0.0,0.2731907894736842,20,0.025806451612903226,0.10666666666666667,,,,,,,0.43125,0.08125,1.0092063492063492,0.3396111777880835,0,results/T-sweep-Dyck-2/distributions/not_nested_parentheses_and_brackets_L32_T8_gaussian_categorical_sigma50.0.json
unconditional,not_nested_parentheses_and_brackets,32,gaussian,greedy,10.0,,32,5,0.8,0.089443,0.82,0.132665,0.74,0.149666,0.84,0.174356,27.52,33,False,24.8,37,False,1.0,0.0,0.26273930180180183,37,0.013949433304272014,0.05765765765765766,,,,,,,0.5016891891891891,0.08023204112863457,1.0528732528732527,0.8151791414021096,0,results/T-sweep-Dyck-2/distributions/not_nested_parentheses_and_brackets_L32_T32_gaussian_greedy_sigma10.0.json
unconditional,not_nested_parentheses_and_brackets,32,gaussian,categorical,5.0,,8,5,0.26,0.174356,0.3,0.109545,0.2,0.109545,0.34,0.205913,5.8,8,False,6.84,10,False,1.0,0.0,0.2662473794549266,10,0.05194805194805195,0.21476510067114093,,,,,,,0.47791666666666666,0.14257125411526686,1.1444444444444444,0.3380952380952381,0,results/T-sweep-Dyck-2/distributions/not_nested_parentheses_and_brackets_L32_T8_gaussian_categorical_sigma5.0.json
unconditional,not_nested_parentheses_and_brackets,32,gaussian,greedy,5.0,,32,5,0.56,0.08,0.66,0.10198,0.52,0.04,0.6,0.063246,27.22,33,False,25.68,26,False,1.0,0.0,0.261875,26,0.019851116625310174,0.08205128205128205,,,,,,,0.45913461538461536,0.06472553854728971,0.8427333350410274,0.5320641503221358,0,results/T-sweep-Dyck-2/distributions/not_nested_parentheses_and_brackets_L32_T32_gaussian_greedy_sigma5.0.json
unconditional,not_nested_parentheses_and_brackets,32,gaussian,categorical,20.0,,8,5,0.34,0.162481,0.34,0.162481,0.28,0.16,0.44,0.135647,6.38,9,False,6.68,14,False,1.0,0.0,0.2659537771645395,14,0.037037037037037035,0.15311004784688995,,,,,,,0.4303571428571429,0.07314892552951444,0.9679421768707483,0.23843476257519236,0,results/T-sweep-Dyck-2/distributions/not_nested_parentheses_and_brackets_L32_T8_gaussian_categorical_sigma20.0.json
unconditional,parentheses_and_brackets,32,ebsampler,categorical,,0.5,32,5,0.98,0.04,1.0,0.0,0.98,0.04,0.96,0.04899,29.3,32,False,86.57,48,False,1.0,0.0,0.27204244179570014,48,0.00945945945945946,0.0335195530726257,,,,,,,0.36571180555555555,0.08418935158803662,1.162209780959781,0.6029801521355809,0,results/T-sweep-Dyck-2/distributions/parentheses_and_brackets_L32_T32_ebsampler_categorical_gamma0.5.json
unconditional,not_nested_parentheses_and_brackets,32,gaussian,categorical,10.0,,8,5,0.34,0.195959,0.3,0.189737,0.28,0.172047,0.44,0.08,6.34,9,False,7.25,14,False,1.0,0.0,0.2699206622973439,14,0.037037037037037035,0.15311004784688995,,,,,,,0.43898809523809523,0.0926570837860601,1.06149247577819,0.5573276954771951,0,results/T-sweep-Dyck-2/distributions/not_nested_parentheses_and_brackets_L32_T8_gaussian_categorical_sigma10.0.json
unconditional,not_nested_parentheses_and_brackets,32,gaussian,categorical,2.0,,16,5,0.44,0.26533,0.42,0.172047,0.36,0.215407,0.42,0.231517,11.58,16,False,7.47,18,False,1.0,0.0,0.26767780282844844,18,0.02877697841726619,0.11895910780669144,,,,,,,0.4601851851851852,0.11119981027507475,1.0883918550585219,0.3754331705354173,0,results/T-sweep-Dyck-2/distributions/not_nested_parentheses_and_brackets_L32_T16_gaussian_categorical_sigma2.0.json
unconditional,not_nested_parentheses_and_brackets,32,gaussian,categorical,5.0,,16,5,0.44,0.135647,0.46,0.149666,0.44,0.135647,0.5,0.178885,12.28,16,False,7.96,22,False,1.0,0.0,0.2689594356261023,22,0.023529411764705882,0.0972644376899696,,,,,,,0.45,0.09277906307704635,1.075206611570248,0.4270196089999436,0,results/T-sweep-Dyck-2/distributions/not_nested_parentheses_and_brackets_L32_T16_gaussian_categorical_sigma5.0.json
unconditional,not_nested_parentheses_and_brackets,32,gaussian,greedy,1.0,,64,5,0.66,0.224499,0.62,0.256125,0.6,0.252982,0.6,0.252982,54.84,61,False,28.23,30,False,1.0,0.0,0.19841954022988506,30,0.017204301075268817,0.06666666666666667,,,,,,,0.40208333333333335,0.03492303044633377,0.3239382839382839,0.11188536187061417,0,results/T-sweep-Dyck-2/distributions/not_nested_parentheses_and_brackets_L32_T64_gaussian_greedy_sigma1.0.json
unconditional,not_nested_parentheses_and_brackets,32,gaussian,categorical,1.0,,16,5,0.36,0.10198,0.46,0.135647,0.32,0.132665,0.34,0.135647,12.96,16,False,11.48,16,False,1.0,0.0,0.2779947916666667,16,0.03225806451612903,0.13125,,,,,,,0.484375,0.10245997694221876,1.0738095238095238,0.40274239425469927,0,results/T-sweep-Dyck-2/distributions/not_nested_parentheses_and_brackets_L32_T16_gaussian_categorical_sigma1.0.json
unconditional,not_nested_parentheses_and_brackets,32,gaussian,categorical,50.0,,16,5,0.64,0.174356,0.64,0.149666,0.62,0.16,0.7,0.167332,14.08,17,False,10.63,31,False,1.0,0.0,0.2723454301075269,31,0.01664932362122789,0.06881720430107527,,,,,,,0.4314516129032258,0.1033155481880561,1.1937904389517293,0.6820762073466812,0,results/T-sweep-Dyck-2/distributions/not_nested_parentheses_and_brackets_L32_T16_gaussian_categorical_sigma50.0.json
unconditional,parentheses_and_brackets,32,gaussian,greedy,5.0,,64,5,0.94,0.08,1.0,0.0,0.94,0.08,0.94,0.08,55.46,64,False,450.99,47,False,1.0,0.0,0.14188251618871414,47,0.002745367192862045,0.005673758865248227,,,,,,,0.2526595744680851,0.060413918572343336,0.0,0.0,0,results/T-sweep-Dyck-2/distributions/parentheses_and_brackets_L32_T64_gaussian_greedy_sigma5.0.json
unconditional,not_nested_parentheses_and_brackets,32,gaussian,categorical,10.0,,16,5,0.54,0.12,0.6,0.126491,0.54,0.12,0.56,0.08,12.9,17,False,12.97,27,False,1.0,0.0,0.267128801431127,27,0.01920768307322929,0.0794044665012407,,,,,,,0.41651234567901235,0.081282491773957,1.0598765432098765,0.3743099921951687,0,results/T-sweep-Dyck-2/distributions/not_nested_parentheses_and_brackets_L32_T16_gaussian_categorical_sigma10.0.json
unconditional,not_nested_parentheses_and_brackets,32,gaussian,categorical,20.0,,16,5,0.6,0.209762,0.62,0.222711,0.56,0.205913,0.62,0.132665,13.24,17,False,11.42,28,False,1.0,0.0,0.26979349552712983,28,0.018648018648018648,0.07710843373493977,,,,,,,0.4167517006802721,0.10336520077998916,0.9585729746444033,0.3181847876410089,0,results/T-sweep-Dyck-2/distributions/not_nested_parentheses_and_brackets_L32_T16_gaussian_categorical_sigma20.0.json
unconditional,not_nested_parentheses_and_brackets,32,gaussian,greedy,5.0,,64,5,0.76,0.04899,0.84,0.08,0.76,0.04899,0.8,0.089443,53.6,64,False,30.08,38,False,1.0,0.0,0.2575568990042674,38,0.013582342954159592,0.056140350877192984,,,,,,,0.43914473684210525,0.05821996717246006,0.7768301873565031,0.4269442456885907,0,results/T-sweep-Dyck-2/distributions/not_nested_parentheses_and_brackets_L32_T64_gaussian_greedy_sigma5.0.json
unconditional,parentheses_and_brackets,32,ebsampler,categorical,,0.9,64,5,0.96,0.04899,1.0,0.0,0.96,0.04899,0.94,0.04899,25.16,31,False,73.46,47,False,1.0,0.0,0.2700098814229249,47,0.00966183574879227,0.034236804564907276,,,,,,,0.3608156028368794,0.0938200470170023,1.1647369179284073,0.819965467790697,0,results/T-sweep-Dyck-2/distributions/parentheses_and_brackets_L32_T64_ebsampler_categorical_gamma0.9.json
unconditional,not_nested_parentheses_and_brackets,32,ebsampler,greedy,,0.1,1,1,1.0,0.0,1.0,0.0,1.0,0.0,1.0,0.0,33.0,33,True,1.73,10,False,0.1,0.9,0.0,10,0.02903225806451613,0.05333333333333334,,,,,,,0.6875,0.0,0.4545454545454545,5.551115123125783e-17,0,results/T-sweep-Dyck-2/distributions/not_nested_parentheses_and_brackets_L32_T1_ebsampler_greedy_gamma0.1.json
unconditional,not_nested_parentheses_and_brackets,32,ebsampler,greedy,,0.5,1,1,1.0,0.0,1.0,0.0,1.0,0.0,1.0,0.0,32.0,32,True,1.05,10,False,0.1,0.9,0.0,10,0.02903225806451613,0.05333333333333334,,,,,,,0.6875,0.0,0.4545454545454545,5.551115123125783e-17,0,results/T-sweep-Dyck-2/distributions/not_nested_parentheses_and_brackets_L32_T1_ebsampler_greedy_gamma0.5.json
unconditional,not_nested_parentheses_and_brackets,32,ebsampler,greedy,,5.0,1,1,1.0,0.0,1.0,0.0,1.0,0.0,1.0,0.0,8.0,8,True,0.42,10,False,0.1,0.9,0.0,10,0.03225806451612903,0.06,,,,,,,0.8125,0.0,0.23076923076923078,0.0,0,results/T-sweep-Dyck-2/distributions/not_nested_parentheses_and_brackets_L32_T1_ebsampler_greedy_gamma5.0.json
unconditional,not_nested_parentheses_and_brackets,32,ebsampler,greedy,,10.0,1,1,0.0,0.0,0.0,0.0,0.0,0.0,1.0,0.0,4.0,4,True,0.32,0,True,,,,0,,,,,,,,,,,,,0,results/T-sweep-Dyck-2/distributions/not_nested_parentheses_and_brackets_L32_T1_ebsampler_greedy_gamma10.0.json
unconditional,not_nested_parentheses_and_brackets,32,ebsampler,greedy,,2.0,1,1,1.0,0.0,1.0,0.0,1.0,0.0,1.0,0.0,16.0,16,True,1.06,10,False,0.1,0.9,0.0,10,0.03225806451612903,0.05333333333333334,,,,,,,0.75,0.0,0.23076923076923078,0.0,0,results/T-sweep-Dyck-2/distributions/not_nested_parentheses_and_brackets_L32_T1_ebsampler_greedy_gamma2.0.json
unconditional,not_nested_parentheses_and_brackets,32,ebsampler,greedy,,0.9,1,1,1.0,0.0,1.0,0.0,1.0,0.0,1.0,0.0,31.0,31,True,1.6,10,False,0.1,0.9,0.0,10,0.02903225806451613,0.05333333333333334,,,,,,,0.6875,0.0,0.4545454545454545,5.551115123125783e-17,0,results/T-sweep-Dyck-2/distributions/not_nested_parentheses_and_brackets_L32_T1_ebsampler_greedy_gamma0.9.json
unconditional,not_nested_parentheses_and_brackets,32,ar,greedy,,,34,1,1.0,0.0,1.0,0.0,1.0,0.0,1.0,0.0,33.0,33,True,4.59,10,False,0.1,0.9,0.0,10,0.025806451612903226,0.03666666666666667,,,,,,,0.375,0.0,0.23076923076923078,0.0,0,results/T-sweep-Dyck-2/distributions/not_nested_parentheses_and_brackets_L32_T34_ar_greedy_none.json
unconditional,not_nested_parentheses_and_brackets,32,ebsampler,greedy,,0.1,2,1,1.0,0.0,1.0,0.0,1.0,0.0,1.0,0.0,33.0,33,True,1.65,10,False,0.1,0.9,0.0,10,0.02903225806451613,0.05333333333333334,,,,,,,0.6875,0.0,0.4545454545454545,5.551115123125783e-17,0,results/T-sweep-Dyck-2/distributions/not_nested_parentheses_and_brackets_L32_T2_ebsampler_greedy_gamma0.1.json
unconditional,not_nested_parentheses_and_brackets,32,ebsampler,greedy,,0.5,2,1,1.0,0.0,1.0,0.0,1.0,0.0,1.0,0.0,32.0,32,True,1.63,10,False,0.1,0.9,0.0,10,0.02903225806451613,0.05333333333333334,,,,,,,0.6875,0.0,0.4545454545454545,5.551115123125783e-17,0,results/T-sweep-Dyck-2/distributions/not_nested_parentheses_and_brackets_L32_T2_ebsampler_greedy_gamma0.5.json
unconditional,not_nested_parentheses_and_brackets,32,ebsampler,greedy,,0.9,2,1,1.0,0.0,1.0,0.0,1.0,0.0,1.0,0.0,31.0,31,True,1.59,10,False,0.1,0.9,0.0,10,0.02903225806451613,0.05333333333333334,,,,,,,0.6875,0.0,0.4545454545454545,5.551115123125783e-17,0,results/T-sweep-Dyck-2/distributions/not_nested_parentheses_and_brackets_L32_T2_ebsampler_greedy_gamma0.9.json
unconditional,not_nested_parentheses_and_brackets,32,ebsampler,greedy,,10.0,2,1,0.0,0.0,0.0,0.0,0.0,0.0,1.0,0.0,4.0,4,True,0.54,0,True,,,,0,,,,,,,,,,,,,0,results/T-sweep-Dyck-2/distributions/not_nested_parentheses_and_brackets_L32_T2_ebsampler_greedy_gamma10.0.json
unconditional,not_nested_parentheses_and_brackets,32,ebsampler,greedy,,5.0,2,1,1.0,0.0,1.0,0.0,1.0,0.0,1.0,0.0,8.0,8,True,0.65,10,False,0.1,0.9,0.0,10,0.03225806451612903,0.06,,,,,,,0.8125,0.0,0.23076923076923078,0.0,0,results/T-sweep-Dyck-2/distributions/not_nested_parentheses_and_brackets_L32_T2_ebsampler_greedy_gamma5.0.json
unconditional,not_nested_parentheses_and_brackets,32,ebsampler,greedy,,2.0,2,1,1.0,0.0,1.0,0.0,1.0,0.0,1.0,0.0,16.0,16,True,1.04,10,False,0.1,0.9,0.0,10,0.03225806451612903,0.05333333333333334,,,,,,,0.75,0.0,0.23076923076923078,0.0,0,results/T-sweep-Dyck-2/distributions/not_nested_parentheses_and_brackets_L32_T2_ebsampler_greedy_gamma2.0.json
unconditional,not_nested_parentheses_and_brackets,32,ebsampler,greedy,,2.0,4,1,1.0,0.0,1.0,0.0,1.0,0.0,1.0,0.0,16.0,16,True,0.98,10,False,0.1,0.9,0.0,10,0.03225806451612903,0.05333333333333334,,,,,,,0.75,0.0,0.23076923076923078,0.0,0,results/T-sweep-Dyck-2/distributions/not_nested_parentheses_and_brackets_L32_T4_ebsampler_greedy_gamma2.0.json
unconditional,not_nested_parentheses_and_brackets,32,ebsampler,greedy,,0.1,4,1,1.0,0.0,1.0,0.0,1.0,0.0,1.0,0.0,33.0,33,True,1.75,10,False,0.1,0.9,0.0,10,0.02903225806451613,0.05333333333333334,,,,,,,0.6875,0.0,0.4545454545454545,5.551115123125783e-17,0,results/T-sweep-Dyck-2/distributions/not_nested_parentheses_and_brackets_L32_T4_ebsampler_greedy_gamma0.1.json
unconditional,not_nested_parentheses_and_brackets,32,ebsampler,greedy,,0.5,4,1,1.0,0.0,1.0,0.0,1.0,0.0,1.0,0.0,32.0,32,True,1.7,10,False,0.1,0.9,0.0,10,0.02903225806451613,0.05333333333333334,,,,,,,0.6875,0.0,0.4545454545454545,5.551115123125783e-17,0,results/T-sweep-Dyck-2/distributions/not_nested_parentheses_and_brackets_L32_T4_ebsampler_greedy_gamma0.5.json
unconditional,not_nested_parentheses_and_brackets,32,ebsampler,greedy,,0.9,4,1,1.0,0.0,1.0,0.0,1.0,0.0,1.0,0.0,31.0,31,True,1.68,10,False,0.1,0.9,0.0,10,0.02903225806451613,0.05333333333333334,,,,,,,0.6875,0.0,0.4545454545454545,5.551115123125783e-17,0,results/T-sweep-Dyck-2/distributions/not_nested_parentheses_and_brackets_L32_T4_ebsampler_greedy_gamma0.9.json
unconditional,not_nested_parentheses_and_brackets,32,ebsampler,greedy,,10.0,4,1,0.0,0.0,0.0,0.0,0.0,0.0,1.0,0.0,4.0,4,True,0.54,0,True,,,,0,,,,,,,,,,,,,0,results/T-sweep-Dyck-2/distributions/not_nested_parentheses_and_brackets_L32_T4_ebsampler_greedy_gamma10.0.json
unconditional,not_nested_parentheses_and_brackets,32,ebsampler,greedy,,5.0,4,1,1.0,0.0,1.0,0.0,1.0,0.0,1.0,0.0,8.0,8,True,0.65,10,False,0.1,0.9,0.0,10,0.03225806451612903,0.06,,,,,,,0.8125,0.0,0.23076923076923078,0.0,0,results/T-sweep-Dyck-2/distributions/not_nested_parentheses_and_brackets_L32_T4_ebsampler_greedy_gamma5.0.json
unconditional,not_nested_parentheses_and_brackets,32,gaussian,greedy,50.0,,64,5,0.88,0.04,0.96,0.04899,0.86,0.04899,0.92,0.074833,59.58,64,False,34.7,43,False,1.0,0.0,0.24961932447397564,43,0.012003000750187547,0.04961240310077519,,,,,,,0.5944767441860465,0.12008664282403982,0.890832681530356,0.6398513402518633,0,results/T-sweep-Dyck-2/distributions/not_nested_parentheses_and_brackets_L32_T64_gaussian_greedy_sigma50.0.json
unconditional,not_nested_parentheses_and_brackets,32,ebsampler,greedy,,5.0,8,1,1.0,0.0,1.0,0.0,1.0,0.0,1.0,0.0,8.0,8,True,0.43,10,False,0.1,0.9,0.0,10,0.03225806451612903,0.06,,,,,,,0.8125,0.0,0.23076923076923078,0.0,0,results/T-sweep-Dyck-2/distributions/not_nested_parentheses_and_brackets_L32_T8_ebsampler_greedy_gamma5.0.json
unconditional,not_nested_parentheses_and_brackets,32,ebsampler,greedy,,2.0,8,1,1.0,0.0,1.0,0.0,1.0,0.0,1.0,0.0,16.0,16,True,0.98,10,False,0.1,0.9,0.0,10,0.03225806451612903,0.05333333333333334,,,,,,,0.75,0.0,0.23076923076923078,0.0,0,results/T-sweep-Dyck-2/distributions/not_nested_parentheses_and_brackets_L32_T8_ebsampler_greedy_gamma2.0.json
unconditional,not_nested_parentheses_and_brackets,32,ebsampler,greedy,,10.0,8,1,0.0,0.0,0.0,0.0,0.0,0.0,1.0,0.0,4.0,4,True,0.34,0,True,,,,0,,,,,,,,,,,,,0,results/T-sweep-Dyck-2/distributions/not_nested_parentheses_and_brackets_L32_T8_ebsampler_greedy_gamma10.0.json
unconditional,not_nested_parentheses_and_brackets,32,ebsampler,greedy,,0.1,8,1,1.0,0.0,1.0,0.0,1.0,0.0,1.0,0.0,33.0,33,True,1.7,10,False,0.1,0.9,0.0,10,0.02903225806451613,0.05333333333333334,,,,,,,0.6875,0.0,0.4545454545454545,5.551115123125783e-17,0,results/T-sweep-Dyck-2/distributions/not_nested_parentheses_and_brackets_L32_T8_ebsampler_greedy_gamma0.1.json
unconditional,not_nested_parentheses_and_brackets,32,ebsampler,greedy,,0.5,8,1,1.0,0.0,1.0,0.0,1.0,0.0,1.0,0.0,32.0,32,True,1.63,10,False,0.1,0.9,0.0,10,0.02903225806451613,0.05333333333333334,,,,,,,0.6875,0.0,0.4545454545454545,5.551115123125783e-17,0,results/T-sweep-Dyck-2/distributions/not_nested_parentheses_and_brackets_L32_T8_ebsampler_greedy_gamma0.5.json
unconditional,not_nested_parentheses_and_brackets,32,ebsampler,greedy,,0.9,8,1,1.0,0.0,1.0,0.0,1.0,0.0,1.0,0.0,31.0,31,True,1.55,10,False,0.1,0.9,0.0,10,0.02903225806451613,0.05333333333333334,,,,,,,0.6875,0.0,0.4545454545454545,5.551115123125783e-17,0,results/T-sweep-Dyck-2/distributions/not_nested_parentheses_and_brackets_L32_T8_ebsampler_greedy_gamma0.9.json
unconditional,not_nested_parentheses_and_brackets,32,ebsampler,greedy,,0.5,16,1,1.0,0.0,1.0,0.0,1.0,0.0,1.0,0.0,32.0,32,True,1.12,10,False,0.1,0.9,0.0,10,0.02903225806451613,0.05333333333333334,,,,,,,0.6875,0.0,0.4545454545454545,5.551115123125783e-17,0,results/T-sweep-Dyck-2/distributions/not_nested_parentheses_and_brackets_L32_T16_ebsampler_greedy_gamma0.5.json
unconditional,not_nested_parentheses_and_brackets,32,ebsampler,greedy,,5.0,16,1,1.0,0.0,1.0,0.0,1.0,0.0,1.0,0.0,8.0,8,True,0.67,10,False,0.1,0.9,0.0,10,0.03225806451612903,0.06,,,,,,,0.8125,0.0,0.23076923076923078,0.0,0,results/T-sweep-Dyck-2/distributions/not_nested_parentheses_and_brackets_L32_T16_ebsampler_greedy_gamma5.0.json
unconditional,not_nested_parentheses_and_brackets,32,ebsampler,greedy,,2.0,16,1,1.0,0.0,1.0,0.0,1.0,0.0,1.0,0.0,16.0,16,True,0.94,10,False,0.1,0.9,0.0,10,0.03225806451612903,0.05333333333333334,,,,,,,0.75,0.0,0.23076923076923078,0.0,0,results/T-sweep-Dyck-2/distributions/not_nested_parentheses_and_brackets_L32_T16_ebsampler_greedy_gamma2.0.json
unconditional,not_nested_parentheses_and_brackets,32,ebsampler,greedy,,10.0,16,1,0.0,0.0,0.0,0.0,0.0,0.0,1.0,0.0,4.0,4,True,0.37,0,True,,,,0,,,,,,,,,,,,,0,results/T-sweep-Dyck-2/distributions/not_nested_parentheses_and_brackets_L32_T16_ebsampler_greedy_gamma10.0.json
unconditional,not_nested_parentheses_and_brackets,32,ebsampler,greedy,,0.9,16,1,1.0,0.0,1.0,0.0,1.0,0.0,1.0,0.0,31.0,31,True,1.58,10,False,0.1,0.9,0.0,10,0.02903225806451613,0.05333333333333334,,,,,,,0.6875,0.0,0.4545454545454545,5.551115123125783e-17,0,results/T-sweep-Dyck-2/distributions/not_nested_parentheses_and_brackets_L32_T16_ebsampler_greedy_gamma0.9.json
unconditional,not_nested_parentheses_and_brackets,32,ebsampler,greedy,,0.1,16,1,1.0,0.0,1.0,0.0,1.0,0.0,1.0,0.0,33.0,33,True,1.86,10,False,0.1,0.9,0.0,10,0.02903225806451613,0.05333333333333334,,,,,,,0.6875,0.0,0.4545454545454545,5.551115123125783e-17,0,results/T-sweep-Dyck-2/distributions/not_nested_parentheses_and_brackets_L32_T16_ebsampler_greedy_gamma0.1.json
unconditional,not_nested_parentheses_and_brackets,32,gaussian,categorical,2.0,,32,5,0.7,0.063246,0.68,0.074833,0.68,0.074833,0.7,0.089443,26.94,31,False,20.1,34,False,1.0,0.0,0.2676861552326236,34,0.015355086372360844,0.06349206349206349,,,,,,,0.42507002801120447,0.10400956186952236,1.089396061454885,0.40975716992097005,0,results/T-sweep-Dyck-2/distributions/not_nested_parentheses_and_brackets_L32_T32_gaussian_categorical_sigma2.0.json
unconditional,parentheses_and_brackets,32,ebsampler,categorical,,0.5,64,5,0.98,0.04,1.0,0.0,0.98,0.04,0.96,0.04899,29.3,32,False,84.06,48,False,1.0,0.0,0.27204244179570014,48,0.00945945945945946,0.0335195530726257,,,,,,,0.36571180555555555,0.08418935158803662,1.162209780959781,0.6029801521355809,0,results/T-sweep-Dyck-2/distributions/parentheses_and_brackets_L32_T64_ebsampler_categorical_gamma0.5.json
unconditional,not_nested_parentheses_and_brackets,32,ebsampler,greedy,,0.9,32,1,1.0,0.0,1.0,0.0,1.0,0.0,1.0,0.0,31.0,31,True,0.99,10,False,0.1,0.9,0.0,10,0.02903225806451613,0.05333333333333334,,,,,,,0.6875,0.0,0.4545454545454545,5.551115123125783e-17,0,results/T-sweep-Dyck-2/distributions/not_nested_parentheses_and_brackets_L32_T32_ebsampler_greedy_gamma0.9.json
unconditional,not_nested_parentheses_and_brackets,32,ebsampler,greedy,,10.0,32,1,0.0,0.0,0.0,0.0,0.0,0.0,1.0,0.0,4.0,4,True,0.37,0,True,,,,0,,,,,,,,,,,,,0,results/T-sweep-Dyck-2/distributions/not_nested_parentheses_and_brackets_L32_T32_ebsampler_greedy_gamma10.0.json
unconditional,not_nested_parentheses_and_brackets,32,ebsampler,greedy,,2.0,32,1,1.0,0.0,1.0,0.0,1.0,0.0,1.0,0.0,16.0,16,True,0.93,10,False,0.1,0.9,0.0,10,0.03225806451612903,0.05333333333333334,,,,,,,0.75,0.0,0.23076923076923078,0.0,0,results/T-sweep-Dyck-2/distributions/not_nested_parentheses_and_brackets_L32_T32_ebsampler_greedy_gamma2.0.json
unconditional,not_nested_parentheses_and_brackets,32,ebsampler,greedy,,5.0,32,1,1.0,0.0,1.0,0.0,1.0,0.0,1.0,0.0,8.0,8,True,0.71,10,False,0.1,0.9,0.0,10,0.03225806451612903,0.06,,,,,,,0.8125,0.0,0.23076923076923078,0.0,0,results/T-sweep-Dyck-2/distributions/not_nested_parentheses_and_brackets_L32_T32_ebsampler_greedy_gamma5.0.json
unconditional,not_nested_parentheses_and_brackets,32,ebsampler,greedy,,0.5,32,1,1.0,0.0,1.0,0.0,1.0,0.0,1.0,0.0,32.0,32,True,1.67,10,False,0.1,0.9,0.0,10,0.02903225806451613,0.05333333333333334,,,,,,,0.6875,0.0,0.4545454545454545,5.551115123125783e-17,0,results/T-sweep-Dyck-2/distributions/not_nested_parentheses_and_brackets_L32_T32_ebsampler_greedy_gamma0.5.json
unconditional,not_nested_parentheses_and_brackets,32,ebsampler,greedy,,0.1,32,1,1.0,0.0,1.0,0.0,1.0,0.0,1.0,0.0,33.0,33,True,1.8,10,False,0.1,0.9,0.0,10,0.02903225806451613,0.05333333333333334,,,,,,,0.6875,0.0,0.4545454545454545,5.551115123125783e-17,0,results/T-sweep-Dyck-2/distributions/not_nested_parentheses_and_brackets_L32_T32_ebsampler_greedy_gamma0.1.json
unconditional,not_nested_parentheses_and_brackets,32,ebsampler,greedy,,2.0,64,1,1.0,0.0,1.0,0.0,1.0,0.0,1.0,0.0,16.0,16,True,0.61,10,False,0.1,0.9,0.0,10,0.03225806451612903,0.05333333333333334,,,,,,,0.75,0.0,0.23076923076923078,0.0,0,results/T-sweep-Dyck-2/distributions/not_nested_parentheses_and_brackets_L32_T64_ebsampler_greedy_gamma2.0.json
unconditional,not_nested_parentheses_and_brackets,32,ebsampler,greedy,,5.0,64,1,1.0,0.0,1.0,0.0,1.0,0.0,1.0,0.0,8.0,8,True,0.69,10,False,0.1,0.9,0.0,10,0.03225806451612903,0.06,,,,,,,0.8125,0.0,0.23076923076923078,0.0,0,results/T-sweep-Dyck-2/distributions/not_nested_parentheses_and_brackets_L32_T64_ebsampler_greedy_gamma5.0.json
unconditional,not_nested_parentheses_and_brackets,32,ebsampler,greedy,,10.0,64,1,0.0,0.0,0.0,0.0,0.0,0.0,1.0,0.0,4.0,4,True,0.52,0,True,,,,0,,,,,,,,,,,,,0,results/T-sweep-Dyck-2/distributions/not_nested_parentheses_and_brackets_L32_T64_ebsampler_greedy_gamma10.0.json
unconditional,not_nested_parentheses_and_brackets,32,gaussian,categorical,50.0,,32,5,0.78,0.116619,0.74,0.12,0.74,0.12,0.8,0.063246,28.72,33,False,20.65,37,False,1.0,0.0,0.26866837024417944,37,0.014072119613016711,0.05818181818181818,,,,,,,0.4547297297297297,0.09574840617112819,1.1686078936078936,0.4414413867219956,0,results/T-sweep-Dyck-2/distributions/not_nested_parentheses_and_brackets_L32_T32_gaussian_categorical_sigma50.0.json
unconditional,not_nested_parentheses_and_brackets,32,gaussian,categorical,1.0,,32,5,0.6,0.089443,0.6,0.141421,0.56,0.10198,0.56,0.10198,24.34,31,False,21.8,28,False,1.0,0.0,0.27027922777363494,28,0.018475750577367205,0.07637231503579953,,,,,,,0.4407738095238095,0.09235642239987105,1.0538535868893013,0.45371435570914215,0,results/T-sweep-Dyck-2/distributions/not_nested_parentheses_and_brackets_L32_T32_gaussian_categorical_sigma1.0.json
unconditional,not_nested_parentheses_and_brackets,32,ebsampler,greedy,,0.5,64,1,1.0,0.0,1.0,0.0,1.0,0.0,1.0,0.0,32.0,32,True,1.65,10,False,0.1,0.9,0.0,10,0.02903225806451613,0.05333333333333334,,,,,,,0.6875,0.0,0.4545454545454545,5.551115123125783e-17,0,results/T-sweep-Dyck-2/distributions/not_nested_parentheses_and_brackets_L32_T64_ebsampler_greedy_gamma0.5.json
unconditional,not_nested_parentheses_and_brackets,32,ebsampler,greedy,,0.9,64,1,1.0,0.0,1.0,0.0,1.0,0.0,1.0,0.0,31.0,31,True,1.57,10,False,0.1,0.9,0.0,10,0.02903225806451613,0.05333333333333334,,,,,,,0.6875,0.0,0.4545454545454545,5.551115123125783e-17,0,results/T-sweep-Dyck-2/distributions/not_nested_parentheses_and_brackets_L32_T64_ebsampler_greedy_gamma0.9.json
unconditional,not_nested_parentheses_and_brackets,32,ebsampler,greedy,,0.1,64,1,1.0,0.0,1.0,0.0,1.0,0.0,1.0,0.0,33.0,33,True,1.82,10,False,0.1,0.9,0.0,10,0.02903225806451613,0.05333333333333334,,,,,,,0.6875,0.0,0.4545454545454545,5.551115123125783e-17,0,results/T-sweep-Dyck-2/distributions/not_nested_parentheses_and_brackets_L32_T64_ebsampler_greedy_gamma0.1.json
unconditional,not_nested_parentheses_and_brackets,32,gaussian,greedy,2.0,,64,5,0.8,0.063246,0.82,0.04,0.78,0.04,0.78,0.04,55.68,63,False,45.61,39,False,1.0,0.0,0.23709514170040485,39,0.013234077750206782,0.0547008547008547,,,,,,,0.4182692307692308,0.047268850012027644,0.4800868647022493,0.2949937727715648,0,results/T-sweep-Dyck-2/distributions/not_nested_parentheses_and_brackets_L32_T64_gaussian_greedy_sigma2.0.json
unconditional,not_nested_parentheses_and_brackets,32,gaussian,greedy,20.0,,64,5,0.86,0.10198,0.94,0.04899,0.86,0.10198,0.9,0.063246,55.78,64,False,42.59,43,False,1.0,0.0,0.2453453765227021,43,0.012003000750187547,0.04961240310077519,,,,,,,0.5726744186046512,0.11431850059439352,0.8080069801000035,0.31237440594506427,0,results/T-sweep-Dyck-2/distributions/not_nested_parentheses_and_brackets_L32_T64_gaussian_greedy_sigma20.0.json
unconditional,not_nested_parentheses_and_brackets,32,gaussian,categorical,20.0,,32,5,0.72,0.132665,0.68,0.132665,0.66,0.135647,0.7,0.126491,26.48,33,False,23.13,33,False,1.0,0.0,0.26895833333333335,33,0.015732546705998034,0.06504065040650407,,,,,,,0.4169011544011544,0.09479026875085624,0.982076172985264,0.27885945329385375,0,results/T-sweep-Dyck-2/distributions/not_nested_parentheses_and_brackets_L32_T32_gaussian_categorical_sigma20.0.json
unconditional,not_nested_parentheses_and_brackets,32,ebsampler,categorical,,10.0,1,5,0.18,0.074833,0.12,0.074833,0.02,0.04,0.46,0.185472,2.58,4,False,2.48,1,True,1.0,0.0,,1,0.45161290322580644,0.7666666666666667,,,,,,,0.5625,,0.6,,0,results/T-sweep-Dyck-2/distributions/not_nested_parentheses_and_brackets_L32_T1_ebsampler_categorical_gamma10.0.json
unconditional,not_nested_parentheses_and_brackets,32,gaussian,categorical,10.0,,32,5,0.6,0.089443,0.62,0.074833,0.6,0.089443,0.62,0.09798,25.28,33,False,23.91,30,False,1.0,0.0,0.2708483624296638,30,0.017278617710583154,0.07142857142857142,,,,,,,0.39972222222222226,0.09922695024196293,0.9984462759462759,0.3744637989879789,0,results/T-sweep-Dyck-2/distributions/not_nested_parentheses_and_brackets_L32_T32_gaussian_categorical_sigma10.0.json
unconditional,not_nested_parentheses_and_brackets,32,ebsampler,categorical,,5.0,1,5,0.3,0.109545,0.22,0.04,0.18,0.074833,0.4,0.089443,5.24,8,False,3.0,9,False,1.0,0.0,0.2734375,9,0.05734767025089606,0.22962962962962963,,,,,,,0.4583333333333333,0.07216878364870322,0.8921917588584256,0.36306581877823196,0,results/T-sweep-Dyck-2/distributions/not_nested_parentheses_and_brackets_L32_T1_ebsampler_categorical_gamma5.0.json
unconditional,not_nested_parentheses_and_brackets,32,ar,categorical,,,34,5,1.0,0.0,1.0,0.0,1.0,0.0,1.0,0.0,33.0,33,False,15.44,50,False,1.0,0.0,0.27020871400262503,50,0.010416666666666666,0.04306864064602961,,,,,,,0.4225595238095238,0.10154547323697218,1.125868686868687,0.39624848236805865,0,results/T-sweep-Dyck-2/distributions/not_nested_parentheses_and_brackets_L32_T34_ar_categorical_none.json
unconditional,not_nested_parentheses_and_brackets,32,ebsampler,categorical,,2.0,1,5,0.6,0.126491,0.54,0.135647,0.48,0.116619,0.62,0.116619,11.7,16,False,3.92,23,False,1.0,0.0,0.2713685770750988,23,0.02244039270687237,0.0927536231884058,,,,,,,0.421195652173913,0.08880507955634886,1.0839450404667796,0.42949496673197823,0,results/T-sweep-Dyck-2/distributions/not_nested_parentheses_and_brackets_L32_T1_ebsampler_categorical_gamma2.0.json
unconditional,not_nested_parentheses_and_brackets,32,gaussian,categorical,5.0,,32,5,0.72,0.116619,0.72,0.074833,0.7,0.109545,0.74,0.135647,26.08,32,False,25.39,35,False,1.0,0.0,0.2738345785541408,35,0.014773776546629732,0.061068702290076333,,,,,,,0.42559523809523814,0.09596079958342021,1.0821016285302,0.5053839842099782,0,results/T-sweep-Dyck-2/distributions/not_nested_parentheses_and_brackets_L32_T32_gaussian_categorical_sigma5.0.json
unconditional,not_nested_parentheses_and_brackets,32,ebsampler,categorical,,10.0,2,5,0.18,0.074833,0.12,0.074833,0.02,0.04,0.46,0.185472,2.58,4,False,2.6,1,True,1.0,0.0,,1,0.45161290322580644,0.7666666666666667,,,,,,,0.5625,,0.6,,0,results/T-sweep-Dyck-2/distributions/not_nested_parentheses_and_brackets_L32_T2_ebsampler_categorical_gamma10.0.json
unconditional,not_nested_parentheses_and_brackets,32,ebsampler,categorical,,5.0,2,5,0.3,0.109545,0.22,0.04,0.18,0.074833,0.4,0.089443,5.24,8,False,2.95,9,False,1.0,0.0,0.2734375,9,0.05734767025089606,0.22962962962962963,,,,,,,0.4583333333333333,0.07216878364870322,0.8921917588584256,0.36306581877823196,0,results/T-sweep-Dyck-2/distributions/not_nested_parentheses_and_brackets_L32_T2_ebsampler_categorical_gamma5.0.json
unconditional,not_nested_parentheses_and_brackets,32,ebsampler,categorical,,2.0,2,5,0.6,0.126491,0.54,0.135647,0.48,0.116619,0.62,0.116619,11.7,16,False,3.44,23,False,1.0,0.0,0.2713685770750988,23,0.02244039270687237,0.0927536231884058,,,,,,,0.421195652173913,0.08880507955634886,1.0839450404667796,0.42949496673197823,0,results/T-sweep-Dyck-2/distributions/not_nested_parentheses_and_brackets_L32_T2_ebsampler_categorical_gamma2.0.json
unconditional,not_nested_parentheses_and_brackets,32,gaussian,greedy,10.0,,64,5,0.88,0.146969,0.9,0.089443,0.84,0.135647,0.92,0.074833,55.88,64,False,46.95,42,False,1.0,0.0,0.25660569105691056,42,0.01228878648233487,0.050793650793650794,,,,,,,0.5059523809523809,0.08923609732479137,0.8602254887969174,0.5076035452513168,0,results/T-sweep-Dyck-2/distributions/not_nested_parentheses_and_brackets_L32_T64_gaussian_greedy_sigma10.0.json
unconditional,parentheses_and_brackets,32,ebsampler,categorical,,0.1,64,5,1.0,0.0,1.0,0.0,1.0,0.0,1.0,0.0,31.52,33,False,94.62,50,False,1.0,0.0,0.2716561909935077,50,0.009162303664921465,0.03247631935047361,,,,,,,0.36389285714285713,0.08170506264549805,1.1171175491175491,0.6852482057081699,0,results/T-sweep-Dyck-2/distributions/parentheses_and_brackets_L32_T64_ebsampler_categorical_gamma0.1.json
unconditional,not_nested_parentheses_and_brackets,32,ebsampler,categorical,,0.5,1,5,1.0,0.0,1.0,0.0,1.0,0.0,0.98,0.04,31.14,32,False,6.7,49,False,1.0,0.0,0.2672014687100894,49,0.01054713249835201,0.043596730245231606,,,,,,,0.4446428571428572,0.10606601717798213,1.1161638248372943,0.42082478780095595,0,results/T-sweep-Dyck-2/distributions/not_nested_parentheses_and_brackets_L32_T1_ebsampler_categorical_gamma0.5.json
unconditional,not_nested_parentheses_and_brackets,32,ebsampler,categorical,,5.0,4,5,0.3,0.109545,0.22,0.04,0.18,0.074833,0.4,0.089443,5.24,8,False,2.99,9,False,1.0,0.0,0.2734375,9,0.05734767025089606,0.22962962962962963,,,,,,,0.4583333333333333,0.07216878364870322,0.8921917588584256,0.36306581877823196,0,results/T-sweep-Dyck-2/distributions/not_nested_parentheses_and_brackets_L32_T4_ebsampler_categorical_gamma5.0.json
unconditional,not_nested_parentheses_and_brackets,32,ebsampler,categorical,,10.0,4,5,0.18,0.074833,0.12,0.074833,0.02,0.04,0.46,0.185472,2.58,4,False,2.37,1,True,1.0,0.0,,1,0.45161290322580644,0.7666666666666667,,,,,,,0.5625,,0.6,,0,results/T-sweep-Dyck-2/distributions/not_nested_parentheses_and_brackets_L32_T4_ebsampler_categorical_gamma10.0.json
unconditional,not_nested_parentheses_and_brackets,32,ebsampler,categorical,,0.9,1,5,0.66,0.174356,0.66,0.174356,0.66,0.174356,0.94,0.04899,28.72,31,False,7.22,32,False,1.0,0.0,0.2698147681451613,32,0.016129032258064516,0.06666666666666667,,,,,,,0.423828125,0.09972419852515424,1.1103354978354978,0.4881935796551343,0,results/T-sweep-Dyck-2/distributions/not_nested_parentheses_and_brackets_L32_T1_ebsampler_categorical_gamma0.9.json
unconditional,not_nested_parentheses_and_brackets,32,ebsampler,categorical,,2.0,4,5,0.6,0.126491,0.54,0.135647,0.48,0.116619,0.62,0.116619,11.7,16,False,3.85,23,False,1.0,0.0,0.2713685770750988,23,0.02244039270687237,0.0927536231884058,,,,,,,0.421195652173913,0.08880507955634886,1.0839450404667796,0.42949496673197823,0,results/T-sweep-Dyck-2/distributions/not_nested_parentheses_and_brackets_L32_T4_ebsampler_categorical_gamma2.0.json
unconditional,not_nested_parentheses_and_brackets,32,ebsampler,categorical,,0.9,2,5,0.66,0.174356,0.66,0.174356,0.66,0.174356,0.94,0.04899,28.72,31,False,6.99,32,False,1.0,0.0,0.2698147681451613,32,0.016129032258064516,0.06666666666666667,,,,,,,0.423828125,0.09972419852515424,1.1103354978354978,0.4881935796551343,0,results/T-sweep-Dyck-2/distributions/not_nested_parentheses_and_brackets_L32_T2_ebsampler_categorical_gamma0.9.json
unconditional,not_nested_parentheses_and_brackets,32,ebsampler,categorical,,0.1,1,5,1.0,0.0,1.0,0.0,1.0,0.0,1.0,0.0,32.82,33,False,8.29,50,False,1.0,0.0,0.2691647010563019,50,0.010376134889753566,0.04289544235924933,,,,,,,0.41991666666666666,0.09752951832365647,1.0500512265512265,0.3573620704130619,0,results/T-sweep-Dyck-2/distributions/not_nested_parentheses_and_brackets_L32_T1_ebsampler_categorical_gamma0.1.json
unconditional,not_nested_parentheses_and_brackets,32,ebsampler,categorical,,0.5,2,5,1.0,0.0,1.0,0.0,1.0,0.0,0.98,0.04,31.14,32,False,7.57,49,False,1.0,0.0,0.2672014687100894,49,0.01054713249835201,0.043596730245231606,,,,,,,0.4446428571428572,0.10606601717798213,1.1161638248372943,0.42082478780095595,0,results/T-sweep-Dyck-2/distributions/not_nested_parentheses_and_brackets_L32_T2_ebsampler_categorical_gamma0.5.json
unconditional,not_nested_parentheses_and_brackets,32,ebsampler,categorical,,0.9,4,5,0.66,0.174356,0.66,0.174356,0.66,0.174356,0.94,0.04899,28.72,31,False,4.76,32,False,1.0,0.0,0.2698147681451613,32,0.016129032258064516,0.06666666666666667,,,,,,,0.423828125,0.09972419852515424,1.1103354978354978,0.4881935796551343,0,results/T-sweep-Dyck-2/distributions/not_nested_parentheses_and_brackets_L32_T4_ebsampler_categorical_gamma0.9.json
unconditional,not_nested_parentheses_and_brackets,32,ebsampler,categorical,,0.1,2,5,1.0,0.0,1.0,0.0,1.0,0.0,1.0,0.0,32.82,33,False,7.85,50,False,1.0,0.0,0.2691647010563019,50,0.010376134889753566,0.04289544235924933,,,,,,,0.41991666666666666,0.09752951832365647,1.0500512265512265,0.3573620704130619,0,results/T-sweep-Dyck-2/distributions/not_nested_parentheses_and_brackets_L32_T2_ebsampler_categorical_gamma0.1.json
unconditional,not_nested_parentheses_and_brackets,32,ebsampler,categorical,,10.0,8,5,0.18,0.074833,0.12,0.074833,0.02,0.04,0.46,0.185472,2.58,4,False,2.43,1,True,1.0,0.0,,1,0.45161290322580644,0.7666666666666667,,,,,,,0.5625,,0.6,,0,results/T-sweep-Dyck-2/distributions/not_nested_parentheses_and_brackets_L32_T8_ebsampler_categorical_gamma10.0.json
unconditional,not_nested_parentheses_and_brackets,32,ebsampler,categorical,,5.0,8,5,0.3,0.109545,0.22,0.04,0.18,0.074833,0.4,0.089443,5.24,8,False,3.02,9,False,1.0,0.0,0.2734375,9,0.05734767025089606,0.22962962962962963,,,,,,,0.4583333333333333,0.07216878364870322,0.8921917588584256,0.36306581877823196,0,results/T-sweep-Dyck-2/distributions/not_nested_parentheses_and_brackets_L32_T8_ebsampler_categorical_gamma5.0.json
unconditional,not_nested_parentheses_and_brackets,32,ebsampler,categorical,,2.0,8,5,0.6,0.126491,0.54,0.135647,0.48,0.116619,0.62,0.116619,11.7,16,False,3.96,23,False,1.0,0.0,0.2713685770750988,23,0.02244039270687237,0.0927536231884058,,,,,,,0.421195652173913,0.08880507955634886,1.0839450404667796,0.42949496673197823,0,results/T-sweep-Dyck-2/distributions/not_nested_parentheses_and_brackets_L32_T8_ebsampler_categorical_gamma2.0.json
unconditional,not_nested_parentheses_and_brackets,32,ebsampler,categorical,,10.0,16,5,0.18,0.074833,0.12,0.074833,0.02,0.04,0.46,0.185472,2.58,4,False,2.43,1,True,1.0,0.0,,1,0.45161290322580644,0.7666666666666667,,,,,,,0.5625,,0.6,,0,results/T-sweep-Dyck-2/distributions/not_nested_parentheses_and_brackets_L32_T16_ebsampler_categorical_gamma10.0.json
unconditional,not_nested_parentheses_and_brackets,32,ebsampler,categorical,,5.0,16,5,0.3,0.109545,0.22,0.04,0.18,0.074833,0.4,0.089443,5.24,8,False,2.93,9,False,1.0,0.0,0.2734375,9,0.05734767025089606,0.22962962962962963,,,,,,,0.4583333333333333,0.07216878364870322,0.8921917588584256,0.36306581877823196,0,results/T-sweep-Dyck-2/distributions/not_nested_parentheses_and_brackets_L32_T16_ebsampler_categorical_gamma5.0.json
unconditional,not_nested_parentheses_and_brackets,32,ebsampler,categorical,,0.5,4,5,1.0,0.0,1.0,0.0,1.0,0.0,0.98,0.04,31.14,32,False,7.68,49,False,1.0,0.0,0.2672014687100894,49,0.01054713249835201,0.043596730245231606,,,,,,,0.4446428571428572,0.10606601717798213,1.1161638248372943,0.42082478780095595,0,results/T-sweep-Dyck-2/distributions/not_nested_parentheses_and_brackets_L32_T4_ebsampler_categorical_gamma0.5.json
unconditional,not_nested_parentheses_and_brackets,32,ebsampler,categorical,,0.1,4,5,1.0,0.0,1.0,0.0,1.0,0.0,1.0,0.0,32.82,33,False,8.45,50,False,1.0,0.0,0.2691647010563019,50,0.010376134889753566,0.04289544235924933,,,,,,,0.41991666666666666,0.09752951832365647,1.0500512265512265,0.3573620704130619,0,results/T-sweep-Dyck-2/distributions/not_nested_parentheses_and_brackets_L32_T4_ebsampler_categorical_gamma0.1.json
unconditional,not_nested_parentheses_and_brackets,32,ebsampler,categorical,,2.0,16,5,0.6,0.126491,0.54,0.135647,0.48,0.116619,0.62,0.116619,11.7,16,False,4.06,23,False,1.0,0.0,0.2713685770750988,23,0.02244039270687237,0.0927536231884058,,,,,,,0.421195652173913,0.08880507955634886,1.0839450404667796,0.42949496673197823,0,results/T-sweep-Dyck-2/distributions/not_nested_parentheses_and_brackets_L32_T16_ebsampler_categorical_gamma2.0.json
unconditional,not_nested_parentheses_and_brackets,32,ebsampler,categorical,,10.0,32,5,0.18,0.074833,0.12,0.074833,0.02,0.04,0.46,0.185472,2.58,4,False,2.3,1,True,1.0,0.0,,1,0.45161290322580644,0.7666666666666667,,,,,,,0.5625,,0.6,,0,results/T-sweep-Dyck-2/distributions/not_nested_parentheses_and_brackets_L32_T32_ebsampler_categorical_gamma10.0.json
unconditional,not_nested_parentheses_and_brackets,32,ebsampler,categorical,,5.0,32,5,0.3,0.109545,0.22,0.04,0.18,0.074833,0.4,0.089443,5.24,8,False,3.02,9,False,1.0,0.0,0.2734375,9,0.05734767025089606,0.22962962962962963,,,,,,,0.4583333333333333,0.07216878364870322,0.8921917588584256,0.36306581877823196,0,results/T-sweep-Dyck-2/distributions/not_nested_parentheses_and_brackets_L32_T32_ebsampler_categorical_gamma5.0.json
unconditional,not_nested_parentheses_and_brackets,32,ebsampler,categorical,,2.0,32,5,0.6,0.126491,0.54,0.135647,0.48,0.116619,0.62,0.116619,11.7,16,False,4.21,23,False,1.0,0.0,0.2713685770750988,23,0.02244039270687237,0.0927536231884058,,,,,,,0.421195652173913,0.08880507955634886,1.0839450404667796,0.42949496673197823,0,results/T-sweep-Dyck-2/distributions/not_nested_parentheses_and_brackets_L32_T32_ebsampler_categorical_gamma2.0.json
unconditional,not_nested_parentheses_and_brackets,32,ebsampler,categorical,,0.9,8,5,0.66,0.174356,0.66,0.174356,0.66,0.174356,0.94,0.04899,28.72,31,False,7.24,32,False,1.0,0.0,0.2698147681451613,32,0.016129032258064516,0.06666666666666667,,,,,,,0.423828125,0.09972419852515424,1.1103354978354978,0.4881935796551343,0,results/T-sweep-Dyck-2/distributions/not_nested_parentheses_and_brackets_L32_T8_ebsampler_categorical_gamma0.9.json
unconditional,not_nested_parentheses_and_brackets,32,ebsampler,categorical,,0.5,8,5,1.0,0.0,1.0,0.0,1.0,0.0,0.98,0.04,31.14,32,False,7.78,49,False,1.0,0.0,0.2672014687100894,49,0.01054713249835201,0.043596730245231606,,,,,,,0.4446428571428572,0.10606601717798213,1.1161638248372943,0.42082478780095595,0,results/T-sweep-Dyck-2/distributions/not_nested_parentheses_and_brackets_L32_T8_ebsampler_categorical_gamma0.5.json
unconditional,not_nested_parentheses_and_brackets,32,ebsampler,categorical,,0.9,16,5,0.66,0.174356,0.66,0.174356,0.66,0.174356,0.94,0.04899,28.72,31,False,6.11,32,False,1.0,0.0,0.2698147681451613,32,0.016129032258064516,0.06666666666666667,,,,,,,0.423828125,0.09972419852515424,1.1103354978354978,0.4881935796551343,0,results/T-sweep-Dyck-2/distributions/not_nested_parentheses_and_brackets_L32_T16_ebsampler_categorical_gamma0.9.json
unconditional,not_nested_parentheses_and_brackets,32,ebsampler,categorical,,0.1,8,5,1.0,0.0,1.0,0.0,1.0,0.0,1.0,0.0,32.82,33,False,8.53,50,False,1.0,0.0,0.2691647010563019,50,0.010376134889753566,0.04289544235924933,,,,,,,0.41991666666666666,0.09752951832365647,1.0500512265512265,0.3573620704130619,0,results/T-sweep-Dyck-2/distributions/not_nested_parentheses_and_brackets_L32_T8_ebsampler_categorical_gamma0.1.json
unconditional,not_nested_parentheses_and_brackets,32,ebsampler,categorical,,0.1,16,5,1.0,0.0,1.0,0.0,1.0,0.0,1.0,0.0,32.82,33,False,6.93,50,False,1.0,0.0,0.2691647010563019,50,0.010376134889753566,0.04289544235924933,,,,,,,0.41991666666666666,0.09752951832365647,1.0500512265512265,0.3573620704130619,0,results/T-sweep-Dyck-2/distributions/not_nested_parentheses_and_brackets_L32_T16_ebsampler_categorical_gamma0.1.json
unconditional,not_nested_parentheses_and_brackets,32,ebsampler,categorical,,10.0,64,5,0.18,0.074833,0.12,0.074833,0.02,0.04,0.46,0.185472,2.58,4,False,2.02,1,True,1.0,0.0,,1,0.45161290322580644,0.7666666666666667,,,,,,,0.5625,,0.6,,0,results/T-sweep-Dyck-2/distributions/not_nested_parentheses_and_brackets_L32_T64_ebsampler_categorical_gamma10.0.json
unconditional,not_nested_parentheses_and_brackets,32,ebsampler,categorical,,0.9,32,5,0.66,0.174356,0.66,0.174356,0.66,0.174356,0.94,0.04899,28.72,31,False,5.75,32,False,1.0,0.0,0.2698147681451613,32,0.016129032258064516,0.06666666666666667,,,,,,,0.423828125,0.09972419852515424,1.1103354978354978,0.4881935796551343,0,results/T-sweep-Dyck-2/distributions/not_nested_parentheses_and_brackets_L32_T32_ebsampler_categorical_gamma0.9.json
unconditional,not_nested_parentheses_and_brackets,32,ebsampler,categorical,,5.0,64,5,0.3,0.109545,0.22,0.04,0.18,0.074833,0.4,0.089443,5.24,8,False,2.72,9,False,1.0,0.0,0.2734375,9,0.05734767025089606,0.22962962962962963,,,,,,,0.4583333333333333,0.07216878364870322,0.8921917588584256,0.36306581877823196,0,results/T-sweep-Dyck-2/distributions/not_nested_parentheses_and_brackets_L32_T64_ebsampler_categorical_gamma5.0.json
unconditional,not_nested_parentheses_and_brackets,32,ebsampler,categorical,,0.5,32,5,1.0,0.0,1.0,0.0,1.0,0.0,0.98,0.04,31.14,32,False,6.01,49,False,1.0,0.0,0.2672014687100894,49,0.01054713249835201,0.043596730245231606,,,,,,,0.4446428571428572,0.10606601717798213,1.1161638248372943,0.42082478780095595,0,results/T-sweep-Dyck-2/distributions/not_nested_parentheses_and_brackets_L32_T32_ebsampler_categorical_gamma0.5.json
unconditional,not_nested_parentheses_and_brackets,32,ebsampler,categorical,,0.5,16,5,1.0,0.0,1.0,0.0,1.0,0.0,0.98,0.04,31.14,32,False,7.44,49,False,1.0,0.0,0.2672014687100894,49,0.01054713249835201,0.043596730245231606,,,,,,,0.4446428571428572,0.10606601717798213,1.1161638248372943,0.42082478780095595,0,results/T-sweep-Dyck-2/distributions/not_nested_parentheses_and_brackets_L32_T16_ebsampler_categorical_gamma0.5.json
unconditional,not_nested_parentheses_and_brackets,32,ebsampler,categorical,,2.0,64,5,0.6,0.126491,0.54,0.135647,0.48,0.116619,0.62,0.116619,11.7,16,False,3.32,23,False,1.0,0.0,0.2713685770750988,23,0.02244039270687237,0.0927536231884058,,,,,,,0.421195652173913,0.08880507955634886,1.0839450404667796,0.42949496673197823,0,results/T-sweep-Dyck-2/distributions/not_nested_parentheses_and_brackets_L32_T64_ebsampler_categorical_gamma2.0.json
unconditional,not_nested_parentheses_and_brackets,32,ebsampler,categorical,,0.1,32,5,1.0,0.0,1.0,0.0,1.0,0.0,1.0,0.0,32.82,33,False,7.46,50,False,1.0,0.0,0.2691647010563019,50,0.010376134889753566,0.04289544235924933,,,,,,,0.41991666666666666,0.09752951832365647,1.0500512265512265,0.3573620704130619,0,results/T-sweep-Dyck-2/distributions/not_nested_parentheses_and_brackets_L32_T32_ebsampler_categorical_gamma0.1.json
unconditional,not_nested_parentheses_and_brackets,32,gaussian,categorical,2.0,,64,5,0.7,0.089443,0.76,0.04899,0.68,0.074833,0.7,0.063246,50.94,62,False,34.41,34,False,1.0,0.0,0.26789228087929384,34,0.01532567049808429,0.06336633663366337,,,,,,,0.480234593837535,0.09703377397790622,1.099591503267974,0.38444976933732383,0,results/T-sweep-Dyck-2/distributions/not_nested_parentheses_and_brackets_L32_T64_gaussian_categorical_sigma2.0.json
unconditional,not_nested_parentheses_and_brackets,32,ebsampler,categorical,,0.9,64,5,0.66,0.174356,0.66,0.174356,0.66,0.174356,0.94,0.04899,28.72,31,False,5.02,32,False,1.0,0.0,0.2698147681451613,32,0.016129032258064516,0.06666666666666667,,,,,,,0.423828125,0.09972419852515424,1.1103354978354978,0.4881935796551343,0,results/T-sweep-Dyck-2/distributions/not_nested_parentheses_and_brackets_L32_T64_ebsampler_categorical_gamma0.9.json
unconditional,not_nested_parentheses_and_brackets,32,gaussian,categorical,20.0,,64,5,0.84,0.04899,0.84,0.04899,0.84,0.04899,0.88,0.074833,55.76,64,False,31.26,42,False,1.0,0.0,0.26637865033358854,42,0.012345679012345678,0.051036682615629984,,,,,,,0.4421626984126984,0.10619922682347435,1.0906917817632102,0.3918726082382282,0,results/T-sweep-Dyck-2/distributions/not_nested_parentheses_and_brackets_L32_T64_gaussian_categorical_sigma20.0.json
unconditional,not_nested_parentheses_and_brackets,32,ebsampler,categorical,,0.5,64,5,1.0,0.0,1.0,0.0,1.0,0.0,0.98,0.04,31.14,32,False,5.65,49,False,1.0,0.0,0.2672014687100894,49,0.01054713249835201,0.043596730245231606,,,,,,,0.4446428571428572,0.10606601717798213,1.1161638248372943,0.42082478780095595,0,results/T-sweep-Dyck-2/distributions/not_nested_parentheses_and_brackets_L32_T64_ebsampler_categorical_gamma0.5.json
unconditional,not_nested_parentheses_and_brackets,32,ebsampler,categorical,,0.1,64,5,1.0,0.0,1.0,0.0,1.0,0.0,1.0,0.0,32.82,33,False,6.07,50,False,1.0,0.0,0.2691647010563019,50,0.010376134889753566,0.04289544235924933,,,,,,,0.41991666666666666,0.09752951832365647,1.0500512265512265,0.3573620704130619,0,results/T-sweep-Dyck-2/distributions/not_nested_parentheses_and_brackets_L32_T64_ebsampler_categorical_gamma0.1.json
unconditional,not_nested_parentheses_and_brackets,32,gaussian,categorical,1.0,,64,5,0.68,0.09798,0.68,0.074833,0.66,0.08,0.68,0.074833,52.86,62,False,38.5,33,False,1.0,0.0,0.26970238095238097,33,0.015732546705998034,0.06504065040650407,,,,,,,0.42474747474747476,0.10410826339484831,1.059354366172548,0.3648813736103485,0,results/T-sweep-Dyck-2/distributions/not_nested_parentheses_and_brackets_L32_T64_gaussian_categorical_sigma1.0.json
unconditional,not_nested_parentheses_and_brackets,32,gaussian,categorical,5.0,,64,5,0.78,0.146969,0.84,0.10198,0.78,0.146969,0.82,0.116619,52.64,62,False,36.55,39,False,1.0,0.0,0.2679966044142615,39,0.013322231473771857,0.055077452667814115,,,,,,,0.45,0.09783081797608024,1.0214128464128465,0.3856779651557429,0,results/T-sweep-Dyck-2/distributions/not_nested_parentheses_and_brackets_L32_T64_gaussian_categorical_sigma5.0.json
unconditional,not_nested_parentheses_and_brackets,32,gaussian,categorical,10.0,,64,5,0.78,0.074833,0.78,0.074833,0.78,0.074833,0.78,0.074833,52.3,64,False,35.54,39,False,1.0,0.0,0.2676358234295416,39,0.013322231473771857,0.055077452667814115,,,,,,,0.3998931623931624,0.09495128820997803,1.0249639249639249,0.4027180245407852,0,results/T-sweep-Dyck-2/distributions/not_nested_parentheses_and_brackets_L32_T64_gaussian_categorical_sigma10.0.json
unconditional,not_nested_parentheses_and_brackets,32,gaussian,categorical,50.0,,64,5,0.9,0.0,0.92,0.04,0.9,0.0,0.94,0.04899,58.18,64,False,32.62,45,False,1.0,0.0,0.27405857740585776,45,0.011519078473722102,0.047619047619047616,,,,,,,0.42,0.08879595836648323,1.147327240660574,0.6308348301422926,0,results/T-sweep-Dyck-2/distributions/not_nested_parentheses_and_brackets_L32_T64_gaussian_categorical_sigma50.0.json
unconditional,parentheses_and_brackets,32,gaussian,categorical,5.0,,64,5,0.64,0.195959,1.0,0.0,0.64,0.195959,0.62,0.193907,47.16,62,False,351.63,31,False,1.0,0.0,0.26775732788002726,31,0.014783526927138331,0.05240174672489083,,,,,,,0.3577188940092166,0.09875878759953917,1.0110459433040078,0.31726660330895584,0,results/T-sweep-Dyck-2/distributions/parentheses_and_brackets_L32_T64_gaussian_categorical_sigma5.0.json
unconditional,parentheses_and_brackets,32,gaussian,categorical,50.0,,64,5,0.78,0.203961,1.0,0.0,0.78,0.203961,0.78,0.203961,54.18,64,False,317.37,39,False,1.0,0.0,0.2635823429541596,39,0.011656952539550375,0.04130808950086059,,,,,,,0.33237179487179486,0.08394254633267104,1.247943722943723,0.6083342352126808,0,results/T-sweep-Dyck-2/distributions/parentheses_and_brackets_L32_T64_gaussian_categorical_sigma50.0.json
unconditional,parentheses_and_brackets,32,gaussian,categorical,2.0,,64,5,0.54,0.257682,1.0,0.0,0.54,0.257682,0.52,0.271293,47.22,63,False,364.86,26,False,1.0,0.0,0.2843583535108959,26,0.0175,0.06201550387596899,,,,,,,0.3801282051282051,0.08912043263002627,1.6520895770895772,1.7693335597799313,0,results/T-sweep-Dyck-2/distributions/parentheses_and_brackets_L32_T64_gaussian_categorical_sigma2.0.json
unconditional,parentheses_and_brackets,32,gaussian,categorical,10.0,,64,5,0.7,0.063246,1.0,0.0,0.7,0.063246,0.74,0.10198,50.48,64,False,376.79,35,False,1.0,0.0,0.26785903550609436,35,0.013023255813953489,0.046153846153846156,,,,,,,0.3620238095238095,0.10889857770768804,1.1184776334776334,0.5259830003173442,0,results/T-sweep-Dyck-2/distributions/parentheses_and_brackets_L32_T64_gaussian_categorical_sigma10.0.json
unconditional,parentheses_and_brackets,32,gaussian,categorical,20.0,,64,5,0.82,0.074833,1.0,0.0,0.82,0.074833,0.82,0.074833,53.46,64,False,350.62,41,False,1.0,0.0,0.2703582434514638,41,0.011137629276054098,0.039473684210526314,,,,,,,0.3557491289198606,0.07673574143833538,1.0223762010347377,0.476950465537787,0,results/T-sweep-Dyck-2/distributions/parentheses_and_brackets_L32_T64_gaussian_categorical_sigma20.0.json
unconditional,parentheses_and_brackets,32,uniform,greedy,,,1,5,0.0,0.0,1.0,0.0,0.0,0.0,1.0,0.0,1.0,1,False,125.48,0,True,,,,0,,,,,,,,,,,,,0,results/T-sweep-Dyck-2/distributions/parentheses_and_brackets_L32_T1_uniform_greedy_none.json
unconditional,parentheses_and_brackets,32,gaussian,greedy,5.0,,1,5,0.004,0.004899,1.0,0.0,0.004,0.004899,0.988,0.009798,1.004,2,False,158.0,2,True,,,,2,,,,,,,,,0.9375,0.0,0.0,0.0,0,results/T-sweep-Dyck-2/distributions/parentheses_and_brackets_L32_T1_gaussian_greedy_sigma5.0.json
unconditional,parentheses_and_brackets,32,gaussian,greedy,50.0,,1,5,0.164,0.020591,1.0,0.0,0.164,0.020591,0.916,0.024166,1.174,2,False,163.79,82,False,0.1951219512195122,0.8048780487804879,0.029142201144233666,82,0.0015735641227380016,0.002845528455284553,,,,,,,0.9405487804878049,0.013463050101109524,0.0,0.0,0,results/T-sweep-Dyck-2/distributions/parentheses_and_brackets_L32_T1_gaussian_greedy_sigma50.0.json
unconditional,parentheses_and_brackets,32,gaussian,greedy,2.0,,1,5,0.0,0.0,1.0,0.0,0.0,0.0,0.998,0.004,1.0,1,False,196.27,0,True,,,,0,,,,,,,,,,,,,0,results/T-sweep-Dyck-2/distributions/parentheses_and_brackets_L32_T1_gaussian_greedy_sigma2.0.json
unconditional,parentheses_and_brackets,32,gaussian,greedy,1.0,,1,5,0.0,0.0,1.0,0.0,0.0,0.0,1.0,0.0,1.0,1,False,199.95,0,True,,,,0,,,,,,,,,,,,,0,results/T-sweep-Dyck-2/distributions/parentheses_and_brackets_L32_T1_gaussian_greedy_sigma1.0.json
unconditional,parentheses_and_brackets,32,uniform,categorical,,,1,5,0.0,0.0,1.0,0.0,0.0,0.0,0.762,0.029933,1.0,1,False,201.68,0,True,,,,0,,,,,,,,,,,,,0,results/T-sweep-Dyck-2/distributions/parentheses_and_brackets_L32_T1_uniform_categorical_none.json
unconditional,parentheses_and_brackets,32,gaussian,greedy,20.0,,1,5,0.096,0.024166,1.0,0.0,0.096,0.024166,0.972,0.011662,1.104,2,False,205.26,48,False,0.3125,0.6875,0.02917220744680851,48,0.002688172043010753,0.004166666666666667,,,,,,,0.9388020833333334,0.008926633594272194,0.0,0.0,0,results/T-sweep-Dyck-2/distributions/parentheses_and_brackets_L32_T1_gaussian_greedy_sigma20.0.json
unconditional,parentheses_and_brackets,32,gaussian,greedy,10.0,,1,5,0.038,0.017205,1.0,0.0,0.038,0.017205,0.978,0.004,1.04,2,False,207.02,19,False,0.42105263157894735,0.5789473684210527,0.027777777777777776,19,0.006791171477079796,0.010526315789473684,,,,,,,0.9375,0.0,0.0,0.0,0,results/T-sweep-Dyck-2/distributions/parentheses_and_brackets_L32_T1_gaussian_greedy_sigma10.0.json
unconditional,parentheses_and_brackets,32,uniform,categorical,,,2,5,0.002,0.004,1.0,0.0,0.002,0.004,0.248,0.044452,1.25,2,False,209.94,1,True,1.0,0.0,,1,0.3548387096774194,0.6666666666666666,,,,,,,0.3125,,2.2,,0,results/T-sweep-Dyck-2/distributions/parentheses_and_brackets_L32_T2_uniform_categorical_none.json
unconditional,parentheses_and_brackets,32,uniform,greedy,,,2,5,0.034,0.014967,1.0,0.0,0.034,0.014967,1.0,0.0,2.0,2,False,213.35,17,False,1.0,0.0,0.12143841911764706,17,0.007590132827324478,0.01568627450980392,,,,,,,0.5625,0.11741705457846553,0.0,0.0,0,results/T-sweep-Dyck-2/distributions/parentheses_and_brackets_L32_T2_uniform_greedy_none.json
unconditional,parentheses_and_brackets,32,gaussian,greedy,50.0,,2,5,0.046,0.013565,1.0,0.0,0.046,0.013565,0.688,0.049558,2.02,3,False,216.89,23,False,1.0,0.0,0.12957015810276679,23,0.005610098176718092,0.011594202898550725,,,,,,,0.5652173913043478,0.1468397400663728,0.0,0.0,0,results/T-sweep-Dyck-2/distributions/parentheses_and_brackets_L32_T2_gaussian_greedy_sigma50.0.json
unconditional,parentheses_and_brackets,32,gaussian,greedy,2.0,,2,5,0.0,0.0,1.0,0.0,0.0,0.0,0.996,0.004899,2.0,2,False,223.25,0,True,,,,0,,,,,,,,,,,,,0,results/T-sweep-Dyck-2/distributions/parentheses_and_brackets_L32_T2_gaussian_greedy_sigma2.0.json
unconditional,parentheses_and_brackets,32,gaussian,greedy,1.0,,2,5,0.0,0.0,1.0,0.0,0.0,0.0,1.0,0.0,2.0,2,False,230.81,0,True,,,,0,,,,,,,,,,,,,0,results/T-sweep-Dyck-2/distributions/parentheses_and_brackets_L32_T2_gaussian_greedy_sigma1.0.json
unconditional,parentheses_and_brackets,32,gaussian,greedy,10.0,,2,5,0.002,0.004,1.0,0.0,0.002,0.004,0.926,0.014967,2.0,2,False,231.54,1,True,1.0,0.0,,1,0.12903225806451613,0.26666666666666666,,,,,,,0.5625,,0.0,,0,results/T-sweep-Dyck-2/distributions/parentheses_and_brackets_L32_T2_gaussian_greedy_sigma10.0.json
unconditional,parentheses_and_brackets,32,gaussian,greedy,20.0,,2,5,0.012,0.007483,1.0,0.0,0.012,0.007483,0.852,0.022271,2.002,3,False,231.92,6,False,1.0,0.0,0.13229166666666667,6,0.021505376344086023,0.044444444444444446,,,,,,,0.5208333333333334,0.09991315673568166,0.0,0.0,0,results/T-sweep-Dyck-2/distributions/parentheses_and_brackets_L32_T2_gaussian_greedy_sigma20.0.json
unconditional,parentheses_and_brackets,32,gaussian,greedy,5.0,,2,5,0.002,0.004,1.0,0.0,0.002,0.004,0.974,0.018547,2.002,3,False,236.49,1,True,1.0,0.0,,1,0.12903225806451613,0.2,,,,,,,0.9375,,0.0,,0,results/T-sweep-Dyck-2/distributions/parentheses_and_brackets_L32_T2_gaussian_greedy_sigma5.0.json
unconditional,parentheses_and_brackets,32,uniform,categorical,,,4,5,0.06,0.018974,1.0,0.0,0.06,0.018974,0.244,0.05748,2.494,4,False,257.39,30,False,1.0,0.0,0.2696580580002886,30,0.01511879049676026,0.05357142857142857,,,,,,,0.3891666666666667,0.11125130045016036,1.0775060125060125,0.49146752479514544,0,results/T-sweep-Dyck-2/distributions/parentheses_and_brackets_L32_T4_uniform_categorical_none.json
unconditional,parentheses_and_brackets,32,uniform,greedy,,,4,5,0.11,0.028284,1.0,0.0,0.11,0.028284,0.898,0.017205,3.898,4,False,274.3,55,False,1.0,0.0,0.13805765993265992,55,0.002346041055718475,0.0048484848484848485,,,,,,,0.4636363636363636,0.10705968830285342,0.0,0.0,0,results/T-sweep-Dyck-2/distributions/parentheses_and_brackets_L32_T4_uniform_greedy_none.json
unconditional,parentheses_and_brackets,32,uniform,categorical,,,8,5,0.212,0.050754,1.0,0.0,0.212,0.050754,0.366,0.031369,5.842,8,False,322.32,106,False,1.0,0.0,0.2695839718485726,106,0.0043076923076923075,0.015267175572519083,,,,,,,0.35363881401617253,0.0943201537263452,1.0638126024918477,0.6044511989538256,0,results/T-sweep-Dyck-2/distributions/parentheses_and_brackets_L32_T8_uniform_categorical_none.json
unconditional,parentheses_and_brackets,32,gaussian,greedy,1.0,,4,5,0.03,0.02,1.0,0.0,0.03,0.02,0.15,0.025298,2.306,4,False,328.84,15,False,0.4666666666666667,0.5333333333333333,0.040773809523809525,15,0.008602150537634409,0.017777777777777778,,,,,,,0.4875,0.0338501600193165,0.0,0.0,0,results/T-sweep-Dyck-2/distributions/parentheses_and_brackets_L32_T4_gaussian_greedy_sigma1.0.json
unconditional,parentheses_and_brackets,32,gaussian,greedy,2.0,,4,5,0.032,0.007483,1.0,0.0,0.032,0.007483,0.066,0.004899,2.144,4,False,335.89,16,False,0.9375,0.0625,0.08450520833333333,16,0.008064516129032258,0.016666666666666666,,,,,,,0.484375,0.05182226234930312,0.0,0.0,0,results/T-sweep-Dyck-2/distributions/parentheses_and_brackets_L32_T4_gaussian_greedy_sigma2.0.json
unconditional,parentheses_and_brackets,32,gaussian,greedy,20.0,,4,5,0.196,0.032,1.0,0.0,0.196,0.032,0.332,0.050754,3.336,5,False,221.48,98,False,1.0,0.0,0.14217007679360405,98,0.0013166556945358788,0.0027210884353741495,,,,,,,0.47831632653061223,0.1363185679881591,0.0,0.0,0,results/T-sweep-Dyck-2/distributions/parentheses_and_brackets_L32_T4_gaussian_greedy_sigma20.0.json
unconditional,parentheses_and_brackets,32,uniform,greedy,,,8,5,0.282,0.044452,1.0,0.0,0.282,0.044452,0.87,0.031623,7.832,8,False,412.68,141,False,1.0,0.0,0.1396403242147923,141,0.0009151223976206818,0.0018912529550827422,,,,,,,0.4228723404255319,0.1062221745667999,0.0,0.0,0,results/T-sweep-Dyck-2/distributions/parentheses_and_brackets_L32_T8_uniform_greedy_none.json
unconditional,parentheses_and_brackets,32,uniform,categorical,,,16,5,0.502,0.061123,1.0,0.0,0.502,0.061123,0.572,0.044,13.194,16,False,435.22,251,False,1.0,0.0,0.2703780484521568,200,0.0018151173343705432,0.006432591798445457,,,,,,,0.36130003794346427,0.09489801213737883,1.1285029269093014,0.6623747270047451,0,results/T-sweep-Dyck-2/distributions/parentheses_and_brackets_L32_T16_uniform_categorical_none.json
unconditional,parentheses_and_brackets,32,gaussian,greedy,5.0,,4,5,0.108,0.027857,1.0,0.0,0.108,0.027857,0.182,0.041183,2.51,5,False,353.77,54,False,1.0,0.0,0.1333420684835779,54,0.0023894862604540022,0.0049382716049382715,,,,,,,0.4351851851851852,0.09314073860523477,0.0,0.0,0,results/T-sweep-Dyck-2/distributions/parentheses_and_brackets_L32_T4_gaussian_greedy_sigma5.0.json
unconditional,parentheses_and_brackets,32,gaussian,greedy,50.0,,4,5,0.236,0.038262,1.0,0.0,0.236,0.038262,0.39,0.053666,3.53,5,False,338.07,118,False,1.0,0.0,0.14108901926698536,118,0.0010934937124111536,0.0022598870056497176,,,,,,,0.4809322033898305,0.11607675564138507,0.0,0.0,0,results/T-sweep-Dyck-2/distributions/parentheses_and_brackets_L32_T4_gaussian_greedy_sigma50.0.json
unconditional,parentheses_and_brackets,32,gaussian,greedy,10.0,,4,5,0.178,0.027857,1.0,0.0,0.178,0.027857,0.338,0.060465,3.102,5,False,383.5,89,False,1.0,0.0,0.14400456460674158,89,0.0014498006524102935,0.00299625468164794,,,,,,,0.449438202247191,0.1280787990469438,0.0,0.0,0,results/T-sweep-Dyck-2/distributions/parentheses_and_brackets_L32_T4_gaussian_greedy_sigma10.0.json
unconditional,parentheses_and_brackets,32,uniform,greedy,,,16,5,0.454,0.048826,1.0,0.0,0.454,0.048826,0.862,0.032496,15.652,16,False,697.58,227,False,1.0,0.0,0.14073649497487437,200,0.0005684240443370755,0.0011747430249632893,,,,,,,0.4041850220264317,0.11663224384489337,0.0,0.0,0,results/T-sweep-Dyck-2/distributions/parentheses_and_brackets_L32_T16_uniform_greedy_none.json
unconditional,parentheses_and_brackets,32,gaussian,greedy,1.0,,8,5,0.174,0.025768,1.0,0.0,0.174,0.025768,0.178,0.024,5.6,9,False,514.48,87,False,0.8160919540229885,0.1839080459770115,0.134255546645282,87,0.0014831294030404152,0.0030651340996168583,,,,,,,0.36853448275862066,0.056089716367652684,0.0,0.0,0,results/T-sweep-Dyck-2/distributions/parentheses_and_brackets_L32_T8_gaussian_greedy_sigma1.0.json
unconditional,parentheses_and_brackets,32,gaussian,greedy,50.0,,8,5,0.526,0.02245,1.0,0.0,0.526,0.02245,0.724,0.021541,7.562,9,False,567.73,263,False,1.0,0.0,0.14055590452261307,200,0.0004906169508156506,0.0010139416983523447,,,,,,,0.44082699619771865,0.10591290414109485,0.0,0.0,0,results/T-sweep-Dyck-2/distributions/parentheses_and_brackets_L32_T8_gaussian_greedy_sigma50.0.json
unconditional,parentheses_and_brackets,32,gaussian,greedy,2.0,,8,5,0.154,0.046303,1.0,0.0,0.154,0.046303,0.212,0.0449,5.548,8,False,617.55,77,False,1.0,0.0,0.1541566985645933,77,0.0016757436112274822,0.003463203463203463,,,,,,,0.37012987012987014,0.07852009431776967,0.0,0.0,0,results/T-sweep-Dyck-2/distributions/parentheses_and_brackets_L32_T8_gaussian_greedy_sigma2.0.json
unconditional,parentheses_and_brackets,32,gaussian,greedy,20.0,,8,5,0.508,0.044,1.0,0.0,0.508,0.044,0.666,0.057827,7.112,9,False,632.09,254,False,1.0,0.0,0.14295147613065326,200,0.000508001016002032,0.0010498687664041995,,,,,,,0.4183070866141732,0.10286610338381857,0.0,0.0,0,results/T-sweep-Dyck-2/distributions/parentheses_and_brackets_L32_T8_gaussian_greedy_sigma20.0.json
unconditional,parentheses_and_brackets,32,gaussian,greedy,5.0,,8,5,0.286,0.028705,1.0,0.0,0.286,0.028705,0.404,0.034986,6.052,9,False,671.22,143,False,1.0,0.0,0.15058972717423422,143,0.0009023234829686443,0.0018648018648018648,,,,,,,0.361013986013986,0.09125304754094679,0.0,0.0,0,results/T-sweep-Dyck-2/distributions/parentheses_and_brackets_L32_T8_gaussian_greedy_sigma5.0.json
unconditional,parentheses_and_brackets,32,uniform,greedy,,,32,5,0.658,0.047074,1.0,0.0,0.658,0.047074,0.936,0.039294,31.372,32,False,877.49,329,False,1.0,0.0,0.14014525753768844,200,0.0003921953132660065,0.0008105369807497467,,,,,,,0.39190729483282677,0.10353988295917081,0.0,0.0,0,results/T-sweep-Dyck-2/distributions/parentheses_and_brackets_L32_T32_uniform_greedy_none.json
unconditional,parentheses_and_brackets,32,gaussian,greedy,10.0,,8,5,0.464,0.076837,1.0,0.0,0.464,0.076837,0.59,0.05933,6.73,9,False,697.94,232,False,1.0,0.0,0.14558260050251257,200,0.0005561735261401557,0.0011494252873563218,,,,,,,0.3911637931034483,0.10286857148519887,0.0,0.0,0,results/T-sweep-Dyck-2/distributions/parentheses_and_brackets_L32_T8_gaussian_greedy_sigma10.0.json
unconditional,parentheses_and_brackets,32,gaussian,categorical,1.0,,1,5,0.0,0.0,1.0,0.0,0.0,0.0,0.76,0.027568,1.0,1,False,200.36,0,True,,,,0,,,,,,,,,,,,,0,results/T-sweep-Dyck-2/distributions/parentheses_and_brackets_L32_T1_gaussian_categorical_sigma1.0.json
unconditional,parentheses_and_brackets,32,gaussian,categorical,2.0,,1,5,0.0,0.0,1.0,0.0,0.0,0.0,0.752,0.031875,1.0,1,False,199.54,0,True,,,,0,,,,,,,,,,,,,0,results/T-sweep-Dyck-2/distributions/parentheses_and_brackets_L32_T1_gaussian_categorical_sigma2.0.json
unconditional,parentheses_and_brackets,32,gaussian,categorical,50.0,,1,5,0.0,0.0,1.0,0.0,0.0,0.0,0.526,0.034409,1.0,1,False,124.27,0,True,,,,0,,,,,,,,,,,,,0,results/T-sweep-Dyck-2/distributions/parentheses_and_brackets_L32_T1_gaussian_categorical_sigma50.0.json
unconditional,parentheses_and_brackets,32,gaussian,categorical,5.0,,1,5,0.0,0.0,1.0,0.0,0.0,0.0,0.74,0.030984,1.0,1,False,205.85,0,True,,,,0,,,,,,,,,,,,,0,results/T-sweep-Dyck-2/distributions/parentheses_and_brackets_L32_T1_gaussian_categorical_sigma5.0.json
unconditional,parentheses_and_brackets,32,gaussian,categorical,10.0,,1,5,0.0,0.0,1.0,0.0,0.0,0.0,0.682,0.044452,1.0,1,False,199.02,0,True,,,,0,,,,,,,,,,,,,0,results/T-sweep-Dyck-2/distributions/parentheses_and_brackets_L32_T1_gaussian_categorical_sigma10.0.json
unconditional,parentheses_and_brackets,32,gaussian,categorical,20.0,,1,5,0.0,0.0,1.0,0.0,0.0,0.0,0.634,0.047582,1.0,1,False,206.26,0,True,,,,0,,,,,,,,,,,,,0,results/T-sweep-Dyck-2/distributions/parentheses_and_brackets_L32_T1_gaussian_categorical_sigma20.0.json
unconditional,parentheses_and_brackets,32,gaussian,categorical,1.0,,2,5,0.004,0.004899,1.0,0.0,0.004,0.004899,0.022,0.011662,1.028,2,False,212.37,2,True,,,,2,,,,,,,,,0.9375,0.0625,0.6888888888888889,0.0888888888888889,0,results/T-sweep-Dyck-2/distributions/parentheses_and_brackets_L32_T2_gaussian_categorical_sigma1.0.json
unconditional,parentheses_and_brackets,32,gaussian,categorical,2.0,,2,5,0.0,0.0,1.0,0.0,0.0,0.0,0.026,0.010198,1.034,2,False,204.78,0,True,,,,0,,,,,,,,,,,,,0,results/T-sweep-Dyck-2/distributions/parentheses_and_brackets_L32_T2_gaussian_categorical_sigma2.0.json
unconditional,parentheses_and_brackets,32,gaussian,categorical,10.0,,2,5,0.002,0.004,1.0,0.0,0.002,0.004,0.082,0.034293,1.112,2,False,127.73,1,True,1.0,0.0,,1,0.41935483870967744,0.7,,,,,,,0.6875,,0.7777777777777778,,0,results/T-sweep-Dyck-2/distributions/parentheses_and_brackets_L32_T2_gaussian_categorical_sigma10.0.json
unconditional,parentheses_and_brackets,32,gaussian,categorical,5.0,,2,5,0.0,0.0,1.0,0.0,0.0,0.0,0.044,0.024166,1.056,2,False,200.4,0,True,,,,0,,,,,,,,,,,,,0,results/T-sweep-Dyck-2/distributions/parentheses_and_brackets_L32_T2_gaussian_categorical_sigma5.0.json
unconditional,parentheses_and_brackets,32,uniform,categorical,,,32,5,0.72,0.026077,1.0,0.0,0.72,0.026077,0.758,0.031875,28.968,32,False,1200.33,360,False,1.0,0.0,0.27061905608955017,200,0.0012690355329949238,0.004497751124437781,,,,,,,0.3672577075702076,0.0957474588871537,1.20278171674005,0.8545070893308246,0,results/T-sweep-Dyck-2/distributions/parentheses_and_brackets_L32_T32_uniform_categorical_none.json
unconditional,parentheses_and_brackets,32,gaussian,categorical,20.0,,2,5,0.004,0.004899,1.0,0.0,0.004,0.004899,0.148,0.017205,1.21,2,False,213.05,2,True,,,,2,,,,,,,,,0.68125,0.11875000000000002,1.2708333333333335,0.39583333333333337,0,results/T-sweep-Dyck-2/distributions/parentheses_and_brackets_L32_T2_gaussian_categorical_sigma20.0.json
unconditional,parentheses_and_brackets,32,gaussian,categorical,50.0,,2,5,0.0,0.0,1.0,0.0,0.0,0.0,0.136,0.02498,1.232,2,False,209.67,0,True,,,,0,,,,,,,,,,,,,0,results/T-sweep-Dyck-2/distributions/parentheses_and_brackets_L32_T2_gaussian_categorical_sigma50.0.json
unconditional,parentheses_and_brackets,32,gaussian,greedy,50.0,,16,5,0.744,0.028,1.0,0.0,0.744,0.028,0.876,0.034409,15.134,17,False,1041.71,372,False,1.0,0.0,0.1414533605527638,200,0.000346860908775581,0.0007168458781362007,,,,,,,0.4025537634408602,0.1073618945928568,0.0,0.0,0,results/T-sweep-Dyck-2/distributions/parentheses_and_brackets_L32_T16_gaussian_greedy_sigma50.0.json
unconditional,parentheses_and_brackets,32,gaussian,greedy,5.0,,16,5,0.592,0.026382,1.0,0.0,0.592,0.026382,0.698,0.027857,13.588,17,False,1053.77,296,False,1.0,0.0,0.1463049623115578,200,0.00043591979075850045,0.0009009009009009009,,,,,,,0.3061655405405405,0.07071809252124206,0.0,0.0,0,results/T-sweep-Dyck-2/distributions/parentheses_and_brackets_L32_T16_gaussian_greedy_sigma5.0.json
unconditional,parentheses_and_brackets,32,gaussian,greedy,2.0,,16,5,0.5,0.029665,1.0,0.0,0.5,0.029665,0.53,0.022804,13.018,16,False,1106.73,250,False,1.0,0.0,0.14384108040201005,200,0.0005161290322580645,0.0010666666666666667,,,,,,,0.2705,0.060866657539247214,0.0,0.0,0,results/T-sweep-Dyck-2/distributions/parentheses_and_brackets_L32_T16_gaussian_greedy_sigma2.0.json
unconditional,parentheses_and_brackets,32,gaussian,categorical,1.0,,4,5,0.0,0.0,1.0,0.0,0.0,0.0,0.002,0.004,1.398,4,False,252.42,0,True,,,,0,,,,,,,,,,,,,0,results/T-sweep-Dyck-2/distributions/parentheses_and_brackets_L32_T4_gaussian_categorical_sigma1.0.json
unconditional,parentheses_and_brackets,32,gaussian,greedy,1.0,,16,5,0.458,0.038678,1.0,0.0,0.458,0.038678,0.464,0.037202,13.146,16,False,1119.36,229,False,1.0,0.0,0.1366441582914573,200,0.0005634596422031273,0.0011644832605531296,,,,,,,0.2535480349344978,0.04603959144969333,0.0,0.0,0,results/T-sweep-Dyck-2/distributions/parentheses_and_brackets_L32_T16_gaussian_greedy_sigma1.0.json
unconditional,parentheses_and_brackets,32,gaussian,categorical,10.0,,4,5,0.014,0.010198,1.0,0.0,0.014,0.010198,0.022,0.013266,2.144,5,False,217.83,7,False,1.0,0.0,0.256006006006006,7,0.06511627906976744,0.21634615384615385,,,,,,,0.45952380952380956,0.07957957126841855,1.4111111111111112,0.7006421846416836,0,results/T-sweep-Dyck-2/distributions/parentheses_and_brackets_L32_T4_gaussian_categorical_sigma10.0.json
unconditional,parentheses_and_brackets,32,gaussian,greedy,20.0,,16,5,0.758,0.021354,1.0,0.0,0.758,0.021354,0.89,0.028983,14.646,17,False,1161.83,379,False,1.0,0.0,0.13963410804020102,200,0.0003404545067665333,0.0007036059806508355,,,,,,,0.3954485488126649,0.10537921528956481,0.0,0.0,0,results/T-sweep-Dyck-2/distributions/parentheses_and_brackets_L32_T16_gaussian_greedy_sigma20.0.json
unconditional,parentheses_and_brackets,32,gaussian,categorical,2.0,,4,5,0.0,0.0,1.0,0.0,0.0,0.0,0.0,0.0,1.554,3,False,277.82,0,True,,,,0,,,,,,,,,,,,,0,results/T-sweep-Dyck-2/distributions/parentheses_and_brackets_L32_T4_gaussian_categorical_sigma2.0.json
unconditional,parentheses_and_brackets,32,gaussian,categorical,5.0,,4,5,0.002,0.004,1.0,0.0,0.002,0.004,0.004,0.004899,1.938,4,False,328.47,1,True,1.0,0.0,,1,0.41935483870967744,0.8,,,,,,,0.375,,1.2857142857142858,,0,results/T-sweep-Dyck-2/distributions/parentheses_and_brackets_L32_T4_gaussian_categorical_sigma5.0.json
unconditional,parentheses_and_brackets,32,gaussian,greedy,10.0,,16,5,0.692,0.026382,1.0,0.0,0.692,0.026382,0.816,0.025768,13.956,17,False,1241.38,346,False,1.0,0.0,0.14522927135678393,200,0.00037292560134253216,0.0007707129094412332,,,,,,,0.36235549132947975,0.09163917957321027,0.0,0.0,0,results/T-sweep-Dyck-2/distributions/parentheses_and_brackets_L32_T16_gaussian_greedy_sigma10.0.json
unconditional,parentheses_and_brackets,32,gaussian,categorical,50.0,,4,5,0.018,0.009798,1.0,0.0,0.018,0.009798,0.048,0.01833,2.39,5,False,316.05,9,False,1.0,0.0,0.2674825174825175,9,0.05054151624548736,0.17537313432835822,,,,,,,0.3768518518518518,0.14877471668173708,1.2671957671957672,0.6598713049783592,0,results/T-sweep-Dyck-2/distributions/parentheses_and_brackets_L32_T4_gaussian_categorical_sigma50.0.json
unconditional,parentheses_and_brackets,32,gaussian,categorical,20.0,,4,5,0.016,0.008,1.0,0.0,0.016,0.008,0.02,0.015492,2.286,5,False,338.92,8,False,1.0,0.0,0.28065241844769406,8,0.056910569105691054,0.19327731092436976,,,,,,,0.3463541666666667,0.053050908300685845,0.7925324675324675,0.23824104318215605,0,results/T-sweep-Dyck-2/distributions/parentheses_and_brackets_L32_T4_gaussian_categorical_sigma20.0.json
unconditional,parentheses_and_brackets,32,gaussian,categorical,1.0,,8,5,0.008,0.007483,1.0,0.0,0.008,0.007483,0.008,0.007483,2.486,8,False,334.47,4,True,,,,4,,,,,,,,,0.3489583333333333,0.027063293868263713,1.4468253968253968,0.537499670410699,0,results/T-sweep-Dyck-2/distributions/parentheses_and_brackets_L32_T8_gaussian_categorical_sigma1.0.json
unconditional,parentheses_and_brackets,32,gaussian,greedy,50.0,,32,5,0.844,0.024166,1.0,0.0,0.844,0.024166,0.944,0.020591,30.216,33,False,1226.25,422,False,1.0,0.0,0.13998508165829146,200,0.00030576364470264486,0.000631911532385466,,,,,,,0.39351303317535546,0.104421909849785,0.0,0.0,0,results/T-sweep-Dyck-2/distributions/parentheses_and_brackets_L32_T32_gaussian_greedy_sigma50.0.json
unconditional,parentheses_and_brackets,32,gaussian,categorical,2.0,,8,5,0.014,0.010198,1.0,0.0,0.014,0.010198,0.018,0.014697,3.1,8,False,491.64,7,False,1.0,0.0,0.27157738095238093,7,0.06451612903225806,0.22380952380952382,,,,,,,0.4375,0.1417366773784602,1.5424036281179139,1.2502979421866605,0,results/T-sweep-Dyck-2/distributions/parentheses_and_brackets_L32_T8_gaussian_categorical_sigma2.0.json
unconditional,parentheses_and_brackets,32,gaussian,categorical,5.0,,8,5,0.034,0.013565,1.0,0.0,0.034,0.013565,0.048,0.023152,3.84,8,False,541.28,17,False,1.0,0.0,0.26447610294117646,17,0.026565464895635674,0.09411764705882353,,,,,,,0.4338235294117647,0.10385622714577598,0.9959021370786078,0.48274583228654977,0,results/T-sweep-Dyck-2/distributions/parentheses_and_brackets_L32_T8_gaussian_categorical_sigma5.0.json
unconditional,parentheses_and_brackets,32,gaussian,categorical,10.0,,8,5,0.122,0.029257,1.0,0.0,0.122,0.029257,0.138,0.037094,4.604,9,False,584.0,59,False,1.0,0.0,0.27008417632725396,59,0.007739082365948038,0.027428571428571427,,,,,,,0.40261299435028247,0.09149926389070275,1.2310531746972426,0.8542102912843829,0,results/T-sweep-Dyck-2/distributions/parentheses_and_brackets_L32_T8_gaussian_categorical_sigma10.0.json
unconditional,parentheses_and_brackets,32,gaussian,categorical,50.0,,8,5,0.184,0.037202,1.0,0.0,0.184,0.037202,0.196,0.034409,5.33,9,False,547.46,92,False,1.0,0.0,0.2729476405946994,92,0.0049435028248587575,0.017518248175182483,,,,,,,0.37554347826086953,0.09249097706862779,1.174299281636238,0.6599756955908168,0,results/T-sweep-Dyck-2/distributions/parentheses_and_brackets_L32_T8_gaussian_categorical_sigma50.0.json
unconditional,parentheses_and_brackets,32,gaussian,categorical,20.0,,8,5,0.138,0.023152,1.0,0.0,0.138,0.023152,0.15,0.024495,4.844,9,False,586.71,68,False,1.0,0.0,0.27309286898839136,68,0.006692160611854685,0.023715415019762844,,,,,,,0.38389355742296916,0.10311624649859945,1.2170045640633875,0.7935652707791296,0,results/T-sweep-Dyck-2/distributions/parentheses_and_brackets_L32_T8_gaussian_categorical_sigma20.0.json
unconditional,parentheses_and_brackets,32,gaussian,categorical,2.0,,16,5,0.072,0.021354,1.0,0.0,0.072,0.021354,0.074,0.021541,7.266,16,False,579.59,36,False,1.0,0.0,0.2734480179506357,36,0.012612612612612612,0.0446927374301676,,,,,,,0.444130291005291,0.1195613216190862,1.1997454705788038,0.7471795437126704,0,results/T-sweep-Dyck-2/distributions/parentheses_and_brackets_L32_T16_gaussian_categorical_sigma2.0.json
unconditional,parentheses_and_brackets,32,uniform,greedy,,,64,5,0.822,0.011662,1.0,0.0,0.822,0.011662,0.974,0.016248,61.508,63,False,2121.48,411,False,1.0,0.0,0.14114007537688442,200,0.00031394709991366455,0.0006488240064882401,,,,,,,0.3867092457420925,0.10319993357174276,0.0,0.0,0,results/T-sweep-Dyck-2/distributions/parentheses_and_brackets_L32_T64_uniform_greedy_none.json
unconditional,parentheses_and_brackets,32,gaussian,categorical,1.0,,16,5,0.028,0.007483,1.0,0.0,0.028,0.007483,0.028,0.007483,5.848,17,False,790.58,14,False,1.0,0.0,0.2702656088306313,14,0.032407407407407406,0.11483253588516747,,,,,,,0.36815476190476193,0.08676858623193848,1.0588149945292804,0.7371114320712941,0,results/T-sweep-Dyck-2/distributions/parentheses_and_brackets_L32_T16_gaussian_categorical_sigma1.0.json
unconditional,parentheses_and_brackets,32,gaussian,greedy,10.0,,32,5,0.82,0.018974,1.0,0.0,0.82,0.018974,0.882,0.024819,27.974,33,False,1900.22,410,False,1.0,0.0,0.14250235552763818,200,0.0003147128245476003,0.0006504065040650406,,,,,,,0.34176829268292686,0.0797819893454302,0.0,0.0,0,results/T-sweep-Dyck-2/distributions/parentheses_and_brackets_L32_T32_gaussian_greedy_sigma10.0.json
unconditional,parentheses_and_brackets,32,gaussian,greedy,1.0,,32,5,0.806,0.013565,1.0,0.0,0.806,0.013565,0.806,0.013565,28.776,32,False,2061.12,403,False,0.9975186104218362,0.002481389578163795,0.12449277638190955,200,0.0003201793004082286,0.0006617038875103391,,,,,,,0.2126240694789082,0.040935290474945034,0.0,0.0,0,results/T-sweep-Dyck-2/distributions/parentheses_and_brackets_L32_T32_gaussian_greedy_sigma1.0.json
unconditional,parentheses_and_brackets,32,uniform,categorical,,,64,5,0.842,0.036551,1.0,0.0,0.842,0.036551,0.858,0.041665,58.492,63,False,2356.14,420,False,1.0,0.0,0.2724851328114322,200,0.0010874631039304024,0.003854183394893207,,,,,,,0.3638329626722484,0.09547849740641577,1.2074450879808023,0.7195309360175676,0,results/T-sweep-Dyck-2/distributions/parentheses_and_brackets_L32_T64_uniform_categorical_none.json
unconditional,parentheses_and_brackets,32,gaussian,categorical,50.0,,16,5,0.44,0.059666,1.0,0.0,0.44,0.059666,0.45,0.061644,11.938,17,False,971.21,220,False,1.0,0.0,0.27210561367395,200,0.002082093991671624,0.007380073800738007,,,,,,,0.3722858391608392,0.0954519177920202,1.1665602200829475,0.6542978420428994,0,results/T-sweep-Dyck-2/distributions/parentheses_and_brackets_L32_T16_gaussian_categorical_sigma50.0.json
unconditional,parentheses_and_brackets,32,ar,greedy,,,34,1,1.0,0.0,1.0,0.0,1.0,0.0,1.0,0.0,33.0,33,True,242.32,100,False,0.01,0.99,0.0,100,0.0012903225806451613,0.0016666666666666668,,,,,,,0.125,0.0,0.0,0.0,0,results/T-sweep-Dyck-2/distributions/parentheses_and_brackets_L32_T34_ar_greedy_none.json
unconditional,parentheses_and_brackets,32,gaussian,greedy,20.0,,32,5,0.846,0.020591,1.0,0.0,0.846,0.020591,0.906,0.036111,28.704,33,False,2176.76,423,False,1.0,0.0,0.14312107412060301,200,0.00030504079920689394,0.0006304176516942475,,,,,,,0.3888888888888889,0.10399414397244743,0.0,0.0,0,results/T-sweep-Dyck-2/distributions/parentheses_and_brackets_L32_T32_gaussian_greedy_sigma20.0.json
unconditional,parentheses_and_brackets,32,gaussian,categorical,5.0,,16,5,0.212,0.036551,1.0,0.0,0.212,0.036551,0.212,0.036551,9.37,17,False,1125.84,105,False,1.0,0.0,0.27057842367716317,105,0.004338394793926247,0.015374759769378604,,,,,,,0.3936394557823129,0.11141163342147437,1.1417274524417382,0.6707617169928327,0,results/T-sweep-Dyck-2/distributions/parentheses_and_brackets_L32_T16_gaussian_categorical_sigma5.0.json
unconditional,parentheses_and_brackets,32,gaussian,greedy,2.0,,32,5,0.792,0.042615,1.0,0.0,0.792,0.042615,0.81,0.038987,28.154,33,False,2254.57,396,False,0.9974747474747475,0.002525252525252486,0.13790201005025127,200,0.00032583903551645487,0.0006734006734006734,,,,,,,0.2307449494949495,0.05009599975710751,0.0,0.0,0,results/T-sweep-Dyck-2/distributions/parentheses_and_brackets_L32_T32_gaussian_greedy_sigma2.0.json
unconditional,parentheses_and_brackets,32,ebsampler,greedy,,0.1,1,1,1.0,0.0,1.0,0.0,1.0,0.0,1.0,0.0,33.0,33,True,186.85,100,False,0.01,0.99,0.0,100,0.0012903225806451613,0.002,,,,,,,0.5,0.0,0.0,0.0,0,results/T-sweep-Dyck-2/distributions/parentheses_and_brackets_L32_T1_ebsampler_greedy_gamma0.1.json
unconditional,parentheses_and_brackets,32,gaussian,categorical,20.0,,16,5,0.36,0.010954,1.0,0.0,0.36,0.010954,0.372,0.009798,11.228,17,False,1098.76,180,False,1.0,0.0,0.27044193759845025,180,0.002531645569620253,0.00897196261682243,,,,,,,0.3685711741961742,0.10410005928812792,1.1525939800939802,0.7781980532513892,0,results/T-sweep-Dyck-2/distributions/parentheses_and_brackets_L32_T16_gaussian_categorical_sigma20.0.json
unconditional,parentheses_and_brackets,32,ebsampler,greedy,,0.9,1,1,1.0,0.0,1.0,0.0,1.0,0.0,1.0,0.0,31.0,31,True,106.35,100,False,0.01,0.99,0.0,100,0.0012903225806451613,0.002,,,,,,,0.5,0.0,0.0,0.0,0,results/T-sweep-Dyck-2/distributions/parentheses_and_brackets_L32_T1_ebsampler_greedy_gamma0.9.json
unconditional,parentheses_and_brackets,32,ebsampler,greedy,,10.0,1,1,1.0,0.0,1.0,0.0,1.0,0.0,1.0,0.0,4.0,4,True,50.99,100,False,0.01,0.99,0.0,100,0.0012903225806451613,0.0026666666666666666,,,,,,,0.4375,0.0,0.0,0.0,0,results/T-sweep-Dyck-2/distributions/parentheses_and_brackets_L32_T1_ebsampler_greedy_gamma10.0.json
unconditional,parentheses_and_brackets,32,ebsampler,greedy,,5.0,1,1,0.0,0.0,1.0,0.0,0.0,0.0,0.0,0.0,6.0,6,True,61.74,0,True,,,,0,,,,,,,,,,,,,0,results/T-sweep-Dyck-2/distributions/parentheses_and_brackets_L32_T1_ebsampler_greedy_gamma5.0.json
unconditional,parentheses_and_brackets,32,ebsampler,greedy,,0.5,1,1,1.0,0.0,1.0,0.0,1.0,0.0,1.0,0.0,32.0,32,True,171.24,100,False,0.01,0.99,0.0,100,0.0012903225806451613,0.002,,,,,,,0.5,0.0,0.0,0.0,0,results/T-sweep-Dyck-2/distributions/parentheses_and_brackets_L32_T1_ebsampler_greedy_gamma0.5.json
unconditional,parentheses_and_brackets,32,gaussian,categorical,10.0,,16,5,0.334,0.034409,1.0,0.0,0.334,0.034409,0.35,0.031623,10.72,17,False,1222.27,167,False,1.0,0.0,0.2690698594984166,167,0.002729576915578085,0.009673518742442563,,,,,,,0.3750035642999715,0.10615192394548714,1.150263957599287,0.5718976560067148,0,results/T-sweep-Dyck-2/distributions/parentheses_and_brackets_L32_T16_gaussian_categorical_sigma10.0.json
unconditional,parentheses_and_brackets,32,ebsampler,greedy,,2.0,1,1,0.0,0.0,1.0,0.0,0.0,0.0,1.0,0.0,15.0,15,True,105.2,0,True,,,,0,,,,,,,,,,,,,0,results/T-sweep-Dyck-2/distributions/parentheses_and_brackets_L32_T1_ebsampler_greedy_gamma2.0.json
unconditional,parentheses_and_brackets,32,ebsampler,greedy,,5.0,2,1,0.0,0.0,1.0,0.0,0.0,0.0,0.0,0.0,6.0,6,True,61.73,0,True,,,,0,,,,,,,,,,,,,0,results/T-sweep-Dyck-2/distributions/parentheses_and_brackets_L32_T2_ebsampler_greedy_gamma5.0.json
unconditional,parentheses_and_brackets,32,ebsampler,greedy,,10.0,2,1,1.0,0.0,1.0,0.0,1.0,0.0,1.0,0.0,4.0,4,True,49.72,100,False,0.01,0.99,0.0,100,0.0012903225806451613,0.0026666666666666666,,,,,,,0.4375,0.0,0.0,0.0,0,results/T-sweep-Dyck-2/distributions/parentheses_and_brackets_L32_T2_ebsampler_greedy_gamma10.0.json
unconditional,parentheses_and_brackets,32,ebsampler,greedy,,2.0,2,1,0.0,0.0,1.0,0.0,0.0,0.0,1.0,0.0,15.0,15,True,104.61,0,True,,,,0,,,,,,,,,,,,,0,results/T-sweep-Dyck-2/distributions/parentheses_and_brackets_L32_T2_ebsampler_greedy_gamma2.0.json
unconditional,parentheses_and_brackets,32,gaussian,greedy,5.0,,32,5,0.822,0.017205,1.0,0.0,0.822,0.017205,0.868,0.023152,27.632,33,False,2368.7,411,False,1.0,0.0,0.14352308417085427,200,0.00031394709991366455,0.0006488240064882401,,,,,,,0.2913625304136253,0.06377875732222923,0.0,0.0,0,results/T-sweep-Dyck-2/distributions/parentheses_and_brackets_L32_T32_gaussian_greedy_sigma5.0.json
unconditional,parentheses_and_brackets,32,ebsampler,greedy,,0.5,2,1,1.0,0.0,1.0,0.0,1.0,0.0,1.0,0.0,32.0,32,True,171.76,100,False,0.01,0.99,0.0,100,0.0012903225806451613,0.002,,,,,,,0.5,0.0,0.0,0.0,0,results/T-sweep-Dyck-2/distributions/parentheses_and_brackets_L32_T2_ebsampler_greedy_gamma0.5.json
unconditional,parentheses_and_brackets,32,ebsampler,greedy,,0.1,2,1,1.0,0.0,1.0,0.0,1.0,0.0,1.0,0.0,33.0,33,True,186.75,100,False,0.01,0.99,0.0,100,0.0012903225806451613,0.002,,,,,,,0.5,0.0,0.0,0.0,0,results/T-sweep-Dyck-2/distributions/parentheses_and_brackets_L32_T2_ebsampler_greedy_gamma0.1.json
unconditional,parentheses_and_brackets,32,ebsampler,greedy,,0.9,2,1,1.0,0.0,1.0,0.0,1.0,0.0,1.0,0.0,31.0,31,True,160.93,100,False,0.01,0.99,0.0,100,0.0012903225806451613,0.002,,,,,,,0.5,0.0,0.0,0.0,0,results/T-sweep-Dyck-2/distributions/parentheses_and_brackets_L32_T2_ebsampler_greedy_gamma0.9.json
unconditional,parentheses_and_brackets,32,ebsampler,greedy,,10.0,4,1,1.0,0.0,1.0,0.0,1.0,0.0,1.0,0.0,4.0,4,True,51.09,100,False,0.01,0.99,0.0,100,0.0012903225806451613,0.0026666666666666666,,,,,,,0.4375,0.0,0.0,0.0,0,results/T-sweep-Dyck-2/distributions/parentheses_and_brackets_L32_T4_ebsampler_greedy_gamma10.0.json
unconditional,parentheses_and_brackets,32,ebsampler,greedy,,5.0,4,1,0.0,0.0,1.0,0.0,0.0,0.0,0.0,0.0,6.0,6,True,63.07,0,True,,,,0,,,,,,,,,,,,,0,results/T-sweep-Dyck-2/distributions/parentheses_and_brackets_L32_T4_ebsampler_greedy_gamma5.0.json
unconditional,parentheses_and_brackets,32,ebsampler,greedy,,2.0,4,1,0.0,0.0,1.0,0.0,0.0,0.0,1.0,0.0,15.0,15,True,102.3,0,True,,,,0,,,,,,,,,,,,,0,results/T-sweep-Dyck-2/distributions/parentheses_and_brackets_L32_T4_ebsampler_greedy_gamma2.0.json
unconditional,parentheses_and_brackets,32,ebsampler,greedy,,0.9,4,1,1.0,0.0,1.0,0.0,1.0,0.0,1.0,0.0,31.0,31,True,135.23,100,False,0.01,0.99,0.0,100,0.0012903225806451613,0.002,,,,,,,0.5,0.0,0.0,0.0,0,results/T-sweep-Dyck-2/distributions/parentheses_and_brackets_L32_T4_ebsampler_greedy_gamma0.9.json
unconditional,parentheses_and_brackets,32,ebsampler,greedy,,0.5,4,1,1.0,0.0,1.0,0.0,1.0,0.0,1.0,0.0,32.0,32,True,176.3,100,False,0.01,0.99,0.0,100,0.0012903225806451613,0.002,,,,,,,0.5,0.0,0.0,0.0,0,results/T-sweep-Dyck-2/distributions/parentheses_and_brackets_L32_T4_ebsampler_greedy_gamma0.5.json
unconditional,parentheses_and_brackets,32,ebsampler,greedy,,0.1,4,1,1.0,0.0,1.0,0.0,1.0,0.0,1.0,0.0,33.0,33,True,187.98,100,False,0.01,0.99,0.0,100,0.0012903225806451613,0.002,,,,,,,0.5,0.0,0.0,0.0,0,results/T-sweep-Dyck-2/distributions/parentheses_and_brackets_L32_T4_ebsampler_greedy_gamma0.1.json
unconditional,parentheses_and_brackets,32,ebsampler,greedy,,5.0,8,1,0.0,0.0,1.0,0.0,0.0,0.0,0.0,0.0,6.0,6,True,63.07,0,True,,,,0,,,,,,,,,,,,,0,results/T-sweep-Dyck-2/distributions/parentheses_and_brackets_L32_T8_ebsampler_greedy_gamma5.0.json
unconditional,parentheses_and_brackets,32,ebsampler,greedy,,10.0,8,1,1.0,0.0,1.0,0.0,1.0,0.0,1.0,0.0,4.0,4,True,49.8,100,False,0.01,0.99,0.0,100,0.0012903225806451613,0.0026666666666666666,,,,,,,0.4375,0.0,0.0,0.0,0,results/T-sweep-Dyck-2/distributions/parentheses_and_brackets_L32_T8_ebsampler_greedy_gamma10.0.json
unconditional,parentheses_and_brackets,32,ebsampler,greedy,,2.0,8,1,0.0,0.0,1.0,0.0,0.0,0.0,1.0,0.0,15.0,15,True,104.67,0,True,,,,0,,,,,,,,,,,,,0,results/T-sweep-Dyck-2/distributions/parentheses_and_brackets_L32_T8_ebsampler_greedy_gamma2.0.json
unconditional,parentheses_and_brackets,32,ebsampler,greedy,,5.0,16,1,0.0,0.0,1.0,0.0,0.0,0.0,0.0,0.0,6.0,6,True,61.47,0,True,,,,0,,,,,,,,,,,,,0,results/T-sweep-Dyck-2/distributions/parentheses_and_brackets_L32_T16_ebsampler_greedy_gamma5.0.json
unconditional,parentheses_and_brackets,32,ebsampler,greedy,,0.1,16,1,1.0,0.0,1.0,0.0,1.0,0.0,1.0,0.0,33.0,33,True,110.6,100,False,0.01,0.99,0.0,100,0.0012903225806451613,0.002,,,,,,,0.5,0.0,0.0,0.0,0,results/T-sweep-Dyck-2/distributions/parentheses_and_brackets_L32_T16_ebsampler_greedy_gamma0.1.json
unconditional,parentheses_and_brackets,32,ebsampler,greedy,,10.0,16,1,1.0,0.0,1.0,0.0,1.0,0.0,1.0,0.0,4.0,4,True,51.07,100,False,0.01,0.99,0.0,100,0.0012903225806451613,0.0026666666666666666,,,,,,,0.4375,0.0,0.0,0.0,0,results/T-sweep-Dyck-2/distributions/parentheses_and_brackets_L32_T16_ebsampler_greedy_gamma10.0.json
unconditional,parentheses_and_brackets,32,ebsampler,greedy,,0.9,8,1,1.0,0.0,1.0,0.0,1.0,0.0,1.0,0.0,31.0,31,True,161.18,100,False,0.01,0.99,0.0,100,0.0012903225806451613,0.002,,,,,,,0.5,0.0,0.0,0.0,0,results/T-sweep-Dyck-2/distributions/parentheses_and_brackets_L32_T8_ebsampler_greedy_gamma0.9.json
unconditional,parentheses_and_brackets,32,ebsampler,greedy,,0.1,8,1,1.0,0.0,1.0,0.0,1.0,0.0,1.0,0.0,33.0,33,True,182.36,100,False,0.01,0.99,0.0,100,0.0012903225806451613,0.002,,,,,,,0.5,0.0,0.0,0.0,0,results/T-sweep-Dyck-2/distributions/parentheses_and_brackets_L32_T8_ebsampler_greedy_gamma0.1.json
unconditional,parentheses_and_brackets,32,ebsampler,greedy,,0.5,8,1,1.0,0.0,1.0,0.0,1.0,0.0,1.0,0.0,32.0,32,True,176.39,100,False,0.01,0.99,0.0,100,0.0012903225806451613,0.002,,,,,,,0.5,0.0,0.0,0.0,0,results/T-sweep-Dyck-2/distributions/parentheses_and_brackets_L32_T8_ebsampler_greedy_gamma0.5.json
unconditional,parentheses_and_brackets,32,ebsampler,greedy,,2.0,16,1,0.0,0.0,1.0,0.0,0.0,0.0,1.0,0.0,15.0,15,True,104.73,0,True,,,,0,,,,,,,,,,,,,0,results/T-sweep-Dyck-2/distributions/parentheses_and_brackets_L32_T16_ebsampler_greedy_gamma2.0.json
unconditional,parentheses_and_brackets,32,gaussian,categorical,5.0,,32,5,0.45,0.058652,1.0,0.0,0.45,0.058652,0.448,0.058788,21.946,33,False,1380.58,224,False,1.0,0.0,0.27054536136774526,200,0.0020325203252032522,0.007202881152460984,,,,,,,0.3715189200680272,0.09109967194319821,1.144699360659182,0.700785598205652,0,results/T-sweep-Dyck-2/distributions/parentheses_and_brackets_L32_T32_gaussian_categorical_sigma5.0.json
unconditional,parentheses_and_brackets,32,ebsampler,greedy,,10.0,32,1,1.0,0.0,1.0,0.0,1.0,0.0,1.0,0.0,4.0,4,True,51.19,100,False,0.01,0.99,0.0,100,0.0012903225806451613,0.0026666666666666666,,,,,,,0.4375,0.0,0.0,0.0,0,results/T-sweep-Dyck-2/distributions/parentheses_and_brackets_L32_T32_ebsampler_greedy_gamma10.0.json
unconditional,parentheses_and_brackets,32,ebsampler,greedy,,5.0,32,1,0.0,0.0,1.0,0.0,0.0,0.0,0.0,0.0,6.0,6,True,61.71,0,True,,,,0,,,,,,,,,,,,,0,results/T-sweep-Dyck-2/distributions/parentheses_and_brackets_L32_T32_ebsampler_greedy_gamma5.0.json
unconditional,parentheses_and_brackets,32,ebsampler,greedy,,0.5,16,1,1.0,0.0,1.0,0.0,1.0,0.0,1.0,0.0,32.0,32,True,176.62,100,False,0.01,0.99,0.0,100,0.0012903225806451613,0.002,,,,,,,0.5,0.0,0.0,0.0,0,results/T-sweep-Dyck-2/distributions/parentheses_and_brackets_L32_T16_ebsampler_greedy_gamma0.5.json
unconditional,parentheses_and_brackets,32,ebsampler,greedy,,0.9,16,1,1.0,0.0,1.0,0.0,1.0,0.0,1.0,0.0,31.0,31,True,167.21,100,False,0.01,0.99,0.0,100,0.0012903225806451613,0.002,,,,,,,0.5,0.0,0.0,0.0,0,results/T-sweep-Dyck-2/distributions/parentheses_and_brackets_L32_T16_ebsampler_greedy_gamma0.9.json
unconditional,parentheses_and_brackets,32,ebsampler,greedy,,0.5,32,1,1.0,0.0,1.0,0.0,1.0,0.0,1.0,0.0,32.0,32,True,104.5,100,False,0.01,0.99,0.0,100,0.0012903225806451613,0.002,,,,,,,0.5,0.0,0.0,0.0,0,results/T-sweep-Dyck-2/distributions/parentheses_and_brackets_L32_T32_ebsampler_greedy_gamma0.5.json
unconditional,parentheses_and_brackets,32,ebsampler,greedy,,2.0,32,1,0.0,0.0,1.0,0.0,0.0,0.0,1.0,0.0,15.0,15,True,101.81,0,True,,,,0,,,,,,,,,,,,,0,results/T-sweep-Dyck-2/distributions/parentheses_and_brackets_L32_T32_ebsampler_greedy_gamma2.0.json
unconditional,parentheses_and_brackets,32,gaussian,categorical,10.0,,32,5,0.554,0.048,1.0,0.0,0.554,0.048,0.55,0.0502,23.762,33,False,1410.16,272,False,1.0,0.0,0.2684103916044871,200,0.0016750418760469012,0.005936186000494682,,,,,,,0.3673888305322129,0.10354980436285878,1.1737415974548329,0.6982524458712958,0,results/T-sweep-Dyck-2/distributions/parentheses_and_brackets_L32_T32_gaussian_categorical_sigma10.0.json
unconditional,parentheses_and_brackets,32,ebsampler,greedy,,10.0,64,1,1.0,0.0,1.0,0.0,1.0,0.0,1.0,0.0,4.0,4,True,51.36,100,False,0.01,0.99,0.0,100,0.0012903225806451613,0.0026666666666666666,,,,,,,0.4375,0.0,0.0,0.0,0,results/T-sweep-Dyck-2/distributions/parentheses_and_brackets_L32_T64_ebsampler_greedy_gamma10.0.json
unconditional,parentheses_and_brackets,32,ebsampler,greedy,,5.0,64,1,0.0,0.0,1.0,0.0,0.0,0.0,0.0,0.0,6.0,6,True,63.25,0,True,,,,0,,,,,,,,,,,,,0,results/T-sweep-Dyck-2/distributions/parentheses_and_brackets_L32_T64_ebsampler_greedy_gamma5.0.json
unconditional,parentheses_and_brackets,32,ebsampler,greedy,,0.5,64,1,1.0,0.0,1.0,0.0,1.0,0.0,1.0,0.0,32.0,32,True,106.48,100,False,0.01,0.99,0.0,100,0.0012903225806451613,0.002,,,,,,,0.5,0.0,0.0,0.0,0,results/T-sweep-Dyck-2/distributions/parentheses_and_brackets_L32_T64_ebsampler_greedy_gamma0.5.json
unconditional,parentheses_and_brackets,32,ebsampler,greedy,,0.1,32,1,1.0,0.0,1.0,0.0,1.0,0.0,1.0,0.0,33.0,33,True,182.14,100,False,0.01,0.99,0.0,100,0.0012903225806451613,0.002,,,,,,,0.5,0.0,0.0,0.0,0,results/T-sweep-Dyck-2/distributions/parentheses_and_brackets_L32_T32_ebsampler_greedy_gamma0.1.json
unconditional,parentheses_and_brackets,32,ebsampler,greedy,,0.9,32,1,1.0,0.0,1.0,0.0,1.0,0.0,1.0,0.0,31.0,31,True,165.88,100,False,0.01,0.99,0.0,100,0.0012903225806451613,0.002,,,,,,,0.5,0.0,0.0,0.0,0,results/T-sweep-Dyck-2/distributions/parentheses_and_brackets_L32_T32_ebsampler_greedy_gamma0.9.json
unconditional,parentheses_and_brackets,32,ebsampler,greedy,,2.0,64,1,0.0,0.0,1.0,0.0,0.0,0.0,1.0,0.0,15.0,15,True,102.26,0,True,,,,0,,,,,,,,,,,,,0,results/T-sweep-Dyck-2/distributions/parentheses_and_brackets_L32_T64_ebsampler_greedy_gamma2.0.json
unconditional,parentheses_and_brackets,32,ebsampler,greedy,,0.1,64,1,1.0,0.0,1.0,0.0,1.0,0.0,1.0,0.0,33.0,33,True,186.69,100,False,0.01,0.99,0.0,100,0.0012903225806451613,0.002,,,,,,,0.5,0.0,0.0,0.0,0,results/T-sweep-Dyck-2/distributions/parentheses_and_brackets_L32_T64_ebsampler_greedy_gamma0.1.json
unconditional,parentheses_and_brackets,32,ebsampler,greedy,,0.9,64,1,1.0,0.0,1.0,0.0,1.0,0.0,1.0,0.0,31.0,31,True,166.24,100,False,0.01,0.99,0.0,100,0.0012903225806451613,0.002,,,,,,,0.5,0.0,0.0,0.0,0,results/T-sweep-Dyck-2/distributions/parentheses_and_brackets_L32_T64_ebsampler_greedy_gamma0.9.json
unconditional,parentheses_and_brackets,32,ebsampler,categorical,,10.0,1,5,0.014,0.010198,1.0,0.0,0.014,0.010198,0.042,0.011662,1.554,4,False,132.72,7,False,1.0,0.0,0.27529761904761907,7,0.06451612903225806,0.22380952380952382,,,,,,,0.39285714285714285,0.07985957062499249,1.2412698412698415,0.5580804303071933,0,results/T-sweep-Dyck-2/distributions/parentheses_and_brackets_L32_T1_ebsampler_categorical_gamma10.0.json
unconditional,parentheses_and_brackets,32,gaussian,categorical,1.0,,32,5,0.172,0.024819,1.0,0.0,0.172,0.024819,0.172,0.023152,16.07,32,False,1734.71,84,False,1.0,0.0,0.26985336555804057,84,0.005409582689335394,0.019169329073482427,,,,,,,0.4007086167800454,0.10198995055276062,1.1775565704137132,0.6359946627507969,0,results/T-sweep-Dyck-2/distributions/parentheses_and_brackets_L32_T32_gaussian_categorical_sigma1.0.json
unconditional,parentheses_and_brackets,32,ebsampler,categorical,,5.0,1,5,0.032,0.011662,1.0,0.0,0.032,0.011662,0.048,0.007483,2.286,7,False,243.73,12,False,1.0,0.0,0.2784090909090909,12,0.03763440860215054,0.13333333333333333,,,,,,,0.4322916666666667,0.06484322707285797,1.4010249010249012,0.9247258927562094,0,results/T-sweep-Dyck-2/distributions/parentheses_and_brackets_L32_T1_ebsampler_categorical_gamma5.0.json
unconditional,parentheses_and_brackets,32,ebsampler,categorical,,10.0,2,5,0.014,0.010198,1.0,0.0,0.014,0.010198,0.042,0.011662,1.554,4,False,132.49,7,False,1.0,0.0,0.27529761904761907,7,0.06451612903225806,0.22380952380952382,,,,,,,0.39285714285714285,0.07985957062499249,1.2412698412698415,0.5580804303071933,0,results/T-sweep-Dyck-2/distributions/parentheses_and_brackets_L32_T2_ebsampler_categorical_gamma10.0.json
unconditional,parentheses_and_brackets,32,ebsampler,categorical,,5.0,2,5,0.032,0.011662,1.0,0.0,0.032,0.011662,0.048,0.007483,2.286,7,False,243.48,12,False,1.0,0.0,0.2784090909090909,12,0.03763440860215054,0.13333333333333333,,,,,,,0.4322916666666667,0.06484322707285797,1.4010249010249012,0.9247258927562094,0,results/T-sweep-Dyck-2/distributions/parentheses_and_brackets_L32_T2_ebsampler_categorical_gamma5.0.json
unconditional,parentheses_and_brackets,32,ebsampler,categorical,,2.0,1,5,0.3,0.037417,1.0,0.0,0.3,0.037417,0.364,0.038262,8.494,15,False,397.83,120,False,1.0,0.0,0.27037891759100724,120,0.0037654653039268424,0.013340744858254585,,,,,,,0.3454861111111111,0.0743209680277393,1.2851972101972102,0.8688303658818066,0,results/T-sweep-Dyck-2/distributions/parentheses_and_brackets_L32_T1_ebsampler_categorical_gamma2.0.json
unconditional,parentheses_and_brackets,32,gaussian,categorical,2.0,,32,5,0.302,0.039192,1.0,0.0,0.302,0.039192,0.304,0.039294,19.22,31,False,1927.57,148,False,1.0,0.0,0.2697897996703985,148,0.0030661410424879547,0.010864644635581712,,,,,,,0.39273246460746464,0.10153879253447877,1.1634442884442884,0.6508781035332923,0,results/T-sweep-Dyck-2/distributions/parentheses_and_brackets_L32_T32_gaussian_categorical_sigma2.0.json
unconditional,parentheses_and_brackets,32,ebsampler,categorical,,2.0,2,5,0.3,0.037417,1.0,0.0,0.3,0.037417,0.364,0.038262,8.494,15,False,394.51,120,False,1.0,0.0,0.27037891759100724,120,0.0037654653039268424,0.013340744858254585,,,,,,,0.3454861111111111,0.0743209680277393,1.2851972101972102,0.8688303658818066,0,results/T-sweep-Dyck-2/distributions/parentheses_and_brackets_L32_T2_ebsampler_categorical_gamma2.0.json
unconditional,parentheses_and_brackets,32,ar,categorical,,,34,5,1.0,0.0,1.0,0.0,1.0,0.0,1.0,0.0,33.0,33,False,1241.31,500,False,1.0,0.0,0.2685518788913119,200,0.0009102730819245773,0.0032258064516129032,,,,,,,0.3567607142857143,0.0878439261174364,1.1668617493617495,0.6956900098153185,0,results/T-sweep-Dyck-2/distributions/parentheses_and_brackets_L32_T34_ar_categorical_none.json
unconditional,parentheses_and_brackets,32,ebsampler,categorical,,0.9,1,5,0.924,0.018547,1.0,0.0,0.924,0.018547,0.912,0.027857,25.282,31,False,584.78,456,False,1.0,0.0,0.269092950611006,200,0.0009971509971509972,0.0035335689045936395,,,,,,,0.35689875730994153,0.10049693497074526,1.1468809638217534,0.6627150680766581,0,results/T-sweep-Dyck-2/distributions/parentheses_and_brackets_L32_T1_ebsampler_categorical_gamma0.9.json
unconditional,parentheses_and_brackets,32,ebsampler,categorical,,10.0,4,5,0.014,0.010198,1.0,0.0,0.014,0.010198,0.042,0.011662,1.554,4,False,215.77,7,False,1.0,0.0,0.27529761904761907,7,0.06451612903225806,0.22380952380952382,,,,,,,0.39285714285714285,0.07985957062499249,1.2412698412698415,0.5580804303071933,0,results/T-sweep-Dyck-2/distributions/parentheses_and_brackets_L32_T4_ebsampler_categorical_gamma10.0.json
unconditional,parentheses_and_brackets,32,ebsampler,categorical,,5.0,4,5,0.032,0.011662,1.0,0.0,0.032,0.011662,0.048,0.007483,2.286,7,False,244.68,12,False,1.0,0.0,0.2784090909090909,12,0.03763440860215054,0.13333333333333333,,,,,,,0.4322916666666667,0.06484322707285797,1.4010249010249012,0.9247258927562094,0,results/T-sweep-Dyck-2/distributions/parentheses_and_brackets_L32_T4_ebsampler_categorical_gamma5.0.json
unconditional,parentheses_and_brackets,32,gaussian,categorical,50.0,,32,5,0.644,0.017436,1.0,0.0,0.644,0.017436,0.648,0.017205,25.872,33,False,1860.29,321,False,1.0,0.0,0.2701036689433304,200,0.0014205986808726535,0.005034612964128383,,,,,,,0.371818264808919,0.09520506636164824,1.1192363019465823,0.6379865683115835,0,results/T-sweep-Dyck-2/distributions/parentheses_and_brackets_L32_T32_gaussian_categorical_sigma50.0.json
unconditional,parentheses_and_brackets,32,ebsampler,categorical,,2.0,4,5,0.3,0.037417,1.0,0.0,0.3,0.037417,0.364,0.038262,8.494,15,False,372.33,120,False,1.0,0.0,0.27037891759100724,120,0.0037654653039268424,0.013340744858254585,,,,,,,0.3454861111111111,0.0743209680277393,1.2851972101972102,0.8688303658818066,0,results/T-sweep-Dyck-2/distributions/parentheses_and_brackets_L32_T4_ebsampler_categorical_gamma2.0.json
unconditional,parentheses_and_brackets,32,ebsampler,categorical,,0.9,2,5,0.924,0.018547,1.0,0.0,0.924,0.018547,0.912,0.027857,25.282,31,False,722.67,456,False,1.0,0.0,0.269092950611006,200,0.0009971509971509972,0.0035335689045936395,,,,,,,0.35689875730994153,0.10049693497074526,1.1468809638217534,0.6627150680766581,0,results/T-sweep-Dyck-2/distributions/parentheses_and_brackets_L32_T2_ebsampler_categorical_gamma0.9.json
unconditional,parentheses_and_brackets,32,ebsampler,categorical,,0.9,4,5,0.924,0.018547,1.0,0.0,0.924,0.018547,0.912,0.027857,25.282,31,False,492.68,456,False,1.0,0.0,0.269092950611006,200,0.0009971509971509972,0.0035335689045936395,,,,,,,0.35689875730994153,0.10049693497074526,1.1468809638217534,0.6627150680766581,0,results/T-sweep-Dyck-2/distributions/parentheses_and_brackets_L32_T4_ebsampler_categorical_gamma0.9.json
unconditional,parentheses_and_brackets,32,ebsampler,categorical,,0.5,1,5,0.972,0.011662,1.0,0.0,0.972,0.011662,0.958,0.021354,29.318,32,False,821.96,479,False,1.0,0.0,0.2697234202508606,200,0.0009498609132234209,0.0033660589060308557,,,,,,,0.3554267322795507,0.09302195862078999,1.1392950183659998,0.6544143027773245,0,results/T-sweep-Dyck-2/distributions/parentheses_and_brackets_L32_T1_ebsampler_categorical_gamma0.5.json
unconditional,parentheses_and_brackets,32,ebsampler,categorical,,10.0,8,5,0.014,0.010198,1.0,0.0,0.014,0.010198,0.042,0.011662,1.554,4,False,173.95,7,False,1.0,0.0,0.27529761904761907,7,0.06451612903225806,0.22380952380952382,,,,,,,0.39285714285714285,0.07985957062499249,1.2412698412698415,0.5580804303071933,0,results/T-sweep-Dyck-2/distributions/parentheses_and_brackets_L32_T8_ebsampler_categorical_gamma10.0.json
unconditional,parentheses_and_brackets,32,ebsampler,categorical,,0.1,1,5,1.0,0.0,1.0,0.0,1.0,0.0,1.0,0.0,31.526,33,False,882.08,500,False,1.0,0.0,0.27197716979961534,200,0.0009143155694879833,0.0032406157169862274,,,,,,,0.364543315018315,0.09785704107260966,1.161052147852148,0.7316348594809261,0,results/T-sweep-Dyck-2/distributions/parentheses_and_brackets_L32_T1_ebsampler_categorical_gamma0.1.json
unconditional,parentheses_and_brackets,32,ebsampler,categorical,,0.5,2,5,0.972,0.011662,1.0,0.0,0.972,0.011662,0.958,0.021354,29.318,32,False,831.09,479,False,1.0,0.0,0.2697234202508606,200,0.0009498609132234209,0.0033660589060308557,,,,,,,0.3554267322795507,0.09302195862078999,1.1392950183659998,0.6544143027773245,0,results/T-sweep-Dyck-2/distributions/parentheses_and_brackets_L32_T2_ebsampler_categorical_gamma0.5.json
unconditional,parentheses_and_brackets,32,ebsampler,categorical,,5.0,8,5,0.032,0.011662,1.0,0.0,0.032,0.011662,0.048,0.007483,2.286,7,False,244.94,12,False,1.0,0.0,0.2784090909090909,12,0.03763440860215054,0.13333333333333333,,,,,,,0.4322916666666667,0.06484322707285797,1.4010249010249012,0.9247258927562094,0,results/T-sweep-Dyck-2/distributions/parentheses_and_brackets_L32_T8_ebsampler_categorical_gamma5.0.json
unconditional,parentheses_and_brackets,32,gaussian,greedy,1.0,,64,5,0.954,0.020591,1.0,0.0,0.954,0.020591,0.954,0.020591,58.41,63,False,3521.26,477,False,0.9811320754716981,0.018867924528301883,0.11683103015075377,200,0.00027050787854196256,0.0005590496156533892,,,,,,,0.1931341719077568,0.039973836123383066,0.0,0.0,0,results/T-sweep-Dyck-2/distributions/parentheses_and_brackets_L32_T64_gaussian_greedy_sigma1.0.json
unconditional,parentheses_and_brackets,32,gaussian,categorical,20.0,,32,5,0.612,0.054918,1.0,0.0,0.612,0.054918,0.616,0.054991,25.064,33,False,2194.45,306,False,1.0,0.0,0.2714788453307547,200,0.0014896786550329857,0.005279366476022877,,,,,,,0.3697926392779334,0.09412151846815774,1.1337953350208252,0.7118310674485017,0,results/T-sweep-Dyck-2/distributions/parentheses_and_brackets_L32_T32_gaussian_categorical_sigma20.0.json
unconditional,parentheses_and_brackets,32,ebsampler,categorical,,0.1,2,5,1.0,0.0,1.0,0.0,1.0,0.0,1.0,0.0,31.526,33,False,895.85,500,False,1.0,0.0,0.27197716979961534,200,0.0009143155694879833,0.0032406157169862274,,,,,,,0.364543315018315,0.09785704107260966,1.161052147852148,0.7316348594809261,0,results/T-sweep-Dyck-2/distributions/parentheses_and_brackets_L32_T2_ebsampler_categorical_gamma0.1.json
unconditional,parentheses_and_brackets,32,ebsampler,categorical,,5.0,16,5,0.032,0.011662,1.0,0.0,0.032,0.011662,0.048,0.007483,2.286,7,False,154.1,12,False,1.0,0.0,0.2784090909090909,12,0.03763440860215054,0.13333333333333333,,,,,,,0.4322916666666667,0.06484322707285797,1.4010249010249012,0.9247258927562094,0,results/T-sweep-Dyck-2/distributions/parentheses_and_brackets_L32_T16_ebsampler_categorical_gamma5.0.json
unconditional,parentheses_and_brackets,32,ebsampler,categorical,,10.0,16,5,0.014,0.010198,1.0,0.0,0.014,0.010198,0.042,0.011662,1.554,4,False,134.1,7,False,1.0,0.0,0.27529761904761907,7,0.06451612903225806,0.22380952380952382,,,,,,,0.39285714285714285,0.07985957062499249,1.2412698412698415,0.5580804303071933,0,results/T-sweep-Dyck-2/distributions/parentheses_and_brackets_L32_T16_ebsampler_categorical_gamma10.0.json
unconditional,parentheses_and_brackets,32,ebsampler,categorical,,2.0,8,5,0.3,0.037417,1.0,0.0,0.3,0.037417,0.364,0.038262,8.494,15,False,389.16,120,False,1.0,0.0,0.27037891759100724,120,0.0037654653039268424,0.013340744858254585,,,,,,,0.3454861111111111,0.0743209680277393,1.2851972101972102,0.8688303658818066,0,results/T-sweep-Dyck-2/distributions/parentheses_and_brackets_L32_T8_ebsampler_categorical_gamma2.0.json
unconditional,parentheses_and_brackets,32,ebsampler,categorical,,0.5,4,5,0.972,0.011662,1.0,0.0,0.972,0.011662,0.958,0.021354,29.318,32,False,839.84,479,False,1.0,0.0,0.2697234202508606,200,0.0009498609132234209,0.0033660589060308557,,,,,,,0.3554267322795507,0.09302195862078999,1.1392950183659998,0.6544143027773245,0,results/T-sweep-Dyck-2/distributions/parentheses_and_brackets_L32_T4_ebsampler_categorical_gamma0.5.json
unconditional,parentheses_and_brackets,32,gaussian,greedy,50.0,,64,5,0.882,0.038678,1.0,0.0,0.882,0.038678,0.972,0.017205,58.788,64,False,3431.54,441,False,1.0,0.0,0.1397385364321608,200,0.0002925901543413064,0.0006046863189720333,,,,,,,0.39526643990929705,0.10372484470399417,0.0,0.0,0,results/T-sweep-Dyck-2/distributions/parentheses_and_brackets_L32_T64_gaussian_greedy_sigma50.0.json
unconditional,parentheses_and_brackets,32,ebsampler,categorical,,0.1,4,5,1.0,0.0,1.0,0.0,1.0,0.0,1.0,0.0,31.526,33,False,912.51,500,False,1.0,0.0,0.27197716979961534,200,0.0009143155694879833,0.0032406157169862274,,,,,,,0.364543315018315,0.09785704107260966,1.161052147852148,0.7316348594809261,0,results/T-sweep-Dyck-2/distributions/parentheses_and_brackets_L32_T4_ebsampler_categorical_gamma0.1.json
unconditional,parentheses_and_brackets,32,ebsampler,categorical,,5.0,32,5,0.032,0.011662,1.0,0.0,0.032,0.011662,0.048,0.007483,2.286,7,False,224.76,12,False,1.0,0.0,0.2784090909090909,12,0.03763440860215054,0.13333333333333333,,,,,,,0.4322916666666667,0.06484322707285797,1.4010249010249012,0.9247258927562094,0,results/T-sweep-Dyck-2/distributions/parentheses_and_brackets_L32_T32_ebsampler_categorical_gamma5.0.json
unconditional,parentheses_and_brackets,32,ebsampler,categorical,,2.0,16,5,0.3,0.037417,1.0,0.0,0.3,0.037417,0.364,0.038262,8.494,15,False,391.12,120,False,1.0,0.0,0.27037891759100724,120,0.0037654653039268424,0.013340744858254585,,,,,,,0.3454861111111111,0.0743209680277393,1.2851972101972102,0.8688303658818066,0,results/T-sweep-Dyck-2/distributions/parentheses_and_brackets_L32_T16_ebsampler_categorical_gamma2.0.json
unconditional,parentheses_and_brackets,32,ebsampler,categorical,,10.0,32,5,0.014,0.010198,1.0,0.0,0.014,0.010198,0.042,0.011662,1.554,4,False,213.19,7,False,1.0,0.0,0.27529761904761907,7,0.06451612903225806,0.22380952380952382,,,,,,,0.39285714285714285,0.07985957062499249,1.2412698412698415,0.5580804303071933,0,results/T-sweep-Dyck-2/distributions/parentheses_and_brackets_L32_T32_ebsampler_categorical_gamma10.0.json
unconditional,parentheses_and_brackets,32,ebsampler,categorical,,0.5,8,5,0.972,0.011662,1.0,0.0,0.972,0.011662,0.958,0.021354,29.318,32,False,662.65,479,False,1.0,0.0,0.2697234202508606,200,0.0009498609132234209,0.0033660589060308557,,,,,,,0.3554267322795507,0.09302195862078999,1.1392950183659998,0.6544143027773245,0,results/T-sweep-Dyck-2/distributions/parentheses_and_brackets_L32_T8_ebsampler_categorical_gamma0.5.json
unconditional,not_nested_parentheses_and_brackets,32,uniform,greedy,,,1,5,1.0,0.0,1.0,0.0,1.0,0.0,1.0,0.0,1.0,1,False,21.48,500,False,0.002,0.998,0.0,200,0.0001935483870967742,0.0002666666666666667,,,,,,,1.0,0.0,0.0,0.0,0,results/T-sweep-Dyck-2/distributions/not_nested_parentheses_and_brackets_L32_T1_uniform_greedy_none.json
unconditional,not_nested_parentheses_and_brackets,32,uniform,greedy,,,2,5,0.002,0.004,0.524,0.038781,0.002,0.004,1.0,0.0,2.0,2,False,22.61,1,True,1.0,0.0,,1,0.2903225806451613,0.6,,,,,,,1.0,,0.6,,0,results/T-sweep-Dyck-2/distributions/not_nested_parentheses_and_brackets_L32_T2_uniform_greedy_none.json
unconditional,parentheses_and_brackets,32,ebsampler,categorical,,2.0,32,5,0.3,0.037417,1.0,0.0,0.3,0.037417,0.364,0.038262,8.494,15,False,310.0,120,False,1.0,0.0,0.27037891759100724,120,0.0037654653039268424,0.013340744858254585,,,,,,,0.3454861111111111,0.0743209680277393,1.2851972101972102,0.8688303658818066,0,results/T-sweep-Dyck-2/distributions/parentheses_and_brackets_L32_T32_ebsampler_categorical_gamma2.0.json
unconditional,not_nested_parentheses_and_brackets,32,uniform,greedy,,,4,5,0.106,0.036111,0.188,0.057061,0.02,0.014142,0.818,0.03544,3.812,4,False,27.65,10,False,1.0,0.0,0.25277777777777777,10,0.05161290322580645,0.17666666666666667,,,,,,,0.61875,0.12639842760097927,0.7813919413919413,0.9393515722970718,0,results/T-sweep-Dyck-2/distributions/not_nested_parentheses_and_brackets_L32_T4_uniform_greedy_none.json
unconditional,not_nested_parentheses_and_brackets,32,uniform,greedy,,,8,5,0.29,0.045607,0.348,0.044452,0.124,0.036111,0.786,0.039294,7.756,8,False,40.75,62,False,1.0,0.0,0.2610969725013221,62,0.008324661810613945,0.034408602150537634,,,,,,,0.6179435483870968,0.11617260187375777,1.2507707346417025,1.2475774018808088,0,results/T-sweep-Dyck-2/distributions/not_nested_parentheses_and_brackets_L32_T8_uniform_greedy_none.json
unconditional,not_nested_parentheses_and_brackets,32,uniform,greedy,,,16,5,0.446,0.044091,0.682,0.020396,0.36,0.044272,0.812,0.047917,15.632,16,False,54.07,180,False,1.0,0.0,0.25439459186840474,180,0.002867383512544803,0.011851851851851851,,,,,,,0.596875,0.09822093682385419,1.0234891034891036,0.7501564710075498,0,results/T-sweep-Dyck-2/distributions/not_nested_parentheses_and_brackets_L32_T16_uniform_greedy_none.json
unconditional,not_nested_parentheses_and_brackets,32,uniform,categorical,,,1,5,0.066,0.012,0.066,0.024166,0.006,0.004899,0.846,0.036111,1.0,1,False,21.3,3,True,,,,3,,,,,,,,,0.5416666666666666,0.02946278254943948,1.2433862433862435,0.36411958802296834,0,results/T-sweep-Dyck-2/distributions/not_nested_parentheses_and_brackets_L32_T1_uniform_categorical_none.json
unconditional,not_nested_parentheses_and_brackets,32,uniform,categorical,,,2,5,0.122,0.034871,0.132,0.029257,0.032,0.024819,0.794,0.037736,1.814,2,False,14.09,16,False,1.0,0.0,0.27098039215686276,16,0.032388663967611336,0.13389121338912133,,,,,,,0.4778645833333333,0.07671249125862206,1.2327741702741704,0.8382035553900415,0,results/T-sweep-Dyck-2/distributions/not_nested_parentheses_and_brackets_L32_T2_uniform_categorical_none.json
unconditional,not_nested_parentheses_and_brackets,32,uniform,greedy,,,32,5,0.642,0.017205,0.88,0.008944,0.596,0.02498,0.906,0.039294,31.304,32,False,78.65,298,False,1.0,0.0,0.24762484296482412,200,0.0017319766183156527,0.0071588366890380315,,,,,,,0.6098993288590604,0.10877285272292189,0.8634020714557628,0.46150789877106785,0,results/T-sweep-Dyck-2/distributions/not_nested_parentheses_and_brackets_L32_T32_uniform_greedy_none.json
unconditional,not_nested_parentheses_and_brackets,32,uniform,categorical,,,4,5,0.202,0.026382,0.19,0.016733,0.098,0.01833,0.786,0.025768,3.67,4,False,27.04,49,False,1.0,0.0,0.2665653008962868,49,0.010575016523463317,0.04371584699453552,,,,,,,0.45986394557823135,0.08698908937677306,1.0862075566157199,0.445319938541924,0,results/T-sweep-Dyck-2/distributions/not_nested_parentheses_and_brackets_L32_T4_uniform_categorical_none.json
unconditional,parentheses_and_brackets,32,ebsampler,categorical,,0.9,8,5,0.924,0.018547,1.0,0.0,0.924,0.018547,0.912,0.027857,25.282,31,False,721.68,456,False,1.0,0.0,0.269092950611006,200,0.0009971509971509972,0.0035335689045936395,,,,,,,0.35689875730994153,0.10049693497074526,1.1468809638217534,0.6627150680766581,0,results/T-sweep-Dyck-2/distributions/parentheses_and_brackets_L32_T8_ebsampler_categorical_gamma0.9.json
unconditional,not_nested_parentheses_and_brackets,32,uniform,categorical,,,8,5,0.344,0.037736,0.36,0.010954,0.282,0.027857,0.726,0.013565,7.426,8,False,23.59,141,False,1.0,0.0,0.26887800393126626,141,0.003665521191294387,0.015151515151515152,,,,,,,0.4309988179669031,0.0981775532028453,0.9956676696038399,0.3538252867082323,0,results/T-sweep-Dyck-2/distributions/not_nested_parentheses_and_brackets_L32_T8_uniform_categorical_none.json
unconditional,parentheses_and_brackets,32,ebsampler,categorical,,0.1,8,5,1.0,0.0,1.0,0.0,1.0,0.0,1.0,0.0,31.526,33,False,844.38,500,False,1.0,0.0,0.27197716979961534,200,0.0009143155694879833,0.0032406157169862274,,,,,,,0.364543315018315,0.09785704107260966,1.161052147852148,0.7316348594809261,0,results/T-sweep-Dyck-2/distributions/parentheses_and_brackets_L32_T8_ebsampler_categorical_gamma0.1.json
unconditional,not_nested_parentheses_and_brackets,32,gaussian,greedy,1.0,,1,5,1.0,0.0,1.0,0.0,1.0,0.0,1.0,0.0,1.002,2,False,13.25,500,False,0.002,0.998,0.0,200,0.0001935483870967742,0.0002666666666666667,,,,,,,1.0,0.0,0.0,0.0,0,results/T-sweep-Dyck-2/distributions/not_nested_parentheses_and_brackets_L32_T1_gaussian_greedy_sigma1.0.json
unconditional,parentheses_and_brackets,32,gaussian,greedy,2.0,,64,5,0.928,0.029933,1.0,0.0,0.928,0.029933,0.932,0.027857,56.932,64,False,3915.08,464,False,1.0,0.0,0.13034155150753768,200,0.00027808676307007786,0.0005747126436781609,,,,,,,0.21066810344827586,0.045898721620575574,0.0,0.0,0,results/T-sweep-Dyck-2/distributions/parentheses_and_brackets_L32_T64_gaussian_greedy_sigma2.0.json
unconditional,not_nested_parentheses_and_brackets,32,gaussian,greedy,2.0,,1,5,1.0,0.0,1.0,0.0,1.0,0.0,1.0,0.0,1.008,2,False,21.38,500,False,0.002,0.998,0.0,200,0.0001935483870967742,0.0002666666666666667,,,,,,,1.0,0.0,0.0,0.0,0,results/T-sweep-Dyck-2/distributions/not_nested_parentheses_and_brackets_L32_T1_gaussian_greedy_sigma2.0.json
unconditional,not_nested_parentheses_and_brackets,32,gaussian,greedy,5.0,,1,5,1.0,0.0,1.0,0.0,1.0,0.0,1.0,0.0,1.032,2,False,14.52,500,False,0.002,0.998,0.0,200,0.0001935483870967742,0.0002666666666666667,,,,,,,1.0,0.0,0.0,0.0,0,results/T-sweep-Dyck-2/distributions/not_nested_parentheses_and_brackets_L32_T1_gaussian_greedy_sigma5.0.json
unconditional,parentheses_and_brackets,32,ebsampler,categorical,,5.0,64,5,0.032,0.011662,1.0,0.0,0.032,0.011662,0.048,0.007483,2.286,7,False,207.53,12,False,1.0,0.0,0.2784090909090909,12,0.03763440860215054,0.13333333333333333,,,,,,,0.4322916666666667,0.06484322707285797,1.4010249010249012,0.9247258927562094,0,results/T-sweep-Dyck-2/distributions/parentheses_and_brackets_L32_T64_ebsampler_categorical_gamma5.0.json
unconditional,not_nested_parentheses_and_brackets,32,gaussian,greedy,10.0,,1,5,1.0,0.0,1.0,0.0,1.0,0.0,1.0,0.0,1.068,2,False,21.74,500,False,0.002,0.998,0.0,200,0.0001935483870967742,0.0002666666666666667,,,,,,,1.0,0.0,0.0,0.0,0,results/T-sweep-Dyck-2/distributions/not_nested_parentheses_and_brackets_L32_T1_gaussian_greedy_sigma10.0.json
unconditional,not_nested_parentheses_and_brackets,32,uniform,categorical,,,16,5,0.562,0.0402,0.566,0.039799,0.52,0.042426,0.774,0.028705,15.088,16,False,51.13,260,False,1.0,0.0,0.270495086035764,200,0.0019975031210986267,0.008258064516129033,,,,,,,0.4289697802197802,0.10013861262746736,1.0579556554556555,0.4264211521483035,0,results/T-sweep-Dyck-2/distributions/not_nested_parentheses_and_brackets_L32_T16_uniform_categorical_none.json
unconditional,not_nested_parentheses_and_brackets,32,gaussian,greedy,50.0,,1,5,0.99,0.010954,1.0,0.0,0.99,0.010954,1.0,0.0,1.304,2,False,13.51,495,False,0.00202020202020202,0.997979797979798,0.0,200,0.00019550342130987292,0.00026936026936026934,,,,,,,1.0,0.0,0.0,0.0,0,results/T-sweep-Dyck-2/distributions/not_nested_parentheses_and_brackets_L32_T1_gaussian_greedy_sigma50.0.json
unconditional,not_nested_parentheses_and_brackets,32,gaussian,greedy,20.0,,1,5,0.998,0.004,1.0,0.0,0.998,0.004,1.0,0.0,1.162,2,False,21.51,499,False,0.002004008016032064,0.9979959919839679,0.0,200,0.0001939362596160062,0.0002672010688042752,,,,,,,1.0,0.0,0.0,0.0,0,results/T-sweep-Dyck-2/distributions/not_nested_parentheses_and_brackets_L32_T1_gaussian_greedy_sigma20.0.json
unconditional,not_nested_parentheses_and_brackets,32,gaussian,greedy,10.0,,2,5,0.016,0.012,0.886,0.034986,0.016,0.012,0.94,0.028983,2.004,3,False,16.37,8,False,0.375,0.625,0.015625,8,0.016129032258064516,0.03333333333333333,,,,,,,0.96875,0.05412658773652741,0.0,0.0,0,results/T-sweep-Dyck-2/distributions/not_nested_parentheses_and_brackets_L32_T2_gaussian_greedy_sigma10.0.json
unconditional,not_nested_parentheses_and_brackets,32,gaussian,greedy,1.0,,2,5,0.83,0.032863,1.0,0.0,0.83,0.032863,1.0,0.0,2.002,3,False,22.99,415,False,0.0024096385542168677,0.9975903614457832,0.0,200,0.0002331908278274388,0.000321285140562249,,,,,,,1.0,0.0,0.0,0.0,0,results/T-sweep-Dyck-2/distributions/not_nested_parentheses_and_brackets_L32_T2_gaussian_greedy_sigma1.0.json
unconditional,parentheses_and_brackets,32,ebsampler,categorical,,10.0,64,5,0.014,0.010198,1.0,0.0,0.014,0.010198,0.042,0.011662,1.554,4,False,213.6,7,False,1.0,0.0,0.27529761904761907,7,0.06451612903225806,0.22380952380952382,,,,,,,0.39285714285714285,0.07985957062499249,1.2412698412698415,0.5580804303071933,0,results/T-sweep-Dyck-2/distributions/parentheses_and_brackets_L32_T64_ebsampler_categorical_gamma10.0.json
unconditional,not_nested_parentheses_and_brackets,32,gaussian,greedy,2.0,,2,5,0.564,0.046303,1.0,0.0,0.564,0.046303,1.0,0.0,2.006,3,False,24.2,282,False,0.0035460992907801418,0.9964539007092199,0.0,200,0.00034317089910775565,0.00047281323877068556,,,,,,,1.0,0.0,0.0,0.0,0,results/T-sweep-Dyck-2/distributions/not_nested_parentheses_and_brackets_L32_T2_gaussian_greedy_sigma2.0.json
unconditional,not_nested_parentheses_and_brackets,32,gaussian,greedy,5.0,,2,5,0.128,0.052307,1.0,0.0,0.128,0.052307,0.976,0.013565,2.004,3,False,24.3,64,False,0.046875,0.953125,0.001953125,64,0.0020161290322580645,0.004166666666666667,,,,,,,0.99609375,0.02174907954230477,0.0,0.0,0,results/T-sweep-Dyck-2/distributions/not_nested_parentheses_and_brackets_L32_T2_gaussian_greedy_sigma5.0.json
unconditional,not_nested_parentheses_and_brackets,32,gaussian,greedy,20.0,,2,5,0.004,0.004899,0.564,0.058515,0.004,0.004899,0.854,0.037736,2.004,3,False,23.72,2,True,,,,2,,,,,,,,,0.9375,0.0625,0.0,0.0,0,results/T-sweep-Dyck-2/distributions/not_nested_parentheses_and_brackets_L32_T2_gaussian_greedy_sigma20.0.json
unconditional,not_nested_parentheses_and_brackets,32,gaussian,greedy,50.0,,2,5,0.0,0.0,0.498,0.01833,0.0,0.0,0.698,0.032496,2.002,3,False,22.6,0,True,,,,0,,,,,,,,,,,,,0,results/T-sweep-Dyck-2/distributions/not_nested_parentheses_and_brackets_L32_T2_gaussian_greedy_sigma50.0.json
unconditional,parentheses_and_brackets,32,ebsampler,categorical,,0.9,16,5,0.924,0.018547,1.0,0.0,0.924,0.018547,0.912,0.027857,25.282,31,False,601.8,456,False,1.0,0.0,0.269092950611006,200,0.0009971509971509972,0.0035335689045936395,,,,,,,0.35689875730994153,0.10049693497074526,1.1468809638217534,0.6627150680766581,0,results/T-sweep-Dyck-2/distributions/parentheses_and_brackets_L32_T16_ebsampler_categorical_gamma0.9.json
unconditional,not_nested_parentheses_and_brackets,32,uniform,greedy,,,64,5,0.784,0.049639,0.946,0.020591,0.77,0.041952,0.94,0.021909,61.39,63,False,174.88,385,False,1.0,0.0,0.2446089824120603,200,0.0013405948889819858,0.005541125541125541,,,,,,,0.6063311688311688,0.11619340153800256,0.7971280090760611,0.4199417757316747,0,results/T-sweep-Dyck-2/distributions/not_nested_parentheses_and_brackets_L32_T64_uniform_greedy_none.json
unconditional,not_nested_parentheses_and_brackets,32,gaussian,greedy,1.0,,4,5,0.134,0.024166,0.214,0.023324,0.134,0.024166,0.136,0.021541,2.418,4,False,35.56,67,False,0.23880597014925373,0.7611940298507462,0.029101650836725463,67,0.004814636494944632,0.008955223880597015,,,,,,,0.49533582089552236,0.016424269460502808,0.0029850746268656717,0.013787469114976136,0,results/T-sweep-Dyck-2/distributions/not_nested_parentheses_and_brackets_L32_T4_gaussian_greedy_sigma1.0.json
unconditional,not_nested_parentheses_and_brackets,32,gaussian,greedy,2.0,,4,5,0.06,0.0,0.046,0.013565,0.034,0.004899,0.06,0.018974,2.322,4,False,36.93,17,False,0.8235294117647058,0.17647058823529416,0.16590073529411764,17,0.028462998102466792,0.06862745098039216,,,,,,,0.5661764705882353,0.12215623327820699,0.3389355742296919,0.62164127056153,0,results/T-sweep-Dyck-2/distributions/not_nested_parentheses_and_brackets_L32_T4_gaussian_greedy_sigma2.0.json
unconditional,not_nested_parentheses_and_brackets,32,gaussian,greedy,5.0,,4,5,0.224,0.028705,0.102,0.019391,0.06,0.006325,0.216,0.032,2.962,5,False,42.15,30,False,1.0,0.0,0.21580459770114943,30,0.017204301075268817,0.06,,,,,,,0.79375,0.12305782854685299,2.4776046176046176,1.9392198757608743,0,results/T-sweep-Dyck-2/distributions/not_nested_parentheses_and_brackets_L32_T4_gaussian_greedy_sigma5.0.json
unconditional,not_nested_parentheses_and_brackets,32,uniform,categorical,,,32,5,0.734,0.030725,0.722,0.034871,0.696,0.027276,0.84,0.026077,30.544,32,False,112.92,348,False,1.0,0.0,0.2699999211126275,200,0.001490035388340473,0.006159769008662175,,,,,,,0.4179255610290093,0.09044205035703179,1.0774443946857741,0.44788862511069333,0,results/T-sweep-Dyck-2/distributions/not_nested_parentheses_and_brackets_L32_T32_uniform_categorical_none.json
unconditional,not_nested_parentheses_and_brackets,32,gaussian,greedy,10.0,,4,5,0.154,0.027276,0.152,0.020396,0.066,0.014967,0.232,0.034871,3.076,5,False,41.57,33,False,1.0,0.0,0.22132457386363635,33,0.015640273704789834,0.05555555555555555,,,,,,,0.8106060606060606,0.10932477037622584,1.462258953168044,1.310130507088121,0,results/T-sweep-Dyck-2/distributions/not_nested_parentheses_and_brackets_L32_T4_gaussian_greedy_sigma10.0.json
unconditional,parentheses_and_brackets,32,gaussian,greedy,5.0,,64,5,0.932,0.03763,1.0,0.0,0.932,0.03763,0.952,0.019391,55.3,64,False,3966.75,466,False,1.0,0.0,0.14325219849246232,200,0.00027689325764917625,0.0005722460658082976,,,,,,,0.2687768240343348,0.06355994415904741,0.0,0.0,0,results/T-sweep-Dyck-2/distributions/parentheses_and_brackets_L32_T64_gaussian_greedy_sigma5.0.json
unconditional,not_nested_parentheses_and_brackets,32,gaussian,greedy,20.0,,4,5,0.116,0.037736,0.138,0.016,0.056,0.025768,0.214,0.058172,3.096,5,False,38.9,28,False,1.0,0.0,0.23950066137566137,28,0.018433179723502304,0.06785714285714285,,,,,,,0.7366071428571429,0.1286922795124962,1.1186004471718758,1.2994368942590466,0,results/T-sweep-Dyck-2/distributions/not_nested_parentheses_and_brackets_L32_T4_gaussian_greedy_sigma20.0.json
unconditional,not_nested_parentheses_and_brackets,32,gaussian,greedy,50.0,,4,5,0.146,0.034986,0.194,0.042237,0.098,0.024819,0.242,0.029257,3.288,5,False,34.04,49,False,1.0,0.0,0.2360358205782313,49,0.01053324555628703,0.04353741496598639,,,,,,,0.6849489795918368,0.1546263516397116,0.6328302083404124,0.5915294702195052,0,results/T-sweep-Dyck-2/distributions/not_nested_parentheses_and_brackets_L32_T4_gaussian_greedy_sigma50.0.json
unconditional,parentheses_and_brackets,32,ebsampler,categorical,,2.0,64,5,0.3,0.037417,1.0,0.0,0.3,0.037417,0.364,0.038262,8.494,15,False,324.02,120,False,1.0,0.0,0.27037891759100724,120,0.0037654653039268424,0.013340744858254585,,,,,,,0.3454861111111111,0.0743209680277393,1.2851972101972102,0.8688303658818066,0,results/T-sweep-Dyck-2/distributions/parentheses_and_brackets_L32_T64_ebsampler_categorical_gamma2.0.json
unconditional,parentheses_and_brackets,32,ebsampler,categorical,,0.5,16,5,0.972,0.011662,1.0,0.0,0.972,0.011662,0.958,0.021354,29.318,32,False,683.09,479,False,1.0,0.0,0.2697234202508606,200,0.0009498609132234209,0.0033660589060308557,,,,,,,0.3554267322795507,0.09302195862078999,1.1392950183659998,0.6544143027773245,0,results/T-sweep-Dyck-2/distributions/parentheses_and_brackets_L32_T16_ebsampler_categorical_gamma0.5.json
unconditional,not_nested_parentheses_and_brackets,32,gaussian,greedy,1.0,,8,5,0.048,0.016,0.048,0.024819,0.032,0.017205,0.044,0.014967,4.878,8,False,61.23,16,False,0.9375,0.0625,0.213671875,16,0.03024193548387097,0.07708333333333334,,,,,,,0.46875,0.05846339666834283,2.588034188034188,3.88335400242247,0,results/T-sweep-Dyck-2/distributions/not_nested_parentheses_and_brackets_L32_T8_gaussian_greedy_sigma1.0.json
unconditional,not_nested_parentheses_and_brackets,32,gaussian,greedy,2.0,,8,5,0.098,0.024,0.092,0.032496,0.058,0.026382,0.116,0.030067,5.46,8,False,60.96,29,False,1.0,0.0,0.2817887931034483,29,0.017797552836484983,0.06551724137931035,,,,,,,0.4978448275862069,0.11190306022195835,3.1773460256218877,4.477296159787413,0,results/T-sweep-Dyck-2/distributions/not_nested_parentheses_and_brackets_L32_T8_gaussian_greedy_sigma2.0.json
unconditional,not_nested_parentheses_and_brackets,32,uniform,categorical,,,64,5,0.854,0.028705,0.858,0.027857,0.848,0.032496,0.93,0.012649,61.086,63,False,165.18,424,False,1.0,0.0,0.2688048145369255,200,0.0012223071046600458,0.005052897520922154,,,,,,,0.42251375786163525,0.10045633305088048,1.073393980233603,0.4530472575442512,0,results/T-sweep-Dyck-2/distributions/not_nested_parentheses_and_brackets_L32_T64_uniform_categorical_none.json
unconditional,not_nested_parentheses_and_brackets,32,gaussian,greedy,50.0,,8,5,0.408,0.040694,0.498,0.022271,0.346,0.033823,0.552,0.049558,7.214,9,False,57.73,173,False,1.0,0.0,0.26585919646457856,173,0.0029834048107402573,0.01233140655105973,,,,,,,0.6123554913294798,0.1262508830686964,1.3008043979142245,1.6138568159355515,0,results/T-sweep-Dyck-2/distributions/not_nested_parentheses_and_brackets_L32_T8_gaussian_greedy_sigma50.0.json
unconditional,not_nested_parentheses_and_brackets,32,gaussian,greedy,5.0,,8,5,0.21,0.057619,0.212,0.058788,0.136,0.033823,0.258,0.0402,5.886,9,False,70.52,68,False,1.0,0.0,0.2865246378402107,68,0.007590132827324478,0.03137254901960784,,,,,,,0.5340073529411765,0.09185200262983234,1.6002474649533471,1.700676822218848,0,results/T-sweep-Dyck-2/distributions/not_nested_parentheses_and_brackets_L32_T8_gaussian_greedy_sigma5.0.json
unconditional,not_nested_parentheses_and_brackets,32,gaussian,greedy,10.0,,8,5,0.298,0.027857,0.328,0.029257,0.218,0.016,0.384,0.063435,6.3,9,False,70.05,109,False,1.0,0.0,0.27666018943255183,109,0.004735128736312519,0.019571865443425075,,,,,,,0.5865825688073395,0.11543329846019834,1.5917063568439713,2.024117446832995,0,results/T-sweep-Dyck-2/distributions/not_nested_parentheses_and_brackets_L32_T8_gaussian_greedy_sigma10.0.json
unconditional,not_nested_parentheses_and_brackets,32,gaussian,greedy,20.0,,8,5,0.354,0.043174,0.382,0.046217,0.266,0.04128,0.456,0.067409,6.642,9,False,66.4,133,False,1.0,0.0,0.26699739405331513,133,0.003880669415474169,0.016040100250626566,,,,,,,0.612312030075188,0.1143897768958608,1.2672542161263967,1.2454206278072955,0,results/T-sweep-Dyck-2/distributions/not_nested_parentheses_and_brackets_L32_T8_gaussian_greedy_sigma20.0.json
unconditional,not_nested_parentheses_and_brackets,32,gaussian,greedy,1.0,,16,5,0.15,0.051381,0.12,0.038987,0.1,0.040988,0.114,0.042237,11.144,16,False,103.96,50,False,1.0,0.0,0.25698979591836735,50,0.01032258064516129,0.042,,,,,,,0.45375,0.05563553271066972,0.8167059607059608,0.8236122203820193,0,results/T-sweep-Dyck-2/distributions/not_nested_parentheses_and_brackets_L32_T16_gaussian_greedy_sigma1.0.json
unconditional,parentheses_and_brackets,32,ebsampler,categorical,,0.9,32,5,0.924,0.018547,1.0,0.0,0.924,0.018547,0.912,0.027857,25.282,31,False,630.79,456,False,1.0,0.0,0.269092950611006,200,0.0009971509971509972,0.0035335689045936395,,,,,,,0.35689875730994153,0.10049693497074526,1.1468809638217534,0.6627150680766581,0,results/T-sweep-Dyck-2/distributions/parentheses_and_brackets_L32_T32_ebsampler_categorical_gamma0.9.json
unconditional,parentheses_and_brackets,32,ebsampler,categorical,,0.1,16,5,1.0,0.0,1.0,0.0,1.0,0.0,1.0,0.0,31.526,33,False,829.53,500,False,1.0,0.0,0.27197716979961534,200,0.0009143155694879833,0.0032406157169862274,,,,,,,0.364543315018315,0.09785704107260966,1.161052147852148,0.7316348594809261,0,results/T-sweep-Dyck-2/distributions/parentheses_and_brackets_L32_T16_ebsampler_categorical_gamma0.1.json
unconditional,not_nested_parentheses_and_brackets,32,gaussian,greedy,2.0,,16,5,0.25,0.054037,0.242,0.045343,0.194,0.04128,0.252,0.048744,11.996,17,False,124.33,97,False,1.0,0.0,0.2722428049828179,97,0.005320917858330562,0.021993127147766325,,,,,,,0.4587628865979381,0.06464526887208251,0.8744307239152601,0.7639494680522819,0,results/T-sweep-Dyck-2/distributions/not_nested_parentheses_and_brackets_L32_T16_gaussian_greedy_sigma2.0.json
unconditional,not_nested_parentheses_and_brackets,32,gaussian,greedy,20.0,,16,5,0.682,0.054918,0.768,0.061774,0.636,0.078128,0.764,0.074993,14.228,17,False,118.13,318,False,1.0,0.0,0.26034783291457286,200,0.0016230472712517752,0.0067085953878406705,,,,,,,0.5807783018867925,0.10721570745659564,1.0910677023884572,0.900119329271741,0,results/T-sweep-Dyck-2/distributions/not_nested_parentheses_and_brackets_L32_T16_gaussian_greedy_sigma20.0.json
unconditional,not_nested_parentheses_and_brackets,32,gaussian,greedy,50.0,,16,5,0.692,0.034871,0.794,0.027276,0.652,0.03763,0.82,0.042426,14.986,17,False,103.73,326,False,1.0,0.0,0.25621545226130654,200,0.001583217890362161,0.006543967280163599,,,,,,,0.5993098159509203,0.10797167471927033,1.117854333805254,1.1791538522899327,0,results/T-sweep-Dyck-2/distributions/not_nested_parentheses_and_brackets_L32_T16_gaussian_greedy_sigma50.0.json
unconditional,not_nested_parentheses_and_brackets,32,gaussian,greedy,10.0,,16,5,0.602,0.058103,0.636,0.018547,0.528,0.038678,0.644,0.033823,13.456,17,False,128.71,264,False,1.0,0.0,0.26858746859296484,200,0.0019550342130987292,0.00808080808080808,,,,,,,0.5400094696969697,0.10269901644371604,1.243693007329371,1.1794863927335628,0,results/T-sweep-Dyck-2/distributions/not_nested_parentheses_and_brackets_L32_T16_gaussian_greedy_sigma10.0.json
unconditional,not_nested_parentheses_and_brackets,32,gaussian,greedy,5.0,,16,5,0.446,0.023324,0.54,0.028284,0.412,0.027857,0.512,0.039699,12.864,17,False,134.63,206,False,1.0,0.0,0.27434359296482413,200,0.002505480739116818,0.010355987055016181,,,,,,,0.4933252427184466,0.08877906221106985,1.0659077707621398,1.0477437040386388,0,results/T-sweep-Dyck-2/distributions/not_nested_parentheses_and_brackets_L32_T16_gaussian_greedy_sigma5.0.json
unconditional,not_nested_parentheses_and_brackets,32,gaussian,categorical,1.0,,1,5,0.066,0.012,0.066,0.024166,0.006,0.004899,0.846,0.036111,1.0,1,False,21.39,3,True,,,,3,,,,,,,,,0.5416666666666666,0.02946278254943948,1.2433862433862435,0.36411958802296834,0,results/T-sweep-Dyck-2/distributions/not_nested_parentheses_and_brackets_L32_T1_gaussian_categorical_sigma1.0.json
unconditional,not_nested_parentheses_and_brackets,32,gaussian,categorical,2.0,,1,5,0.066,0.012,0.066,0.024166,0.006,0.004899,0.838,0.040694,1.0,1,False,20.96,3,True,,,,3,,,,,,,,,0.5416666666666666,0.02946278254943948,1.2433862433862435,0.36411958802296834,0,results/T-sweep-Dyck-2/distributions/not_nested_parentheses_and_brackets_L32_T1_gaussian_categorical_sigma2.0.json
unconditional,not_nested_parentheses_and_brackets,32,gaussian,categorical,5.0,,1,5,0.066,0.012,0.066,0.024166,0.006,0.004899,0.83,0.037947,1.0,1,False,21.43,3,True,,,,3,,,,,,,,,0.5416666666666666,0.02946278254943948,1.2433862433862435,0.36411958802296834,0,results/T-sweep-Dyck-2/distributions/not_nested_parentheses_and_brackets_L32_T1_gaussian_categorical_sigma5.0.json
unconditional,not_nested_parentheses_and_brackets,32,gaussian,categorical,10.0,,1,5,0.06,0.010954,0.066,0.024166,0.008,0.004,0.78,0.035777,1.002,2,False,18.54,4,True,,,,4,,,,,,,,,0.578125,0.06810779599282303,1.253968253968254,0.31586902765289526,0,results/T-sweep-Dyck-2/distributions/not_nested_parentheses_and_brackets_L32_T1_gaussian_categorical_sigma10.0.json
unconditional,not_nested_parentheses_and_brackets,32,gaussian,categorical,20.0,,1,5,0.062,0.011662,0.07,0.026077,0.008,0.004,0.736,0.018547,1.002,2,False,20.97,4,True,,,,4,,,,,,,,,0.578125,0.06810779599282303,1.253968253968254,0.31586902765289526,0,results/T-sweep-Dyck-2/distributions/not_nested_parentheses_and_brackets_L32_T1_gaussian_categorical_sigma20.0.json
unconditional,not_nested_parentheses_and_brackets,32,gaussian,categorical,50.0,,1,5,0.068,0.01833,0.066,0.025768,0.008,0.004,0.624,0.056427,1.006,2,False,21.5,4,True,,,,4,,,,,,,,,0.515625,0.120017902310447,1.126984126984127,0.3742801943667174,0,results/T-sweep-Dyck-2/distributions/not_nested_parentheses_and_brackets_L32_T1_gaussian_categorical_sigma50.0.json
unconditional,not_nested_parentheses_and_brackets,32,gaussian,categorical,1.0,,2,5,0.056,0.016248,0.078,0.011662,0.014,0.004899,0.43,0.028284,1.492,2,False,15.17,7,False,1.0,0.0,0.25595238095238093,7,0.07373271889400922,0.2904761904761905,,,,,,,0.6160714285714286,0.15821468880954775,1.2312925170068028,0.7421308319625491,0,results/T-sweep-Dyck-2/distributions/not_nested_parentheses_and_brackets_L32_T2_gaussian_categorical_sigma1.0.json
unconditional,not_nested_parentheses_and_brackets,32,gaussian,categorical,2.0,,2,5,0.074,0.020591,0.094,0.024166,0.018,0.007483,0.432,0.041665,1.504,2,False,23.62,9,False,1.0,0.0,0.2604166666666667,9,0.05734767025089606,0.22962962962962963,,,,,,,0.6597222222222222,0.14163943093313291,1.1354497354497353,0.6851326816925271,0,results/T-sweep-Dyck-2/distributions/not_nested_parentheses_and_brackets_L32_T2_gaussian_categorical_sigma2.0.json
unconditional,not_nested_parentheses_and_brackets,32,gaussian,categorical,10.0,,2,5,0.086,0.018547,0.128,0.021354,0.02,0.006325,0.584,0.030067,1.72,3,False,14.88,10,False,1.0,0.0,0.259375,10,0.05161290322580645,0.20333333333333334,,,,,,,0.5375,0.10897247358851683,1.0025974025974027,0.32454754580331313,0,results/T-sweep-Dyck-2/distributions/not_nested_parentheses_and_brackets_L32_T2_gaussian_categorical_sigma10.0.json
unconditional,not_nested_parentheses_and_brackets,32,gaussian,categorical,5.0,,2,5,0.1,0.014142,0.076,0.018547,0.024,0.013565,0.488,0.039699,1.57,2,False,24.17,12,False,1.0,0.0,0.2677556818181818,12,0.043010752688172046,0.175,,,,,,,0.5416666666666666,0.19320038532282716,1.1206830206830207,0.6550587216711022,0,results/T-sweep-Dyck-2/distributions/not_nested_parentheses_and_brackets_L32_T2_gaussian_categorical_sigma5.0.json
unconditional,not_nested_parentheses_and_brackets,32,gaussian,categorical,50.0,,2,5,0.136,0.033823,0.162,0.031875,0.056,0.024166,0.594,0.045869,1.882,3,False,14.28,25,False,1.0,0.0,0.26240577889447236,25,0.020752269779507133,0.08579088471849866,,,,,,,0.4325,0.08697062083766499,0.9816493506493507,0.40211097017580344,0,results/T-sweep-Dyck-2/distributions/not_nested_parentheses_and_brackets_L32_T2_gaussian_categorical_sigma50.0.json
unconditional,not_nested_parentheses_and_brackets,32,gaussian,categorical,20.0,,2,5,0.108,0.017205,0.13,0.020976,0.036,0.017436,0.686,0.020591,1.81,3,False,22.67,17,False,1.0,0.0,0.2632610701107011,17,0.030476190476190476,0.12598425196850394,,,,,,,0.49411764705882355,0.10101667442611009,1.109547152194211,0.46400564686417,0,results/T-sweep-Dyck-2/distributions/not_nested_parentheses_and_brackets_L32_T2_gaussian_categorical_sigma20.0.json
unconditional,not_nested_parentheses_and_brackets,32,gaussian,categorical,2.0,,4,5,0.156,0.018547,0.154,0.013565,0.102,0.011662,0.29,0.032863,2.732,4,False,22.22,51,False,1.0,0.0,0.2680269607843137,51,0.010120177103099304,0.04183006535947712,,,,,,,0.5465686274509803,0.12793319410152343,0.9630478454007866,0.3809360641439999,0,results/T-sweep-Dyck-2/distributions/not_nested_parentheses_and_brackets_L32_T4_gaussian_categorical_sigma2.0.json
unconditional,not_nested_parentheses_and_brackets,32,gaussian,categorical,1.0,,4,5,0.138,0.052307,0.124,0.044989,0.07,0.040497,0.308,0.082316,2.592,4,False,33.39,34,False,1.0,0.0,0.2710282976827095,34,0.015180265654648957,0.06274509803921569,,,,,,,0.5514705882352942,0.12451245751379485,1.047839741957389,0.5410916688437156,0,results/T-sweep-Dyck-2/distributions/not_nested_parentheses_and_brackets_L32_T4_gaussian_categorical_sigma1.0.json
unconditional,not_nested_parentheses_and_brackets,32,gaussian,greedy,5.0,,32,5,0.692,0.059127,0.77,0.0498,0.672,0.057061,0.746,0.049234,27.47,33,False,189.26,336,False,1.0,0.0,0.26587233040201,200,0.0015360983102918587,0.006349206349206349,,,,,,,0.46335565476190477,0.07666015272384158,0.8723612366469509,0.6446159503880621,0,results/T-sweep-Dyck-2/distributions/not_nested_parentheses_and_brackets_L32_T32_gaussian_greedy_sigma5.0.json
unconditional,not_nested_parentheses_and_brackets,32,gaussian,greedy,50.0,,32,5,0.842,0.019391,0.952,0.013266,0.832,0.020396,0.924,0.014967,30.06,33,False,192.64,416,False,1.0,0.0,0.25202418341708543,200,0.0012406947890818859,0.005128205128205128,,,,,,,0.5934495192307693,0.10391552990548665,0.9208951305105152,0.571821261055066,0,results/T-sweep-Dyck-2/distributions/not_nested_parentheses_and_brackets_L32_T32_gaussian_greedy_sigma50.0.json
unconditional,not_nested_parentheses_and_brackets,32,gaussian,categorical,5.0,,4,5,0.17,0.017889,0.174,0.048415,0.114,0.025768,0.24,0.065115,2.854,5,False,38.68,57,False,1.0,0.0,0.2690345368916798,57,0.009075439591605219,0.03751465416178194,,,,,,,0.5167397660818713,0.11477818686859437,1.223913318650161,0.6121592477747947,0,results/T-sweep-Dyck-2/distributions/not_nested_parentheses_and_brackets_L32_T4_gaussian_categorical_sigma5.0.json
unconditional,not_nested_parentheses_and_brackets,32,gaussian,categorical,10.0,,4,5,0.166,0.018547,0.178,0.021354,0.114,0.017436,0.24,0.038471,3.014,5,False,24.88,57,False,1.0,0.0,0.26766069464089265,57,0.009085746734809767,0.03755868544600939,,,,,,,0.48698830409356725,0.09665163655914238,1.03895850737956,0.39746359932196546,0,results/T-sweep-Dyck-2/distributions/not_nested_parentheses_and_brackets_L32_T4_gaussian_categorical_sigma10.0.json
unconditional,parentheses_and_brackets,32,gaussian,greedy,20.0,,64,5,0.93,0.026833,1.0,0.0,0.93,0.026833,0.978,0.016,56.714,64,False,4166.7,465,False,1.0,0.0,0.14092101130653267,200,0.00027748872702046477,0.0005734767025089606,,,,,,,0.36989247311827955,0.10209888337468145,0.0,0.0,0,results/T-sweep-Dyck-2/distributions/parentheses_and_brackets_L32_T64_gaussian_greedy_sigma20.0.json
unconditional,not_nested_parentheses_and_brackets,32,gaussian,greedy,1.0,,32,5,0.422,0.060465,0.356,0.077872,0.33,0.075366,0.344,0.075525,26.29,32,False,228.29,165,False,1.0,0.0,0.23217618255728012,165,0.0031280547409579668,0.01292929292929293,,,,,,,0.42234848484848486,0.04137293157852469,0.45286982377891466,0.23562728811980008,0,results/T-sweep-Dyck-2/distributions/not_nested_parentheses_and_brackets_L32_T32_gaussian_greedy_sigma1.0.json
unconditional,not_nested_parentheses_and_brackets,32,gaussian,categorical,50.0,,4,5,0.242,0.017205,0.262,0.045343,0.188,0.029257,0.368,0.0449,3.382,5,False,33.76,94,False,1.0,0.0,0.2680270936137508,94,0.005517241379310344,0.022808267997148968,,,,,,,0.4375886524822695,0.08332663697253996,1.0263547327377114,0.3716530671140052,0,results/T-sweep-Dyck-2/distributions/not_nested_parentheses_and_brackets_L32_T4_gaussian_categorical_sigma50.0.json
unconditional,not_nested_parentheses_and_brackets,32,gaussian,categorical,20.0,,4,5,0.206,0.014967,0.196,0.042708,0.146,0.036111,0.292,0.03763,3.174,5,False,38.06,73,False,1.0,0.0,0.2648179912330856,73,0.007082779991146525,0.0292772186642269,,,,,,,0.4382990867579909,0.09004548554170544,1.099442072387278,0.4396317660280252,0,results/T-sweep-Dyck-2/distributions/not_nested_parentheses_and_brackets_L32_T4_gaussian_categorical_sigma20.0.json
unconditional,not_nested_parentheses_and_brackets,32,gaussian,greedy,2.0,,32,5,0.526,0.05004,0.534,0.041761,0.484,0.049639,0.526,0.030067,26.492,33,False,240.49,242,False,1.0,0.0,0.24815797738693468,200,0.0021327645961077045,0.008815426997245178,,,,,,,0.4269111570247934,0.05330831265229512,0.5286579352695056,0.36887853985333796,0,results/T-sweep-Dyck-2/distributions/not_nested_parentheses_and_brackets_L32_T32_gaussian_greedy_sigma2.0.json
unconditional,not_nested_parentheses_and_brackets,32,gaussian,greedy,20.0,,32,5,0.832,0.044452,0.914,0.027276,0.816,0.049639,0.904,0.026533,28.664,33,False,228.74,408,False,1.0,0.0,0.25521199748743717,200,0.001265022137887413,0.00522875816993464,,,,,,,0.5715379901960784,0.10458562212734888,0.9451353657236011,0.604396216475669,0,results/T-sweep-Dyck-2/distributions/not_nested_parentheses_and_brackets_L32_T32_gaussian_greedy_sigma20.0.json
unconditional,not_nested_parentheses_and_brackets,32,gaussian,categorical,5.0,,8,5,0.312,0.037094,0.328,0.033106,0.262,0.033705,0.382,0.051147,5.946,9,False,42.07,128,False,1.0,0.0,0.2680075232886638,128,0.00404244567963618,0.01671018276762402,,,,,,,0.47044270833333335,0.11639015490425791,0.9916779401154402,0.3742390959236247,0,results/T-sweep-Dyck-2/distributions/not_nested_parentheses_and_brackets_L32_T8_gaussian_categorical_sigma5.0.json
unconditional,not_nested_parentheses_and_brackets,32,gaussian,categorical,10.0,,8,5,0.302,0.03763,0.308,0.034293,0.262,0.031875,0.378,0.017205,6.202,9,False,44.38,131,False,1.0,0.0,0.2702175750670734,131,0.003945745992601726,0.0163098878695209,,,,,,,0.4405216284987278,0.10860951953707386,1.0824328343412313,0.46092768436667353,0,results/T-sweep-Dyck-2/distributions/not_nested_parentheses_and_brackets_L32_T8_gaussian_categorical_sigma10.0.json
unconditional,not_nested_parentheses_and_brackets,32,gaussian,categorical,1.0,,8,5,0.218,0.053442,0.198,0.009798,0.146,0.02498,0.174,0.028705,5.33,8,False,56.89,72,False,1.0,0.0,0.273949785670545,72,0.00718132854578097,0.029684601113172542,,,,,,,0.515625,0.12458021719749612,1.1343133332716666,0.5515012722178507,0,results/T-sweep-Dyck-2/distributions/not_nested_parentheses_and_brackets_L32_T8_gaussian_categorical_sigma1.0.json
unconditional,not_nested_parentheses_and_brackets,32,gaussian,greedy,10.0,,32,5,0.778,0.037094,0.838,0.037094,0.736,0.035553,0.828,0.053066,27.666,33,False,257.92,368,False,1.0,0.0,0.2616763505025126,200,0.001402524544179523,0.005797101449275362,,,,,,,0.5254755434782609,0.08903798621282416,1.0536779645475298,0.7804902074197468,0,results/T-sweep-Dyck-2/distributions/not_nested_parentheses_and_brackets_L32_T32_gaussian_greedy_sigma10.0.json
unconditional,not_nested_parentheses_and_brackets,32,gaussian,categorical,20.0,,8,5,0.446,0.034986,0.416,0.032,0.378,0.04996,0.48,0.05099,6.624,9,False,53.77,189,False,1.0,0.0,0.2682265037130022,189,0.002737382378100941,0.011315417256011316,,,,,,,0.44010141093474425,0.09973248685322807,1.0877566290264704,0.4135824562449186,0,results/T-sweep-Dyck-2/distributions/not_nested_parentheses_and_brackets_L32_T8_gaussian_categorical_sigma20.0.json
unconditional,parentheses_and_brackets,32,ebsampler,categorical,,0.1,32,5,1.0,0.0,1.0,0.0,1.0,0.0,1.0,0.0,31.526,33,False,870.93,500,False,1.0,0.0,0.27197716979961534,200,0.0009143155694879833,0.0032406157169862274,,,,,,,0.364543315018315,0.09785704107260966,1.161052147852148,0.7316348594809261,0,results/T-sweep-Dyck-2/distributions/parentheses_and_brackets_L32_T32_ebsampler_categorical_gamma0.1.json
unconditional,not_nested_parentheses_and_brackets,32,gaussian,categorical,2.0,,8,5,0.242,0.033106,0.226,0.033823,0.162,0.023152,0.244,0.040792,5.436,8,False,60.58,79,False,1.0,0.0,0.2664951174452362,79,0.006538618716796077,0.02702702702702703,,,,,,,0.48765822784810126,0.1074461461897852,1.0158876285458565,0.395211883383797,0,results/T-sweep-Dyck-2/distributions/not_nested_parentheses_and_brackets_L32_T8_gaussian_categorical_sigma2.0.json
unconditional,parentheses_and_brackets,32,ebsampler,categorical,,0.5,32,5,0.972,0.011662,1.0,0.0,0.972,0.011662,0.958,0.021354,29.318,32,False,856.15,479,False,1.0,0.0,0.2697234202508606,200,0.0009498609132234209,0.0033660589060308557,,,,,,,0.3554267322795507,0.09302195862078999,1.1392950183659998,0.6544143027773245,0,results/T-sweep-Dyck-2/distributions/parentheses_and_brackets_L32_T32_ebsampler_categorical_gamma0.5.json
unconditional,not_nested_parentheses_and_brackets,32,gaussian,categorical,50.0,,8,5,0.492,0.043081,0.484,0.028705,0.436,0.02498,0.562,0.056,6.938,9,False,55.49,218,False,1.0,0.0,0.2687466152819234,200,0.0023745918670228555,0.0098159509202454,,,,,,,0.4397553516819572,0.09442613320696576,1.0803520001914497,0.44815501281804154,0,results/T-sweep-Dyck-2/distributions/not_nested_parentheses_and_brackets_L32_T8_gaussian_categorical_sigma50.0.json
unconditional,parentheses_and_brackets,32,ebsampler,categorical,,0.1,64,5,1.0,0.0,1.0,0.0,1.0,0.0,1.0,0.0,31.526,33,False,807.2,500,False,1.0,0.0,0.27197716979961534,200,0.0009143155694879833,0.0032406157169862274,,,,,,,0.364543315018315,0.09785704107260966,1.161052147852148,0.7316348594809261,0,results/T-sweep-Dyck-2/distributions/parentheses_and_brackets_L32_T64_ebsampler_categorical_gamma0.1.json
unconditional,parentheses_and_brackets,32,ebsampler,categorical,,0.9,64,5,0.924,0.018547,1.0,0.0,0.924,0.018547,0.912,0.027857,25.282,31,False,708.67,456,False,1.0,0.0,0.269092950611006,200,0.0009971509971509972,0.0035335689045936395,,,,,,,0.35689875730994153,0.10049693497074526,1.1468809638217534,0.6627150680766581,0,results/T-sweep-Dyck-2/distributions/parentheses_and_brackets_L32_T64_ebsampler_categorical_gamma0.9.json
unconditional,not_nested_parentheses_and_brackets,32,gaussian,categorical,10.0,,16,5,0.572,0.046648,0.596,0.04128,0.554,0.043635,0.61,0.033466,13.08,17,False,78.56,275,False,1.0,0.0,0.26914459337793456,200,0.0018852362436667844,0.007793472966390648,,,,,,,0.4346688311688312,0.10000618845752829,1.0584945559491015,0.4218332742289531,0,results/T-sweep-Dyck-2/distributions/not_nested_parentheses_and_brackets_L32_T16_gaussian_categorical_sigma10.0.json
unconditional,not_nested_parentheses_and_brackets,32,gaussian,categorical,1.0,,16,5,0.378,0.03763,0.382,0.024,0.33,0.028284,0.366,0.018547,11.996,16,False,112.53,163,False,1.0,0.0,0.2701886488076598,163,0.0031739734179726245,0.013120131201312012,,,,,,,0.47119120654396723,0.10135037331357274,1.069816260767181,0.42497056271066896,0,results/T-sweep-Dyck-2/distributions/not_nested_parentheses_and_brackets_L32_T16_gaussian_categorical_sigma1.0.json
unconditional,not_nested_parentheses_and_brackets,32,gaussian,categorical,2.0,,16,5,0.428,0.046648,0.438,0.063056,0.372,0.055642,0.412,0.061123,12.094,17,False,121.34,184,False,1.0,0.0,0.2709377123653662,184,0.0028139289482940555,0.011632133769538349,,,,,,,0.4539628623188406,0.10808419643100296,1.0878164408055713,0.4635221001986201,0,results/T-sweep-Dyck-2/distributions/not_nested_parentheses_and_brackets_L32_T16_gaussian_categorical_sigma2.0.json
unconditional,not_nested_parentheses_and_brackets,32,gaussian,categorical,50.0,,16,5,0.654,0.04128,0.66,0.05099,0.626,0.049234,0.706,0.02245,14.274,17,False,97.05,313,False,1.0,0.0,0.269754729761661,200,0.0016540887005065646,0.006837606837606838,,,,,,,0.42466719914802975,0.10070279177677721,1.0630885532642722,0.43398457586434475,0,results/T-sweep-Dyck-2/distributions/not_nested_parentheses_and_brackets_L32_T16_gaussian_categorical_sigma50.0.json
unconditional,not_nested_parentheses_and_brackets,32,gaussian,categorical,20.0,,16,5,0.648,0.036551,0.648,0.029257,0.614,0.033226,0.68,0.016733,13.644,17,False,98.19,307,False,1.0,0.0,0.2684073222357866,200,0.0016893675430260796,0.006983849847228284,,,,,,,0.43601675197766404,0.10289981558936119,1.0761023449948532,0.4281259250621142,0,results/T-sweep-Dyck-2/distributions/not_nested_parentheses_and_brackets_L32_T16_gaussian_categorical_sigma20.0.json
unconditional,not_nested_parentheses_and_brackets,32,gaussian,categorical,5.0,,16,5,0.512,0.020396,0.516,0.032,0.486,0.02245,0.546,0.018547,12.764,17,False,125.11,242,False,1.0,0.0,0.2700469767383282,200,0.0021407546160021407,0.008849557522123894,,,,,,,0.4407467532467533,0.09725673000212348,1.0707675932882545,0.452183009164907,0,results/T-sweep-Dyck-2/distributions/not_nested_parentheses_and_brackets_L32_T16_gaussian_categorical_sigma5.0.json
unconditional,not_nested_parentheses_and_brackets,32,gaussian,greedy,1.0,,64,5,0.698,0.017205,0.654,0.025768,0.626,0.049234,0.626,0.049234,55.614,63,False,384.91,313,False,1.0,0.0,0.20204773869346734,200,0.0016489745439554778,0.006815761448349307,,,,,,,0.40595047923322686,0.03873801916932908,0.32844790991755846,0.1299761228292708,0,results/T-sweep-Dyck-2/distributions/not_nested_parentheses_and_brackets_L32_T64_gaussian_greedy_sigma1.0.json
unconditional,parentheses_and_brackets,32,ebsampler,categorical,,0.5,64,5,0.972,0.011662,1.0,0.0,0.972,0.011662,0.958,0.021354,29.318,32,False,843.25,479,False,1.0,0.0,0.2697234202508606,200,0.0009498609132234209,0.0033660589060308557,,,,,,,0.3554267322795507,0.09302195862078999,1.1392950183659998,0.6544143027773245,0,results/T-sweep-Dyck-2/distributions/parentheses_and_brackets_L32_T64_ebsampler_categorical_gamma0.5.json
unconditional,not_nested_parentheses_and_brackets,32,ar,greedy,,,34,1,1.0,0.0,1.0,0.0,1.0,0.0,1.0,0.0,33.0,33,True,44.57,100,False,0.01,0.99,0.0,100,0.0025806451612903226,0.0036666666666666666,,,,,,,0.375,0.0,0.23076923076923075,2.7755575615628914e-17,0,results/T-sweep-Dyck-2/distributions/not_nested_parentheses_and_brackets_L32_T34_ar_greedy_none.json
unconditional,not_nested_parentheses_and_brackets,32,ebsampler,greedy,,0.1,1,1,1.0,0.0,1.0,0.0,1.0,0.0,1.0,0.0,33.0,33,True,17.18,100,False,0.01,0.99,0.0,100,0.002903225806451613,0.005333333333333333,,,,,,,0.6875,0.0,0.45454545454545453,0.0,0,results/T-sweep-Dyck-2/distributions/not_nested_parentheses_and_brackets_L32_T1_ebsampler_greedy_gamma0.1.json
unconditional,not_nested_parentheses_and_brackets,32,ebsampler,greedy,,0.9,1,1,1.0,0.0,1.0,0.0,1.0,0.0,1.0,0.0,31.0,31,True,15.86,100,False,0.01,0.99,0.0,100,0.002903225806451613,0.005333333333333333,,,,,,,0.6875,0.0,0.45454545454545453,0.0,0,results/T-sweep-Dyck-2/distributions/not_nested_parentheses_and_brackets_L32_T1_ebsampler_greedy_gamma0.9.json
unconditional,not_nested_parentheses_and_brackets,32,ebsampler,greedy,,0.5,1,1,1.0,0.0,1.0,0.0,1.0,0.0,1.0,0.0,32.0,32,True,16.65,100,False,0.01,0.99,0.0,100,0.002903225806451613,0.005333333333333333,,,,,,,0.6875,0.0,0.45454545454545453,0.0,0,results/T-sweep-Dyck-2/distributions/not_nested_parentheses_and_brackets_L32_T1_ebsampler_greedy_gamma0.5.json
unconditional,not_nested_parentheses_and_brackets,32,ebsampler,greedy,,2.0,1,1,1.0,0.0,1.0,0.0,1.0,0.0,1.0,0.0,16.0,16,True,9.55,100,False,0.01,0.99,0.0,100,0.0032258064516129032,0.005333333333333333,,,,,,,0.75,0.0,0.23076923076923075,2.7755575615628914e-17,0,results/T-sweep-Dyck-2/distributions/not_nested_parentheses_and_brackets_L32_T1_ebsampler_greedy_gamma2.0.json
unconditional,not_nested_parentheses_and_brackets,32,ebsampler,greedy,,10.0,1,1,0.0,0.0,0.0,0.0,0.0,0.0,1.0,0.0,4.0,4,True,5.28,0,True,,,,0,,,,,,,,,,,,,0,results/T-sweep-Dyck-2/distributions/not_nested_parentheses_and_brackets_L32_T1_ebsampler_greedy_gamma10.0.json
unconditional,not_nested_parentheses_and_brackets,32,ebsampler,greedy,,5.0,1,1,1.0,0.0,1.0,0.0,1.0,0.0,1.0,0.0,8.0,8,True,6.63,100,False,0.01,0.99,0.0,100,0.0032258064516129032,0.006,,,,,,,0.8125,0.0,0.23076923076923075,2.7755575615628914e-17,0,results/T-sweep-Dyck-2/distributions/not_nested_parentheses_and_brackets_L32_T1_ebsampler_greedy_gamma5.0.json
unconditional,not_nested_parentheses_and_brackets,32,gaussian,greedy,2.0,,64,5,0.734,0.033226,0.736,0.048,0.692,0.042615,0.71,0.038471,54.95,64,False,376.72,346,False,1.0,0.0,0.22952104271356785,200,0.0014917024053701287,0.006165703275529865,,,,,,,0.40841763005780346,0.0500726322876076,0.42720234165320875,0.21858967782980546,0,results/T-sweep-Dyck-2/distributions/not_nested_parentheses_and_brackets_L32_T64_gaussian_greedy_sigma2.0.json
unconditional,not_nested_parentheses_and_brackets,32,gaussian,categorical,5.0,,32,5,0.698,0.027857,0.692,0.029257,0.676,0.028,0.724,0.02245,26.094,33,False,159.7,338,False,1.0,0.0,0.26932749722884897,200,0.0015334483419589802,0.006339144215530904,,,,,,,0.4268103691180614,0.09389519409190873,1.0675486824155462,0.4187162655930868,0,results/T-sweep-Dyck-2/distributions/not_nested_parentheses_and_brackets_L32_T32_gaussian_categorical_sigma5.0.json
unconditional,not_nested_parentheses_and_brackets,32,ebsampler,greedy,,5.0,2,1,1.0,0.0,1.0,0.0,1.0,0.0,1.0,0.0,8.0,8,True,6.69,100,False,0.01,0.99,0.0,100,0.0032258064516129032,0.006,,,,,,,0.8125,0.0,0.23076923076923075,2.7755575615628914e-17,0,results/T-sweep-Dyck-2/distributions/not_nested_parentheses_and_brackets_L32_T2_ebsampler_greedy_gamma5.0.json
unconditional,not_nested_parentheses_and_brackets,32,ebsampler,greedy,,2.0,2,1,1.0,0.0,1.0,0.0,1.0,0.0,1.0,0.0,16.0,16,True,9.64,100,False,0.01,0.99,0.0,100,0.0032258064516129032,0.005333333333333333,,,,,,,0.75,0.0,0.23076923076923075,2.7755575615628914e-17,0,results/T-sweep-Dyck-2/distributions/not_nested_parentheses_and_brackets_L32_T2_ebsampler_greedy_gamma2.0.json
unconditional,not_nested_parentheses_and_brackets,32,ebsampler,greedy,,0.9,2,1,1.0,0.0,1.0,0.0,1.0,0.0,1.0,0.0,31.0,31,True,15.45,100,False,0.01,0.99,0.0,100,0.002903225806451613,0.005333333333333333,,,,,,,0.6875,0.0,0.45454545454545453,0.0,0,results/T-sweep-Dyck-2/distributions/not_nested_parentheses_and_brackets_L32_T2_ebsampler_greedy_gamma0.9.json
unconditional,not_nested_parentheses_and_brackets,32,ebsampler,greedy,,0.1,2,1,1.0,0.0,1.0,0.0,1.0,0.0,1.0,0.0,33.0,33,True,17.22,100,False,0.01,0.99,0.0,100,0.002903225806451613,0.005333333333333333,,,,,,,0.6875,0.0,0.45454545454545453,0.0,0,results/T-sweep-Dyck-2/distributions/not_nested_parentheses_and_brackets_L32_T2_ebsampler_greedy_gamma0.1.json
unconditional,not_nested_parentheses_and_brackets,32,ebsampler,greedy,,0.5,2,1,1.0,0.0,1.0,0.0,1.0,0.0,1.0,0.0,32.0,32,True,16.69,100,False,0.01,0.99,0.0,100,0.002903225806451613,0.005333333333333333,,,,,,,0.6875,0.0,0.45454545454545453,0.0,0,results/T-sweep-Dyck-2/distributions/not_nested_parentheses_and_brackets_L32_T2_ebsampler_greedy_gamma0.5.json
unconditional,not_nested_parentheses_and_brackets,32,ebsampler,greedy,,10.0,2,1,0.0,0.0,0.0,0.0,0.0,0.0,1.0,0.0,4.0,4,True,5.28,0,True,,,,0,,,,,,,,,,,,,0,results/T-sweep-Dyck-2/distributions/not_nested_parentheses_and_brackets_L32_T2_ebsampler_greedy_gamma10.0.json
unconditional,not_nested_parentheses_and_brackets,32,gaussian,greedy,50.0,,64,5,0.92,0.030332,0.988,0.009798,0.914,0.032619,0.97,0.018974,58.762,64,False,369.86,457,False,1.0,0.0,0.24688991834170854,200,0.001129385190936684,0.0046681254558716264,,,,,,,0.5925875273522976,0.10270596533255787,0.8425519046963248,0.4967543841117787,0,results/T-sweep-Dyck-2/distributions/not_nested_parentheses_and_brackets_L32_T64_gaussian_greedy_sigma50.0.json
unconditional,not_nested_parentheses_and_brackets,32,ebsampler,greedy,,2.0,4,1,1.0,0.0,1.0,0.0,1.0,0.0,1.0,0.0,16.0,16,True,9.8,100,False,0.01,0.99,0.0,100,0.0032258064516129032,0.005333333333333333,,,,,,,0.75,0.0,0.23076923076923075,2.7755575615628914e-17,0,results/T-sweep-Dyck-2/distributions/not_nested_parentheses_and_brackets_L32_T4_ebsampler_greedy_gamma2.0.json
unconditional,not_nested_parentheses_and_brackets,32,ebsampler,greedy,,5.0,4,1,1.0,0.0,1.0,0.0,1.0,0.0,1.0,0.0,8.0,8,True,6.71,100,False,0.01,0.99,0.0,100,0.0032258064516129032,0.006,,,,,,,0.8125,0.0,0.23076923076923075,2.7755575615628914e-17,0,results/T-sweep-Dyck-2/distributions/not_nested_parentheses_and_brackets_L32_T4_ebsampler_greedy_gamma5.0.json
unconditional,not_nested_parentheses_and_brackets,32,ebsampler,greedy,,10.0,4,1,0.0,0.0,0.0,0.0,0.0,0.0,1.0,0.0,4.0,4,True,5.13,0,True,,,,0,,,,,,,,,,,,,0,results/T-sweep-Dyck-2/distributions/not_nested_parentheses_and_brackets_L32_T4_ebsampler_greedy_gamma10.0.json
unconditional,not_nested_parentheses_and_brackets,32,ebsampler,greedy,,0.9,4,1,1.0,0.0,1.0,0.0,1.0,0.0,1.0,0.0,31.0,31,True,15.49,100,False,0.01,0.99,0.0,100,0.002903225806451613,0.005333333333333333,,,,,,,0.6875,0.0,0.45454545454545453,0.0,0,results/T-sweep-Dyck-2/distributions/not_nested_parentheses_and_brackets_L32_T4_ebsampler_greedy_gamma0.9.json
unconditional,not_nested_parentheses_and_brackets,32,ebsampler,greedy,,0.5,4,1,1.0,0.0,1.0,0.0,1.0,0.0,1.0,0.0,32.0,32,True,16.39,100,False,0.01,0.99,0.0,100,0.002903225806451613,0.005333333333333333,,,,,,,0.6875,0.0,0.45454545454545453,0.0,0,results/T-sweep-Dyck-2/distributions/not_nested_parentheses_and_brackets_L32_T4_ebsampler_greedy_gamma0.5.json
unconditional,not_nested_parentheses_and_brackets,32,ebsampler,greedy,,0.1,4,1,1.0,0.0,1.0,0.0,1.0,0.0,1.0,0.0,33.0,33,True,17.36,100,False,0.01,0.99,0.0,100,0.002903225806451613,0.005333333333333333,,,,,,,0.6875,0.0,0.45454545454545453,0.0,0,results/T-sweep-Dyck-2/distributions/not_nested_parentheses_and_brackets_L32_T4_ebsampler_greedy_gamma0.1.json
unconditional,not_nested_parentheses_and_brackets,32,ebsampler,greedy,,10.0,8,1,0.0,0.0,0.0,0.0,0.0,0.0,1.0,0.0,4.0,4,True,5.11,0,True,,,,0,,,,,,,,,,,,,0,results/T-sweep-Dyck-2/distributions/not_nested_parentheses_and_brackets_L32_T8_ebsampler_greedy_gamma10.0.json
unconditional,not_nested_parentheses_and_brackets,32,ebsampler,greedy,,5.0,8,1,1.0,0.0,1.0,0.0,1.0,0.0,1.0,0.0,8.0,8,True,6.4,100,False,0.01,0.99,0.0,100,0.0032258064516129032,0.006,,,,,,,0.8125,0.0,0.23076923076923075,2.7755575615628914e-17,0,results/T-sweep-Dyck-2/distributions/not_nested_parentheses_and_brackets_L32_T8_ebsampler_greedy_gamma5.0.json
unconditional,not_nested_parentheses_and_brackets,32,ebsampler,greedy,,2.0,8,1,1.0,0.0,1.0,0.0,1.0,0.0,1.0,0.0,16.0,16,True,9.55,100,False,0.01,0.99,0.0,100,0.0032258064516129032,0.005333333333333333,,,,,,,0.75,0.0,0.23076923076923075,2.7755575615628914e-17,0,results/T-sweep-Dyck-2/distributions/not_nested_parentheses_and_brackets_L32_T8_ebsampler_greedy_gamma2.0.json
unconditional,not_nested_parentheses_and_brackets,32,ebsampler,greedy,,0.5,8,1,1.0,0.0,1.0,0.0,1.0,0.0,1.0,0.0,32.0,32,True,16.85,100,False,0.01,0.99,0.0,100,0.002903225806451613,0.005333333333333333,,,,,,,0.6875,0.0,0.45454545454545453,0.0,0,results/T-sweep-Dyck-2/distributions/not_nested_parentheses_and_brackets_L32_T8_ebsampler_greedy_gamma0.5.json
unconditional,not_nested_parentheses_and_brackets,32,ebsampler,greedy,,0.1,8,1,1.0,0.0,1.0,0.0,1.0,0.0,1.0,0.0,33.0,33,True,17.52,100,False,0.01,0.99,0.0,100,0.002903225806451613,0.005333333333333333,,,,,,,0.6875,0.0,0.45454545454545453,0.0,0,results/T-sweep-Dyck-2/distributions/not_nested_parentheses_and_brackets_L32_T8_ebsampler_greedy_gamma0.1.json
unconditional,not_nested_parentheses_and_brackets,32,ebsampler,greedy,,0.9,8,1,1.0,0.0,1.0,0.0,1.0,0.0,1.0,0.0,31.0,31,True,15.54,100,False,0.01,0.99,0.0,100,0.002903225806451613,0.005333333333333333,,,,,,,0.6875,0.0,0.45454545454545453,0.0,0,results/T-sweep-Dyck-2/distributions/not_nested_parentheses_and_brackets_L32_T8_ebsampler_greedy_gamma0.9.json
unconditional,not_nested_parentheses_and_brackets,32,gaussian,categorical,10.0,,32,5,0.746,0.047159,0.73,0.038471,0.718,0.048332,0.746,0.034986,26.452,33,False,195.1,358,False,1.0,0.0,0.27045200910449363,200,0.001448225923244026,0.00598690364826941,,,,,,,0.4197343043362597,0.09059203629598751,1.0543522740450115,0.47434203655688983,0,results/T-sweep-Dyck-2/distributions/not_nested_parentheses_and_brackets_L32_T32_gaussian_categorical_sigma10.0.json
unconditional,not_nested_parentheses_and_brackets,32,gaussian,categorical,2.0,,32,5,0.648,0.03544,0.654,0.044091,0.618,0.044452,0.65,0.04858,26.542,33,False,201.25,305,False,1.0,0.0,0.2704823677860669,200,0.0017019466014253802,0.007036059806508356,,,,,,,0.44300141115714886,0.09953772077835782,1.08344853689116,0.42039805072967396,0,results/T-sweep-Dyck-2/distributions/not_nested_parentheses_and_brackets_L32_T32_gaussian_categorical_sigma2.0.json
unconditional,not_nested_parentheses_and_brackets,32,gaussian,categorical,50.0,,32,5,0.81,0.055498,0.788,0.054185,0.78,0.068993,0.836,0.051614,28.988,33,False,193.96,390,False,1.0,0.0,0.26909752910280044,200,0.0013300083125519534,0.005498281786941581,,,,,,,0.43207112332112335,0.09701795404651849,1.0574510674510675,0.44780345090868057,0,results/T-sweep-Dyck-2/distributions/not_nested_parentheses_and_brackets_L32_T32_gaussian_categorical_sigma50.0.json
unconditional,not_nested_parentheses_and_brackets,32,ebsampler,greedy,,10.0,16,1,0.0,0.0,0.0,0.0,0.0,0.0,1.0,0.0,4.0,4,True,5.08,0,True,,,,0,,,,,,,,,,,,,0,results/T-sweep-Dyck-2/distributions/not_nested_parentheses_and_brackets_L32_T16_ebsampler_greedy_gamma10.0.json
unconditional,not_nested_parentheses_and_brackets,32,ebsampler,greedy,,5.0,16,1,1.0,0.0,1.0,0.0,1.0,0.0,1.0,0.0,8.0,8,True,6.63,100,False,0.01,0.99,0.0,100,0.0032258064516129032,0.006,,,,,,,0.8125,0.0,0.23076923076923075,2.7755575615628914e-17,0,results/T-sweep-Dyck-2/distributions/not_nested_parentheses_and_brackets_L32_T16_ebsampler_greedy_gamma5.0.json
unconditional,not_nested_parentheses_and_brackets,32,gaussian,categorical,1.0,,32,5,0.6,0.038471,0.616,0.038781,0.576,0.045869,0.586,0.040792,25.808,32,False,213.69,287,False,1.0,0.0,0.27100796996578,200,0.0018036298049825274,0.007455731593662628,,,,,,,0.43803716608594656,0.09856212862265026,1.072127195297927,0.4800572897098136,0,results/T-sweep-Dyck-2/distributions/not_nested_parentheses_and_brackets_L32_T32_gaussian_categorical_sigma1.0.json
unconditional,not_nested_parentheses_and_brackets,32,ebsampler,greedy,,0.9,16,1,1.0,0.0,1.0,0.0,1.0,0.0,1.0,0.0,31.0,31,True,9.92,100,False,0.01,0.99,0.0,100,0.002903225806451613,0.005333333333333333,,,,,,,0.6875,0.0,0.45454545454545453,0.0,0,results/T-sweep-Dyck-2/distributions/not_nested_parentheses_and_brackets_L32_T16_ebsampler_greedy_gamma0.9.json
unconditional,not_nested_parentheses_and_brackets,32,ebsampler,greedy,,2.0,16,1,1.0,0.0,1.0,0.0,1.0,0.0,1.0,0.0,16.0,16,True,10.13,100,False,0.01,0.99,0.0,100,0.0032258064516129032,0.005333333333333333,,,,,,,0.75,0.0,0.23076923076923075,2.7755575615628914e-17,0,results/T-sweep-Dyck-2/distributions/not_nested_parentheses_and_brackets_L32_T16_ebsampler_greedy_gamma2.0.json
unconditional,not_nested_parentheses_and_brackets,32,ebsampler,greedy,,10.0,32,1,0.0,0.0,0.0,0.0,0.0,0.0,1.0,0.0,4.0,4,True,3.27,0,True,,,,0,,,,,,,,,,,,,0,results/T-sweep-Dyck-2/distributions/not_nested_parentheses_and_brackets_L32_T32_ebsampler_greedy_gamma10.0.json
unconditional,not_nested_parentheses_and_brackets,32,ebsampler,greedy,,0.5,16,1,1.0,0.0,1.0,0.0,1.0,0.0,1.0,0.0,32.0,32,True,16.29,100,False,0.01,0.99,0.0,100,0.002903225806451613,0.005333333333333333,,,,,,,0.6875,0.0,0.45454545454545453,0.0,0,results/T-sweep-Dyck-2/distributions/not_nested_parentheses_and_brackets_L32_T16_ebsampler_greedy_gamma0.5.json
unconditional,not_nested_parentheses_and_brackets,32,ebsampler,greedy,,0.1,32,1,1.0,0.0,1.0,0.0,1.0,0.0,1.0,0.0,33.0,33,True,11.07,100,False,0.01,0.99,0.0,100,0.002903225806451613,0.005333333333333333,,,,,,,0.6875,0.0,0.45454545454545453,0.0,0,results/T-sweep-Dyck-2/distributions/not_nested_parentheses_and_brackets_L32_T32_ebsampler_greedy_gamma0.1.json
unconditional,not_nested_parentheses_and_brackets,32,ebsampler,greedy,,0.1,16,1,1.0,0.0,1.0,0.0,1.0,0.0,1.0,0.0,33.0,33,True,17.24,100,False,0.01,0.99,0.0,100,0.002903225806451613,0.005333333333333333,,,,,,,0.6875,0.0,0.45454545454545453,0.0,0,results/T-sweep-Dyck-2/distributions/not_nested_parentheses_and_brackets_L32_T16_ebsampler_greedy_gamma0.1.json
unconditional,not_nested_parentheses_and_brackets,32,ebsampler,greedy,,2.0,32,1,1.0,0.0,1.0,0.0,1.0,0.0,1.0,0.0,16.0,16,True,7.96,100,False,0.01,0.99,0.0,100,0.0032258064516129032,0.005333333333333333,,,,,,,0.75,0.0,0.23076923076923075,2.7755575615628914e-17,0,results/T-sweep-Dyck-2/distributions/not_nested_parentheses_and_brackets_L32_T32_ebsampler_greedy_gamma2.0.json
unconditional,not_nested_parentheses_and_brackets,32,ebsampler,greedy,,5.0,32,1,1.0,0.0,1.0,0.0,1.0,0.0,1.0,0.0,8.0,8,True,6.62,100,False,0.01,0.99,0.0,100,0.0032258064516129032,0.006,,,,,,,0.8125,0.0,0.23076923076923075,2.7755575615628914e-17,0,results/T-sweep-Dyck-2/distributions/not_nested_parentheses_and_brackets_L32_T32_ebsampler_greedy_gamma5.0.json
unconditional,not_nested_parentheses_and_brackets,32,ebsampler,greedy,,5.0,64,1,1.0,0.0,1.0,0.0,1.0,0.0,1.0,0.0,8.0,8,True,4.13,100,False,0.01,0.99,0.0,100,0.0032258064516129032,0.006,,,,,,,0.8125,0.0,0.23076923076923075,2.7755575615628914e-17,0,results/T-sweep-Dyck-2/distributions/not_nested_parentheses_and_brackets_L32_T64_ebsampler_greedy_gamma5.0.json
unconditional,not_nested_parentheses_and_brackets,32,ebsampler,greedy,,10.0,64,1,0.0,0.0,0.0,0.0,0.0,0.0,1.0,0.0,4.0,4,True,5.12,0,True,,,,0,,,,,,,,,,,,,0,results/T-sweep-Dyck-2/distributions/not_nested_parentheses_and_brackets_L32_T64_ebsampler_greedy_gamma10.0.json
unconditional,not_nested_parentheses_and_brackets,32,ebsampler,greedy,,0.5,32,1,1.0,0.0,1.0,0.0,1.0,0.0,1.0,0.0,32.0,32,True,16.6,100,False,0.01,0.99,0.0,100,0.002903225806451613,0.005333333333333333,,,,,,,0.6875,0.0,0.45454545454545453,0.0,0,results/T-sweep-Dyck-2/distributions/not_nested_parentheses_and_brackets_L32_T32_ebsampler_greedy_gamma0.5.json
unconditional,not_nested_parentheses_and_brackets,32,ebsampler,greedy,,0.9,64,1,1.0,0.0,1.0,0.0,1.0,0.0,1.0,0.0,31.0,31,True,10.01,100,False,0.01,0.99,0.0,100,0.002903225806451613,0.005333333333333333,,,,,,,0.6875,0.0,0.45454545454545453,0.0,0,results/T-sweep-Dyck-2/distributions/not_nested_parentheses_and_brackets_L32_T64_ebsampler_greedy_gamma0.9.json
unconditional,not_nested_parentheses_and_brackets,32,ebsampler,greedy,,0.9,32,1,1.0,0.0,1.0,0.0,1.0,0.0,1.0,0.0,31.0,31,True,15.77,100,False,0.01,0.99,0.0,100,0.002903225806451613,0.005333333333333333,,,,,,,0.6875,0.0,0.45454545454545453,0.0,0,results/T-sweep-Dyck-2/distributions/not_nested_parentheses_and_brackets_L32_T32_ebsampler_greedy_gamma0.9.json
unconditional,not_nested_parentheses_and_brackets,32,ebsampler,greedy,,2.0,64,1,1.0,0.0,1.0,0.0,1.0,0.0,1.0,0.0,16.0,16,True,9.72,100,False,0.01,0.99,0.0,100,0.0032258064516129032,0.005333333333333333,,,,,,,0.75,0.0,0.23076923076923075,2.7755575615628914e-17,0,results/T-sweep-Dyck-2/distributions/not_nested_parentheses_and_brackets_L32_T64_ebsampler_greedy_gamma2.0.json
unconditional,not_nested_parentheses_and_brackets,32,ebsampler,greedy,,0.1,64,1,1.0,0.0,1.0,0.0,1.0,0.0,1.0,0.0,33.0,33,True,15.42,100,False,0.01,0.99,0.0,100,0.002903225806451613,0.005333333333333333,,,,,,,0.6875,0.0,0.45454545454545453,0.0,0,results/T-sweep-Dyck-2/distributions/not_nested_parentheses_and_brackets_L32_T64_ebsampler_greedy_gamma0.1.json
unconditional,not_nested_parentheses_and_brackets,32,ebsampler,greedy,,0.5,64,1,1.0,0.0,1.0,0.0,1.0,0.0,1.0,0.0,32.0,32,True,16.14,100,False,0.01,0.99,0.0,100,0.002903225806451613,0.005333333333333333,,,,,,,0.6875,0.0,0.45454545454545453,0.0,0,results/T-sweep-Dyck-2/distributions/not_nested_parentheses_and_brackets_L32_T64_ebsampler_greedy_gamma0.5.json
unconditional,not_nested_parentheses_and_brackets,32,gaussian,categorical,20.0,,32,5,0.8,0.040497,0.794,0.036111,0.78,0.035214,0.818,0.030594,27.88,33,False,225.2,390,False,1.0,0.0,0.2700499352106444,200,0.0013313363288400732,0.005503955968352253,,,,,,,0.4261401098901099,0.09323237192951161,1.0743165168165167,0.43667774023969996,0,results/T-sweep-Dyck-2/distributions/not_nested_parentheses_and_brackets_L32_T32_gaussian_categorical_sigma20.0.json
unconditional,not_nested_parentheses_and_brackets,32,ebsampler,categorical,,10.0,1,5,0.186,0.028,0.146,0.042237,0.044,0.016248,0.39,0.046043,2.544,4,False,15.34,22,False,1.0,0.0,0.27238906926406925,22,0.02346041055718475,0.09696969696969697,,,,,,,0.5227272727272727,0.09709095165133558,1.1774447774447774,0.5236928626152112,0,results/T-sweep-Dyck-2/distributions/not_nested_parentheses_and_brackets_L32_T1_ebsampler_categorical_gamma10.0.json
unconditional,not_nested_parentheses_and_brackets,32,gaussian,greedy,20.0,,64,5,0.9,0.032863,0.974,0.013565,0.894,0.030067,0.954,0.014967,56.274,64,False,430.44,447,False,1.0,0.0,0.2501209170854271,200,0.001154651078877102,0.004772557792692021,,,,,,,0.5769015659955258,0.10211626668403531,0.8749108708840253,0.4849288538491652,0,results/T-sweep-Dyck-2/distributions/not_nested_parentheses_and_brackets_L32_T64_gaussian_greedy_sigma20.0.json
unconditional,not_nested_parentheses_and_brackets,32,ebsampler,categorical,,5.0,1,5,0.266,0.053516,0.294,0.042708,0.16,0.047749,0.36,0.026833,4.424,8,False,28.06,77,False,1.0,0.0,0.26924021701982226,77,0.006702974444909929,0.027705627705627706,,,,,,,0.4967532467532468,0.09915230391965421,1.0759880811828866,0.45350603461137845,0,results/T-sweep-Dyck-2/distributions/not_nested_parentheses_and_brackets_L32_T1_ebsampler_categorical_gamma5.0.json
unconditional,not_nested_parentheses_and_brackets,32,ebsampler,categorical,,10.0,2,5,0.186,0.028,0.146,0.042237,0.044,0.016248,0.39,0.046043,2.544,4,False,15.49,22,False,1.0,0.0,0.27238906926406925,22,0.02346041055718475,0.09696969696969697,,,,,,,0.5227272727272727,0.09709095165133558,1.1774447774447774,0.5236928626152112,0,results/T-sweep-Dyck-2/distributions/not_nested_parentheses_and_brackets_L32_T2_ebsampler_categorical_gamma10.0.json
unconditional,not_nested_parentheses_and_brackets,32,ebsampler,categorical,,2.0,1,5,0.506,0.018547,0.484,0.02245,0.404,0.024166,0.526,0.05748,10.656,16,False,38.65,195,False,1.0,0.0,0.26872687020882896,195,0.0026468155500413565,0.01094017094017094,,,,,,,0.4403846153846154,0.08404161526676497,1.1041773041773042,0.4122388921635882,0,results/T-sweep-Dyck-2/distributions/not_nested_parentheses_and_brackets_L32_T1_ebsampler_categorical_gamma2.0.json
unconditional,parentheses_and_brackets,32,gaussian,greedy,10.0,,64,5,0.912,0.022271,1.0,0.0,0.912,0.022271,0.954,0.013565,55.52,64,False,4484.34,456,False,1.0,0.0,0.14220791457286433,200,0.0002829654782116582,0.0005847953216374269,,,,,,,0.3315515350877193,0.08312556607016647,0.0,0.0,0,results/T-sweep-Dyck-2/distributions/parentheses_and_brackets_L32_T64_gaussian_greedy_sigma10.0.json
unconditional,not_nested_parentheses_and_brackets,32,ebsampler,categorical,,5.0,2,5,0.266,0.053516,0.294,0.042708,0.16,0.047749,0.36,0.026833,4.424,8,False,28.3,77,False,1.0,0.0,0.26924021701982226,77,0.006702974444909929,0.027705627705627706,,,,,,,0.4967532467532468,0.09915230391965421,1.0759880811828866,0.45350603461137845,0,results/T-sweep-Dyck-2/distributions/not_nested_parentheses_and_brackets_L32_T2_ebsampler_categorical_gamma5.0.json
unconditional,not_nested_parentheses_and_brackets,32,ebsampler,categorical,,0.9,1,5,0.774,0.076315,0.77,0.078486,0.762,0.086348,0.928,0.041183,28.648,31,False,45.43,378,False,1.0,0.0,0.2711778780981444,200,0.001370097619455386,0.005663716814159292,,,,,,,0.42971781305114637,0.09365169405981455,1.1364333050840987,0.44095362071410504,0,results/T-sweep-Dyck-2/distributions/not_nested_parentheses_and_brackets_L32_T1_ebsampler_categorical_gamma0.9.json
unconditional,not_nested_parentheses_and_brackets,32,gaussian,greedy,10.0,,64,5,0.894,0.025768,0.954,0.013565,0.886,0.027276,0.942,0.011662,55.112,64,False,455.63,443,False,1.0,0.0,0.25465059673366836,200,0.0011650768222529672,0.004815650865312265,,,,,,,0.5286399548532731,0.09036044354700515,0.8979824289079368,0.5160629908487254,0,results/T-sweep-Dyck-2/distributions/not_nested_parentheses_and_brackets_L32_T64_gaussian_greedy_sigma10.0.json
unconditional,not_nested_parentheses_and_brackets,32,ebsampler,categorical,,2.0,2,5,0.506,0.018547,0.484,0.02245,0.404,0.024166,0.526,0.05748,10.656,16,False,38.94,195,False,1.0,0.0,0.26872687020882896,195,0.0026468155500413565,0.01094017094017094,,,,,,,0.4403846153846154,0.08404161526676497,1.1041773041773042,0.4122388921635882,0,results/T-sweep-Dyck-2/distributions/not_nested_parentheses_and_brackets_L32_T2_ebsampler_categorical_gamma2.0.json
unconditional,parentheses_and_brackets,32,gaussian,categorical,1.0,,64,5,0.44,0.046476,1.0,0.0,0.44,0.046476,0.436,0.044542,41.918,63,False,3163.01,218,False,1.0,0.0,0.2726312837833556,200,0.002090800477897252,0.007409694350108058,,,,,,,0.3862139580602883,0.09842033752862549,1.2141915424025516,0.8131402114883837,0,results/T-sweep-Dyck-2/distributions/parentheses_and_brackets_L32_T64_gaussian_categorical_sigma1.0.json
unconditional,not_nested_parentheses_and_brackets,32,ebsampler,categorical,,5.0,4,5,0.266,0.053516,0.294,0.042708,0.16,0.047749,0.36,0.026833,4.424,8,False,20.87,77,False,1.0,0.0,0.26924021701982226,77,0.006702974444909929,0.027705627705627706,,,,,,,0.4967532467532468,0.09915230391965421,1.0759880811828866,0.45350603461137845,0,results/T-sweep-Dyck-2/distributions/not_nested_parentheses_and_brackets_L32_T4_ebsampler_categorical_gamma5.0.json
unconditional,not_nested_parentheses_and_brackets,32,ebsampler,categorical,,0.1,1,5,1.0,0.0,1.0,0.0,1.0,0.0,1.0,0.0,32.716,33,False,67.41,500,False,1.0,0.0,0.26967411626420956,200,0.001037344398340249,0.004288394532296971,,,,,,,0.41663690476190474,0.09496068134751418,1.0628611777111778,0.42745736255439143,0,results/T-sweep-Dyck-2/distributions/not_nested_parentheses_and_brackets_L32_T1_ebsampler_categorical_gamma0.1.json
unconditional,not_nested_parentheses_and_brackets,32,gaussian,greedy,5.0,,64,5,0.832,0.023152,0.884,0.021541,0.818,0.023152,0.858,0.026382,54.198,64,False,480.99,409,False,1.0,0.0,0.2541174623115578,200,0.0012619291742250965,0.0052159739201303994,,,,,,,0.4559902200488998,0.07149531865058811,0.7267444318789061,0.3986348911350388,0,results/T-sweep-Dyck-2/distributions/not_nested_parentheses_and_brackets_L32_T64_gaussian_greedy_sigma5.0.json
unconditional,not_nested_parentheses_and_brackets,32,ebsampler,categorical,,10.0,4,5,0.186,0.028,0.146,0.042237,0.044,0.016248,0.39,0.046043,2.544,4,False,24.6,22,False,1.0,0.0,0.27238906926406925,22,0.02346041055718475,0.09696969696969697,,,,,,,0.5227272727272727,0.09709095165133558,1.1774447774447774,0.5236928626152112,0,results/T-sweep-Dyck-2/distributions/not_nested_parentheses_and_brackets_L32_T4_ebsampler_categorical_gamma10.0.json
unconditional,not_nested_parentheses_and_brackets,32,ebsampler,categorical,,0.5,1,5,0.998,0.004,0.998,0.004,0.998,0.004,0.994,0.004899,31.494,32,False,77.59,497,False,1.0,0.0,0.26841338353208044,200,0.0010421416009900345,0.004308023694130318,,,,,,,0.4232813547954393,0.09611567240919439,1.0727820692609427,0.4047081704687867,0,results/T-sweep-Dyck-2/distributions/not_nested_parentheses_and_brackets_L32_T1_ebsampler_categorical_gamma0.5.json
unconditional,not_nested_parentheses_and_brackets,32,ebsampler,categorical,,0.9,2,5,0.774,0.076315,0.77,0.078486,0.762,0.086348,0.928,0.041183,28.648,31,False,69.75,378,False,1.0,0.0,0.2711778780981444,200,0.001370097619455386,0.005663716814159292,,,,,,,0.42971781305114637,0.09365169405981455,1.1364333050840987,0.44095362071410504,0,results/T-sweep-Dyck-2/distributions/not_nested_parentheses_and_brackets_L32_T2_ebsampler_categorical_gamma0.9.json
unconditional,not_nested_parentheses_and_brackets,32,ebsampler,categorical,,2.0,4,5,0.506,0.018547,0.484,0.02245,0.404,0.024166,0.526,0.05748,10.656,16,False,38.79,195,False,1.0,0.0,0.26872687020882896,195,0.0026468155500413565,0.01094017094017094,,,,,,,0.4403846153846154,0.08404161526676497,1.1041773041773042,0.4122388921635882,0,results/T-sweep-Dyck-2/distributions/not_nested_parentheses_and_brackets_L32_T4_ebsampler_categorical_gamma2.0.json
unconditional,not_nested_parentheses_and_brackets,32,ebsampler,categorical,,2.0,8,5,0.506,0.018547,0.484,0.02245,0.404,0.024166,0.526,0.05748,10.656,16,False,24.49,195,False,1.0,0.0,0.26872687020882896,195,0.0026468155500413565,0.01094017094017094,,,,,,,0.4403846153846154,0.08404161526676497,1.1041773041773042,0.4122388921635882,0,results/T-sweep-Dyck-2/distributions/not_nested_parentheses_and_brackets_L32_T8_ebsampler_categorical_gamma2.0.json
unconditional,not_nested_parentheses_and_brackets,32,ebsampler,categorical,,0.9,4,5,0.774,0.076315,0.77,0.078486,0.762,0.086348,0.928,0.041183,28.648,31,False,47.02,378,False,1.0,0.0,0.2711778780981444,200,0.001370097619455386,0.005663716814159292,,,,,,,0.42971781305114637,0.09365169405981455,1.1364333050840987,0.44095362071410504,0,results/T-sweep-Dyck-2/distributions/not_nested_parentheses_and_brackets_L32_T4_ebsampler_categorical_gamma0.9.json
unconditional,not_nested_parentheses_and_brackets,32,ebsampler,categorical,,0.5,2,5,0.998,0.004,0.998,0.004,0.998,0.004,0.994,0.004899,31.494,32,False,77.92,497,False,1.0,0.0,0.26841338353208044,200,0.0010421416009900345,0.004308023694130318,,,,,,,0.4232813547954393,0.09611567240919439,1.0727820692609427,0.4047081704687867,0,results/T-sweep-Dyck-2/distributions/not_nested_parentheses_and_brackets_L32_T2_ebsampler_categorical_gamma0.5.json
unconditional,not_nested_parentheses_and_brackets,32,ar,categorical,,,34,5,1.0,0.0,1.0,0.0,1.0,0.0,1.0,0.0,33.0,33,False,207.88,500,False,1.0,0.0,0.2701649170672488,200,0.0010382868267358857,0.004292421193829644,,,,,,,0.4220892857142857,0.09404494778454707,1.1061323953823954,0.45653699769558553,0,results/T-sweep-Dyck-2/distributions/not_nested_parentheses_and_brackets_L32_T34_ar_categorical_none.json
unconditional,not_nested_parentheses_and_brackets,32,ebsampler,categorical,,0.1,2,5,1.0,0.0,1.0,0.0,1.0,0.0,1.0,0.0,32.716,33,False,82.68,500,False,1.0,0.0,0.26967411626420956,200,0.001037344398340249,0.004288394532296971,,,,,,,0.41663690476190474,0.09496068134751418,1.0628611777111778,0.42745736255439143,0,results/T-sweep-Dyck-2/distributions/not_nested_parentheses_and_brackets_L32_T2_ebsampler_categorical_gamma0.1.json
unconditional,not_nested_parentheses_and_brackets,32,ebsampler,categorical,,10.0,8,5,0.186,0.028,0.146,0.042237,0.044,0.016248,0.39,0.046043,2.544,4,False,24.2,22,False,1.0,0.0,0.27238906926406925,22,0.02346041055718475,0.09696969696969697,,,,,,,0.5227272727272727,0.09709095165133558,1.1774447774447774,0.5236928626152112,0,results/T-sweep-Dyck-2/distributions/not_nested_parentheses_and_brackets_L32_T8_ebsampler_categorical_gamma10.0.json
unconditional,not_nested_parentheses_and_brackets,32,ebsampler,categorical,,5.0,8,5,0.266,0.053516,0.294,0.042708,0.16,0.047749,0.36,0.026833,4.424,8,False,27.53,77,False,1.0,0.0,0.26924021701982226,77,0.006702974444909929,0.027705627705627706,,,,,,,0.4967532467532468,0.09915230391965421,1.0759880811828866,0.45350603461137845,0,results/T-sweep-Dyck-2/distributions/not_nested_parentheses_and_brackets_L32_T8_ebsampler_categorical_gamma5.0.json
unconditional,not_nested_parentheses_and_brackets,32,ebsampler,categorical,,10.0,16,5,0.186,0.028,0.146,0.042237,0.044,0.016248,0.39,0.046043,2.544,4,False,15.27,22,False,1.0,0.0,0.27238906926406925,22,0.02346041055718475,0.09696969696969697,,,,,,,0.5227272727272727,0.09709095165133558,1.1774447774447774,0.5236928626152112,0,results/T-sweep-Dyck-2/distributions/not_nested_parentheses_and_brackets_L32_T16_ebsampler_categorical_gamma10.0.json
unconditional,not_nested_parentheses_and_brackets,32,ebsampler,categorical,,0.1,8,5,1.0,0.0,1.0,0.0,1.0,0.0,1.0,0.0,32.716,33,False,53.11,500,False,1.0,0.0,0.26967411626420956,200,0.001037344398340249,0.004288394532296971,,,,,,,0.41663690476190474,0.09496068134751418,1.0628611777111778,0.42745736255439143,0,results/T-sweep-Dyck-2/distributions/not_nested_parentheses_and_brackets_L32_T8_ebsampler_categorical_gamma0.1.json
unconditional,not_nested_parentheses_and_brackets,32,ebsampler,categorical,,0.1,4,5,1.0,0.0,1.0,0.0,1.0,0.0,1.0,0.0,32.716,33,False,81.24,500,False,1.0,0.0,0.26967411626420956,200,0.001037344398340249,0.004288394532296971,,,,,,,0.41663690476190474,0.09496068134751418,1.0628611777111778,0.42745736255439143,0,results/T-sweep-Dyck-2/distributions/not_nested_parentheses_and_brackets_L32_T4_ebsampler_categorical_gamma0.1.json
unconditional,not_nested_parentheses_and_brackets,32,ebsampler,categorical,,5.0,16,5,0.266,0.053516,0.294,0.042708,0.16,0.047749,0.36,0.026833,4.424,8,False,27.72,77,False,1.0,0.0,0.26924021701982226,77,0.006702974444909929,0.027705627705627706,,,,,,,0.4967532467532468,0.09915230391965421,1.0759880811828866,0.45350603461137845,0,results/T-sweep-Dyck-2/distributions/not_nested_parentheses_and_brackets_L32_T16_ebsampler_categorical_gamma5.0.json
unconditional,not_nested_parentheses_and_brackets,32,ebsampler,categorical,,0.5,4,5,0.998,0.004,0.998,0.004,0.998,0.004,0.994,0.004899,31.494,32,False,78.3,497,False,1.0,0.0,0.26841338353208044,200,0.0010421416009900345,0.004308023694130318,,,,,,,0.4232813547954393,0.09611567240919439,1.0727820692609427,0.4047081704687867,0,results/T-sweep-Dyck-2/distributions/not_nested_parentheses_and_brackets_L32_T4_ebsampler_categorical_gamma0.5.json
unconditional,not_nested_parentheses_and_brackets,32,ebsampler,categorical,,10.0,32,5,0.186,0.028,0.146,0.042237,0.044,0.016248,0.39,0.046043,2.544,4,False,24.28,22,False,1.0,0.0,0.27238906926406925,22,0.02346041055718475,0.09696969696969697,,,,,,,0.5227272727272727,0.09709095165133558,1.1774447774447774,0.5236928626152112,0,results/T-sweep-Dyck-2/distributions/not_nested_parentheses_and_brackets_L32_T32_ebsampler_categorical_gamma10.0.json
unconditional,not_nested_parentheses_and_brackets,32,ebsampler,categorical,,2.0,16,5,0.506,0.018547,0.484,0.02245,0.404,0.024166,0.526,0.05748,10.656,16,False,38.57,195,False,1.0,0.0,0.26872687020882896,195,0.0026468155500413565,0.01094017094017094,,,,,,,0.4403846153846154,0.08404161526676497,1.1041773041773042,0.4122388921635882,0,results/T-sweep-Dyck-2/distributions/not_nested_parentheses_and_brackets_L32_T16_ebsampler_categorical_gamma2.0.json
unconditional,not_nested_parentheses_and_brackets,32,ebsampler,categorical,,5.0,32,5,0.266,0.053516,0.294,0.042708,0.16,0.047749,0.36,0.026833,4.424,8,False,27.86,77,False,1.0,0.0,0.26924021701982226,77,0.006702974444909929,0.027705627705627706,,,,,,,0.4967532467532468,0.09915230391965421,1.0759880811828866,0.45350603461137845,0,results/T-sweep-Dyck-2/distributions/not_nested_parentheses_and_brackets_L32_T32_ebsampler_categorical_gamma5.0.json
unconditional,not_nested_parentheses_and_brackets,32,ebsampler,categorical,,0.9,8,5,0.774,0.076315,0.77,0.078486,0.762,0.086348,0.928,0.041183,28.648,31,False,70.3,378,False,1.0,0.0,0.2711778780981444,200,0.001370097619455386,0.005663716814159292,,,,,,,0.42971781305114637,0.09365169405981455,1.1364333050840987,0.44095362071410504,0,results/T-sweep-Dyck-2/distributions/not_nested_parentheses_and_brackets_L32_T8_ebsampler_categorical_gamma0.9.json
unconditional,not_nested_parentheses_and_brackets,32,ebsampler,categorical,,0.5,8,5,0.998,0.004,0.998,0.004,0.998,0.004,0.994,0.004899,31.494,32,False,75.2,497,False,1.0,0.0,0.26841338353208044,200,0.0010421416009900345,0.004308023694130318,,,,,,,0.4232813547954393,0.09611567240919439,1.0727820692609427,0.4047081704687867,0,results/T-sweep-Dyck-2/distributions/not_nested_parentheses_and_brackets_L32_T8_ebsampler_categorical_gamma0.5.json
unconditional,not_nested_parentheses_and_brackets,32,ebsampler,categorical,,2.0,32,5,0.506,0.018547,0.484,0.02245,0.404,0.024166,0.526,0.05748,10.656,16,False,38.71,195,False,1.0,0.0,0.26872687020882896,195,0.0026468155500413565,0.01094017094017094,,,,,,,0.4403846153846154,0.08404161526676497,1.1041773041773042,0.4122388921635882,0,results/T-sweep-Dyck-2/distributions/not_nested_parentheses_and_brackets_L32_T32_ebsampler_categorical_gamma2.0.json
unconditional,not_nested_parentheses_and_brackets,32,ebsampler,categorical,,2.0,64,5,0.506,0.018547,0.484,0.02245,0.404,0.024166,0.526,0.05748,10.656,16,False,28.67,195,False,1.0,0.0,0.26872687020882896,195,0.0026468155500413565,0.01094017094017094,,,,,,,0.4403846153846154,0.08404161526676497,1.1041773041773042,0.4122388921635882,0,results/T-sweep-Dyck-2/distributions/not_nested_parentheses_and_brackets_L32_T64_ebsampler_categorical_gamma2.0.json
unconditional,not_nested_parentheses_and_brackets,32,ebsampler,categorical,,10.0,64,5,0.186,0.028,0.146,0.042237,0.044,0.016248,0.39,0.046043,2.544,4,False,22.56,22,False,1.0,0.0,0.27238906926406925,22,0.02346041055718475,0.09696969696969697,,,,,,,0.5227272727272727,0.09709095165133558,1.1774447774447774,0.5236928626152112,0,results/T-sweep-Dyck-2/distributions/not_nested_parentheses_and_brackets_L32_T64_ebsampler_categorical_gamma10.0.json
unconditional,not_nested_parentheses_and_brackets,32,ebsampler,categorical,,0.9,16,5,0.774,0.076315,0.77,0.078486,0.762,0.086348,0.928,0.041183,28.648,31,False,61.92,378,False,1.0,0.0,0.2711778780981444,200,0.001370097619455386,0.005663716814159292,,,,,,,0.42971781305114637,0.09365169405981455,1.1364333050840987,0.44095362071410504,0,results/T-sweep-Dyck-2/distributions/not_nested_parentheses_and_brackets_L32_T16_ebsampler_categorical_gamma0.9.json
unconditional,not_nested_parentheses_and_brackets,32,ebsampler,categorical,,5.0,64,5,0.266,0.053516,0.294,0.042708,0.16,0.047749,0.36,0.026833,4.424,8,False,27.36,77,False,1.0,0.0,0.26924021701982226,77,0.006702974444909929,0.027705627705627706,,,,,,,0.4967532467532468,0.09915230391965421,1.0759880811828866,0.45350603461137845,0,results/T-sweep-Dyck-2/distributions/not_nested_parentheses_and_brackets_L32_T64_ebsampler_categorical_gamma5.0.json
unconditional,not_nested_parentheses_and_brackets,32,ebsampler,categorical,,0.1,16,5,1.0,0.0,1.0,0.0,1.0,0.0,1.0,0.0,32.716,33,False,71.46,500,False,1.0,0.0,0.26967411626420956,200,0.001037344398340249,0.004288394532296971,,,,,,,0.41663690476190474,0.09496068134751418,1.0628611777111778,0.42745736255439143,0,results/T-sweep-Dyck-2/distributions/not_nested_parentheses_and_brackets_L32_T16_ebsampler_categorical_gamma0.1.json
unconditional,not_nested_parentheses_and_brackets,32,ebsampler,categorical,,0.5,16,5,0.998,0.004,0.998,0.004,0.998,0.004,0.994,0.004899,31.494,32,False,73.56,497,False,1.0,0.0,0.26841338353208044,200,0.0010421416009900345,0.004308023694130318,,,,,,,0.4232813547954393,0.09611567240919439,1.0727820692609427,0.4047081704687867,0,results/T-sweep-Dyck-2/distributions/not_nested_parentheses_and_brackets_L32_T16_ebsampler_categorical_gamma0.5.json
unconditional,not_nested_parentheses_and_brackets,32,ebsampler,categorical,,0.1,64,5,1.0,0.0,1.0,0.0,1.0,0.0,1.0,0.0,32.716,33,False,51.0,500,False,1.0,0.0,0.26967411626420956,200,0.001037344398340249,0.004288394532296971,,,,,,,0.41663690476190474,0.09496068134751418,1.0628611777111778,0.42745736255439143,0,results/T-sweep-Dyck-2/distributions/not_nested_parentheses_and_brackets_L32_T64_ebsampler_categorical_gamma0.1.json
unconditional,not_nested_parentheses_and_brackets,32,ebsampler,categorical,,0.9,32,5,0.774,0.076315,0.77,0.078486,0.762,0.086348,0.928,0.041183,28.648,31,False,63.35,378,False,1.0,0.0,0.2711778780981444,200,0.001370097619455386,0.005663716814159292,,,,,,,0.42971781305114637,0.09365169405981455,1.1364333050840987,0.44095362071410504,0,results/T-sweep-Dyck-2/distributions/not_nested_parentheses_and_brackets_L32_T32_ebsampler_categorical_gamma0.9.json
unconditional,not_nested_parentheses_and_brackets,32,ebsampler,categorical,,0.5,32,5,0.998,0.004,0.998,0.004,0.998,0.004,0.994,0.004899,31.494,32,False,67.89,497,False,1.0,0.0,0.26841338353208044,200,0.0010421416009900345,0.004308023694130318,,,,,,,0.4232813547954393,0.09611567240919439,1.0727820692609427,0.4047081704687867,0,results/T-sweep-Dyck-2/distributions/not_nested_parentheses_and_brackets_L32_T32_ebsampler_categorical_gamma0.5.json
unconditional,not_nested_parentheses_and_brackets,32,ebsampler,categorical,,0.1,32,5,1.0,0.0,1.0,0.0,1.0,0.0,1.0,0.0,32.716,33,False,72.35,500,False,1.0,0.0,0.26967411626420956,200,0.001037344398340249,0.004288394532296971,,,,,,,0.41663690476190474,0.09496068134751418,1.0628611777111778,0.42745736255439143,0,results/T-sweep-Dyck-2/distributions/not_nested_parentheses_and_brackets_L32_T32_ebsampler_categorical_gamma0.1.json
unconditional,not_nested_parentheses_and_brackets,32,ebsampler,categorical,,0.5,64,5,0.998,0.004,0.998,0.004,0.998,0.004,0.994,0.004899,31.494,32,False,56.86,497,False,1.0,0.0,0.26841338353208044,200,0.0010421416009900345,0.004308023694130318,,,,,,,0.4232813547954393,0.09611567240919439,1.0727820692609427,0.4047081704687867,0,results/T-sweep-Dyck-2/distributions/not_nested_parentheses_and_brackets_L32_T64_ebsampler_categorical_gamma0.5.json
unconditional,not_nested_parentheses_and_brackets,32,ebsampler,categorical,,0.9,64,5,0.774,0.076315,0.77,0.078486,0.762,0.086348,0.928,0.041183,28.648,31,False,54.63,378,False,1.0,0.0,0.2711778780981444,200,0.001370097619455386,0.005663716814159292,,,,,,,0.42971781305114637,0.09365169405981455,1.1364333050840987,0.44095362071410504,0,results/T-sweep-Dyck-2/distributions/not_nested_parentheses_and_brackets_L32_T64_ebsampler_categorical_gamma0.9.json
unconditional,not_nested_parentheses_and_brackets,32,gaussian,categorical,50.0,,64,5,0.888,0.023152,0.892,0.019391,0.884,0.018547,0.916,0.027276,57.836,64,False,299.88,442,False,1.0,0.0,0.2704108315874041,200,0.0011728485559302155,0.0048484848484848485,,,,,,,0.4333616138763197,0.09230439833968047,1.0916666603883798,0.47219535469543,0,results/T-sweep-Dyck-2/distributions/not_nested_parentheses_and_brackets_L32_T64_gaussian_categorical_sigma50.0.json
unconditional,not_nested_parentheses_and_brackets,32,gaussian,categorical,1.0,,64,5,0.744,0.040792,0.752,0.040694,0.726,0.044989,0.732,0.043543,54.048,64,False,353.95,363,False,1.0,0.0,0.2694727561221046,200,0.001429209468512729,0.005908419497784343,,,,,,,0.43174931129476585,0.09744878916292703,1.0580702737727532,0.39584568786813806,0,results/T-sweep-Dyck-2/distributions/not_nested_parentheses_and_brackets_L32_T64_gaussian_categorical_sigma1.0.json
unconditional,not_nested_parentheses_and_brackets,32,gaussian,categorical,5.0,,64,5,0.834,0.045869,0.846,0.040299,0.826,0.040792,0.85,0.043359,53.476,64,False,349.58,413,False,1.0,0.0,0.2683311475823282,200,0.001254803544820014,0.00518722645485492,,,,,,,0.43557592528536837,0.1000880822734128,1.0605270973309715,0.4069529877220984,0,results/T-sweep-Dyck-2/distributions/not_nested_parentheses_and_brackets_L32_T64_gaussian_categorical_sigma5.0.json
unconditional,not_nested_parentheses_and_brackets,32,gaussian,categorical,2.0,,64,5,0.782,0.048332,0.79,0.04858,0.764,0.051614,0.772,0.047497,53.054,64,False,367.63,379,False,1.0,0.0,0.268928524718292,200,0.0013669372063220846,0.005650715168638531,,,,,,,0.43187900490011305,0.09521982373153291,1.1120962737057725,0.4248013656016411,0,results/T-sweep-Dyck-2/distributions/not_nested_parentheses_and_brackets_L32_T64_gaussian_categorical_sigma2.0.json
unconditional,not_nested_parentheses_and_brackets,32,gaussian,categorical,20.0,,64,5,0.862,0.034293,0.868,0.037094,0.85,0.038471,0.884,0.026533,55.402,64,False,353.67,425,False,1.0,0.0,0.26901067346149904,200,0.0012194192515814343,0.005040957781978576,,,,,,,0.42749159663865544,0.09351174458124649,1.0802980157097803,0.4294167627973203,0,results/T-sweep-Dyck-2/distributions/not_nested_parentheses_and_brackets_L32_T64_gaussian_categorical_sigma20.0.json
unconditional,not_nested_parentheses_and_brackets,32,gaussian,categorical,10.0,,64,5,0.832,0.029257,0.836,0.025768,0.826,0.028705,0.848,0.026382,53.808,64,False,378.62,413,False,1.0,0.0,0.26852029911161834,200,0.00125421337305009,0.005184705119896306,,,,,,,0.42324743456704716,0.09838048646577685,1.098541363129741,0.4659924668700183,0,results/T-sweep-Dyck-2/distributions/not_nested_parentheses_and_brackets_L32_T64_gaussian_categorical_sigma10.0.json
unconditional,parentheses_and_brackets,32,gaussian,categorical,50.0,,64,5,0.82,0.025298,1.0,0.0,0.82,0.025298,0.824,0.02245,55.214,64,False,3227.86,410,False,1.0,0.0,0.27041934355320907,200,0.0011158935118762952,0.003955174686882004,,,,,,,0.3641778343607612,0.09586594716184808,1.1997344999174266,0.62116426460341,0,results/T-sweep-Dyck-2/distributions/parentheses_and_brackets_L32_T64_gaussian_categorical_sigma50.0.json
unconditional,parentheses_and_brackets,32,gaussian,categorical,2.0,,64,5,0.518,0.040694,1.0,0.0,0.518,0.040694,0.51,0.042895,45.208,64,False,3538.03,254,False,1.0,0.0,0.2720916273773532,200,0.0017916560020476069,0.006349206349206349,,,,,,,0.3779550993625797,0.10010714656017813,1.3025556355280765,0.9051234761444344,0,results/T-sweep-Dyck-2/distributions/parentheses_and_brackets_L32_T64_gaussian_categorical_sigma2.0.json
unconditional,parentheses_and_brackets,32,gaussian,categorical,20.0,,64,5,0.782,0.046217,1.0,0.0,0.782,0.046217,0.79,0.051769,52.428,64,False,3464.61,391,False,1.0,0.0,0.27019653157261614,200,0.001164434833236297,0.0041265474552957355,,,,,,,0.36443783198898294,0.09389041161424473,1.1658628597886909,0.6385520363259242,0,results/T-sweep-Dyck-2/distributions/parentheses_and_brackets_L32_T64_gaussian_categorical_sigma20.0.json
unconditional,parentheses_and_brackets,32,gaussian,categorical,5.0,,64,5,0.676,0.058172,1.0,0.0,0.676,0.058172,0.672,0.059464,48.328,64,False,3692.58,336,False,1.0,0.0,0.269707740476217,200,0.0013584319813700757,0.00481444332998997,,,,,,,0.37013125763125765,0.09347557325815828,1.1581258853580283,0.7454500193584019,0,results/T-sweep-Dyck-2/distributions/parentheses_and_brackets_L32_T64_gaussian_categorical_sigma5.0.json
unconditional,parentheses_and_brackets,32,gaussian,categorical,10.0,,64,5,0.716,0.029394,1.0,0.0,0.716,0.029394,0.72,0.031623,49.646,64,False,3709.15,357,False,1.0,0.0,0.2714811446893991,200,0.0012779552715654952,0.004529156444612191,,,,,,,0.37331111931952266,0.1038646702719699,1.170273633929096,0.7031993464550502,0,results/T-sweep-Dyck-2/distributions/parentheses_and_brackets_L32_T64_gaussian_categorical_sigma10.0.json
