
############################################################
# T-sweep started: 2026-06-21 06:29:18
############################################################
Config: configs/config_oracle.yaml
Output: results/T-sweep-Dyck-2
Workers: 28  (device: cpu)

Fixed config:
  seed=42  n_samples=100  device_for_cells=cpu
  temperature=1.0  eval_dataset=unconditional

Sweep axes:
  GRAMMARS        = ['parentheses_and_brackets', 'not_nested_parentheses_and_brackets']
  LENGTHS         = [32]
  T_VALUES        = [1, 2, 4, 8, 16, 32, 64]    (AR fixed at L+2)
  STRATEGIES      = ['uniform', 'gaussian', 'ar', 'ebsampler']
  SAMPLERS        = ['greedy', 'categorical']
  EB_GAMMAS       = [0.1, 0.5, 0.9, 2.0, 5.0, 10.0]
  GAUSSIAN_SIGMAS = [1.0, 2.0, 5.0, 10.0, 20.0, 50.0]

Grid: 368 cells after filtering.
  by strategy: ar=4, ebsampler=168, gaussian=168, uniform=28
Cells to run: 368

[1/368  eta=1003.8min]
>> parentheses_and_brackets L=32   T=2    strat=uniform    samp=categorical  —
  built (parentheses_and_brackets, L=32, T=2)  vocab=8  |X|=100
   → both_rules=0.0020 ± 0.0040 (5 reps)  steps=1.2/2  n_corr=1  elapsed=161.4s
[2/368  eta=516.6min]
>> parentheses_and_brackets L=32   T=2    strat=gaussian   samp=greedy       σ=20.0
  built (parentheses_and_brackets, L=32, T=2)  vocab=8  |X|=100
   → both_rules=0.0120 ± 0.0075 (5 reps)  steps=2.0/3  n_corr=6  elapsed=166.4s
[3/368  eta=348.0min]
>> parentheses_and_brackets L=32   T=2    strat=uniform    samp=greedy       —
  built (parentheses_and_brackets, L=32, T=2)  vocab=8  |X|=100
   → both_rules=0.0340 ± 0.0150 (5 reps)  steps=2.0/2  n_corr=17  elapsed=169.3s
[4/368  eta=261.7min]
>> parentheses_and_brackets L=32   T=1    strat=uniform    samp=categorical  —
  built (parentheses_and_brackets, L=32, T=1)  vocab=8  |X|=100
   → both_rules=0.0000 ± 0.0000 (5 reps)  steps=1.0/1  n_corr=0  elapsed=169.9s
[5/368  eta=232.6min]
>> parentheses_and_brackets L=32   T=1    strat=gaussian   samp=greedy       σ=10.0
  built (parentheses_and_brackets, L=32, T=1)  vocab=8  |X|=100
   → both_rules=0.0380 ± 0.0172 (5 reps)  steps=1.0/2  n_corr=19  elapsed=189.5s
[6/368  eta=203.5min]
>> parentheses_and_brackets L=32   T=1    strat=uniform    samp=greedy       —
  built (parentheses_and_brackets, L=32, T=1)  vocab=8  |X|=100
   → both_rules=0.0000 ± 0.0000 (5 reps)  steps=1.0/1  n_corr=0  elapsed=200.1s
[7/368  eta=174.1min]
>> parentheses_and_brackets L=32   T=1    strat=gaussian   samp=greedy       σ=20.0
  built (parentheses_and_brackets, L=32, T=1)  vocab=8  |X|=100
   → both_rules=0.0960 ± 0.0242 (5 reps)  steps=1.1/2  n_corr=48  elapsed=199.6s
[8/368  eta=154.4min]
>> parentheses_and_brackets L=32   T=1    strat=gaussian   samp=greedy       σ=2.0
  built (parentheses_and_brackets, L=32, T=1)  vocab=8  |X|=100
   → both_rules=0.0000 ± 0.0000 (5 reps)  steps=1.0/1  n_corr=0  elapsed=203.1s
[9/368  eta=137.1min]
>> parentheses_and_brackets L=32   T=1    strat=gaussian   samp=greedy       σ=1.0
  built (parentheses_and_brackets, L=32, T=1)  vocab=8  |X|=100
   → both_rules=0.0000 ± 0.0000 (5 reps)  steps=1.0/1  n_corr=0  elapsed=203.4s
[10/368  eta=123.6min]
>> parentheses_and_brackets L=32   T=2    strat=gaussian   samp=greedy       σ=2.0
  built (parentheses_and_brackets, L=32, T=2)  vocab=8  |X|=100
   → both_rules=0.0000 ± 0.0000 (5 reps)  steps=2.0/2  n_corr=0  elapsed=204.2s
[11/368  eta=112.3min]
>> parentheses_and_brackets L=32   T=1    strat=gaussian   samp=greedy       σ=5.0
  built (parentheses_and_brackets, L=32, T=1)  vocab=8  |X|=100
   → both_rules=0.0040 ± 0.0049 (5 reps)  steps=1.0/2  n_corr=2  elapsed=204.8s
[12/368  eta=102.7min]
>> parentheses_and_brackets L=32   T=1    strat=gaussian   samp=greedy       σ=50.0
  built (parentheses_and_brackets, L=32, T=1)  vocab=8  |X|=100
   → both_rules=0.1640 ± 0.0206 (5 reps)  steps=1.2/2  n_corr=82  elapsed=204.7s
[13/368  eta=99.5min]
>> parentheses_and_brackets L=32   T=2    strat=gaussian   samp=greedy       σ=50.0
  built (parentheses_and_brackets, L=32, T=2)  vocab=8  |X|=100
   → both_rules=0.0460 ± 0.0136 (5 reps)  steps=2.0/3  n_corr=23  elapsed=215.5s
[14/368  eta=94.1min]
>> parentheses_and_brackets L=32   T=2    strat=gaussian   samp=greedy       σ=5.0
  built (parentheses_and_brackets, L=32, T=2)  vocab=8  |X|=100
   → both_rules=0.0020 ± 0.0040 (5 reps)  steps=2.0/3  n_corr=1  elapsed=220.2s
[15/368  eta=89.7min]
>> parentheses_and_brackets L=32   T=2    strat=gaussian   samp=greedy       σ=10.0
  built (parentheses_and_brackets, L=32, T=2)  vocab=8  |X|=100
   → both_rules=0.0020 ± 0.0040 (5 reps)  steps=2.0/2  n_corr=1  elapsed=225.8s
[16/368  eta=85.3min]
>> parentheses_and_brackets L=32   T=2    strat=gaussian   samp=greedy       σ=1.0
  built (parentheses_and_brackets, L=32, T=2)  vocab=8  |X|=100
   → both_rules=0.0000 ± 0.0000 (5 reps)  steps=2.0/2  n_corr=0  elapsed=229.5s
[17/368  eta=82.0min]
>> parentheses_and_brackets L=32   T=4    strat=uniform    samp=categorical  —
  built (parentheses_and_brackets, L=32, T=4)  vocab=8  |X|=100
   → both_rules=0.0600 ± 0.0190 (5 reps)  steps=2.5/4  n_corr=30  elapsed=235.5s
[18/368  eta=86.7min]
>> parentheses_and_brackets L=32   T=4    strat=uniform    samp=greedy       —
  built (parentheses_and_brackets, L=32, T=4)  vocab=8  |X|=100
   → both_rules=0.1100 ± 0.0283 (5 reps)  steps=3.9/4  n_corr=55  elapsed=265.0s
[19/368  eta=84.3min]
>> parentheses_and_brackets L=32   T=4    strat=gaussian   samp=greedy       σ=1.0
  built (parentheses_and_brackets, L=32, T=4)  vocab=8  |X|=100
   → both_rules=0.0300 ± 0.0200 (5 reps)  steps=2.3/4  n_corr=15  elapsed=272.3s

Log: results/T-sweep-Dyck-2/run.log

############################################################
# T-sweep started: 2026-06-21 06:34:13
############################################################
Config: configs/config_oracle.yaml
Output: results/T-sweep-Dyck-2
Workers: 28  (device: cpu)

Fixed config:
  seed=42  n_samples=10  device_for_cells=cpu
  temperature=1.0  eval_dataset=unconditional

Sweep axes:
  GRAMMARS        = ['parentheses_and_brackets', 'not_nested_parentheses_and_brackets']
  LENGTHS         = [32]
  T_VALUES        = [1, 2, 4, 8, 16, 32, 64]    (AR fixed at L+2)
  STRATEGIES      = ['uniform', 'gaussian', 'ar', 'ebsampler']
  SAMPLERS        = ['greedy', 'categorical']
  EB_GAMMAS       = [0.1, 0.5, 0.9, 2.0, 5.0, 10.0]
  GAUSSIAN_SIGMAS = [1.0, 2.0, 5.0, 10.0, 20.0, 50.0]

Grid: 368 cells after filtering.
  by strategy: ar=4, ebsampler=168, gaussian=168, uniform=28
Cells to run: 368

[1/368  eta=94.9min]
>> parentheses_and_brackets L=32   T=2    strat=uniform    samp=categorical  —
  built (parentheses_and_brackets, L=32, T=2)  vocab=8  |X|=10
   → both_rules=0.0200 ± 0.0400 (5 reps)  steps=1.3/2  n_corr=1  elapsed=12.8s
[2/368  eta=47.6min]
>> parentheses_and_brackets L=32   T=1    strat=gaussian   samp=greedy       σ=50.0
  built (parentheses_and_brackets, L=32, T=1)  vocab=8  |X|=10
   → both_rules=0.1000 ± 0.1095 (5 reps)  steps=1.1/2  n_corr=5  elapsed=12.6s
[3/368  eta=42.1min]
>> parentheses_and_brackets L=32   T=2    strat=gaussian   samp=greedy       σ=20.0
  built (parentheses_and_brackets, L=32, T=2)  vocab=8  |X|=10
   → both_rules=0.0200 ± 0.0400 (5 reps)  steps=2.0/2  n_corr=1  elapsed=18.0s
[4/368  eta=32.9min]
>> parentheses_and_brackets L=32   T=4    strat=uniform    samp=categorical  —
  built (parentheses_and_brackets, L=32, T=4)  vocab=8  |X|=10
   → both_rules=0.0600 ± 0.0800 (5 reps)  steps=2.3/4  n_corr=3  elapsed=19.1s
[5/368  eta=27.6min]
>> parentheses_and_brackets L=32   T=1    strat=gaussian   samp=greedy       σ=5.0
  built (parentheses_and_brackets, L=32, T=1)  vocab=8  |X|=10
   → both_rules=0.0000 ± 0.0000 (5 reps)  steps=1.0/1  n_corr=0  elapsed=20.0s
[6/368  eta=23.1min]
>> parentheses_and_brackets L=32   T=1    strat=uniform    samp=greedy       —
  built (parentheses_and_brackets, L=32, T=1)  vocab=8  |X|=10
   → both_rules=0.0000 ± 0.0000 (5 reps)  steps=1.0/1  n_corr=0  elapsed=20.5s
[7/368  eta=19.9min]
>> parentheses_and_brackets L=32   T=1    strat=uniform    samp=categorical  —
  built (parentheses_and_brackets, L=32, T=1)  vocab=8  |X|=10
   → both_rules=0.0000 ± 0.0000 (5 reps)  steps=1.0/1  n_corr=0  elapsed=20.4s
[8/368  eta=17.4min]
>> parentheses_and_brackets L=32   T=1    strat=gaussian   samp=greedy       σ=1.0
  built (parentheses_and_brackets, L=32, T=1)  vocab=8  |X|=10
   → both_rules=0.0000 ± 0.0000 (5 reps)  steps=1.0/1  n_corr=0  elapsed=20.1s
[9/368  eta=15.8min]
>> parentheses_and_brackets L=32   T=1    strat=gaussian   samp=greedy       σ=10.0
  built (parentheses_and_brackets, L=32, T=1)  vocab=8  |X|=10
   → both_rules=0.0200 ± 0.0400 (5 reps)  steps=1.0/2  n_corr=1  elapsed=20.8s
[10/368  eta=14.2min]
>> parentheses_and_brackets L=32   T=1    strat=gaussian   samp=greedy       σ=2.0
  built (parentheses_and_brackets, L=32, T=1)  vocab=8  |X|=10
   → both_rules=0.0000 ± 0.0000 (5 reps)  steps=1.0/1  n_corr=0  elapsed=20.7s
[11/368  eta=12.9min]
>> parentheses_and_brackets L=32   T=1    strat=gaussian   samp=greedy       σ=20.0
  built (parentheses_and_brackets, L=32, T=1)  vocab=8  |X|=10
   → both_rules=0.0800 ± 0.0748 (5 reps)  steps=1.1/2  n_corr=4  elapsed=20.9s
[12/368  eta=12.6min]
>> parentheses_and_brackets L=32   T=2    strat=gaussian   samp=greedy       σ=50.0
  built (parentheses_and_brackets, L=32, T=2)  vocab=8  |X|=10
   → both_rules=0.0400 ± 0.0490 (5 reps)  steps=2.0/2  n_corr=2  elapsed=22.6s
[13/368  eta=11.7min]
>> parentheses_and_brackets L=32   T=2    strat=uniform    samp=greedy       —
  built (parentheses_and_brackets, L=32, T=2)  vocab=8  |X|=10
   → both_rules=0.0200 ± 0.0400 (5 reps)  steps=2.0/2  n_corr=1  elapsed=23.1s
[14/368  eta=10.9min]
>> parentheses_and_brackets L=32   T=2    strat=gaussian   samp=greedy       σ=1.0
  built (parentheses_and_brackets, L=32, T=2)  vocab=8  |X|=10
   → both_rules=0.0000 ± 0.0000 (5 reps)  steps=2.0/2  n_corr=0  elapsed=22.8s
[15/368  eta=10.4min]
>> parentheses_and_brackets L=32   T=2    strat=gaussian   samp=greedy       σ=2.0
  built (parentheses_and_brackets, L=32, T=2)  vocab=8  |X|=10
   → both_rules=0.0000 ± 0.0000 (5 reps)  steps=2.0/2  n_corr=0  elapsed=23.6s
[16/368  eta=9.9min]
>> parentheses_and_brackets L=32   T=2    strat=gaussian   samp=greedy       σ=10.0
  built (parentheses_and_brackets, L=32, T=2)  vocab=8  |X|=10
   → both_rules=0.0000 ± 0.0000 (5 reps)  steps=2.0/2  n_corr=0  elapsed=24.0s
[17/368  eta=9.3min]
>> parentheses_and_brackets L=32   T=2    strat=gaussian   samp=greedy       σ=5.0
  built (parentheses_and_brackets, L=32, T=2)  vocab=8  |X|=10
   → both_rules=0.0000 ± 0.0000 (5 reps)  steps=2.0/2  n_corr=0  elapsed=24.2s
[18/368  eta=10.2min]
>> parentheses_and_brackets L=32   T=4    strat=uniform    samp=greedy       —
  built (parentheses_and_brackets, L=32, T=4)  vocab=8  |X|=10
   → both_rules=0.1200 ± 0.0980 (5 reps)  steps=3.9/4  n_corr=6  elapsed=29.0s
[19/368  eta=9.8min]
>> parentheses_and_brackets L=32   T=4    strat=gaussian   samp=greedy       σ=1.0
  built (parentheses_and_brackets, L=32, T=4)  vocab=8  |X|=10
   → both_rules=0.0600 ± 0.0490 (5 reps)  steps=2.3/4  n_corr=3  elapsed=29.1s
[20/368  eta=10.9min]
>> parentheses_and_brackets L=32   T=4    strat=gaussian   samp=greedy       σ=2.0
  built (parentheses_and_brackets, L=32, T=4)  vocab=8  |X|=10
   → both_rules=0.0000 ± 0.0000 (5 reps)  steps=2.0/3  n_corr=0  elapsed=34.4s
[21/368  eta=11.0min]
>> parentheses_and_brackets L=32   T=8    strat=uniform    samp=categorical  —
  built (parentheses_and_brackets, L=32, T=8)  vocab=8  |X|=10
   → both_rules=0.2000 ± 0.1414 (5 reps)  steps=5.6/8  n_corr=10  elapsed=37.1s
[22/368  eta=10.8min]
>> parentheses_and_brackets L=32   T=4    strat=gaussian   samp=greedy       σ=10.0
  built (parentheses_and_brackets, L=32, T=4)  vocab=8  |X|=10
   → both_rules=0.2000 ± 0.1549 (5 reps)  steps=3.0/5  n_corr=10  elapsed=25.6s
[23/368  eta=10.9min]
>> parentheses_and_brackets L=32   T=4    strat=gaussian   samp=greedy       σ=5.0
  built (parentheses_and_brackets, L=32, T=4)  vocab=8  |X|=10
   → both_rules=0.1000 ± 0.0894 (5 reps)  steps=2.4/5  n_corr=5  elapsed=28.1s
[24/368  eta=11.1min]
>> parentheses_and_brackets L=32   T=8    strat=uniform    samp=greedy       —
  built (parentheses_and_brackets, L=32, T=8)  vocab=8  |X|=10
   → both_rules=0.4000 ± 0.1789 (5 reps)  steps=7.9/8  n_corr=20  elapsed=43.8s
[25/368  eta=11.2min]
>> parentheses_and_brackets L=32   T=4    strat=gaussian   samp=greedy       σ=20.0
  built (parentheses_and_brackets, L=32, T=4)  vocab=8  |X|=10
   → both_rules=0.2000 ± 0.0894 (5 reps)  steps=3.3/5  n_corr=10  elapsed=28.1s
[26/368  eta=12.2min]
>> parentheses_and_brackets L=32   T=4    strat=gaussian   samp=greedy       σ=50.0
   → both_rules=0.2200 ± 0.1600 (5 reps)  steps=3.5/5  n_corr=11  elapsed=34.1s
[27/368  eta=13.0min]
>> parentheses_and_brackets L=32   T=16   strat=uniform    samp=categorical  —
  built (parentheses_and_brackets, L=32, T=16)  vocab=8  |X|=10
   → both_rules=0.4200 ± 0.1166 (5 reps)  steps=12.8/16  n_corr=21  elapsed=59.2s
[28/368  eta=14.1min]
>> parentheses_and_brackets L=32   T=8    strat=gaussian   samp=greedy       σ=2.0
  built (parentheses_and_brackets, L=32, T=8)  vocab=8  |X|=10
   → both_rules=0.2000 ± 0.1265 (5 reps)  steps=5.8/8  n_corr=10  elapsed=46.6s
[29/368  eta=14.1min]
>> parentheses_and_brackets L=32   T=16   strat=uniform    samp=greedy       —
  built (parentheses_and_brackets, L=32, T=16)  vocab=8  |X|=10
   → both_rules=0.4000 ± 0.2366 (5 reps)  steps=15.5/16  n_corr=20  elapsed=70.1s
[30/368  eta=15.3min]
>> parentheses_and_brackets L=32   T=8    strat=gaussian   samp=greedy       σ=1.0
  built (parentheses_and_brackets, L=32, T=8)  vocab=8  |X|=10
   → both_rules=0.1400 ± 0.0800 (5 reps)  steps=5.7/8  n_corr=7  elapsed=58.6s
[31/368  eta=15.2min]
>> parentheses_and_brackets L=32   T=8    strat=gaussian   samp=greedy       σ=50.0
  built (parentheses_and_brackets, L=32, T=8)  vocab=8  |X|=10
   → both_rules=0.5600 ± 0.1497 (5 reps)  steps=7.6/9  n_corr=28  elapsed=59.9s
[32/368  eta=15.5min]
>> parentheses_and_brackets L=32   T=8    strat=gaussian   samp=greedy       σ=20.0
  built (parentheses_and_brackets, L=32, T=8)  vocab=8  |X|=10
   → both_rules=0.4600 ± 0.1200 (5 reps)  steps=7.1/9  n_corr=23  elapsed=64.5s
[33/368  eta=15.1min]
>> parentheses_and_brackets L=32   T=8    strat=gaussian   samp=greedy       σ=5.0
  built (parentheses_and_brackets, L=32, T=8)  vocab=8  |X|=10
   → both_rules=0.2200 ± 0.0748 (5 reps)  steps=5.7/8  n_corr=11  elapsed=65.9s
[34/368  eta=15.2min]
>> parentheses_and_brackets L=32   T=1    strat=gaussian   samp=categorical  σ=1.0
  built (parentheses_and_brackets, L=32, T=1)  vocab=8  |X|=10
   → both_rules=0.0000 ± 0.0000 (5 reps)  steps=1.0/1  n_corr=0  elapsed=20.2s
[35/368  eta=14.7min]
>> parentheses_and_brackets L=32   T=8    strat=gaussian   samp=greedy       σ=10.0
  built (parentheses_and_brackets, L=32, T=8)  vocab=8  |X|=10
   → both_rules=0.7000 ± 0.2000 (5 reps)  steps=7.1/9  n_corr=35  elapsed=69.7s
[36/368  eta=15.6min]
>> parentheses_and_brackets L=32   T=1    strat=gaussian   samp=categorical  σ=2.0
   → both_rules=0.0000 ± 0.0000 (5 reps)  steps=1.0/1  n_corr=0  elapsed=20.0s
[37/368  eta=15.6min]
>> parentheses_and_brackets L=32   T=1    strat=gaussian   samp=categorical  σ=5.0
   → both_rules=0.0000 ± 0.0000 (5 reps)  steps=1.0/1  n_corr=0  elapsed=20.8s
[38/368  eta=15.7min]
>> parentheses_and_brackets L=32   T=1    strat=gaussian   samp=categorical  σ=10.0
   → both_rules=0.0000 ± 0.0000 (5 reps)  steps=1.0/1  n_corr=0  elapsed=20.1s
[39/368  eta=15.3min]
>> parentheses_and_brackets L=32   T=16   strat=gaussian   samp=greedy       σ=10.0
  built (parentheses_and_brackets, L=32, T=16)  vocab=8  |X|=10
   → both_rules=0.6200 ± 0.1470 (5 reps)  steps=13.8/17  n_corr=31  elapsed=82.5s
[40/368  eta=14.9min]
>> parentheses_and_brackets L=32   T=1    strat=gaussian   samp=categorical  σ=20.0
   → both_rules=0.0000 ± 0.0000 (5 reps)  steps=1.0/1  n_corr=0  elapsed=20.1s
[41/368  eta=14.9min]
>> parentheses_and_brackets L=32   T=32   strat=uniform    samp=categorical  —
  built (parentheses_and_brackets, L=32, T=32)  vocab=8  |X|=10
   → both_rules=0.9000 ± 0.1095 (5 reps)  steps=30.1/32  n_corr=45  elapsed=108.8s
[42/368  eta=14.6min]
>> parentheses_and_brackets L=32   T=1    strat=gaussian   samp=categorical  σ=50.0
   → both_rules=0.0000 ± 0.0000 (5 reps)  steps=1.0/1  n_corr=0  elapsed=20.1s
[43/368  eta=14.4min]
>> parentheses_and_brackets L=32   T=2    strat=gaussian   samp=categorical  σ=1.0
  built (parentheses_and_brackets, L=32, T=2)  vocab=8  |X|=10
   → both_rules=0.0000 ± 0.0000 (5 reps)  steps=1.0/1  n_corr=0  elapsed=21.0s
[44/368  eta=15.0min]
>> parentheses_and_brackets L=32   T=2    strat=gaussian   samp=categorical  σ=2.0
  built (parentheses_and_brackets, L=32, T=2)  vocab=8  |X|=10
   → both_rules=0.0000 ± 0.0000 (5 reps)  steps=1.0/2  n_corr=0  elapsed=20.7s
[45/368  eta=14.8min]
>> parentheses_and_brackets L=32   T=2    strat=gaussian   samp=categorical  σ=5.0
  built (parentheses_and_brackets, L=32, T=2)  vocab=8  |X|=10
   → both_rules=0.0000 ± 0.0000 (5 reps)  steps=1.1/2  n_corr=0  elapsed=18.6s
[46/368  eta=14.6min]
>> parentheses_and_brackets L=32   T=2    strat=gaussian   samp=categorical  σ=20.0
   → both_rules=0.0000 ± 0.0000 (5 reps)  steps=1.2/2  n_corr=0  elapsed=16.5s
[47/368  eta=14.5min]
>> parentheses_and_brackets L=32   T=16   strat=gaussian   samp=greedy       σ=50.0
  built (parentheses_and_brackets, L=32, T=16)  vocab=8  |X|=10
   → both_rules=0.7400 ± 0.1200 (5 reps)  steps=15.2/17  n_corr=37  elapsed=99.9s
[48/368  eta=14.4min]
>> parentheses_and_brackets L=32   T=2    strat=gaussian   samp=categorical  σ=10.0
  built (parentheses_and_brackets, L=32, T=2)  vocab=8  |X|=10
   → both_rules=0.0000 ± 0.0000 (5 reps)  steps=1.1/2  n_corr=0  elapsed=20.8s
[49/368  eta=14.1min]
>> parentheses_and_brackets L=32   T=2    strat=gaussian   samp=categorical  σ=50.0
  built (parentheses_and_brackets, L=32, T=2)  vocab=8  |X|=10
   → both_rules=0.0000 ± 0.0000 (5 reps)  steps=1.2/2  n_corr=0  elapsed=20.9s
[50/368  eta=14.0min]
>> parentheses_and_brackets L=32   T=32   strat=uniform    samp=greedy       —
  built (parentheses_and_brackets, L=32, T=32)  vocab=8  |X|=10
   → both_rules=0.6000 ± 0.1549 (5 reps)  steps=31.3/32  n_corr=30  elapsed=129.4s
[51/368  eta=13.9min]
>> parentheses_and_brackets L=32   T=16   strat=gaussian   samp=greedy       σ=1.0
  built (parentheses_and_brackets, L=32, T=16)  vocab=8  |X|=10
   → both_rules=0.5800 ± 0.1470 (5 reps)  steps=13.5/16  n_corr=29  elapsed=110.6s
[52/368  eta=13.8min]
>> parentheses_and_brackets L=32   T=4    strat=gaussian   samp=categorical  σ=1.0
  built (parentheses_and_brackets, L=32, T=4)  vocab=8  |X|=10
   → both_rules=0.0000 ± 0.0000 (5 reps)  steps=1.3/4  n_corr=0  elapsed=24.1s
[53/368  eta=13.8min]
>> parentheses_and_brackets L=32   T=4    strat=gaussian   samp=categorical  σ=2.0
  built (parentheses_and_brackets, L=32, T=4)  vocab=8  |X|=10
   → both_rules=0.0000 ± 0.0000 (5 reps)  steps=1.5/3  n_corr=0  elapsed=26.4s
[54/368  eta=13.8min]
>> parentheses_and_brackets L=32   T=16   strat=gaussian   samp=greedy       σ=2.0
  built (parentheses_and_brackets, L=32, T=16)  vocab=8  |X|=10
   → both_rules=0.5200 ± 0.0748 (5 reps)  steps=13.4/16  n_corr=26  elapsed=117.0s
[55/368  eta=13.7min]
>> parentheses_and_brackets L=32   T=16   strat=gaussian   samp=greedy       σ=20.0
  built (parentheses_and_brackets, L=32, T=16)  vocab=8  |X|=10
   → both_rules=0.8600 ± 0.1020 (5 reps)  steps=14.9/17  n_corr=43  elapsed=117.5s
[56/368  eta=13.8min]
>> parentheses_and_brackets L=32   T=4    strat=gaussian   samp=categorical  σ=5.0
  built (parentheses_and_brackets, L=32, T=4)  vocab=8  |X|=10
   → both_rules=0.0200 ± 0.0400 (5 reps)  steps=2.0/4  n_corr=1  elapsed=34.0s
[57/368  eta=13.7min]
>> parentheses_and_brackets L=32   T=8    strat=gaussian   samp=categorical  σ=1.0
  built (parentheses_and_brackets, L=32, T=8)  vocab=8  |X|=10
   → both_rules=0.0000 ± 0.0000 (5 reps)  steps=2.2/7  n_corr=0  elapsed=23.5s
[58/368  eta=13.6min]
>> parentheses_and_brackets L=32   T=16   strat=gaussian   samp=greedy       σ=5.0
  built (parentheses_and_brackets, L=32, T=16)  vocab=8  |X|=10
   → both_rules=0.5600 ± 0.1497 (5 reps)  steps=13.3/17  n_corr=28  elapsed=126.8s
[59/368  eta=13.7min]
>> parentheses_and_brackets L=32   T=4    strat=gaussian   samp=categorical  σ=10.0
  built (parentheses_and_brackets, L=32, T=4)  vocab=8  |X|=10
   → both_rules=0.0400 ± 0.0490 (5 reps)  steps=2.2/5  n_corr=2  elapsed=34.8s
[60/368  eta=13.5min]
>> parentheses_and_brackets L=32   T=4    strat=gaussian   samp=categorical  σ=50.0
  built (parentheses_and_brackets, L=32, T=4)  vocab=8  |X|=10
   → both_rules=0.0200 ± 0.0400 (5 reps)  steps=2.4/5  n_corr=1  elapsed=32.3s
[61/368  eta=13.4min]
>> parentheses_and_brackets L=32   T=4    strat=gaussian   samp=categorical  σ=20.0
  built (parentheses_and_brackets, L=32, T=4)  vocab=8  |X|=10
   → both_rules=0.0000 ± 0.0000 (5 reps)  steps=2.2/3  n_corr=0  elapsed=35.9s
[62/368  eta=13.5min]
>> parentheses_and_brackets L=32   T=32   strat=gaussian   samp=greedy       σ=50.0
  built (parentheses_and_brackets, L=32, T=32)  vocab=8  |X|=10
   → both_rules=0.8800 ± 0.0748 (5 reps)  steps=30.2/33  n_corr=44  elapsed=122.9s
[63/368  eta=14.4min]
>> parentheses_and_brackets L=32   T=8    strat=gaussian   samp=categorical  σ=2.0
   → both_rules=0.0200 ± 0.0400 (5 reps)  steps=3.3/8  n_corr=1  elapsed=49.4s
[64/368  eta=14.4min]
>> parentheses_and_brackets L=32   T=8    strat=gaussian   samp=categorical  σ=50.0
  built (parentheses_and_brackets, L=32, T=8)  vocab=8  |X|=10
   → both_rules=0.0800 ± 0.0400 (5 reps)  steps=5.1/9  n_corr=4  elapsed=45.1s
[65/368  eta=14.7min]
>> parentheses_and_brackets L=32   T=8    strat=gaussian   samp=categorical  σ=5.0
   → both_rules=0.0400 ± 0.0490 (5 reps)  steps=3.9/8  n_corr=2  elapsed=58.6s
[66/368  eta=14.7min]
>> parentheses_and_brackets L=32   T=8    strat=gaussian   samp=categorical  σ=10.0
  built (parentheses_and_brackets, L=32, T=8)  vocab=8  |X|=10
   → both_rules=0.0800 ± 0.0748 (5 reps)  steps=4.2/8  n_corr=4  elapsed=60.4s
[67/368  eta=14.7min]
>> parentheses_and_brackets L=32   T=8    strat=gaussian   samp=categorical  σ=20.0
  built (parentheses_and_brackets, L=32, T=8)  vocab=8  |X|=10
   → both_rules=0.1600 ± 0.1356 (5 reps)  steps=4.9/9  n_corr=8  elapsed=61.4s
[68/368  eta=15.2min]
>> parentheses_and_brackets L=32   T=16   strat=gaussian   samp=categorical  σ=1.0
   → both_rules=0.0000 ± 0.0000 (5 reps)  steps=5.2/14  n_corr=0  elapsed=67.4s
[69/368  eta=17.0min]
>> parentheses_and_brackets L=32   T=64   strat=uniform    samp=categorical  —
  built (parentheses_and_brackets, L=32, T=64)  vocab=8  |X|=10
   → both_rules=0.7400 ± 0.1497 (5 reps)  steps=57.3/63  n_corr=37  elapsed=232.6s
[70/368  eta=16.8min]
>> parentheses_and_brackets L=32   T=16   strat=gaussian   samp=categorical  σ=2.0
   → both_rules=0.0800 ± 0.1166 (5 reps)  steps=7.0/15  n_corr=4  elapsed=93.4s
[71/368  eta=16.7min]
>> parentheses_and_brackets L=32   T=64   strat=uniform    samp=greedy       —
  built (parentheses_and_brackets, L=32, T=64)  vocab=8  |X|=10
   → both_rules=0.7600 ± 0.1020 (5 reps)  steps=61.1/63  n_corr=38  elapsed=236.6s
[72/368  eta=16.4min]
>> parentheses_and_brackets L=32   T=16   strat=gaussian   samp=categorical  σ=20.0
   → both_rules=0.3800 ± 0.0980 (5 reps)  steps=11.3/17  n_corr=19  elapsed=89.3s
[73/368  eta=16.2min]
>> parentheses_and_brackets L=32   T=32   strat=gaussian   samp=greedy       σ=1.0
  built (parentheses_and_brackets, L=32, T=32)  vocab=8  |X|=10
   → both_rules=0.6800 ± 0.0748 (5 reps)  steps=28.0/32  n_corr=34  elapsed=213.9s
[74/368  eta=16.4min]
>> parentheses_and_brackets L=32   T=32   strat=gaussian   samp=greedy       σ=5.0
  built (parentheses_and_brackets, L=32, T=32)  vocab=8  |X|=10
   → both_rules=0.8600 ± 0.1356 (5 reps)  steps=27.3/31  n_corr=43  elapsed=215.5s
[75/368  eta=16.4min]
>> parentheses_and_brackets L=32   T=32   strat=gaussian   samp=greedy       σ=2.0
  built (parentheses_and_brackets, L=32, T=32)  vocab=8  |X|=10
   → both_rules=0.8000 ± 0.0632 (5 reps)  steps=27.9/32  n_corr=40  elapsed=219.5s
[76/368  eta=16.1min]
>> parentheses_and_brackets L=32   T=16   strat=gaussian   samp=categorical  σ=5.0
   → both_rules=0.2000 ± 0.0632 (5 reps)  steps=9.1/16  n_corr=10  elapsed=107.5s
[77/368  eta=16.1min]
>> parentheses_and_brackets L=32   T=16   strat=gaussian   samp=categorical  σ=50.0
   → both_rules=0.5200 ± 0.1166 (5 reps)  steps=12.2/17  n_corr=26  elapsed=102.6s
[78/368  eta=15.9min]
>> parentheses_and_brackets L=32   T=1    strat=ebsampler  samp=greedy       γ=0.1
  built (parentheses_and_brackets, L=32, T=1)  vocab=8  |X|=10
   → both_rules=1.0000 (det)  steps=33.0/33  n_corr=10  elapsed=15.9s
[79/368  eta=15.7min]
>> parentheses_and_brackets L=32   T=1    strat=ebsampler  samp=greedy       γ=2.0
  built (parentheses_and_brackets, L=32, T=1)  vocab=8  |X|=10
   → both_rules=0.0000 (det)  steps=15.0/15  n_corr=0  elapsed=6.5s
[80/368  eta=15.6min]
>> parentheses_and_brackets L=32   T=32   strat=gaussian   samp=greedy       σ=20.0
  built (parentheses_and_brackets, L=32, T=32)  vocab=8  |X|=10
   → both_rules=0.8200 ± 0.0748 (5 reps)  steps=28.1/33  n_corr=41  elapsed=220.1s
[81/368  eta=15.4min]
>> parentheses_and_brackets L=32   T=1    strat=ebsampler  samp=greedy       γ=10.0
   → both_rules=1.0000 (det)  steps=4.0/4  n_corr=10  elapsed=3.1s
[82/368  eta=15.2min]
>> parentheses_and_brackets L=32   T=1    strat=ebsampler  samp=greedy       γ=5.0
  built (parentheses_and_brackets, L=32, T=1)  vocab=8  |X|=10
   → both_rules=0.0000 (det)  steps=6.0/6  n_corr=0  elapsed=5.8s
[83/368  eta=15.2min]
>> parentheses_and_brackets L=32   T=1    strat=ebsampler  samp=greedy       γ=0.5
  built (parentheses_and_brackets, L=32, T=1)  vocab=8  |X|=10
   → both_rules=1.0000 (det)  steps=32.0/32  n_corr=10  elapsed=17.6s
[84/368  eta=15.1min]
>> parentheses_and_brackets L=32   T=1    strat=ebsampler  samp=greedy       γ=0.9
  built (parentheses_and_brackets, L=32, T=1)  vocab=8  |X|=10
   → both_rules=1.0000 (det)  steps=31.0/31  n_corr=10  elapsed=15.8s
[85/368  eta=14.9min]
>> parentheses_and_brackets L=32   T=16   strat=gaussian   samp=categorical  σ=10.0
  built (parentheses_and_brackets, L=32, T=16)  vocab=8  |X|=10
   → both_rules=0.3600 ± 0.0800 (5 reps)  steps=11.0/16  n_corr=18  elapsed=120.6s
[86/368  eta=14.8min]
>> parentheses_and_brackets L=32   T=2    strat=ebsampler  samp=greedy       γ=5.0
  built (parentheses_and_brackets, L=32, T=2)  vocab=8  |X|=10
   → both_rules=0.0000 (det)  steps=6.0/6  n_corr=0  elapsed=4.7s
[87/368  eta=14.6min]
>> parentheses_and_brackets L=32   T=2    strat=ebsampler  samp=greedy       γ=2.0
   → both_rules=0.0000 (det)  steps=15.0/15  n_corr=0  elapsed=9.8s
[88/368  eta=14.4min]
>> parentheses_and_brackets L=32   T=2    strat=ebsampler  samp=greedy       γ=10.0
  built (parentheses_and_brackets, L=32, T=2)  vocab=8  |X|=10
   → both_rules=1.0000 (det)  steps=4.0/4  n_corr=10  elapsed=5.2s
[89/368  eta=14.3min]
>> parentheses_and_brackets L=32   T=2    strat=ebsampler  samp=greedy       γ=0.9
   → both_rules=1.0000 (det)  steps=31.0/31  n_corr=10  elapsed=14.1s
[90/368  eta=14.2min]
>> parentheses_and_brackets L=32   T=2    strat=ebsampler  samp=greedy       γ=0.1
   → both_rules=1.0000 (det)  steps=33.0/33  n_corr=10  elapsed=18.1s
[91/368  eta=14.1min]
>> parentheses_and_brackets L=32   T=2    strat=ebsampler  samp=greedy       γ=0.5
  built (parentheses_and_brackets, L=32, T=2)  vocab=8  |X|=10
   → both_rules=1.0000 (det)  steps=32.0/32  n_corr=10  elapsed=17.5s
[92/368  eta=13.9min]
>> parentheses_and_brackets L=32   T=34   strat=ar         samp=greedy       —
  built (parentheses_and_brackets, L=32, T=34)  vocab=8  |X|=10
   → both_rules=1.0000 (det)  steps=33.0/33  n_corr=10  elapsed=39.4s
[93/368  eta=13.9min]
>> parentheses_and_brackets L=32   T=4    strat=ebsampler  samp=greedy       γ=5.0
  built (parentheses_and_brackets, L=32, T=4)  vocab=8  |X|=10
   → both_rules=0.0000 (det)  steps=6.0/6  n_corr=0  elapsed=6.9s
[94/368  eta=13.7min]
>> parentheses_and_brackets L=32   T=4    strat=ebsampler  samp=greedy       γ=10.0
  built (parentheses_and_brackets, L=32, T=4)  vocab=8  |X|=10
   → both_rules=1.0000 (det)  steps=4.0/4  n_corr=10  elapsed=5.2s
[95/368  eta=13.6min]
>> parentheses_and_brackets L=32   T=4    strat=ebsampler  samp=greedy       γ=2.0
   → both_rules=0.0000 (det)  steps=15.0/15  n_corr=0  elapsed=10.9s
[96/368  eta=13.4min]
>> parentheses_and_brackets L=32   T=32   strat=gaussian   samp=greedy       σ=10.0
  built (parentheses_and_brackets, L=32, T=32)  vocab=8  |X|=10
   → both_rules=0.8600 ± 0.0800 (5 reps)  steps=27.7/33  n_corr=43  elapsed=245.9s
[97/368  eta=13.4min]
>> parentheses_and_brackets L=32   T=4    strat=ebsampler  samp=greedy       γ=0.9
  built (parentheses_and_brackets, L=32, T=4)  vocab=8  |X|=10
   → both_rules=1.0000 (det)  steps=31.0/31  n_corr=10  elapsed=16.8s
[98/368  eta=13.2min]
>> parentheses_and_brackets L=32   T=4    strat=ebsampler  samp=greedy       γ=0.5
   → both_rules=1.0000 (det)  steps=32.0/32  n_corr=10  elapsed=17.8s
[99/368  eta=13.1min]
>> parentheses_and_brackets L=32   T=4    strat=ebsampler  samp=greedy       γ=0.1
   → both_rules=1.0000 (det)  steps=33.0/33  n_corr=10  elapsed=19.9s
[100/368  eta=12.9min]
>> parentheses_and_brackets L=32   T=8    strat=ebsampler  samp=greedy       γ=10.0
  built (parentheses_and_brackets, L=32, T=8)  vocab=8  |X|=10
   → both_rules=1.0000 (det)  steps=4.0/4  n_corr=10  elapsed=5.4s
[101/368  eta=12.8min]
>> parentheses_and_brackets L=32   T=8    strat=ebsampler  samp=greedy       γ=5.0
  built (parentheses_and_brackets, L=32, T=8)  vocab=8  |X|=10
   → both_rules=0.0000 (det)  steps=6.0/6  n_corr=0  elapsed=6.3s
[102/368  eta=12.7min]
>> parentheses_and_brackets L=32   T=8    strat=ebsampler  samp=greedy       γ=2.0
  built (parentheses_and_brackets, L=32, T=8)  vocab=8  |X|=10
   → both_rules=0.0000 (det)  steps=15.0/15  n_corr=0  elapsed=11.0s
[103/368  eta=12.6min]
>> parentheses_and_brackets L=32   T=8    strat=ebsampler  samp=greedy       γ=0.9
  built (parentheses_and_brackets, L=32, T=8)  vocab=8  |X|=10
   → both_rules=1.0000 (det)  steps=31.0/31  n_corr=10  elapsed=12.6s
[104/368  eta=12.5min]
>> parentheses_and_brackets L=32   T=8    strat=ebsampler  samp=greedy       γ=0.1
   → both_rules=1.0000 (det)  steps=33.0/33  n_corr=10  elapsed=18.0s
[105/368  eta=12.4min]
>> parentheses_and_brackets L=32   T=16   strat=ebsampler  samp=greedy       γ=5.0
  built (parentheses_and_brackets, L=32, T=16)  vocab=8  |X|=10
   → both_rules=0.0000 (det)  steps=6.0/6  n_corr=0  elapsed=6.3s
[106/368  eta=12.2min]
>> parentheses_and_brackets L=32   T=8    strat=ebsampler  samp=greedy       γ=0.5
  built (parentheses_and_brackets, L=32, T=8)  vocab=8  |X|=10
   → both_rules=1.0000 (det)  steps=32.0/32  n_corr=10  elapsed=17.9s
[107/368  eta=12.1min]
>> parentheses_and_brackets L=32   T=16   strat=ebsampler  samp=greedy       γ=10.0
   → both_rules=1.0000 (det)  steps=4.0/4  n_corr=10  elapsed=5.2s
[108/368  eta=12.0min]
>> parentheses_and_brackets L=32   T=16   strat=ebsampler  samp=greedy       γ=2.0
  built (parentheses_and_brackets, L=32, T=16)  vocab=8  |X|=10
   → both_rules=0.0000 (det)  steps=15.0/15  n_corr=0  elapsed=10.6s
[109/368  eta=11.9min]
>> parentheses_and_brackets L=32   T=16   strat=ebsampler  samp=greedy       γ=0.1
   → both_rules=1.0000 (det)  steps=33.0/33  n_corr=10  elapsed=13.6s
[110/368  eta=11.9min]
>> parentheses_and_brackets L=32   T=32   strat=ebsampler  samp=greedy       γ=5.0
  built (parentheses_and_brackets, L=32, T=32)  vocab=8  |X|=10
   → both_rules=0.0000 (det)  steps=6.0/6  n_corr=0  elapsed=6.4s
[111/368  eta=11.8min]
>> parentheses_and_brackets L=32   T=32   strat=ebsampler  samp=greedy       γ=10.0
   → both_rules=1.0000 (det)  steps=4.0/4  n_corr=10  elapsed=5.2s
[112/368  eta=11.6min]
>> parentheses_and_brackets L=32   T=16   strat=ebsampler  samp=greedy       γ=0.9
   → both_rules=1.0000 (det)  steps=31.0/31  n_corr=10  elapsed=16.3s
[113/368  eta=11.5min]
>> parentheses_and_brackets L=32   T=16   strat=ebsampler  samp=greedy       γ=0.5
  built (parentheses_and_brackets, L=32, T=16)  vocab=8  |X|=10
   → both_rules=1.0000 (det)  steps=32.0/32  n_corr=10  elapsed=18.0s
[114/368  eta=11.4min]
>> parentheses_and_brackets L=32   T=32   strat=ebsampler  samp=greedy       γ=2.0
  built (parentheses_and_brackets, L=32, T=32)  vocab=8  |X|=10
   → both_rules=0.0000 (det)  steps=15.0/15  n_corr=0  elapsed=10.6s
[115/368  eta=11.4min]
>> parentheses_and_brackets L=32   T=32   strat=gaussian   samp=categorical  σ=1.0
  built (parentheses_and_brackets, L=32, T=32)  vocab=8  |X|=10
   → both_rules=0.1200 ± 0.1470 (5 reps)  steps=15.1/31  n_corr=6  elapsed=154.8s
[116/368  eta=11.3min]
>> parentheses_and_brackets L=32   T=64   strat=ebsampler  samp=greedy       γ=5.0
  built (parentheses_and_brackets, L=32, T=64)  vocab=8  |X|=10
   → both_rules=0.0000 (det)  steps=6.0/6  n_corr=0  elapsed=6.3s
[117/368  eta=11.2min]
>> parentheses_and_brackets L=32   T=64   strat=ebsampler  samp=greedy       γ=0.1
  built (parentheses_and_brackets, L=32, T=64)  vocab=8  |X|=10
   → both_rules=1.0000 (det)  steps=33.0/33  n_corr=10  elapsed=11.1s
[118/368  eta=11.0min]
>> parentheses_and_brackets L=32   T=64   strat=ebsampler  samp=greedy       γ=10.0
   → both_rules=1.0000 (det)  steps=4.0/4  n_corr=10  elapsed=5.1s
[119/368  eta=10.9min]
>> parentheses_and_brackets L=32   T=32   strat=ebsampler  samp=greedy       γ=0.9
   → both_rules=1.0000 (det)  steps=31.0/31  n_corr=10  elapsed=16.8s
[120/368  eta=10.8min]
>> parentheses_and_brackets L=32   T=32   strat=ebsampler  samp=greedy       γ=0.5
   → both_rules=1.0000 (det)  steps=32.0/32  n_corr=10  elapsed=17.2s
[121/368  eta=10.6min]
>> parentheses_and_brackets L=32   T=32   strat=ebsampler  samp=greedy       γ=0.1
   → both_rules=1.0000 (det)  steps=33.0/33  n_corr=10  elapsed=18.8s
[122/368  eta=10.6min]
>> parentheses_and_brackets L=32   T=64   strat=ebsampler  samp=greedy       γ=2.0
  built (parentheses_and_brackets, L=32, T=64)  vocab=8  |X|=10
   → both_rules=0.0000 (det)  steps=15.0/15  n_corr=0  elapsed=10.3s
[123/368  eta=10.7min]
>> parentheses_and_brackets L=32   T=64   strat=ebsampler  samp=greedy       γ=0.9
  built (parentheses_and_brackets, L=32, T=64)  vocab=8  |X|=10
   → both_rules=1.0000 (det)  steps=31.0/31  n_corr=10  elapsed=16.9s
[124/368  eta=10.6min]
>> parentheses_and_brackets L=32   T=64   strat=ebsampler  samp=greedy       γ=0.5
  built (parentheses_and_brackets, L=32, T=64)  vocab=8  |X|=10
   → both_rules=1.0000 (det)  steps=32.0/32  n_corr=10  elapsed=17.9s
[125/368  eta=10.9min]
>> parentheses_and_brackets L=32   T=1    strat=ebsampler  samp=categorical  γ=10.0
  built (parentheses_and_brackets, L=32, T=1)  vocab=8  |X|=10
   → both_rules=0.0200 ± 0.0400 (5 reps)  steps=1.7/4  n_corr=1  elapsed=22.8s
[126/368  eta=10.8min]
>> parentheses_and_brackets L=32   T=1    strat=ebsampler  samp=categorical  γ=5.0
   → both_rules=0.0000 ± 0.0000 (5 reps)  steps=2.4/7  n_corr=0  elapsed=24.9s
[127/368  eta=10.7min]
>> parentheses_and_brackets L=32   T=32   strat=gaussian   samp=categorical  σ=2.0
  built (parentheses_and_brackets, L=32, T=32)  vocab=8  |X|=10
   → both_rules=0.3200 ± 0.0748 (5 reps)  steps=19.1/31  n_corr=16  elapsed=180.6s
[128/368  eta=11.0min]
>> parentheses_and_brackets L=32   T=1    strat=ebsampler  samp=categorical  γ=2.0
  built (parentheses_and_brackets, L=32, T=1)  vocab=8  |X|=10
   → both_rules=0.3200 ± 0.1166 (5 reps)  steps=8.5/15  n_corr=12  elapsed=40.3s
[129/368  eta=10.9min]
>> parentheses_and_brackets L=32   T=32   strat=gaussian   samp=categorical  σ=50.0
   → both_rules=0.7000 ± 0.1095 (5 reps)  steps=25.6/33  n_corr=35  elapsed=172.5s
[130/368  eta=10.9min]
>> parentheses_and_brackets L=32   T=64   strat=gaussian   samp=greedy       σ=50.0
  built (parentheses_and_brackets, L=32, T=64)  vocab=8  |X|=10
   → both_rules=0.8600 ± 0.0800 (5 reps)  steps=57.9/64  n_corr=43  elapsed=289.0s
[131/368  eta=10.8min]
>> parentheses_and_brackets L=32   T=2    strat=ebsampler  samp=categorical  γ=10.0
   → both_rules=0.0200 ± 0.0400 (5 reps)  steps=1.7/4  n_corr=1  elapsed=21.9s
[132/368  eta=10.8min]
>> parentheses_and_brackets L=32   T=2    strat=ebsampler  samp=categorical  γ=5.0
   → both_rules=0.0000 ± 0.0000 (5 reps)  steps=2.4/7  n_corr=0  elapsed=25.2s
[133/368  eta=10.7min]
>> parentheses_and_brackets L=32   T=2    strat=ebsampler  samp=categorical  γ=2.0
   → both_rules=0.3200 ± 0.1166 (5 reps)  steps=8.5/15  n_corr=12  elapsed=40.0s
[134/368  eta=10.6min]
>> parentheses_and_brackets L=32   T=32   strat=gaussian   samp=categorical  σ=10.0
   → both_rules=0.4600 ± 0.1200 (5 reps)  steps=22.7/33  n_corr=23  elapsed=201.5s
[135/368  eta=10.9min]
>> parentheses_and_brackets L=32   T=32   strat=gaussian   samp=categorical  σ=5.0
  built (parentheses_and_brackets, L=32, T=32)  vocab=8  |X|=10
   → both_rules=0.5400 ± 0.1497 (5 reps)  steps=23.8/33  n_corr=27  elapsed=220.2s
[136/368  eta=10.8min]
>> parentheses_and_brackets L=32   T=2    strat=ebsampler  samp=categorical  γ=0.1
   → both_rules=1.0000 ± 0.0000 (5 reps)  steps=31.5/33  n_corr=50  elapsed=66.9s
[137/368  eta=10.7min]
>> parentheses_and_brackets L=32   T=1    strat=ebsampler  samp=categorical  γ=0.9
   → both_rules=0.9600 ± 0.0490 (5 reps)  steps=25.2/31  n_corr=47  elapsed=68.6s
[138/368  eta=10.6min]
>> parentheses_and_brackets L=32   T=1    strat=ebsampler  samp=categorical  γ=0.5
   → both_rules=0.9800 ± 0.0400 (5 reps)  steps=29.3/32  n_corr=48  elapsed=70.5s
[139/368  eta=10.5min]
>> parentheses_and_brackets L=32   T=4    strat=ebsampler  samp=categorical  γ=10.0
  built (parentheses_and_brackets, L=32, T=4)  vocab=8  |X|=10
   → both_rules=0.0200 ± 0.0400 (5 reps)  steps=1.7/4  n_corr=1  elapsed=22.1s
[140/368  eta=10.5min]
>> parentheses_and_brackets L=32   T=4    strat=ebsampler  samp=categorical  γ=2.0
  built (parentheses_and_brackets, L=32, T=4)  vocab=8  |X|=10
   → both_rules=0.3200 ± 0.1166 (5 reps)  steps=8.5/15  n_corr=12  elapsed=26.3s
[141/368  eta=10.3min]
>> parentheses_and_brackets L=32   T=4    strat=ebsampler  samp=categorical  γ=5.0
   → both_rules=0.0000 ± 0.0000 (5 reps)  steps=2.4/7  n_corr=0  elapsed=25.9s
[142/368  eta=10.3min]
>> parentheses_and_brackets L=32   T=32   strat=gaussian   samp=categorical  σ=20.0
  built (parentheses_and_brackets, L=32, T=32)  vocab=8  |X|=10
   → both_rules=0.6000 ± 0.1789 (5 reps)  steps=24.1/33  n_corr=30  elapsed=209.6s
[143/368  eta=10.5min]
>> parentheses_and_brackets L=32   T=2    strat=ebsampler  samp=categorical  γ=0.9
  built (parentheses_and_brackets, L=32, T=2)  vocab=8  |X|=10
   → both_rules=0.9600 ± 0.0490 (5 reps)  steps=25.2/31  n_corr=47  elapsed=76.7s
[144/368  eta=10.4min]
>> parentheses_and_brackets L=32   T=2    strat=ebsampler  samp=categorical  γ=0.5
   → both_rules=0.9800 ± 0.0400 (5 reps)  steps=29.3/32  n_corr=48  elapsed=85.0s
[145/368  eta=10.3min]
>> parentheses_and_brackets L=32   T=1    strat=ebsampler  samp=categorical  γ=0.1
   → both_rules=1.0000 ± 0.0000 (5 reps)  steps=31.5/33  n_corr=50  elapsed=88.7s
[146/368  eta=10.3min]
>> parentheses_and_brackets L=32   T=8    strat=ebsampler  samp=categorical  γ=10.0
  built (parentheses_and_brackets, L=32, T=8)  vocab=8  |X|=10
   → both_rules=0.0200 ± 0.0400 (5 reps)  steps=1.7/4  n_corr=1  elapsed=22.4s
[147/368  eta=10.2min]
>> parentheses_and_brackets L=32   T=8    strat=ebsampler  samp=categorical  γ=5.0
  built (parentheses_and_brackets, L=32, T=8)  vocab=8  |X|=10
   → both_rules=0.0000 ± 0.0000 (5 reps)  steps=2.4/7  n_corr=0  elapsed=24.8s
[148/368  eta=10.3min]
>> parentheses_and_brackets L=32   T=64   strat=gaussian   samp=greedy       σ=20.0
  built (parentheses_and_brackets, L=32, T=64)  vocab=8  |X|=10
   → both_rules=0.9600 ± 0.0490 (5 reps)  steps=57.6/64  n_corr=48  elapsed=355.7s
[149/368  eta=10.3min]
>> parentheses_and_brackets L=32   T=8    strat=ebsampler  samp=categorical  γ=2.0
   → both_rules=0.3200 ± 0.1166 (5 reps)  steps=8.5/15  n_corr=12  elapsed=38.9s
[150/368  eta=10.2min]
>> parentheses_and_brackets L=32   T=16   strat=ebsampler  samp=categorical  γ=10.0
   → both_rules=0.0200 ± 0.0400 (5 reps)  steps=1.7/4  n_corr=1  elapsed=21.9s
[151/368  eta=10.2min]
>> parentheses_and_brackets L=32   T=16   strat=ebsampler  samp=categorical  γ=5.0
   → both_rules=0.0000 ± 0.0000 (5 reps)  steps=2.4/7  n_corr=0  elapsed=25.1s
[152/368  eta=10.1min]
>> parentheses_and_brackets L=32   T=4    strat=ebsampler  samp=categorical  γ=0.1
   → both_rules=1.0000 ± 0.0000 (5 reps)  steps=31.5/33  n_corr=50  elapsed=88.8s
[153/368  eta=10.0min]
>> parentheses_and_brackets L=32   T=4    strat=ebsampler  samp=categorical  γ=0.9
   → both_rules=0.9600 ± 0.0490 (5 reps)  steps=25.2/31  n_corr=47  elapsed=74.2s
[154/368  eta=9.9min]
>> parentheses_and_brackets L=32   T=16   strat=ebsampler  samp=categorical  γ=2.0
  built (parentheses_and_brackets, L=32, T=16)  vocab=8  |X|=10
   → both_rules=0.3200 ± 0.1166 (5 reps)  steps=8.5/15  n_corr=12  elapsed=40.0s
[155/368  eta=10.0min]
>> parentheses_and_brackets L=32   T=4    strat=ebsampler  samp=categorical  γ=0.5
  built (parentheses_and_brackets, L=32, T=4)  vocab=8  |X|=10
   → both_rules=0.9800 ± 0.0400 (5 reps)  steps=29.3/32  n_corr=48  elapsed=84.0s
[156/368  eta=9.9min]
>> parentheses_and_brackets L=32   T=34   strat=ar         samp=categorical  —
  built (parentheses_and_brackets, L=32, T=34)  vocab=8  |X|=10
   → both_rules=1.0000 ± 0.0000 (5 reps)  steps=33.0/33  n_corr=50  elapsed=197.5s
[157/368  eta=9.9min]
>> parentheses_and_brackets L=32   T=64   strat=gaussian   samp=greedy       σ=1.0
  built (parentheses_and_brackets, L=32, T=64)  vocab=8  |X|=10
   → both_rules=0.9600 ± 0.0490 (5 reps)  steps=58.5/62  n_corr=48  elapsed=398.0s
[158/368  eta=9.8min]
>> parentheses_and_brackets L=32   T=32   strat=ebsampler  samp=categorical  γ=5.0
   → both_rules=0.0000 ± 0.0000 (5 reps)  steps=2.4/7  n_corr=0  elapsed=24.1s
[159/368  eta=9.7min]
>> parentheses_and_brackets L=32   T=32   strat=ebsampler  samp=categorical  γ=2.0
  built (parentheses_and_brackets, L=32, T=32)  vocab=8  |X|=10
   → both_rules=0.3200 ± 0.1166 (5 reps)  steps=8.5/15  n_corr=12  elapsed=25.1s
[160/368  eta=9.6min]
>> not_nested_parentheses_and_brackets L=32   T=1    strat=uniform    samp=greedy       —
  built (not_nested_parentheses_and_brackets, L=32, T=1)  vocab=8  |X|=10
   → both_rules=1.0000 ± 0.0000 (5 reps)  steps=1.0/1  n_corr=50  elapsed=2.2s
[161/368  eta=9.5min]
>> parentheses_and_brackets L=32   T=64   strat=gaussian   samp=greedy       σ=10.0
  built (parentheses_and_brackets, L=32, T=64)  vocab=8  |X|=10
   → both_rules=0.9200 ± 0.0980 (5 reps)  steps=56.1/64  n_corr=46  elapsed=388.6s
[162/368  eta=9.4min]
>> parentheses_and_brackets L=32   T=32   strat=ebsampler  samp=categorical  γ=10.0
  built (parentheses_and_brackets, L=32, T=32)  vocab=8  |X|=10
   → both_rules=0.0200 ± 0.0400 (5 reps)  steps=1.7/4  n_corr=1  elapsed=22.3s
[163/368  eta=9.3min]
>> parentheses_and_brackets L=32   T=64   strat=gaussian   samp=greedy       σ=2.0
  built (parentheses_and_brackets, L=32, T=64)  vocab=8  |X|=10
   → both_rules=0.9000 ± 0.1265 (5 reps)  steps=56.7/64  n_corr=45  elapsed=398.3s
[164/368  eta=9.2min]
>> not_nested_parentheses_and_brackets L=32   T=4    strat=uniform    samp=greedy       —
  built (not_nested_parentheses_and_brackets, L=32, T=4)  vocab=8  |X|=10
   → both_rules=0.0200 ± 0.0400 (5 reps)  steps=3.8/4  n_corr=1  elapsed=1.9s
[165/368  eta=9.1min]
>> not_nested_parentheses_and_brackets L=32   T=2    strat=uniform    samp=greedy       —
  built (not_nested_parentheses_and_brackets, L=32, T=2)  vocab=8  |X|=10
   → both_rules=0.0000 ± 0.0000 (5 reps)  steps=2.0/2  n_corr=0  elapsed=2.3s
[166/368  eta=9.1min]
>> not_nested_parentheses_and_brackets L=32   T=1    strat=uniform    samp=categorical  —
  built (not_nested_parentheses_and_brackets, L=32, T=1)  vocab=8  |X|=10
   → both_rules=0.0000 ± 0.0000 (5 reps)  steps=1.0/1  n_corr=0  elapsed=1.4s
[167/368  eta=9.0min]
>> not_nested_parentheses_and_brackets L=32   T=2    strat=uniform    samp=categorical  —
   → both_rules=0.0400 ± 0.0800 (5 reps)  steps=1.9/2  n_corr=2  elapsed=2.2s
[168/368  eta=8.9min]
>> not_nested_parentheses_and_brackets L=32   T=4    strat=uniform    samp=categorical  —
   → both_rules=0.1200 ± 0.1166 (5 reps)  steps=3.7/4  n_corr=6  elapsed=1.8s
[169/368  eta=8.8min]
>> not_nested_parentheses_and_brackets L=32   T=8    strat=uniform    samp=greedy       —
  built (not_nested_parentheses_and_brackets, L=32, T=8)  vocab=8  |X|=10
   → both_rules=0.2200 ± 0.1720 (5 reps)  steps=7.7/8  n_corr=11  elapsed=4.2s
[170/368  eta=8.7min]
>> not_nested_parentheses_and_brackets L=32   T=16   strat=uniform    samp=greedy       —
  built (not_nested_parentheses_and_brackets, L=32, T=16)  vocab=8  |X|=10
   → both_rules=0.3200 ± 0.2227 (5 reps)  steps=15.4/16  n_corr=16  elapsed=4.6s
[171/368  eta=8.6min]
>> parentheses_and_brackets L=32   T=8    strat=ebsampler  samp=categorical  γ=0.5
  built (parentheses_and_brackets, L=32, T=8)  vocab=8  |X|=10
   → both_rules=0.9800 ± 0.0400 (5 reps)  steps=29.3/32  n_corr=48  elapsed=83.4s
[172/368  eta=8.6min]
>> parentheses_and_brackets L=32   T=16   strat=ebsampler  samp=categorical  γ=0.5
  built (parentheses_and_brackets, L=32, T=16)  vocab=8  |X|=10
   → both_rules=0.9800 ± 0.0400 (5 reps)  steps=29.3/32  n_corr=48  elapsed=65.5s
[173/368  eta=8.5min]
>> parentheses_and_brackets L=32   T=8    strat=ebsampler  samp=categorical  γ=0.1
   → both_rules=1.0000 ± 0.0000 (5 reps)  steps=31.5/33  n_corr=50  elapsed=88.8s
[174/368  eta=8.4min]
>> not_nested_parentheses_and_brackets L=32   T=8    strat=uniform    samp=categorical  —
  built (not_nested_parentheses_and_brackets, L=32, T=8)  vocab=8  |X|=10
   → both_rules=0.2800 ± 0.0748 (5 reps)  steps=7.2/8  n_corr=14  elapsed=3.8s
[175/368  eta=8.3min]
>> not_nested_parentheses_and_brackets L=32   T=1    strat=gaussian   samp=greedy       σ=1.0
  built (not_nested_parentheses_and_brackets, L=32, T=1)  vocab=8  |X|=10
   → both_rules=1.0000 ± 0.0000 (5 reps)  steps=1.0/1  n_corr=50  elapsed=2.2s
[176/368  eta=8.2min]
>> parentheses_and_brackets L=32   T=8    strat=ebsampler  samp=categorical  γ=0.9
   → both_rules=0.9600 ± 0.0490 (5 reps)  steps=25.2/31  n_corr=47  elapsed=72.8s
[177/368  eta=8.1min]
>> not_nested_parentheses_and_brackets L=32   T=16   strat=uniform    samp=categorical  —
  built (not_nested_parentheses_and_brackets, L=32, T=16)  vocab=8  |X|=10
   → both_rules=0.4400 ± 0.1200 (5 reps)  steps=15.4/16  n_corr=22  elapsed=4.5s
[178/368  eta=8.1min]
>> not_nested_parentheses_and_brackets L=32   T=1    strat=gaussian   samp=greedy       σ=2.0
  built (not_nested_parentheses_and_brackets, L=32, T=1)  vocab=8  |X|=10
   → both_rules=1.0000 ± 0.0000 (5 reps)  steps=1.0/1  n_corr=50  elapsed=2.1s
[179/368  eta=8.0min]
>> not_nested_parentheses_and_brackets L=32   T=1    strat=gaussian   samp=greedy       σ=5.0
  built (not_nested_parentheses_and_brackets, L=32, T=1)  vocab=8  |X|=10
   → both_rules=1.0000 ± 0.0000 (5 reps)  steps=1.0/2  n_corr=50  elapsed=2.2s
[180/368  eta=7.9min]
>> not_nested_parentheses_and_brackets L=32   T=1    strat=gaussian   samp=greedy       σ=10.0
  built (not_nested_parentheses_and_brackets, L=32, T=1)  vocab=8  |X|=10
   → both_rules=1.0000 ± 0.0000 (5 reps)  steps=1.0/2  n_corr=50  elapsed=2.2s
[181/368  eta=7.8min]
>> not_nested_parentheses_and_brackets L=32   T=1    strat=gaussian   samp=greedy       σ=20.0
   → both_rules=0.9800 ± 0.0400 (5 reps)  steps=1.2/2  n_corr=49  elapsed=2.2s
[182/368  eta=7.7min]
>> not_nested_parentheses_and_brackets L=32   T=1    strat=gaussian   samp=greedy       σ=50.0
  built (not_nested_parentheses_and_brackets, L=32, T=1)  vocab=8  |X|=10
   → both_rules=0.9600 ± 0.0490 (5 reps)  steps=1.3/2  n_corr=48  elapsed=2.0s
[183/368  eta=7.7min]
>> not_nested_parentheses_and_brackets L=32   T=2    strat=gaussian   samp=greedy       σ=1.0
  built (not_nested_parentheses_and_brackets, L=32, T=2)  vocab=8  |X|=10
   → both_rules=0.9000 ± 0.0632 (5 reps)  steps=2.0/2  n_corr=45  elapsed=1.8s
[184/368  eta=7.6min]
>> not_nested_parentheses_and_brackets L=32   T=2    strat=gaussian   samp=greedy       σ=2.0
  built (not_nested_parentheses_and_brackets, L=32, T=2)  vocab=8  |X|=10
   → both_rules=0.6800 ± 0.0980 (5 reps)  steps=2.0/2  n_corr=34  elapsed=2.4s
[185/368  eta=7.5min]
>> not_nested_parentheses_and_brackets L=32   T=2    strat=gaussian   samp=greedy       σ=10.0
   → both_rules=0.0000 ± 0.0000 (5 reps)  steps=2.0/2  n_corr=0  elapsed=2.4s
[186/368  eta=7.4min]
>> not_nested_parentheses_and_brackets L=32   T=2    strat=gaussian   samp=greedy       σ=5.0
  built (not_nested_parentheses_and_brackets, L=32, T=2)  vocab=8  |X|=10
   → both_rules=0.1400 ± 0.0800 (5 reps)  steps=2.0/2  n_corr=7  elapsed=2.4s
[187/368  eta=7.4min]
>> not_nested_parentheses_and_brackets L=32   T=2    strat=gaussian   samp=greedy       σ=20.0
  built (not_nested_parentheses_and_brackets, L=32, T=2)  vocab=8  |X|=10
   → both_rules=0.0000 ± 0.0000 (5 reps)  steps=2.0/2  n_corr=0  elapsed=2.5s
[188/368  eta=7.3min]
>> not_nested_parentheses_and_brackets L=32   T=32   strat=uniform    samp=greedy       —
  built (not_nested_parentheses_and_brackets, L=32, T=32)  vocab=8  |X|=10
   → both_rules=0.7000 ± 0.1673 (5 reps)  steps=31.3/32  n_corr=35  elapsed=11.9s
[189/368  eta=7.2min]
>> not_nested_parentheses_and_brackets L=32   T=2    strat=gaussian   samp=greedy       σ=50.0
  built (not_nested_parentheses_and_brackets, L=32, T=2)  vocab=8  |X|=10
   → both_rules=0.0000 ± 0.0000 (5 reps)  steps=2.0/2  n_corr=0  elapsed=2.5s
[190/368  eta=7.2min]
>> not_nested_parentheses_and_brackets L=32   T=4    strat=gaussian   samp=greedy       σ=1.0
   → both_rules=0.1000 ± 0.1265 (5 reps)  steps=2.3/4  n_corr=5  elapsed=3.6s
[191/368  eta=7.1min]
>> not_nested_parentheses_and_brackets L=32   T=32   strat=uniform    samp=categorical  —
  built (not_nested_parentheses_and_brackets, L=32, T=32)  vocab=8  |X|=10
   → both_rules=0.7200 ± 0.1166 (5 reps)  steps=31.0/32  n_corr=36  elapsed=9.8s
[192/368  eta=7.0min]
>> parentheses_and_brackets L=32   T=16   strat=ebsampler  samp=categorical  γ=0.9
   → both_rules=0.9600 ± 0.0490 (5 reps)  steps=25.2/31  n_corr=47  elapsed=73.4s
[193/368  eta=6.9min]
>> not_nested_parentheses_and_brackets L=32   T=4    strat=gaussian   samp=greedy       σ=2.0
  built (not_nested_parentheses_and_brackets, L=32, T=4)  vocab=8  |X|=10
   → both_rules=0.0000 ± 0.0000 (5 reps)  steps=2.2/4  n_corr=0  elapsed=3.7s
[194/368  eta=6.9min]
>> parentheses_and_brackets L=32   T=64   strat=ebsampler  samp=categorical  γ=10.0
  built (parentheses_and_brackets, L=32, T=64)  vocab=8  |X|=10
   → both_rules=0.0200 ± 0.0400 (5 reps)  steps=1.7/4  n_corr=1  elapsed=22.4s
[195/368  eta=6.8min]
>> not_nested_parentheses_and_brackets L=32   T=4    strat=gaussian   samp=greedy       σ=5.0
  built (not_nested_parentheses_and_brackets, L=32, T=4)  vocab=8  |X|=10
   → both_rules=0.0600 ± 0.0800 (5 reps)  steps=3.0/4  n_corr=3  elapsed=4.1s
[196/368  eta=6.7min]
>> not_nested_parentheses_and_brackets L=32   T=4    strat=gaussian   samp=greedy       σ=50.0
  built (not_nested_parentheses_and_brackets, L=32, T=4)  vocab=8  |X|=10
   → both_rules=0.1400 ± 0.1497 (5 reps)  steps=3.4/5  n_corr=7  elapsed=3.7s
[197/368  eta=6.7min]
>> not_nested_parentheses_and_brackets L=32   T=4    strat=gaussian   samp=greedy       σ=10.0
  built (not_nested_parentheses_and_brackets, L=32, T=4)  vocab=8  |X|=10
   → both_rules=0.0600 ± 0.0800 (5 reps)  steps=3.2/4  n_corr=3  elapsed=4.3s
[198/368  eta=6.6min]
>> not_nested_parentheses_and_brackets L=32   T=4    strat=gaussian   samp=greedy       σ=20.0
  built (not_nested_parentheses_and_brackets, L=32, T=4)  vocab=8  |X|=10
   → both_rules=0.0800 ± 0.0748 (5 reps)  steps=3.2/4  n_corr=4  elapsed=4.1s
[199/368  eta=6.5min]
>> parentheses_and_brackets L=32   T=64   strat=ebsampler  samp=categorical  γ=5.0
   → both_rules=0.0000 ± 0.0000 (5 reps)  steps=2.4/7  n_corr=0  elapsed=24.7s
[200/368  eta=6.5min]
>> not_nested_parentheses_and_brackets L=32   T=8    strat=gaussian   samp=greedy       σ=5.0
   → both_rules=0.0800 ± 0.0748 (5 reps)  steps=5.7/8  n_corr=4  elapsed=4.8s
[201/368  eta=6.4min]
>> not_nested_parentheses_and_brackets L=32   T=8    strat=gaussian   samp=greedy       σ=1.0
  built (not_nested_parentheses_and_brackets, L=32, T=8)  vocab=8  |X|=10
   → both_rules=0.0200 ± 0.0400 (5 reps)  steps=4.8/8  n_corr=1  elapsed=6.4s
[202/368  eta=6.4min]
>> not_nested_parentheses_and_brackets L=32   T=8    strat=gaussian   samp=greedy       σ=2.0
  built (not_nested_parentheses_and_brackets, L=32, T=8)  vocab=8  |X|=10
   → both_rules=0.1000 ± 0.0632 (5 reps)  steps=5.7/8  n_corr=5  elapsed=6.7s
[203/368  eta=6.3min]
>> not_nested_parentheses_and_brackets L=32   T=8    strat=gaussian   samp=greedy       σ=50.0
  built (not_nested_parentheses_and_brackets, L=32, T=8)  vocab=8  |X|=10
   → both_rules=0.3400 ± 0.1020 (5 reps)  steps=7.2/9  n_corr=17  elapsed=5.7s
[204/368  eta=6.2min]
>> not_nested_parentheses_and_brackets L=32   T=64   strat=uniform    samp=greedy       —
  built (not_nested_parentheses_and_brackets, L=32, T=64)  vocab=8  |X|=10
   → both_rules=0.6600 ± 0.1497 (5 reps)  steps=61.7/63  n_corr=33  elapsed=21.1s
[205/368  eta=6.2min]
>> not_nested_parentheses_and_brackets L=32   T=8    strat=gaussian   samp=greedy       σ=20.0
  built (not_nested_parentheses_and_brackets, L=32, T=8)  vocab=8  |X|=10
   → both_rules=0.2000 ± 0.0894 (5 reps)  steps=6.5/9  n_corr=10  elapsed=6.5s
[206/368  eta=6.1min]
>> not_nested_parentheses_and_brackets L=32   T=8    strat=gaussian   samp=greedy       σ=10.0
  built (not_nested_parentheses_and_brackets, L=32, T=8)  vocab=8  |X|=10
   → both_rules=0.2400 ± 0.0800 (5 reps)  steps=6.5/9  n_corr=12  elapsed=7.2s
[207/368  eta=6.1min]
>> not_nested_parentheses_and_brackets L=32   T=64   strat=uniform    samp=categorical  —
  built (not_nested_parentheses_and_brackets, L=32, T=64)  vocab=8  |X|=10
   → both_rules=0.9200 ± 0.0748 (5 reps)  steps=60.9/63  n_corr=46  elapsed=19.4s
[208/368  eta=6.0min]
>> parentheses_and_brackets L=32   T=64   strat=ebsampler  samp=categorical  γ=2.0
  built (parentheses_and_brackets, L=32, T=64)  vocab=8  |X|=10
   → both_rules=0.3200 ± 0.1166 (5 reps)  steps=8.5/15  n_corr=12  elapsed=40.3s
[209/368  eta=6.0min]
>> parentheses_and_brackets L=32   T=64   strat=gaussian   samp=categorical  σ=1.0
  built (parentheses_and_brackets, L=32, T=64)  vocab=8  |X|=10
   → both_rules=0.3600 ± 0.0800 (5 reps)  steps=39.9/62  n_corr=18  elapsed=282.0s
[210/368  eta=5.9min]
>> not_nested_parentheses_and_brackets L=32   T=16   strat=gaussian   samp=greedy       σ=50.0
  built (not_nested_parentheses_and_brackets, L=32, T=16)  vocab=8  |X|=10
   → both_rules=0.6400 ± 0.1625 (5 reps)  steps=15.1/17  n_corr=32  elapsed=8.1s
[211/368  eta=5.9min]
>> not_nested_parentheses_and_brackets L=32   T=16   strat=gaussian   samp=greedy       σ=1.0
  built (not_nested_parentheses_and_brackets, L=32, T=16)  vocab=8  |X|=10
   → both_rules=0.1000 ± 0.0894 (5 reps)  steps=11.0/15  n_corr=5  elapsed=11.8s
[212/368  eta=5.8min]
>> not_nested_parentheses_and_brackets L=32   T=16   strat=gaussian   samp=greedy       σ=2.0
  built (not_nested_parentheses_and_brackets, L=32, T=16)  vocab=8  |X|=10
   → both_rules=0.2200 ± 0.1470 (5 reps)  steps=12.0/16  n_corr=11  elapsed=12.5s
[213/368  eta=5.7min]
>> not_nested_parentheses_and_brackets L=32   T=16   strat=gaussian   samp=greedy       σ=5.0
  built (not_nested_parentheses_and_brackets, L=32, T=16)  vocab=8  |X|=10
   → both_rules=0.3000 ± 0.1265 (5 reps)  steps=12.5/16  n_corr=15  elapsed=13.4s
[214/368  eta=5.7min]
>> not_nested_parentheses_and_brackets L=32   T=16   strat=gaussian   samp=greedy       σ=20.0
  built (not_nested_parentheses_and_brackets, L=32, T=16)  vocab=8  |X|=10
   → both_rules=0.7800 ± 0.1833 (5 reps)  steps=14.5/17  n_corr=39  elapsed=12.3s
[215/368  eta=5.6min]
>> not_nested_parentheses_and_brackets L=32   T=16   strat=gaussian   samp=greedy       σ=10.0
  built (not_nested_parentheses_and_brackets, L=32, T=16)  vocab=8  |X|=10
   → both_rules=0.4200 ± 0.1600 (5 reps)  steps=13.4/17  n_corr=21  elapsed=13.6s
[216/368  eta=5.6min]
>> parentheses_and_brackets L=32   T=16   strat=ebsampler  samp=categorical  γ=0.1
  built (parentheses_and_brackets, L=32, T=16)  vocab=8  |X|=10
   → both_rules=1.0000 ± 0.0000 (5 reps)  steps=31.5/33  n_corr=50  elapsed=92.6s
[217/368  eta=5.5min]
>> not_nested_parentheses_and_brackets L=32   T=1    strat=gaussian   samp=categorical  σ=1.0
   → both_rules=0.0000 ± 0.0000 (5 reps)  steps=1.0/1  n_corr=0  elapsed=2.2s
[218/368  eta=5.5min]
>> not_nested_parentheses_and_brackets L=32   T=1    strat=gaussian   samp=categorical  σ=2.0
  built (not_nested_parentheses_and_brackets, L=32, T=1)  vocab=8  |X|=10
   → both_rules=0.0000 ± 0.0000 (5 reps)  steps=1.0/1  n_corr=0  elapsed=2.1s
[219/368  eta=5.4min]
>> not_nested_parentheses_and_brackets L=32   T=1    strat=gaussian   samp=categorical  σ=5.0
   → both_rules=0.0000 ± 0.0000 (5 reps)  steps=1.0/1  n_corr=0  elapsed=2.2s
[220/368  eta=5.4min]
>> not_nested_parentheses_and_brackets L=32   T=1    strat=gaussian   samp=categorical  σ=10.0
  built (not_nested_parentheses_and_brackets, L=32, T=1)  vocab=8  |X|=10
   → both_rules=0.0000 ± 0.0000 (5 reps)  steps=1.0/1  n_corr=0  elapsed=2.2s
[221/368  eta=5.3min]
>> not_nested_parentheses_and_brackets L=32   T=1    strat=gaussian   samp=categorical  σ=20.0
   → both_rules=0.0000 ± 0.0000 (5 reps)  steps=1.0/1  n_corr=0  elapsed=2.2s
[222/368  eta=5.2min]
>> parentheses_and_brackets L=32   T=32   strat=ebsampler  samp=categorical  γ=0.1
   → both_rules=1.0000 ± 0.0000 (5 reps)  steps=31.5/33  n_corr=50  elapsed=77.7s
[223/368  eta=5.2min]
>> not_nested_parentheses_and_brackets L=32   T=1    strat=gaussian   samp=categorical  σ=50.0
   → both_rules=0.0000 ± 0.0000 (5 reps)  steps=1.0/1  n_corr=0  elapsed=2.1s
[224/368  eta=5.1min]
>> not_nested_parentheses_and_brackets L=32   T=2    strat=gaussian   samp=categorical  σ=1.0
   → both_rules=0.0200 ± 0.0400 (5 reps)  steps=1.5/2  n_corr=1  elapsed=2.5s
[225/368  eta=5.1min]
>> parentheses_and_brackets L=32   T=32   strat=ebsampler  samp=categorical  γ=0.9
  built (parentheses_and_brackets, L=32, T=32)  vocab=8  |X|=10
   → both_rules=0.9600 ± 0.0490 (5 reps)  steps=25.2/31  n_corr=47  elapsed=73.7s
[226/368  eta=5.0min]
>> not_nested_parentheses_and_brackets L=32   T=2    strat=gaussian   samp=categorical  σ=10.0
  built (not_nested_parentheses_and_brackets, L=32, T=2)  vocab=8  |X|=10
   → both_rules=0.0000 ± 0.0000 (5 reps)  steps=1.7/2  n_corr=0  elapsed=1.6s
[227/368  eta=5.0min]
>> not_nested_parentheses_and_brackets L=32   T=2    strat=gaussian   samp=categorical  σ=2.0
  built (not_nested_parentheses_and_brackets, L=32, T=2)  vocab=8  |X|=10
   → both_rules=0.0000 ± 0.0000 (5 reps)  steps=1.5/2  n_corr=0  elapsed=2.5s
[228/368  eta=4.9min]
>> not_nested_parentheses_and_brackets L=32   T=2    strat=gaussian   samp=categorical  σ=5.0
   → both_rules=0.0400 ± 0.0490 (5 reps)  steps=1.5/2  n_corr=2  elapsed=2.5s
[229/368  eta=4.9min]
>> not_nested_parentheses_and_brackets L=32   T=2    strat=gaussian   samp=categorical  σ=20.0
  built (not_nested_parentheses_and_brackets, L=32, T=2)  vocab=8  |X|=10
   → both_rules=0.0400 ± 0.0490 (5 reps)  steps=1.9/3  n_corr=2  elapsed=2.3s
[230/368  eta=4.8min]
>> not_nested_parentheses_and_brackets L=32   T=2    strat=gaussian   samp=categorical  σ=50.0
   → both_rules=0.1400 ± 0.0490 (5 reps)  steps=2.0/3  n_corr=6  elapsed=2.4s
[231/368  eta=4.8min]
>> not_nested_parentheses_and_brackets L=32   T=4    strat=gaussian   samp=categorical  σ=2.0
  built (not_nested_parentheses_and_brackets, L=32, T=4)  vocab=8  |X|=10
   → both_rules=0.1200 ± 0.0748 (5 reps)  steps=2.8/4  n_corr=6  elapsed=2.4s
[232/368  eta=4.7min]
>> not_nested_parentheses_and_brackets L=32   T=4    strat=gaussian   samp=categorical  σ=1.0
  built (not_nested_parentheses_and_brackets, L=32, T=4)  vocab=8  |X|=10
   → both_rules=0.1200 ± 0.0748 (5 reps)  steps=2.7/4  n_corr=6  elapsed=3.3s
[233/368  eta=4.7min]
>> not_nested_parentheses_and_brackets L=32   T=4    strat=gaussian   samp=categorical  σ=20.0
  built (not_nested_parentheses_and_brackets, L=32, T=4)  vocab=8  |X|=10
   → both_rules=0.0800 ± 0.0748 (5 reps)  steps=3.1/5  n_corr=4  elapsed=3.7s
[234/368  eta=4.6min]
>> not_nested_parentheses_and_brackets L=32   T=4    strat=gaussian   samp=categorical  σ=50.0
   → both_rules=0.1600 ± 0.0800 (5 reps)  steps=3.4/5  n_corr=8  elapsed=3.4s
[235/368  eta=4.6min]
>> not_nested_parentheses_and_brackets L=32   T=4    strat=gaussian   samp=categorical  σ=5.0
  built (not_nested_parentheses_and_brackets, L=32, T=4)  vocab=8  |X|=10
   → both_rules=0.1400 ± 0.1020 (5 reps)  steps=2.9/4  n_corr=7  elapsed=4.1s
[236/368  eta=4.5min]
>> not_nested_parentheses_and_brackets L=32   T=4    strat=gaussian   samp=categorical  σ=10.0
   → both_rules=0.0800 ± 0.0748 (5 reps)  steps=3.0/5  n_corr=4  elapsed=4.1s
[237/368  eta=4.5min]
>> not_nested_parentheses_and_brackets L=32   T=32   strat=gaussian   samp=greedy       σ=50.0
  built (not_nested_parentheses_and_brackets, L=32, T=32)  vocab=8  |X|=10
   → both_rules=0.7400 ± 0.1625 (5 reps)  steps=30.1/33  n_corr=37  elapsed=19.4s
[238/368  eta=4.4min]
>> not_nested_parentheses_and_brackets L=32   T=8    strat=gaussian   samp=categorical  σ=1.0
  built (not_nested_parentheses_and_brackets, L=32, T=8)  vocab=8  |X|=10
   → both_rules=0.1000 ± 0.0632 (5 reps)  steps=5.3/8  n_corr=5  elapsed=3.8s
[239/368  eta=4.4min]
>> not_nested_parentheses_and_brackets L=32   T=8    strat=gaussian   samp=categorical  σ=2.0
  built (not_nested_parentheses_and_brackets, L=32, T=8)  vocab=8  |X|=10
   → both_rules=0.1200 ± 0.0748 (5 reps)  steps=5.3/8  n_corr=6  elapsed=3.8s
[240/368  eta=4.3min]
>> not_nested_parentheses_and_brackets L=32   T=32   strat=gaussian   samp=greedy       σ=1.0
  built (not_nested_parentheses_and_brackets, L=32, T=32)  vocab=8  |X|=10
   → both_rules=0.3000 ± 0.1414 (5 reps)  steps=26.3/32  n_corr=15  elapsed=23.4s
[241/368  eta=4.3min]
>> not_nested_parentheses_and_brackets L=32   T=32   strat=gaussian   samp=greedy       σ=2.0
  built (not_nested_parentheses_and_brackets, L=32, T=32)  vocab=8  |X|=10
   → both_rules=0.4400 ± 0.1855 (5 reps)  steps=26.4/31  n_corr=22  elapsed=24.0s
[242/368  eta=4.2min]
>> not_nested_parentheses_and_brackets L=32   T=32   strat=gaussian   samp=greedy       σ=20.0
  built (not_nested_parentheses_and_brackets, L=32, T=32)  vocab=8  |X|=10
   → both_rules=0.8600 ± 0.1356 (5 reps)  steps=28.5/33  n_corr=43  elapsed=22.9s
[243/368  eta=4.2min]
>> not_nested_parentheses_and_brackets L=32   T=8    strat=gaussian   samp=categorical  σ=50.0
  built (not_nested_parentheses_and_brackets, L=32, T=8)  vocab=8  |X|=10
   → both_rules=0.4000 ± 0.1414 (5 reps)  steps=6.7/9  n_corr=20  elapsed=5.7s
[244/368  eta=4.2min]
>> not_nested_parentheses_and_brackets L=32   T=32   strat=gaussian   samp=greedy       σ=10.0
  built (not_nested_parentheses_and_brackets, L=32, T=32)  vocab=8  |X|=10
   → both_rules=0.7400 ± 0.1497 (5 reps)  steps=27.5/33  n_corr=37  elapsed=24.8s
[245/368  eta=4.1min]
>> not_nested_parentheses_and_brackets L=32   T=8    strat=gaussian   samp=categorical  σ=5.0
  built (not_nested_parentheses_and_brackets, L=32, T=8)  vocab=8  |X|=10
   → both_rules=0.2000 ± 0.1095 (5 reps)  steps=5.8/8  n_corr=10  elapsed=6.8s
[246/368  eta=4.1min]
>> not_nested_parentheses_and_brackets L=32   T=32   strat=gaussian   samp=greedy       σ=5.0
  built (not_nested_parentheses_and_brackets, L=32, T=32)  vocab=8  |X|=10
   → both_rules=0.5200 ± 0.0400 (5 reps)  steps=27.2/33  n_corr=26  elapsed=25.7s
[247/368  eta=4.0min]
>> not_nested_parentheses_and_brackets L=32   T=8    strat=gaussian   samp=categorical  σ=20.0
  built (not_nested_parentheses_and_brackets, L=32, T=8)  vocab=8  |X|=10
   → both_rules=0.2800 ± 0.1600 (5 reps)  steps=6.4/9  n_corr=14  elapsed=6.7s
[248/368  eta=4.0min]
>> parentheses_and_brackets L=32   T=32   strat=ebsampler  samp=categorical  γ=0.5
   → both_rules=0.9800 ± 0.0400 (5 reps)  steps=29.3/32  n_corr=48  elapsed=86.6s
[249/368  eta=3.9min]
>> not_nested_parentheses_and_brackets L=32   T=8    strat=gaussian   samp=categorical  σ=10.0
  built (not_nested_parentheses_and_brackets, L=32, T=8)  vocab=8  |X|=10
   → both_rules=0.2800 ± 0.1720 (5 reps)  steps=6.3/9  n_corr=14  elapsed=7.2s
[250/368  eta=3.9min]
>> not_nested_parentheses_and_brackets L=32   T=16   strat=gaussian   samp=categorical  σ=2.0
  built (not_nested_parentheses_and_brackets, L=32, T=16)  vocab=8  |X|=10
   → both_rules=0.3600 ± 0.2154 (5 reps)  steps=11.6/16  n_corr=18  elapsed=7.5s
[251/368  eta=3.8min]
>> not_nested_parentheses_and_brackets L=32   T=16   strat=gaussian   samp=categorical  σ=5.0
  built (not_nested_parentheses_and_brackets, L=32, T=16)  vocab=8  |X|=10
   → both_rules=0.4400 ± 0.1356 (5 reps)  steps=12.3/16  n_corr=22  elapsed=8.0s
[252/368  eta=3.8min]
>> not_nested_parentheses_and_brackets L=32   T=64   strat=gaussian   samp=greedy       σ=1.0
   → both_rules=0.6000 ± 0.2530 (5 reps)  steps=54.8/61  n_corr=30  elapsed=28.2s
[253/368  eta=3.8min]
>> not_nested_parentheses_and_brackets L=32   T=16   strat=gaussian   samp=categorical  σ=1.0
  built (not_nested_parentheses_and_brackets, L=32, T=16)  vocab=8  |X|=10
   → both_rules=0.3200 ± 0.1327 (5 reps)  steps=13.0/16  n_corr=16  elapsed=11.5s
[254/368  eta=3.7min]
>> not_nested_parentheses_and_brackets L=32   T=16   strat=gaussian   samp=categorical  σ=50.0
  built (not_nested_parentheses_and_brackets, L=32, T=16)  vocab=8  |X|=10
   → both_rules=0.6200 ± 0.1600 (5 reps)  steps=14.1/17  n_corr=31  elapsed=10.6s
[255/368  eta=3.7min]
>> parentheses_and_brackets L=32   T=64   strat=gaussian   samp=greedy       σ=5.0
  built (parentheses_and_brackets, L=32, T=64)  vocab=8  |X|=10
   → both_rules=0.9400 ± 0.0800 (5 reps)  steps=55.5/64  n_corr=47  elapsed=451.0s
[256/368  eta=3.6min]
>> not_nested_parentheses_and_brackets L=32   T=16   strat=gaussian   samp=categorical  σ=10.0
  built (not_nested_parentheses_and_brackets, L=32, T=16)  vocab=8  |X|=10
   → both_rules=0.5400 ± 0.1200 (5 reps)  steps=12.9/17  n_corr=27  elapsed=13.0s
[257/368  eta=3.6min]
>> not_nested_parentheses_and_brackets L=32   T=16   strat=gaussian   samp=categorical  σ=20.0
   → both_rules=0.5600 ± 0.2059 (5 reps)  steps=13.2/17  n_corr=28  elapsed=11.4s
[258/368  eta=3.6min]
>> not_nested_parentheses_and_brackets L=32   T=64   strat=gaussian   samp=greedy       σ=5.0
  built (not_nested_parentheses_and_brackets, L=32, T=64)  vocab=8  |X|=10
   → both_rules=0.7600 ± 0.0490 (5 reps)  steps=53.6/64  n_corr=38  elapsed=30.1s
[259/368  eta=3.5min]
>> parentheses_and_brackets L=32   T=64   strat=ebsampler  samp=categorical  γ=0.9
  built (parentheses_and_brackets, L=32, T=64)  vocab=8  |X|=10
   → both_rules=0.9600 ± 0.0490 (5 reps)  steps=25.2/31  n_corr=47  elapsed=73.5s
[260/368  eta=3.5min]
>> not_nested_parentheses_and_brackets L=32   T=1    strat=ebsampler  samp=greedy       γ=0.1
   → both_rules=1.0000 (det)  steps=33.0/33  n_corr=10  elapsed=1.7s
[261/368  eta=3.4min]
>> not_nested_parentheses_and_brackets L=32   T=1    strat=ebsampler  samp=greedy       γ=0.5
  built (not_nested_parentheses_and_brackets, L=32, T=1)  vocab=8  |X|=10
   → both_rules=1.0000 (det)  steps=32.0/32  n_corr=10  elapsed=1.0s
[262/368  eta=3.4min]
>> not_nested_parentheses_and_brackets L=32   T=1    strat=ebsampler  samp=greedy       γ=5.0
   → both_rules=1.0000 (det)  steps=8.0/8  n_corr=10  elapsed=0.4s
[263/368  eta=3.3min]
>> not_nested_parentheses_and_brackets L=32   T=1    strat=ebsampler  samp=greedy       γ=10.0
   → both_rules=0.0000 (det)  steps=4.0/4  n_corr=0  elapsed=0.3s
[264/368  eta=3.3min]
>> not_nested_parentheses_and_brackets L=32   T=1    strat=ebsampler  samp=greedy       γ=2.0
   → both_rules=1.0000 (det)  steps=16.0/16  n_corr=10  elapsed=1.1s
[265/368  eta=3.3min]
>> not_nested_parentheses_and_brackets L=32   T=1    strat=ebsampler  samp=greedy       γ=0.9
  built (not_nested_parentheses_and_brackets, L=32, T=1)  vocab=8  |X|=10
   → both_rules=1.0000 (det)  steps=31.0/31  n_corr=10  elapsed=1.6s
[266/368  eta=3.2min]
>> not_nested_parentheses_and_brackets L=32   T=34   strat=ar         samp=greedy       —
  built (not_nested_parentheses_and_brackets, L=32, T=34)  vocab=8  |X|=10
   → both_rules=1.0000 (det)  steps=33.0/33  n_corr=10  elapsed=4.6s
[267/368  eta=3.2min]
>> not_nested_parentheses_and_brackets L=32   T=2    strat=ebsampler  samp=greedy       γ=0.1
  built (not_nested_parentheses_and_brackets, L=32, T=2)  vocab=8  |X|=10
   → both_rules=1.0000 (det)  steps=33.0/33  n_corr=10  elapsed=1.7s
[268/368  eta=3.1min]
>> not_nested_parentheses_and_brackets L=32   T=2    strat=ebsampler  samp=greedy       γ=0.5
   → both_rules=1.0000 (det)  steps=32.0/32  n_corr=10  elapsed=1.6s
[269/368  eta=3.1min]
>> not_nested_parentheses_and_brackets L=32   T=2    strat=ebsampler  samp=greedy       γ=0.9
  built (not_nested_parentheses_and_brackets, L=32, T=2)  vocab=8  |X|=10
   → both_rules=1.0000 (det)  steps=31.0/31  n_corr=10  elapsed=1.6s
[270/368  eta=3.1min]
>> not_nested_parentheses_and_brackets L=32   T=2    strat=ebsampler  samp=greedy       γ=10.0
   → both_rules=0.0000 (det)  steps=4.0/4  n_corr=0  elapsed=0.5s
[271/368  eta=3.0min]
>> not_nested_parentheses_and_brackets L=32   T=2    strat=ebsampler  samp=greedy       γ=5.0
   → both_rules=1.0000 (det)  steps=8.0/8  n_corr=10  elapsed=0.7s
[272/368  eta=3.0min]
>> not_nested_parentheses_and_brackets L=32   T=2    strat=ebsampler  samp=greedy       γ=2.0
  built (not_nested_parentheses_and_brackets, L=32, T=2)  vocab=8  |X|=10
   → both_rules=1.0000 (det)  steps=16.0/16  n_corr=10  elapsed=1.0s
[273/368  eta=2.9min]
>> not_nested_parentheses_and_brackets L=32   T=4    strat=ebsampler  samp=greedy       γ=2.0
  built (not_nested_parentheses_and_brackets, L=32, T=4)  vocab=8  |X|=10
   → both_rules=1.0000 (det)  steps=16.0/16  n_corr=10  elapsed=1.0s
[274/368  eta=2.9min]
>> not_nested_parentheses_and_brackets L=32   T=4    strat=ebsampler  samp=greedy       γ=0.1
  built (not_nested_parentheses_and_brackets, L=32, T=4)  vocab=8  |X|=10
   → both_rules=1.0000 (det)  steps=33.0/33  n_corr=10  elapsed=1.8s
[275/368  eta=2.9min]
>> not_nested_parentheses_and_brackets L=32   T=4    strat=ebsampler  samp=greedy       γ=0.5
   → both_rules=1.0000 (det)  steps=32.0/32  n_corr=10  elapsed=1.7s
[276/368  eta=2.8min]
>> not_nested_parentheses_and_brackets L=32   T=4    strat=ebsampler  samp=greedy       γ=0.9
  built (not_nested_parentheses_and_brackets, L=32, T=4)  vocab=8  |X|=10
   → both_rules=1.0000 (det)  steps=31.0/31  n_corr=10  elapsed=1.7s
[277/368  eta=2.8min]
>> not_nested_parentheses_and_brackets L=32   T=4    strat=ebsampler  samp=greedy       γ=10.0
   → both_rules=0.0000 (det)  steps=4.0/4  n_corr=0  elapsed=0.5s
[278/368  eta=2.7min]
>> not_nested_parentheses_and_brackets L=32   T=4    strat=ebsampler  samp=greedy       γ=5.0
   → both_rules=1.0000 (det)  steps=8.0/8  n_corr=10  elapsed=0.6s
[279/368  eta=2.7min]
>> not_nested_parentheses_and_brackets L=32   T=64   strat=gaussian   samp=greedy       σ=50.0
  built (not_nested_parentheses_and_brackets, L=32, T=64)  vocab=8  |X|=10
   → both_rules=0.8600 ± 0.0490 (5 reps)  steps=59.6/64  n_corr=43  elapsed=34.7s
[280/368  eta=2.7min]
>> not_nested_parentheses_and_brackets L=32   T=8    strat=ebsampler  samp=greedy       γ=5.0
  built (not_nested_parentheses_and_brackets, L=32, T=8)  vocab=8  |X|=10
   → both_rules=1.0000 (det)  steps=8.0/8  n_corr=10  elapsed=0.4s
[281/368  eta=2.6min]
>> not_nested_parentheses_and_brackets L=32   T=8    strat=ebsampler  samp=greedy       γ=2.0
  built (not_nested_parentheses_and_brackets, L=32, T=8)  vocab=8  |X|=10
   → both_rules=1.0000 (det)  steps=16.0/16  n_corr=10  elapsed=1.0s
[282/368  eta=2.6min]
>> not_nested_parentheses_and_brackets L=32   T=8    strat=ebsampler  samp=greedy       γ=10.0
   → both_rules=0.0000 (det)  steps=4.0/4  n_corr=0  elapsed=0.3s
[283/368  eta=2.5min]
>> not_nested_parentheses_and_brackets L=32   T=8    strat=ebsampler  samp=greedy       γ=0.1
   → both_rules=1.0000 (det)  steps=33.0/33  n_corr=10  elapsed=1.7s
[284/368  eta=2.5min]
>> not_nested_parentheses_and_brackets L=32   T=8    strat=ebsampler  samp=greedy       γ=0.5
  built (not_nested_parentheses_and_brackets, L=32, T=8)  vocab=8  |X|=10
   → both_rules=1.0000 (det)  steps=32.0/32  n_corr=10  elapsed=1.6s
[285/368  eta=2.5min]
>> not_nested_parentheses_and_brackets L=32   T=8    strat=ebsampler  samp=greedy       γ=0.9
  built (not_nested_parentheses_and_brackets, L=32, T=8)  vocab=8  |X|=10
   → both_rules=1.0000 (det)  steps=31.0/31  n_corr=10  elapsed=1.6s
[286/368  eta=2.4min]
>> not_nested_parentheses_and_brackets L=32   T=16   strat=ebsampler  samp=greedy       γ=0.5
   → both_rules=1.0000 (det)  steps=32.0/32  n_corr=10  elapsed=1.1s
[287/368  eta=2.4min]
>> not_nested_parentheses_and_brackets L=32   T=16   strat=ebsampler  samp=greedy       γ=5.0
  built (not_nested_parentheses_and_brackets, L=32, T=16)  vocab=8  |X|=10
   → both_rules=1.0000 (det)  steps=8.0/8  n_corr=10  elapsed=0.7s
[288/368  eta=2.4min]
>> not_nested_parentheses_and_brackets L=32   T=16   strat=ebsampler  samp=greedy       γ=2.0
  built (not_nested_parentheses_and_brackets, L=32, T=16)  vocab=8  |X|=10
   → both_rules=1.0000 (det)  steps=16.0/16  n_corr=10  elapsed=0.9s
[289/368  eta=2.3min]
>> not_nested_parentheses_and_brackets L=32   T=16   strat=ebsampler  samp=greedy       γ=10.0
   → both_rules=0.0000 (det)  steps=4.0/4  n_corr=0  elapsed=0.4s
[290/368  eta=2.3min]
>> not_nested_parentheses_and_brackets L=32   T=16   strat=ebsampler  samp=greedy       γ=0.9
   → both_rules=1.0000 (det)  steps=31.0/31  n_corr=10  elapsed=1.6s
[291/368  eta=2.3min]
>> not_nested_parentheses_and_brackets L=32   T=16   strat=ebsampler  samp=greedy       γ=0.1
  built (not_nested_parentheses_and_brackets, L=32, T=16)  vocab=8  |X|=10
   → both_rules=1.0000 (det)  steps=33.0/33  n_corr=10  elapsed=1.9s
[292/368  eta=2.2min]
>> not_nested_parentheses_and_brackets L=32   T=32   strat=gaussian   samp=categorical  σ=2.0
   → both_rules=0.6800 ± 0.0748 (5 reps)  steps=26.9/31  n_corr=34  elapsed=20.1s
[293/368  eta=2.2min]
>> parentheses_and_brackets L=32   T=64   strat=ebsampler  samp=categorical  γ=0.5
  built (parentheses_and_brackets, L=32, T=64)  vocab=8  |X|=10
   → both_rules=0.9800 ± 0.0400 (5 reps)  steps=29.3/32  n_corr=48  elapsed=84.1s
[294/368  eta=2.1min]
>> not_nested_parentheses_and_brackets L=32   T=32   strat=ebsampler  samp=greedy       γ=0.9
   → both_rules=1.0000 (det)  steps=31.0/31  n_corr=10  elapsed=1.0s
[295/368  eta=2.1min]
>> not_nested_parentheses_and_brackets L=32   T=32   strat=ebsampler  samp=greedy       γ=10.0
   → both_rules=0.0000 (det)  steps=4.0/4  n_corr=0  elapsed=0.4s
[296/368  eta=2.1min]
>> not_nested_parentheses_and_brackets L=32   T=32   strat=ebsampler  samp=greedy       γ=2.0
   → both_rules=1.0000 (det)  steps=16.0/16  n_corr=10  elapsed=0.9s
[297/368  eta=2.0min]
>> not_nested_parentheses_and_brackets L=32   T=32   strat=ebsampler  samp=greedy       γ=5.0
  built (not_nested_parentheses_and_brackets, L=32, T=32)  vocab=8  |X|=10
   → both_rules=1.0000 (det)  steps=8.0/8  n_corr=10  elapsed=0.7s
[298/368  eta=2.0min]
>> not_nested_parentheses_and_brackets L=32   T=32   strat=ebsampler  samp=greedy       γ=0.5
  built (not_nested_parentheses_and_brackets, L=32, T=32)  vocab=8  |X|=10
   → both_rules=1.0000 (det)  steps=32.0/32  n_corr=10  elapsed=1.7s
[299/368  eta=2.0min]
>> not_nested_parentheses_and_brackets L=32   T=32   strat=ebsampler  samp=greedy       γ=0.1
  built (not_nested_parentheses_and_brackets, L=32, T=32)  vocab=8  |X|=10
   → both_rules=1.0000 (det)  steps=33.0/33  n_corr=10  elapsed=1.8s
[300/368  eta=1.9min]
>> not_nested_parentheses_and_brackets L=32   T=64   strat=ebsampler  samp=greedy       γ=2.0
  built (not_nested_parentheses_and_brackets, L=32, T=64)  vocab=8  |X|=10
   → both_rules=1.0000 (det)  steps=16.0/16  n_corr=10  elapsed=0.6s
[301/368  eta=1.9min]
>> not_nested_parentheses_and_brackets L=32   T=64   strat=ebsampler  samp=greedy       γ=5.0
  built (not_nested_parentheses_and_brackets, L=32, T=64)  vocab=8  |X|=10
   → both_rules=1.0000 (det)  steps=8.0/8  n_corr=10  elapsed=0.7s
[302/368  eta=1.9min]
>> not_nested_parentheses_and_brackets L=32   T=64   strat=ebsampler  samp=greedy       γ=10.0
   → both_rules=0.0000 (det)  steps=4.0/4  n_corr=0  elapsed=0.5s
[303/368  eta=1.8min]
>> not_nested_parentheses_and_brackets L=32   T=32   strat=gaussian   samp=categorical  σ=50.0
  built (not_nested_parentheses_and_brackets, L=32, T=32)  vocab=8  |X|=10
   → both_rules=0.7400 ± 0.1200 (5 reps)  steps=28.7/33  n_corr=37  elapsed=20.6s
[304/368  eta=1.8min]
>> not_nested_parentheses_and_brackets L=32   T=32   strat=gaussian   samp=categorical  σ=1.0
  built (not_nested_parentheses_and_brackets, L=32, T=32)  vocab=8  |X|=10
   → both_rules=0.5600 ± 0.1020 (5 reps)  steps=24.3/31  n_corr=28  elapsed=21.8s
[305/368  eta=1.8min]
>> not_nested_parentheses_and_brackets L=32   T=64   strat=ebsampler  samp=greedy       γ=0.5
   → both_rules=1.0000 (det)  steps=32.0/32  n_corr=10  elapsed=1.7s
[306/368  eta=1.7min]
>> not_nested_parentheses_and_brackets L=32   T=64   strat=ebsampler  samp=greedy       γ=0.9
   → both_rules=1.0000 (det)  steps=31.0/31  n_corr=10  elapsed=1.6s
[307/368  eta=1.7min]
>> not_nested_parentheses_and_brackets L=32   T=64   strat=ebsampler  samp=greedy       γ=0.1
  built (not_nested_parentheses_and_brackets, L=32, T=64)  vocab=8  |X|=10
   → both_rules=1.0000 (det)  steps=33.0/33  n_corr=10  elapsed=1.8s
[308/368  eta=1.7min]
>> not_nested_parentheses_and_brackets L=32   T=64   strat=gaussian   samp=greedy       σ=2.0
  built (not_nested_parentheses_and_brackets, L=32, T=64)  vocab=8  |X|=10
   → both_rules=0.7800 ± 0.0400 (5 reps)  steps=55.7/63  n_corr=39  elapsed=45.6s
[309/368  eta=1.6min]
>> not_nested_parentheses_and_brackets L=32   T=64   strat=gaussian   samp=greedy       σ=20.0
  built (not_nested_parentheses_and_brackets, L=32, T=64)  vocab=8  |X|=10
   → both_rules=0.8600 ± 0.1020 (5 reps)  steps=55.8/64  n_corr=43  elapsed=42.6s
[310/368  eta=1.6min]
>> not_nested_parentheses_and_brackets L=32   T=32   strat=gaussian   samp=categorical  σ=20.0
  built (not_nested_parentheses_and_brackets, L=32, T=32)  vocab=8  |X|=10
   → both_rules=0.6600 ± 0.1356 (5 reps)  steps=26.5/33  n_corr=33  elapsed=23.1s
[311/368  eta=1.6min]
>> not_nested_parentheses_and_brackets L=32   T=1    strat=ebsampler  samp=categorical  γ=10.0
   → both_rules=0.0200 ± 0.0400 (5 reps)  steps=2.6/4  n_corr=1  elapsed=2.5s
[312/368  eta=1.5min]
>> not_nested_parentheses_and_brackets L=32   T=32   strat=gaussian   samp=categorical  σ=10.0
   → both_rules=0.6000 ± 0.0894 (5 reps)  steps=25.3/33  n_corr=30  elapsed=23.9s
[313/368  eta=1.5min]
>> not_nested_parentheses_and_brackets L=32   T=1    strat=ebsampler  samp=categorical  γ=5.0
  built (not_nested_parentheses_and_brackets, L=32, T=1)  vocab=8  |X|=10
   → both_rules=0.1800 ± 0.0748 (5 reps)  steps=5.2/8  n_corr=9  elapsed=3.0s
[314/368  eta=1.5min]
>> not_nested_parentheses_and_brackets L=32   T=34   strat=ar         samp=categorical  —
  built (not_nested_parentheses_and_brackets, L=32, T=34)  vocab=8  |X|=10
   → both_rules=1.0000 ± 0.0000 (5 reps)  steps=33.0/33  n_corr=50  elapsed=15.4s
[315/368  eta=1.4min]
>> not_nested_parentheses_and_brackets L=32   T=1    strat=ebsampler  samp=categorical  γ=2.0
   → both_rules=0.4800 ± 0.1166 (5 reps)  steps=11.7/16  n_corr=23  elapsed=3.9s
[316/368  eta=1.4min]
>> not_nested_parentheses_and_brackets L=32   T=32   strat=gaussian   samp=categorical  σ=5.0
  built (not_nested_parentheses_and_brackets, L=32, T=32)  vocab=8  |X|=10
   → both_rules=0.7000 ± 0.1095 (5 reps)  steps=26.1/32  n_corr=35  elapsed=25.4s
[317/368  eta=1.4min]
>> not_nested_parentheses_and_brackets L=32   T=2    strat=ebsampler  samp=categorical  γ=10.0
   → both_rules=0.0200 ± 0.0400 (5 reps)  steps=2.6/4  n_corr=1  elapsed=2.6s
[318/368  eta=1.4min]
>> not_nested_parentheses_and_brackets L=32   T=2    strat=ebsampler  samp=categorical  γ=5.0
   → both_rules=0.1800 ± 0.0748 (5 reps)  steps=5.2/8  n_corr=9  elapsed=2.9s
[319/368  eta=1.3min]
>> not_nested_parentheses_and_brackets L=32   T=2    strat=ebsampler  samp=categorical  γ=2.0
  built (not_nested_parentheses_and_brackets, L=32, T=2)  vocab=8  |X|=10
   → both_rules=0.4800 ± 0.1166 (5 reps)  steps=11.7/16  n_corr=23  elapsed=3.4s
[320/368  eta=1.3min]
>> not_nested_parentheses_and_brackets L=32   T=64   strat=gaussian   samp=greedy       σ=10.0
  built (not_nested_parentheses_and_brackets, L=32, T=64)  vocab=8  |X|=10
   → both_rules=0.8400 ± 0.1356 (5 reps)  steps=55.9/64  n_corr=42  elapsed=47.0s
[321/368  eta=1.3min]
>> parentheses_and_brackets L=32   T=64   strat=ebsampler  samp=categorical  γ=0.1
   → both_rules=1.0000 ± 0.0000 (5 reps)  steps=31.5/33  n_corr=50  elapsed=94.6s
[322/368  eta=1.2min]
>> not_nested_parentheses_and_brackets L=32   T=1    strat=ebsampler  samp=categorical  γ=0.5
   → both_rules=1.0000 ± 0.0000 (5 reps)  steps=31.1/32  n_corr=49  elapsed=6.7s
[323/368  eta=1.2min]
>> not_nested_parentheses_and_brackets L=32   T=4    strat=ebsampler  samp=categorical  γ=5.0
   → both_rules=0.1800 ± 0.0748 (5 reps)  steps=5.2/8  n_corr=9  elapsed=3.0s
[324/368  eta=1.2min]
>> not_nested_parentheses_and_brackets L=32   T=4    strat=ebsampler  samp=categorical  γ=10.0
   → both_rules=0.0200 ± 0.0400 (5 reps)  steps=2.6/4  n_corr=1  elapsed=2.4s
[325/368  eta=1.1min]
>> not_nested_parentheses_and_brackets L=32   T=1    strat=ebsampler  samp=categorical  γ=0.9
  built (not_nested_parentheses_and_brackets, L=32, T=1)  vocab=8  |X|=10
   → both_rules=0.6600 ± 0.1744 (5 reps)  steps=28.7/31  n_corr=32  elapsed=7.2s
[326/368  eta=1.1min]
>> not_nested_parentheses_and_brackets L=32   T=4    strat=ebsampler  samp=categorical  γ=2.0
  built (not_nested_parentheses_and_brackets, L=32, T=4)  vocab=8  |X|=10
   → both_rules=0.4800 ± 0.1166 (5 reps)  steps=11.7/16  n_corr=23  elapsed=3.9s
[327/368  eta=1.1min]
>> not_nested_parentheses_and_brackets L=32   T=2    strat=ebsampler  samp=categorical  γ=0.9
  built (not_nested_parentheses_and_brackets, L=32, T=2)  vocab=8  |X|=10
   → both_rules=0.6600 ± 0.1744 (5 reps)  steps=28.7/31  n_corr=32  elapsed=7.0s
[328/368  eta=1.1min]
>> not_nested_parentheses_and_brackets L=32   T=1    strat=ebsampler  samp=categorical  γ=0.1
   → both_rules=1.0000 ± 0.0000 (5 reps)  steps=32.8/33  n_corr=50  elapsed=8.3s
[329/368  eta=1.0min]
>> not_nested_parentheses_and_brackets L=32   T=2    strat=ebsampler  samp=categorical  γ=0.5
  built (not_nested_parentheses_and_brackets, L=32, T=2)  vocab=8  |X|=10
   → both_rules=1.0000 ± 0.0000 (5 reps)  steps=31.1/32  n_corr=49  elapsed=7.6s
[330/368  eta=1.0min]
>> not_nested_parentheses_and_brackets L=32   T=4    strat=ebsampler  samp=categorical  γ=0.9
  built (not_nested_parentheses_and_brackets, L=32, T=4)  vocab=8  |X|=10
   → both_rules=0.6600 ± 0.1744 (5 reps)  steps=28.7/31  n_corr=32  elapsed=4.8s
[331/368  eta=1.0min]
>> not_nested_parentheses_and_brackets L=32   T=2    strat=ebsampler  samp=categorical  γ=0.1
  built (not_nested_parentheses_and_brackets, L=32, T=2)  vocab=8  |X|=10
   → both_rules=1.0000 ± 0.0000 (5 reps)  steps=32.8/33  n_corr=50  elapsed=7.9s
[332/368  eta=0.9min]
>> not_nested_parentheses_and_brackets L=32   T=8    strat=ebsampler  samp=categorical  γ=10.0
   → both_rules=0.0200 ± 0.0400 (5 reps)  steps=2.6/4  n_corr=1  elapsed=2.4s
[333/368  eta=0.9min]
>> not_nested_parentheses_and_brackets L=32   T=8    strat=ebsampler  samp=categorical  γ=5.0
  built (not_nested_parentheses_and_brackets, L=32, T=8)  vocab=8  |X|=10
   → both_rules=0.1800 ± 0.0748 (5 reps)  steps=5.2/8  n_corr=9  elapsed=3.0s
[334/368  eta=0.9min]
>> not_nested_parentheses_and_brackets L=32   T=8    strat=ebsampler  samp=categorical  γ=2.0
   → both_rules=0.4800 ± 0.1166 (5 reps)  steps=11.7/16  n_corr=23  elapsed=4.0s
[335/368  eta=0.9min]
>> not_nested_parentheses_and_brackets L=32   T=16   strat=ebsampler  samp=categorical  γ=10.0
   → both_rules=0.0200 ± 0.0400 (5 reps)  steps=2.6/4  n_corr=1  elapsed=2.4s
[336/368  eta=0.8min]
>> not_nested_parentheses_and_brackets L=32   T=16   strat=ebsampler  samp=categorical  γ=5.0
  built (not_nested_parentheses_and_brackets, L=32, T=16)  vocab=8  |X|=10
   → both_rules=0.1800 ± 0.0748 (5 reps)  steps=5.2/8  n_corr=9  elapsed=2.9s
[337/368  eta=0.8min]
>> not_nested_parentheses_and_brackets L=32   T=4    strat=ebsampler  samp=categorical  γ=0.5
  built (not_nested_parentheses_and_brackets, L=32, T=4)  vocab=8  |X|=10
   → both_rules=1.0000 ± 0.0000 (5 reps)  steps=31.1/32  n_corr=49  elapsed=7.7s
[338/368  eta=0.8min]
>> not_nested_parentheses_and_brackets L=32   T=4    strat=ebsampler  samp=categorical  γ=0.1
   → both_rules=1.0000 ± 0.0000 (5 reps)  steps=32.8/33  n_corr=50  elapsed=8.5s
[339/368  eta=0.7min]
>> not_nested_parentheses_and_brackets L=32   T=16   strat=ebsampler  samp=categorical  γ=2.0
   → both_rules=0.4800 ± 0.1166 (5 reps)  steps=11.7/16  n_corr=23  elapsed=4.1s
[340/368  eta=0.7min]
>> not_nested_parentheses_and_brackets L=32   T=32   strat=ebsampler  samp=categorical  γ=10.0
   → both_rules=0.0200 ± 0.0400 (5 reps)  steps=2.6/4  n_corr=1  elapsed=2.3s
[341/368  eta=0.7min]
>> not_nested_parentheses_and_brackets L=32   T=32   strat=ebsampler  samp=categorical  γ=5.0
  built (not_nested_parentheses_and_brackets, L=32, T=32)  vocab=8  |X|=10
   → both_rules=0.1800 ± 0.0748 (5 reps)  steps=5.2/8  n_corr=9  elapsed=3.0s
[342/368  eta=0.7min]
>> not_nested_parentheses_and_brackets L=32   T=32   strat=ebsampler  samp=categorical  γ=2.0
   → both_rules=0.4800 ± 0.1166 (5 reps)  steps=11.7/16  n_corr=23  elapsed=4.2s
[343/368  eta=0.6min]
>> not_nested_parentheses_and_brackets L=32   T=8    strat=ebsampler  samp=categorical  γ=0.9
  built (not_nested_parentheses_and_brackets, L=32, T=8)  vocab=8  |X|=10
   → both_rules=0.6600 ± 0.1744 (5 reps)  steps=28.7/31  n_corr=32  elapsed=7.2s
[344/368  eta=0.6min]
>> not_nested_parentheses_and_brackets L=32   T=8    strat=ebsampler  samp=categorical  γ=0.5
   → both_rules=1.0000 ± 0.0000 (5 reps)  steps=31.1/32  n_corr=49  elapsed=7.8s
[345/368  eta=0.6min]
>> not_nested_parentheses_and_brackets L=32   T=16   strat=ebsampler  samp=categorical  γ=0.9
   → both_rules=0.6600 ± 0.1744 (5 reps)  steps=28.7/31  n_corr=32  elapsed=6.1s
[346/368  eta=0.6min]
>> not_nested_parentheses_and_brackets L=32   T=8    strat=ebsampler  samp=categorical  γ=0.1
   → both_rules=1.0000 ± 0.0000 (5 reps)  steps=32.8/33  n_corr=50  elapsed=8.5s
[347/368  eta=0.5min]
>> not_nested_parentheses_and_brackets L=32   T=16   strat=ebsampler  samp=categorical  γ=0.1
   → both_rules=1.0000 ± 0.0000 (5 reps)  steps=32.8/33  n_corr=50  elapsed=6.9s
[348/368  eta=0.5min]
>> not_nested_parentheses_and_brackets L=32   T=64   strat=ebsampler  samp=categorical  γ=10.0
   → both_rules=0.0200 ± 0.0400 (5 reps)  steps=2.6/4  n_corr=1  elapsed=2.0s
[349/368  eta=0.5min]
>> not_nested_parentheses_and_brackets L=32   T=32   strat=ebsampler  samp=categorical  γ=0.9
   → both_rules=0.6600 ± 0.1744 (5 reps)  steps=28.7/31  n_corr=32  elapsed=5.8s
[350/368  eta=0.5min]
>> not_nested_parentheses_and_brackets L=32   T=64   strat=ebsampler  samp=categorical  γ=5.0
  built (not_nested_parentheses_and_brackets, L=32, T=64)  vocab=8  |X|=10
   → both_rules=0.1800 ± 0.0748 (5 reps)  steps=5.2/8  n_corr=9  elapsed=2.7s
[351/368  eta=0.4min]
>> not_nested_parentheses_and_brackets L=32   T=32   strat=ebsampler  samp=categorical  γ=0.5
   → both_rules=1.0000 ± 0.0000 (5 reps)  steps=31.1/32  n_corr=49  elapsed=6.0s
[352/368  eta=0.4min]
>> not_nested_parentheses_and_brackets L=32   T=16   strat=ebsampler  samp=categorical  γ=0.5
   → both_rules=1.0000 ± 0.0000 (5 reps)  steps=31.1/32  n_corr=49  elapsed=7.4s
[353/368  eta=0.4min]
>> not_nested_parentheses_and_brackets L=32   T=64   strat=ebsampler  samp=categorical  γ=2.0
  built (not_nested_parentheses_and_brackets, L=32, T=64)  vocab=8  |X|=10
   → both_rules=0.4800 ± 0.1166 (5 reps)  steps=11.7/16  n_corr=23  elapsed=3.3s
[354/368  eta=0.3min]
>> not_nested_parentheses_and_brackets L=32   T=32   strat=ebsampler  samp=categorical  γ=0.1
   → both_rules=1.0000 ± 0.0000 (5 reps)  steps=32.8/33  n_corr=50  elapsed=7.5s
[355/368  eta=0.3min]
>> not_nested_parentheses_and_brackets L=32   T=64   strat=gaussian   samp=categorical  σ=2.0
  built (not_nested_parentheses_and_brackets, L=32, T=64)  vocab=8  |X|=10
   → both_rules=0.6800 ± 0.0748 (5 reps)  steps=50.9/62  n_corr=34  elapsed=34.4s
[356/368  eta=0.3min]
>> not_nested_parentheses_and_brackets L=32   T=64   strat=ebsampler  samp=categorical  γ=0.9
  built (not_nested_parentheses_and_brackets, L=32, T=64)  vocab=8  |X|=10
   → both_rules=0.6600 ± 0.1744 (5 reps)  steps=28.7/31  n_corr=32  elapsed=5.0s
[357/368  eta=0.3min]
>> not_nested_parentheses_and_brackets L=32   T=64   strat=gaussian   samp=categorical  σ=20.0
  built (not_nested_parentheses_and_brackets, L=32, T=64)  vocab=8  |X|=10
   → both_rules=0.8400 ± 0.0490 (5 reps)  steps=55.8/64  n_corr=42  elapsed=31.3s
[358/368  eta=0.2min]
>> not_nested_parentheses_and_brackets L=32   T=64   strat=ebsampler  samp=categorical  γ=0.5
   → both_rules=1.0000 ± 0.0000 (5 reps)  steps=31.1/32  n_corr=49  elapsed=5.7s
[359/368  eta=0.2min]
>> not_nested_parentheses_and_brackets L=32   T=64   strat=ebsampler  samp=categorical  γ=0.1
  built (not_nested_parentheses_and_brackets, L=32, T=64)  vocab=8  |X|=10
   → both_rules=1.0000 ± 0.0000 (5 reps)  steps=32.8/33  n_corr=50  elapsed=6.1s
[360/368  eta=0.2min]
>> not_nested_parentheses_and_brackets L=32   T=64   strat=gaussian   samp=categorical  σ=1.0
  built (not_nested_parentheses_and_brackets, L=32, T=64)  vocab=8  |X|=10
   → both_rules=0.6600 ± 0.0800 (5 reps)  steps=52.9/62  n_corr=33  elapsed=38.5s
[361/368  eta=0.2min]
>> not_nested_parentheses_and_brackets L=32   T=64   strat=gaussian   samp=categorical  σ=5.0
  built (not_nested_parentheses_and_brackets, L=32, T=64)  vocab=8  |X|=10
   → both_rules=0.7800 ± 0.1470 (5 reps)  steps=52.6/62  n_corr=39  elapsed=36.5s
[362/368  eta=0.1min]
>> not_nested_parentheses_and_brackets L=32   T=64   strat=gaussian   samp=categorical  σ=10.0
   → both_rules=0.7800 ± 0.0748 (5 reps)  steps=52.3/64  n_corr=39  elapsed=35.5s
[363/368  eta=0.1min]
>> not_nested_parentheses_and_brackets L=32   T=64   strat=gaussian   samp=categorical  σ=50.0
  built (not_nested_parentheses_and_brackets, L=32, T=64)  vocab=8  |X|=10
   → both_rules=0.9000 ± 0.0000 (5 reps)  steps=58.2/64  n_corr=45  elapsed=32.6s
[364/368  eta=0.1min]
>> parentheses_and_brackets L=32   T=64   strat=gaussian   samp=categorical  σ=5.0
  built (parentheses_and_brackets, L=32, T=64)  vocab=8  |X|=10
   → both_rules=0.6400 ± 0.1960 (5 reps)  steps=47.2/62  n_corr=31  elapsed=351.6s
[365/368  eta=0.1min]
>> parentheses_and_brackets L=32   T=64   strat=gaussian   samp=categorical  σ=50.0
  built (parentheses_and_brackets, L=32, T=64)  vocab=8  |X|=10
   → both_rules=0.7800 ± 0.2040 (5 reps)  steps=54.2/64  n_corr=39  elapsed=317.4s
[366/368  eta=0.1min]
>> parentheses_and_brackets L=32   T=64   strat=gaussian   samp=categorical  σ=2.0
  built (parentheses_and_brackets, L=32, T=64)  vocab=8  |X|=10
   → both_rules=0.5400 ± 0.2577 (5 reps)  steps=47.2/63  n_corr=26  elapsed=364.9s
[367/368  eta=0.0min]
>> parentheses_and_brackets L=32   T=64   strat=gaussian   samp=categorical  σ=10.0
  built (parentheses_and_brackets, L=32, T=64)  vocab=8  |X|=10
   → both_rules=0.7000 ± 0.0632 (5 reps)  steps=50.5/64  n_corr=35  elapsed=376.8s
[368/368  eta=0.0min]
>> parentheses_and_brackets L=32   T=64   strat=gaussian   samp=categorical  σ=20.0
   → both_rules=0.8200 ± 0.0748 (5 reps)  steps=53.5/64  n_corr=41  elapsed=350.6s

============================================================
T-SWEEP COMPLETE
============================================================
CSV: results/T-sweep-Dyck-2/oracle_T_sweep_results.csv
Distributions: results/T-sweep-Dyck-2/distributions

Log: results/T-sweep-Dyck-2/run.log

############################################################
# T-sweep started: 2026-06-21 06:46:52
############################################################
Config: configs/config_oracle.yaml
Output: results/T-sweep-Dyck-2
Workers: 28  (device: cpu)

Fixed config:
  seed=42  n_samples=100  device_for_cells=cpu
  temperature=1.0  eval_dataset=unconditional

Sweep axes:
  GRAMMARS        = ['parentheses_and_brackets', 'not_nested_parentheses_and_brackets']
  LENGTHS         = [32]
  T_VALUES        = [1, 2, 4, 8, 16, 32, 64]    (AR fixed at L+2)
  STRATEGIES      = ['uniform', 'gaussian', 'ar', 'ebsampler']
  SAMPLERS        = ['greedy', 'categorical']
  EB_GAMMAS       = [0.1, 0.5, 0.9, 2.0, 5.0, 10.0]
  GAUSSIAN_SIGMAS = [1.0, 2.0, 5.0, 10.0, 20.0, 50.0]

Grid: 368 cells after filtering.
  by strategy: ar=4, ebsampler=168, gaussian=168, uniform=28
Cells to run: 368


############################################################
# T-sweep started: 2026-06-21 06:47:18
############################################################
Config: configs/config_oracle.yaml
Output: results/T-sweep-Dyck-2
Workers: 28  (device: cpu)

Fixed config:
  seed=42  n_samples=100  device_for_cells=cpu
  temperature=1.0  eval_dataset=unconditional

Sweep axes:
  GRAMMARS        = ['parentheses_and_brackets', 'not_nested_parentheses_and_brackets']
  LENGTHS         = [32]
  T_VALUES        = [1, 2, 4, 8, 16, 32, 64]    (AR fixed at L+2)
  STRATEGIES      = ['uniform', 'gaussian', 'ar', 'ebsampler']
  SAMPLERS        = ['greedy', 'categorical']
  EB_GAMMAS       = [0.1, 0.5, 0.9, 2.0, 5.0, 10.0]
  GAUSSIAN_SIGMAS = [1.0, 2.0, 5.0, 10.0, 20.0, 50.0]

Grid: 368 cells after filtering.
  by strategy: ar=4, ebsampler=168, gaussian=168, uniform=28
Cells to run: 368

[1/368  eta=781.9min]
>> parentheses_and_brackets L=32   T=1    strat=uniform    samp=greedy       —
  built (parentheses_and_brackets, L=32, T=1)  vocab=8  |X|=100
   → both_rules=0.0000 ± 0.0000 (5 reps)  steps=1.0/1  n_corr=0  elapsed=125.5s
[2/368  eta=490.2min]
>> parentheses_and_brackets L=32   T=1    strat=gaussian   samp=greedy       σ=5.0
  built (parentheses_and_brackets, L=32, T=1)  vocab=8  |X|=100
   → both_rules=0.0040 ± 0.0049 (5 reps)  steps=1.0/2  n_corr=2  elapsed=158.0s
[3/368  eta=338.3min]
>> parentheses_and_brackets L=32   T=1    strat=gaussian   samp=greedy       σ=50.0
  built (parentheses_and_brackets, L=32, T=1)  vocab=8  |X|=100
   → both_rules=0.1640 ± 0.0206 (5 reps)  steps=1.2/2  n_corr=82  elapsed=163.8s
[4/368  eta=301.9min]
>> parentheses_and_brackets L=32   T=1    strat=gaussian   samp=greedy       σ=2.0
  built (parentheses_and_brackets, L=32, T=1)  vocab=8  |X|=100
   → both_rules=0.0000 ± 0.0000 (5 reps)  steps=1.0/1  n_corr=0  elapsed=196.3s
[5/368  eta=245.2min]
>> parentheses_and_brackets L=32   T=1    strat=gaussian   samp=greedy       σ=1.0
  built (parentheses_and_brackets, L=32, T=1)  vocab=8  |X|=100
   → both_rules=0.0000 ± 0.0000 (5 reps)  steps=1.0/1  n_corr=0  elapsed=199.9s
[6/368  eta=205.5min]
>> parentheses_and_brackets L=32   T=1    strat=uniform    samp=categorical  —
  built (parentheses_and_brackets, L=32, T=1)  vocab=8  |X|=100
   → both_rules=0.0000 ± 0.0000 (5 reps)  steps=1.0/1  n_corr=0  elapsed=201.7s
[7/368  eta=178.9min]
>> parentheses_and_brackets L=32   T=1    strat=gaussian   samp=greedy       σ=20.0
  built (parentheses_and_brackets, L=32, T=1)  vocab=8  |X|=100
   → both_rules=0.0960 ± 0.0242 (5 reps)  steps=1.1/2  n_corr=48  elapsed=205.3s
[8/368  eta=157.4min]
>> parentheses_and_brackets L=32   T=1    strat=gaussian   samp=greedy       σ=10.0
  built (parentheses_and_brackets, L=32, T=1)  vocab=8  |X|=100
   → both_rules=0.0380 ± 0.0172 (5 reps)  steps=1.0/2  n_corr=19  elapsed=207.0s
[9/368  eta=141.3min]
>> parentheses_and_brackets L=32   T=2    strat=uniform    samp=categorical  —
  built (parentheses_and_brackets, L=32, T=2)  vocab=8  |X|=100
   → both_rules=0.0020 ± 0.0040 (5 reps)  steps=1.2/2  n_corr=1  elapsed=209.9s
[10/368  eta=128.7min]
>> parentheses_and_brackets L=32   T=2    strat=uniform    samp=greedy       —
  built (parentheses_and_brackets, L=32, T=2)  vocab=8  |X|=100
   → both_rules=0.0340 ± 0.0150 (5 reps)  steps=2.0/2  n_corr=17  elapsed=213.3s
[11/368  eta=119.0min]
>> parentheses_and_brackets L=32   T=2    strat=gaussian   samp=greedy       σ=50.0
  built (parentheses_and_brackets, L=32, T=2)  vocab=8  |X|=100
   → both_rules=0.0460 ± 0.0136 (5 reps)  steps=2.0/3  n_corr=23  elapsed=216.9s
[12/368  eta=111.9min]
>> parentheses_and_brackets L=32   T=2    strat=gaussian   samp=greedy       σ=2.0
  built (parentheses_and_brackets, L=32, T=2)  vocab=8  |X|=100
   → both_rules=0.0000 ± 0.0000 (5 reps)  steps=2.0/2  n_corr=0  elapsed=223.2s
[13/368  eta=106.4min]
>> parentheses_and_brackets L=32   T=2    strat=gaussian   samp=greedy       σ=1.0
  built (parentheses_and_brackets, L=32, T=2)  vocab=8  |X|=100
   → both_rules=0.0000 ± 0.0000 (5 reps)  steps=2.0/2  n_corr=0  elapsed=230.8s
[14/368  eta=98.8min]
>> parentheses_and_brackets L=32   T=2    strat=gaussian   samp=greedy       σ=10.0
  built (parentheses_and_brackets, L=32, T=2)  vocab=8  |X|=100
   → both_rules=0.0020 ± 0.0040 (5 reps)  steps=2.0/2  n_corr=1  elapsed=231.5s
[15/368  eta=92.2min]
>> parentheses_and_brackets L=32   T=2    strat=gaussian   samp=greedy       σ=20.0
  built (parentheses_and_brackets, L=32, T=2)  vocab=8  |X|=100
   → both_rules=0.0120 ± 0.0075 (5 reps)  steps=2.0/3  n_corr=6  elapsed=231.9s
[16/368  eta=87.8min]
>> parentheses_and_brackets L=32   T=2    strat=gaussian   samp=greedy       σ=5.0
  built (parentheses_and_brackets, L=32, T=2)  vocab=8  |X|=100
   → both_rules=0.0020 ± 0.0040 (5 reps)  steps=2.0/3  n_corr=1  elapsed=236.5s
[17/368  eta=89.5min]
>> parentheses_and_brackets L=32   T=4    strat=uniform    samp=categorical  —
  built (parentheses_and_brackets, L=32, T=4)  vocab=8  |X|=100
   → both_rules=0.0600 ± 0.0190 (5 reps)  steps=2.5/4  n_corr=30  elapsed=257.4s
[18/368  eta=89.8min]
>> parentheses_and_brackets L=32   T=4    strat=uniform    samp=greedy       —
  built (parentheses_and_brackets, L=32, T=4)  vocab=8  |X|=100
   → both_rules=0.1100 ± 0.0283 (5 reps)  steps=3.9/4  n_corr=55  elapsed=274.3s
[19/368  eta=99.6min]
>> parentheses_and_brackets L=32   T=8    strat=uniform    samp=categorical  —
  built (parentheses_and_brackets, L=32, T=8)  vocab=8  |X|=100
   → both_rules=0.2120 ± 0.0508 (5 reps)  steps=5.8/8  n_corr=106  elapsed=322.3s
[20/368  eta=96.3min]
>> parentheses_and_brackets L=32   T=4    strat=gaussian   samp=greedy       σ=1.0
  built (parentheses_and_brackets, L=32, T=4)  vocab=8  |X|=100
   → both_rules=0.0300 ± 0.0200 (5 reps)  steps=2.3/4  n_corr=15  elapsed=328.8s
[21/368  eta=93.4min]
>> parentheses_and_brackets L=32   T=4    strat=gaussian   samp=greedy       σ=2.0
  built (parentheses_and_brackets, L=32, T=4)  vocab=8  |X|=100
   → both_rules=0.0320 ± 0.0075 (5 reps)  steps=2.1/4  n_corr=16  elapsed=335.9s
[22/368  eta=101.8min]
>> parentheses_and_brackets L=32   T=4    strat=gaussian   samp=greedy       σ=20.0
  built (parentheses_and_brackets, L=32, T=4)  vocab=8  |X|=100
   → both_rules=0.1960 ± 0.0320 (5 reps)  steps=3.3/5  n_corr=98  elapsed=221.5s
[23/368  eta=103.8min]
>> parentheses_and_brackets L=32   T=8    strat=uniform    samp=greedy       —
  built (parentheses_and_brackets, L=32, T=8)  vocab=8  |X|=100
   → both_rules=0.2820 ± 0.0445 (5 reps)  steps=7.8/8  n_corr=141  elapsed=412.7s
[24/368  eta=104.7min]
>> parentheses_and_brackets L=32   T=16   strat=uniform    samp=categorical  —
  built (parentheses_and_brackets, L=32, T=16)  vocab=8  |X|=100
   → both_rules=0.5020 ± 0.0611 (5 reps)  steps=13.2/16  n_corr=251  elapsed=435.2s
[25/368  eta=110.1min]
>> parentheses_and_brackets L=32   T=4    strat=gaussian   samp=greedy       σ=5.0
  built (parentheses_and_brackets, L=32, T=4)  vocab=8  |X|=100
   → both_rules=0.1080 ± 0.0279 (5 reps)  steps=2.5/5  n_corr=54  elapsed=353.8s
[26/368  eta=117.8min]
>> parentheses_and_brackets L=32   T=4    strat=gaussian   samp=greedy       σ=50.0
  built (parentheses_and_brackets, L=32, T=4)  vocab=8  |X|=100
   → both_rules=0.2360 ± 0.0383 (5 reps)  steps=3.5/5  n_corr=118  elapsed=338.1s
[27/368  eta=114.6min]
>> parentheses_and_brackets L=32   T=4    strat=gaussian   samp=greedy       σ=10.0
  built (parentheses_and_brackets, L=32, T=4)  vocab=8  |X|=100
   → both_rules=0.1780 ± 0.0279 (5 reps)  steps=3.1/5  n_corr=89  elapsed=383.5s
[28/368  eta=141.7min]
>> parentheses_and_brackets L=32   T=16   strat=uniform    samp=greedy       —
  built (parentheses_and_brackets, L=32, T=16)  vocab=8  |X|=100
   → both_rules=0.4540 ± 0.0488 (5 reps)  steps=15.7/16  n_corr=227  elapsed=697.6s
[29/368  eta=139.7min]
>> parentheses_and_brackets L=32   T=8    strat=gaussian   samp=greedy       σ=1.0
  built (parentheses_and_brackets, L=32, T=8)  vocab=8  |X|=100
   → both_rules=0.1740 ± 0.0258 (5 reps)  steps=5.6/9  n_corr=87  elapsed=514.5s
[30/368  eta=147.1min]
>> parentheses_and_brackets L=32   T=8    strat=gaussian   samp=greedy       σ=50.0
  built (parentheses_and_brackets, L=32, T=8)  vocab=8  |X|=100
   → both_rules=0.5260 ± 0.0224 (5 reps)  steps=7.6/9  n_corr=263  elapsed=567.7s
[31/368  eta=148.9min]
>> parentheses_and_brackets L=32   T=8    strat=gaussian   samp=greedy       σ=2.0
  built (parentheses_and_brackets, L=32, T=8)  vocab=8  |X|=100
   → both_rules=0.1540 ± 0.0463 (5 reps)  steps=5.5/8  n_corr=77  elapsed=617.5s
[32/368  eta=147.9min]
>> parentheses_and_brackets L=32   T=8    strat=gaussian   samp=greedy       σ=20.0
  built (parentheses_and_brackets, L=32, T=8)  vocab=8  |X|=100
   → both_rules=0.5080 ± 0.0440 (5 reps)  steps=7.1/9  n_corr=254  elapsed=632.1s
[33/368  eta=148.8min]
>> parentheses_and_brackets L=32   T=8    strat=gaussian   samp=greedy       σ=5.0
  built (parentheses_and_brackets, L=32, T=8)  vocab=8  |X|=100
   → both_rules=0.2860 ± 0.0287 (5 reps)  steps=6.1/9  n_corr=143  elapsed=671.2s
[34/368  eta=144.1min]
>> parentheses_and_brackets L=32   T=32   strat=uniform    samp=greedy       —
  built (parentheses_and_brackets, L=32, T=32)  vocab=8  |X|=100
   → both_rules=0.6580 ± 0.0471 (5 reps)  steps=31.4/32  n_corr=329  elapsed=877.5s
[35/368  eta=144.0min]
>> parentheses_and_brackets L=32   T=8    strat=gaussian   samp=greedy       σ=10.0
  built (parentheses_and_brackets, L=32, T=8)  vocab=8  |X|=100
   → both_rules=0.4640 ± 0.0768 (5 reps)  steps=6.7/9  n_corr=232  elapsed=697.9s
[36/368  eta=141.0min]
>> parentheses_and_brackets L=32   T=1    strat=gaussian   samp=categorical  σ=1.0
   → both_rules=0.0000 ± 0.0000 (5 reps)  steps=1.0/1  n_corr=0  elapsed=200.4s
[37/368  eta=146.6min]
>> parentheses_and_brackets L=32   T=1    strat=gaussian   samp=categorical  σ=2.0
  built (parentheses_and_brackets, L=32, T=1)  vocab=8  |X|=100
   → both_rules=0.0000 ± 0.0000 (5 reps)  steps=1.0/1  n_corr=0  elapsed=199.5s
[38/368  eta=145.4min]
>> parentheses_and_brackets L=32   T=1    strat=gaussian   samp=categorical  σ=50.0
  built (parentheses_and_brackets, L=32, T=1)  vocab=8  |X|=100
   → both_rules=0.0000 ± 0.0000 (5 reps)  steps=1.0/1  n_corr=0  elapsed=124.3s
[39/368  eta=144.5min]
>> parentheses_and_brackets L=32   T=1    strat=gaussian   samp=categorical  σ=5.0
   → both_rules=0.0000 ± 0.0000 (5 reps)  steps=1.0/1  n_corr=0  elapsed=205.9s
[40/368  eta=142.7min]
>> parentheses_and_brackets L=32   T=1    strat=gaussian   samp=categorical  σ=10.0
  built (parentheses_and_brackets, L=32, T=1)  vocab=8  |X|=100
   → both_rules=0.0000 ± 0.0000 (5 reps)  steps=1.0/1  n_corr=0  elapsed=199.0s
[41/368  eta=144.3min]
>> parentheses_and_brackets L=32   T=1    strat=gaussian   samp=categorical  σ=20.0
   → both_rules=0.0000 ± 0.0000 (5 reps)  steps=1.0/1  n_corr=0  elapsed=206.3s
[42/368  eta=144.9min]
>> parentheses_and_brackets L=32   T=2    strat=gaussian   samp=categorical  σ=1.0
  built (parentheses_and_brackets, L=32, T=2)  vocab=8  |X|=100
   → both_rules=0.0040 ± 0.0049 (5 reps)  steps=1.0/2  n_corr=2  elapsed=212.4s
[43/368  eta=141.4min]
>> parentheses_and_brackets L=32   T=2    strat=gaussian   samp=categorical  σ=2.0
  built (parentheses_and_brackets, L=32, T=2)  vocab=8  |X|=100
   → both_rules=0.0000 ± 0.0000 (5 reps)  steps=1.0/2  n_corr=0  elapsed=204.8s
[44/368  eta=139.0min]
>> parentheses_and_brackets L=32   T=2    strat=gaussian   samp=categorical  σ=10.0
  built (parentheses_and_brackets, L=32, T=2)  vocab=8  |X|=100
   → both_rules=0.0020 ± 0.0040 (5 reps)  steps=1.1/2  n_corr=1  elapsed=127.7s
[45/368  eta=141.6min]
>> parentheses_and_brackets L=32   T=2    strat=gaussian   samp=categorical  σ=5.0
   → both_rules=0.0000 ± 0.0000 (5 reps)  steps=1.1/2  n_corr=0  elapsed=200.4s
[46/368  eta=140.4min]
>> parentheses_and_brackets L=32   T=32   strat=uniform    samp=categorical  —
  built (parentheses_and_brackets, L=32, T=32)  vocab=8  |X|=100
   → both_rules=0.7200 ± 0.0261 (5 reps)  steps=29.0/32  n_corr=360  elapsed=1200.3s
[47/368  eta=141.3min]
>> parentheses_and_brackets L=32   T=2    strat=gaussian   samp=categorical  σ=20.0
  built (parentheses_and_brackets, L=32, T=2)  vocab=8  |X|=100
   → both_rules=0.0040 ± 0.0049 (5 reps)  steps=1.2/2  n_corr=2  elapsed=213.0s
[48/368  eta=139.3min]
>> parentheses_and_brackets L=32   T=2    strat=gaussian   samp=categorical  σ=50.0
   → both_rules=0.0000 ± 0.0000 (5 reps)  steps=1.2/2  n_corr=0  elapsed=209.7s
[49/368  eta=139.0min]
>> parentheses_and_brackets L=32   T=16   strat=gaussian   samp=greedy       σ=50.0
  built (parentheses_and_brackets, L=32, T=16)  vocab=8  |X|=100
   → both_rules=0.7440 ± 0.0280 (5 reps)  steps=15.1/17  n_corr=372  elapsed=1041.7s
[50/368  eta=136.5min]
>> parentheses_and_brackets L=32   T=16   strat=gaussian   samp=greedy       σ=5.0
  built (parentheses_and_brackets, L=32, T=16)  vocab=8  |X|=100
   → both_rules=0.5920 ± 0.0264 (5 reps)  steps=13.6/17  n_corr=296  elapsed=1053.8s
[51/368  eta=138.1min]
>> parentheses_and_brackets L=32   T=16   strat=gaussian   samp=greedy       σ=2.0
  built (parentheses_and_brackets, L=32, T=16)  vocab=8  |X|=100
   → both_rules=0.5000 ± 0.0297 (5 reps)  steps=13.0/16  n_corr=250  elapsed=1106.7s
[52/368  eta=135.5min]
>> parentheses_and_brackets L=32   T=4    strat=gaussian   samp=categorical  σ=1.0
  built (parentheses_and_brackets, L=32, T=4)  vocab=8  |X|=100
   → both_rules=0.0000 ± 0.0000 (5 reps)  steps=1.4/4  n_corr=0  elapsed=252.4s
[53/368  eta=132.7min]
>> parentheses_and_brackets L=32   T=16   strat=gaussian   samp=greedy       σ=1.0
  built (parentheses_and_brackets, L=32, T=16)  vocab=8  |X|=100
   → both_rules=0.4580 ± 0.0387 (5 reps)  steps=13.1/16  n_corr=229  elapsed=1119.4s
[54/368  eta=130.9min]
>> parentheses_and_brackets L=32   T=4    strat=gaussian   samp=categorical  σ=10.0
  built (parentheses_and_brackets, L=32, T=4)  vocab=8  |X|=100
   → both_rules=0.0140 ± 0.0102 (5 reps)  steps=2.1/5  n_corr=7  elapsed=217.8s
[55/368  eta=132.5min]
>> parentheses_and_brackets L=32   T=16   strat=gaussian   samp=greedy       σ=20.0
  built (parentheses_and_brackets, L=32, T=16)  vocab=8  |X|=100
   → both_rules=0.7580 ± 0.0214 (5 reps)  steps=14.6/17  n_corr=379  elapsed=1161.8s
[56/368  eta=129.8min]
>> parentheses_and_brackets L=32   T=4    strat=gaussian   samp=categorical  σ=2.0
  built (parentheses_and_brackets, L=32, T=4)  vocab=8  |X|=100
   → both_rules=0.0000 ± 0.0000 (5 reps)  steps=1.6/3  n_corr=0  elapsed=277.8s
[57/368  eta=132.0min]
>> parentheses_and_brackets L=32   T=4    strat=gaussian   samp=categorical  σ=5.0
  built (parentheses_and_brackets, L=32, T=4)  vocab=8  |X|=100
   → both_rules=0.0020 ± 0.0040 (5 reps)  steps=1.9/4  n_corr=1  elapsed=328.5s
[58/368  eta=131.5min]
>> parentheses_and_brackets L=32   T=16   strat=gaussian   samp=greedy       σ=10.0
  built (parentheses_and_brackets, L=32, T=16)  vocab=8  |X|=100
   → both_rules=0.6920 ± 0.0264 (5 reps)  steps=14.0/17  n_corr=346  elapsed=1241.4s
[59/368  eta=132.6min]
>> parentheses_and_brackets L=32   T=4    strat=gaussian   samp=categorical  σ=50.0
  built (parentheses_and_brackets, L=32, T=4)  vocab=8  |X|=100
   → both_rules=0.0180 ± 0.0098 (5 reps)  steps=2.4/5  n_corr=9  elapsed=316.0s
[60/368  eta=130.3min]
>> parentheses_and_brackets L=32   T=4    strat=gaussian   samp=categorical  σ=20.0
  built (parentheses_and_brackets, L=32, T=4)  vocab=8  |X|=100
   → both_rules=0.0160 ± 0.0080 (5 reps)  steps=2.3/5  n_corr=8  elapsed=338.9s
[61/368  eta=132.2min]
>> parentheses_and_brackets L=32   T=8    strat=gaussian   samp=categorical  σ=1.0
   → both_rules=0.0080 ± 0.0075 (5 reps)  steps=2.5/8  n_corr=4  elapsed=334.5s
[62/368  eta=132.8min]
>> parentheses_and_brackets L=32   T=32   strat=gaussian   samp=greedy       σ=50.0
  built (parentheses_and_brackets, L=32, T=32)  vocab=8  |X|=100
   → both_rules=0.8440 ± 0.0242 (5 reps)  steps=30.2/33  n_corr=422  elapsed=1226.2s
[63/368  eta=140.8min]
>> parentheses_and_brackets L=32   T=8    strat=gaussian   samp=categorical  σ=2.0
   → both_rules=0.0140 ± 0.0102 (5 reps)  steps=3.1/8  n_corr=7  elapsed=491.6s
[64/368  eta=144.3min]
>> parentheses_and_brackets L=32   T=8    strat=gaussian   samp=categorical  σ=5.0
  built (parentheses_and_brackets, L=32, T=8)  vocab=8  |X|=100
   → both_rules=0.0340 ± 0.0136 (5 reps)  steps=3.8/8  n_corr=17  elapsed=541.3s
[65/368  eta=145.4min]
>> parentheses_and_brackets L=32   T=8    strat=gaussian   samp=categorical  σ=10.0
  built (parentheses_and_brackets, L=32, T=8)  vocab=8  |X|=100
   → both_rules=0.1220 ± 0.0293 (5 reps)  steps=4.6/9  n_corr=59  elapsed=584.0s
[66/368  eta=143.8min]
>> parentheses_and_brackets L=32   T=8    strat=gaussian   samp=categorical  σ=50.0
   → both_rules=0.1840 ± 0.0372 (5 reps)  steps=5.3/9  n_corr=92  elapsed=547.5s
[67/368  eta=143.8min]
>> parentheses_and_brackets L=32   T=8    strat=gaussian   samp=categorical  σ=20.0
  built (parentheses_and_brackets, L=32, T=8)  vocab=8  |X|=100
   → both_rules=0.1380 ± 0.0232 (5 reps)  steps=4.8/9  n_corr=68  elapsed=586.7s
[68/368  eta=141.9min]
>> parentheses_and_brackets L=32   T=16   strat=gaussian   samp=categorical  σ=2.0
  built (parentheses_and_brackets, L=32, T=16)  vocab=8  |X|=100
   → both_rules=0.0720 ± 0.0214 (5 reps)  steps=7.3/16  n_corr=36  elapsed=579.6s
[69/368  eta=153.4min]
>> parentheses_and_brackets L=32   T=64   strat=uniform    samp=greedy       —
  built (parentheses_and_brackets, L=32, T=64)  vocab=8  |X|=100
   → both_rules=0.8220 ± 0.0117 (5 reps)  steps=61.5/63  n_corr=411  elapsed=2121.5s
[70/368  eta=151.1min]
>> parentheses_and_brackets L=32   T=16   strat=gaussian   samp=categorical  σ=1.0
   → both_rules=0.0280 ± 0.0075 (5 reps)  steps=5.8/17  n_corr=14  elapsed=790.6s
[71/368  eta=155.6min]
>> parentheses_and_brackets L=32   T=32   strat=gaussian   samp=greedy       σ=10.0
  built (parentheses_and_brackets, L=32, T=32)  vocab=8  |X|=100
   → both_rules=0.8200 ± 0.0190 (5 reps)  steps=28.0/33  n_corr=410  elapsed=1900.2s
[72/368  eta=159.1min]
>> parentheses_and_brackets L=32   T=32   strat=gaussian   samp=greedy       σ=1.0
  built (parentheses_and_brackets, L=32, T=32)  vocab=8  |X|=100
   → both_rules=0.8060 ± 0.0136 (5 reps)  steps=28.8/32  n_corr=403  elapsed=2061.1s
[73/368  eta=158.9min]
>> parentheses_and_brackets L=32   T=64   strat=uniform    samp=categorical  —
  built (parentheses_and_brackets, L=32, T=64)  vocab=8  |X|=100
   → both_rules=0.8420 ± 0.0366 (5 reps)  steps=58.5/63  n_corr=420  elapsed=2356.1s
[74/368  eta=162.1min]
>> parentheses_and_brackets L=32   T=16   strat=gaussian   samp=categorical  σ=50.0
   → both_rules=0.4400 ± 0.0597 (5 reps)  steps=11.9/17  n_corr=220  elapsed=971.2s
[75/368  eta=161.1min]
>> parentheses_and_brackets L=32   T=34   strat=ar         samp=greedy       —
  built (parentheses_and_brackets, L=32, T=34)  vocab=8  |X|=100
   → both_rules=1.0000 (det)  steps=33.0/33  n_corr=100  elapsed=242.3s
[76/368  eta=161.1min]
>> parentheses_and_brackets L=32   T=32   strat=gaussian   samp=greedy       σ=20.0
  built (parentheses_and_brackets, L=32, T=32)  vocab=8  |X|=100
   → both_rules=0.8460 ± 0.0206 (5 reps)  steps=28.7/33  n_corr=423  elapsed=2176.8s
[77/368  eta=158.9min]
>> parentheses_and_brackets L=32   T=16   strat=gaussian   samp=categorical  σ=5.0
   → both_rules=0.2120 ± 0.0366 (5 reps)  steps=9.4/17  n_corr=105  elapsed=1125.8s
[78/368  eta=156.9min]
>> parentheses_and_brackets L=32   T=32   strat=gaussian   samp=greedy       σ=2.0
  built (parentheses_and_brackets, L=32, T=32)  vocab=8  |X|=100
   → both_rules=0.7920 ± 0.0426 (5 reps)  steps=28.2/33  n_corr=396  elapsed=2254.6s
[79/368  eta=155.2min]
>> parentheses_and_brackets L=32   T=1    strat=ebsampler  samp=greedy       γ=0.1
  built (parentheses_and_brackets, L=32, T=1)  vocab=8  |X|=100
   → both_rules=1.0000 (det)  steps=33.0/33  n_corr=100  elapsed=186.8s
[80/368  eta=153.0min]
>> parentheses_and_brackets L=32   T=16   strat=gaussian   samp=categorical  σ=20.0
  built (parentheses_and_brackets, L=32, T=16)  vocab=8  |X|=100
   → both_rules=0.3600 ± 0.0110 (5 reps)  steps=11.2/17  n_corr=180  elapsed=1098.8s
[81/368  eta=152.4min]
>> parentheses_and_brackets L=32   T=1    strat=ebsampler  samp=greedy       γ=0.9
  built (parentheses_and_brackets, L=32, T=1)  vocab=8  |X|=100
   → both_rules=1.0000 (det)  steps=31.0/31  n_corr=100  elapsed=106.3s
[82/368  eta=150.1min]
>> parentheses_and_brackets L=32   T=1    strat=ebsampler  samp=greedy       γ=10.0
  built (parentheses_and_brackets, L=32, T=1)  vocab=8  |X|=100
   → both_rules=1.0000 (det)  steps=4.0/4  n_corr=100  elapsed=51.0s
[83/368  eta=147.9min]
>> parentheses_and_brackets L=32   T=1    strat=ebsampler  samp=greedy       γ=5.0
  built (parentheses_and_brackets, L=32, T=1)  vocab=8  |X|=100
   → both_rules=0.0000 (det)  steps=6.0/6  n_corr=0  elapsed=61.7s
[84/368  eta=147.6min]
>> parentheses_and_brackets L=32   T=1    strat=ebsampler  samp=greedy       γ=0.5
  built (parentheses_and_brackets, L=32, T=1)  vocab=8  |X|=100
   → both_rules=1.0000 (det)  steps=32.0/32  n_corr=100  elapsed=171.2s
[85/368  eta=145.4min]
>> parentheses_and_brackets L=32   T=16   strat=gaussian   samp=categorical  σ=10.0
  built (parentheses_and_brackets, L=32, T=16)  vocab=8  |X|=100
   → both_rules=0.3340 ± 0.0344 (5 reps)  steps=10.7/17  n_corr=167  elapsed=1222.3s
[86/368  eta=143.3min]
>> parentheses_and_brackets L=32   T=1    strat=ebsampler  samp=greedy       γ=2.0
  built (parentheses_and_brackets, L=32, T=1)  vocab=8  |X|=100
   → both_rules=0.0000 (det)  steps=15.0/15  n_corr=0  elapsed=105.2s
[87/368  eta=142.5min]
>> parentheses_and_brackets L=32   T=2    strat=ebsampler  samp=greedy       γ=5.0
   → both_rules=0.0000 (det)  steps=6.0/6  n_corr=0  elapsed=61.7s
[88/368  eta=141.5min]
>> parentheses_and_brackets L=32   T=2    strat=ebsampler  samp=greedy       γ=10.0
   → both_rules=1.0000 (det)  steps=4.0/4  n_corr=100  elapsed=49.7s
[89/368  eta=140.4min]
>> parentheses_and_brackets L=32   T=2    strat=ebsampler  samp=greedy       γ=2.0
  built (parentheses_and_brackets, L=32, T=2)  vocab=8  |X|=100
   → both_rules=0.0000 (det)  steps=15.0/15  n_corr=0  elapsed=104.6s
[90/368  eta=138.7min]
>> parentheses_and_brackets L=32   T=32   strat=gaussian   samp=greedy       σ=5.0
  built (parentheses_and_brackets, L=32, T=32)  vocab=8  |X|=100
   → both_rules=0.8220 ± 0.0172 (5 reps)  steps=27.6/33  n_corr=411  elapsed=2368.7s
[91/368  eta=138.1min]
>> parentheses_and_brackets L=32   T=2    strat=ebsampler  samp=greedy       γ=0.5
   → both_rules=1.0000 (det)  steps=32.0/32  n_corr=100  elapsed=171.8s
[92/368  eta=136.7min]
>> parentheses_and_brackets L=32   T=2    strat=ebsampler  samp=greedy       γ=0.1
  built (parentheses_and_brackets, L=32, T=2)  vocab=8  |X|=100
   → both_rules=1.0000 (det)  steps=33.0/33  n_corr=100  elapsed=186.7s
[93/368  eta=135.1min]
>> parentheses_and_brackets L=32   T=2    strat=ebsampler  samp=greedy       γ=0.9
  built (parentheses_and_brackets, L=32, T=2)  vocab=8  |X|=100
   → both_rules=1.0000 (det)  steps=31.0/31  n_corr=100  elapsed=160.9s
[94/368  eta=133.4min]
>> parentheses_and_brackets L=32   T=4    strat=ebsampler  samp=greedy       γ=10.0
  built (parentheses_and_brackets, L=32, T=4)  vocab=8  |X|=100
   → both_rules=1.0000 (det)  steps=4.0/4  n_corr=100  elapsed=51.1s
[95/368  eta=131.7min]
>> parentheses_and_brackets L=32   T=4    strat=ebsampler  samp=greedy       γ=5.0
   → both_rules=0.0000 (det)  steps=6.0/6  n_corr=0  elapsed=63.1s
[96/368  eta=130.8min]
>> parentheses_and_brackets L=32   T=4    strat=ebsampler  samp=greedy       γ=2.0
  built (parentheses_and_brackets, L=32, T=4)  vocab=8  |X|=100
   → both_rules=0.0000 (det)  steps=15.0/15  n_corr=0  elapsed=102.3s
[97/368  eta=129.5min]
>> parentheses_and_brackets L=32   T=4    strat=ebsampler  samp=greedy       γ=0.9
  built (parentheses_and_brackets, L=32, T=4)  vocab=8  |X|=100
   → both_rules=1.0000 (det)  steps=31.0/31  n_corr=100  elapsed=135.2s
[98/368  eta=128.5min]
>> parentheses_and_brackets L=32   T=4    strat=ebsampler  samp=greedy       γ=0.5
   → both_rules=1.0000 (det)  steps=32.0/32  n_corr=100  elapsed=176.3s
[99/368  eta=127.2min]
>> parentheses_and_brackets L=32   T=4    strat=ebsampler  samp=greedy       γ=0.1
   → both_rules=1.0000 (det)  steps=33.0/33  n_corr=100  elapsed=188.0s
[100/368  eta=125.7min]
>> parentheses_and_brackets L=32   T=8    strat=ebsampler  samp=greedy       γ=5.0
  built (parentheses_and_brackets, L=32, T=8)  vocab=8  |X|=100
   → both_rules=0.0000 (det)  steps=6.0/6  n_corr=0  elapsed=63.1s
[101/368  eta=124.3min]
>> parentheses_and_brackets L=32   T=8    strat=ebsampler  samp=greedy       γ=10.0
  built (parentheses_and_brackets, L=32, T=8)  vocab=8  |X|=100
   → both_rules=1.0000 (det)  steps=4.0/4  n_corr=100  elapsed=49.8s
[102/368  eta=123.9min]
>> parentheses_and_brackets L=32   T=8    strat=ebsampler  samp=greedy       γ=2.0
   → both_rules=0.0000 (det)  steps=15.0/15  n_corr=0  elapsed=104.7s
[103/368  eta=123.6min]
>> parentheses_and_brackets L=32   T=16   strat=ebsampler  samp=greedy       γ=5.0
   → both_rules=0.0000 (det)  steps=6.0/6  n_corr=0  elapsed=61.5s
[104/368  eta=122.4min]
>> parentheses_and_brackets L=32   T=16   strat=ebsampler  samp=greedy       γ=0.1
   → both_rules=1.0000 (det)  steps=33.0/33  n_corr=100  elapsed=110.6s
[105/368  eta=121.1min]
>> parentheses_and_brackets L=32   T=16   strat=ebsampler  samp=greedy       γ=10.0
  built (parentheses_and_brackets, L=32, T=16)  vocab=8  |X|=100
   → both_rules=1.0000 (det)  steps=4.0/4  n_corr=100  elapsed=51.1s
[106/368  eta=119.6min]
>> parentheses_and_brackets L=32   T=8    strat=ebsampler  samp=greedy       γ=0.9
  built (parentheses_and_brackets, L=32, T=8)  vocab=8  |X|=100
   → both_rules=1.0000 (det)  steps=31.0/31  n_corr=100  elapsed=161.2s
[107/368  eta=118.1min]
>> parentheses_and_brackets L=32   T=8    strat=ebsampler  samp=greedy       γ=0.1
   → both_rules=1.0000 (det)  steps=33.0/33  n_corr=100  elapsed=182.4s
[108/368  eta=116.7min]
>> parentheses_and_brackets L=32   T=8    strat=ebsampler  samp=greedy       γ=0.5
  built (parentheses_and_brackets, L=32, T=8)  vocab=8  |X|=100
   → both_rules=1.0000 (det)  steps=32.0/32  n_corr=100  elapsed=176.4s
[109/368  eta=115.6min]
>> parentheses_and_brackets L=32   T=16   strat=ebsampler  samp=greedy       γ=2.0
  built (parentheses_and_brackets, L=32, T=16)  vocab=8  |X|=100
   → both_rules=0.0000 (det)  steps=15.0/15  n_corr=0  elapsed=104.7s
[110/368  eta=115.6min]
>> parentheses_and_brackets L=32   T=32   strat=gaussian   samp=categorical  σ=5.0
  built (parentheses_and_brackets, L=32, T=32)  vocab=8  |X|=100
   → both_rules=0.4500 ± 0.0587 (5 reps)  steps=21.9/33  n_corr=224  elapsed=1380.6s
[111/368  eta=114.3min]
>> parentheses_and_brackets L=32   T=32   strat=ebsampler  samp=greedy       γ=10.0
  built (parentheses_and_brackets, L=32, T=32)  vocab=8  |X|=100
   → both_rules=1.0000 (det)  steps=4.0/4  n_corr=100  elapsed=51.2s
[112/368  eta=113.0min]
>> parentheses_and_brackets L=32   T=32   strat=ebsampler  samp=greedy       γ=5.0
  built (parentheses_and_brackets, L=32, T=32)  vocab=8  |X|=100
   → both_rules=0.0000 (det)  steps=6.0/6  n_corr=0  elapsed=61.7s
[113/368  eta=111.9min]
>> parentheses_and_brackets L=32   T=16   strat=ebsampler  samp=greedy       γ=0.5
  built (parentheses_and_brackets, L=32, T=16)  vocab=8  |X|=100
   → both_rules=1.0000 (det)  steps=32.0/32  n_corr=100  elapsed=176.6s
[114/368  eta=110.5min]
>> parentheses_and_brackets L=32   T=16   strat=ebsampler  samp=greedy       γ=0.9
   → both_rules=1.0000 (det)  steps=31.0/31  n_corr=100  elapsed=167.2s
[115/368  eta=109.9min]
>> parentheses_and_brackets L=32   T=32   strat=ebsampler  samp=greedy       γ=0.5
  built (parentheses_and_brackets, L=32, T=32)  vocab=8  |X|=100
   → both_rules=1.0000 (det)  steps=32.0/32  n_corr=100  elapsed=104.5s
[116/368  eta=108.8min]
>> parentheses_and_brackets L=32   T=32   strat=ebsampler  samp=greedy       γ=2.0
   → both_rules=0.0000 (det)  steps=15.0/15  n_corr=0  elapsed=101.8s
[117/368  eta=108.2min]
>> parentheses_and_brackets L=32   T=32   strat=gaussian   samp=categorical  σ=10.0
   → both_rules=0.5540 ± 0.0480 (5 reps)  steps=23.8/33  n_corr=272  elapsed=1410.2s
[118/368  eta=106.9min]
>> parentheses_and_brackets L=32   T=64   strat=ebsampler  samp=greedy       γ=10.0
  built (parentheses_and_brackets, L=32, T=64)  vocab=8  |X|=100
   → both_rules=1.0000 (det)  steps=4.0/4  n_corr=100  elapsed=51.4s
[119/368  eta=105.9min]
>> parentheses_and_brackets L=32   T=64   strat=ebsampler  samp=greedy       γ=5.0
  built (parentheses_and_brackets, L=32, T=64)  vocab=8  |X|=100
   → both_rules=0.0000 (det)  steps=6.0/6  n_corr=0  elapsed=63.2s
[120/368  eta=105.5min]
>> parentheses_and_brackets L=32   T=64   strat=ebsampler  samp=greedy       γ=0.5
  built (parentheses_and_brackets, L=32, T=64)  vocab=8  |X|=100
   → both_rules=1.0000 (det)  steps=32.0/32  n_corr=100  elapsed=106.5s
[121/368  eta=104.3min]
>> parentheses_and_brackets L=32   T=32   strat=ebsampler  samp=greedy       γ=0.1
  built (parentheses_and_brackets, L=32, T=32)  vocab=8  |X|=100
   → both_rules=1.0000 (det)  steps=33.0/33  n_corr=100  elapsed=182.1s
[122/368  eta=103.1min]
>> parentheses_and_brackets L=32   T=32   strat=ebsampler  samp=greedy       γ=0.9
   → both_rules=1.0000 (det)  steps=31.0/31  n_corr=100  elapsed=165.9s
[123/368  eta=101.9min]
>> parentheses_and_brackets L=32   T=64   strat=ebsampler  samp=greedy       γ=2.0
  built (parentheses_and_brackets, L=32, T=64)  vocab=8  |X|=100
   → both_rules=0.0000 (det)  steps=15.0/15  n_corr=0  elapsed=102.3s
[124/368  eta=101.8min]
>> parentheses_and_brackets L=32   T=64   strat=ebsampler  samp=greedy       γ=0.1
  built (parentheses_and_brackets, L=32, T=64)  vocab=8  |X|=100
   → both_rules=1.0000 (det)  steps=33.0/33  n_corr=100  elapsed=186.7s
[125/368  eta=101.3min]
>> parentheses_and_brackets L=32   T=64   strat=ebsampler  samp=greedy       γ=0.9
   → both_rules=1.0000 (det)  steps=31.0/31  n_corr=100  elapsed=166.2s
[126/368  eta=102.3min]
>> parentheses_and_brackets L=32   T=1    strat=ebsampler  samp=categorical  γ=10.0
   → both_rules=0.0140 ± 0.0102 (5 reps)  steps=1.6/4  n_corr=7  elapsed=132.7s
[127/368  eta=102.9min]
>> parentheses_and_brackets L=32   T=32   strat=gaussian   samp=categorical  σ=1.0
   → both_rules=0.1720 ± 0.0248 (5 reps)  steps=16.1/32  n_corr=84  elapsed=1734.7s
[128/368  eta=102.5min]
>> parentheses_and_brackets L=32   T=1    strat=ebsampler  samp=categorical  γ=5.0
   → both_rules=0.0320 ± 0.0117 (5 reps)  steps=2.3/7  n_corr=12  elapsed=243.7s
[129/368  eta=102.8min]
>> parentheses_and_brackets L=32   T=2    strat=ebsampler  samp=categorical  γ=10.0
   → both_rules=0.0140 ± 0.0102 (5 reps)  steps=1.6/4  n_corr=7  elapsed=132.5s
[130/368  eta=102.8min]
>> parentheses_and_brackets L=32   T=2    strat=ebsampler  samp=categorical  γ=5.0
   → both_rules=0.0320 ± 0.0117 (5 reps)  steps=2.3/7  n_corr=12  elapsed=243.5s
[131/368  eta=103.3min]
>> parentheses_and_brackets L=32   T=1    strat=ebsampler  samp=categorical  γ=2.0
   → both_rules=0.3000 ± 0.0374 (5 reps)  steps=8.5/15  n_corr=120  elapsed=397.8s
[132/368  eta=102.8min]
>> parentheses_and_brackets L=32   T=32   strat=gaussian   samp=categorical  σ=2.0
  built (parentheses_and_brackets, L=32, T=32)  vocab=8  |X|=100
   → both_rules=0.3020 ± 0.0392 (5 reps)  steps=19.2/31  n_corr=148  elapsed=1927.6s
[133/368  eta=103.1min]
>> parentheses_and_brackets L=32   T=2    strat=ebsampler  samp=categorical  γ=2.0
   → both_rules=0.3000 ± 0.0374 (5 reps)  steps=8.5/15  n_corr=120  elapsed=394.5s
[134/368  eta=103.7min]
>> parentheses_and_brackets L=32   T=34   strat=ar         samp=categorical  —
  built (parentheses_and_brackets, L=32, T=34)  vocab=8  |X|=100
   → both_rules=1.0000 ± 0.0000 (5 reps)  steps=33.0/33  n_corr=500  elapsed=1241.3s
[135/368  eta=103.8min]
>> parentheses_and_brackets L=32   T=1    strat=ebsampler  samp=categorical  γ=0.9
   → both_rules=0.9240 ± 0.0185 (5 reps)  steps=25.3/31  n_corr=456  elapsed=584.8s
[136/368  eta=104.2min]
>> parentheses_and_brackets L=32   T=4    strat=ebsampler  samp=categorical  γ=10.0
   → both_rules=0.0140 ± 0.0102 (5 reps)  steps=1.6/4  n_corr=7  elapsed=215.8s
[137/368  eta=103.1min]
>> parentheses_and_brackets L=32   T=4    strat=ebsampler  samp=categorical  γ=5.0
   → both_rules=0.0320 ± 0.0117 (5 reps)  steps=2.3/7  n_corr=12  elapsed=244.7s
[138/368  eta=102.3min]
>> parentheses_and_brackets L=32   T=32   strat=gaussian   samp=categorical  σ=50.0
  built (parentheses_and_brackets, L=32, T=32)  vocab=8  |X|=100
   → both_rules=0.6440 ± 0.0174 (5 reps)  steps=25.9/33  n_corr=321  elapsed=1860.3s
[139/368  eta=102.8min]
>> parentheses_and_brackets L=32   T=4    strat=ebsampler  samp=categorical  γ=2.0
  built (parentheses_and_brackets, L=32, T=4)  vocab=8  |X|=100
   → both_rules=0.3000 ± 0.0374 (5 reps)  steps=8.5/15  n_corr=120  elapsed=372.3s
[140/368  eta=102.9min]
>> parentheses_and_brackets L=32   T=2    strat=ebsampler  samp=categorical  γ=0.9
   → both_rules=0.9240 ± 0.0185 (5 reps)  steps=25.3/31  n_corr=456  elapsed=722.7s
[141/368  eta=102.5min]
>> parentheses_and_brackets L=32   T=4    strat=ebsampler  samp=categorical  γ=0.9
  built (parentheses_and_brackets, L=32, T=4)  vocab=8  |X|=100
   → both_rules=0.9240 ± 0.0185 (5 reps)  steps=25.3/31  n_corr=456  elapsed=492.7s
[142/368  eta=101.5min]
>> parentheses_and_brackets L=32   T=1    strat=ebsampler  samp=categorical  γ=0.5
   → both_rules=0.9720 ± 0.0117 (5 reps)  steps=29.3/32  n_corr=479  elapsed=822.0s
[143/368  eta=101.1min]
>> parentheses_and_brackets L=32   T=8    strat=ebsampler  samp=categorical  γ=10.0
   → both_rules=0.0140 ± 0.0102 (5 reps)  steps=1.6/4  n_corr=7  elapsed=173.9s
[144/368  eta=100.6min]
>> parentheses_and_brackets L=32   T=1    strat=ebsampler  samp=categorical  γ=0.1
   → both_rules=1.0000 ± 0.0000 (5 reps)  steps=31.5/33  n_corr=500  elapsed=882.1s
[145/368  eta=99.9min]
>> parentheses_and_brackets L=32   T=2    strat=ebsampler  samp=categorical  γ=0.5
  built (parentheses_and_brackets, L=32, T=2)  vocab=8  |X|=100
   → both_rules=0.9720 ± 0.0117 (5 reps)  steps=29.3/32  n_corr=479  elapsed=831.1s
[146/368  eta=99.2min]
>> parentheses_and_brackets L=32   T=8    strat=ebsampler  samp=categorical  γ=5.0
   → both_rules=0.0320 ± 0.0117 (5 reps)  steps=2.3/7  n_corr=12  elapsed=244.9s
[147/368  eta=98.6min]
>> parentheses_and_brackets L=32   T=64   strat=gaussian   samp=greedy       σ=1.0
  built (parentheses_and_brackets, L=32, T=64)  vocab=8  |X|=100
   → both_rules=0.9540 ± 0.0206 (5 reps)  steps=58.4/63  n_corr=477  elapsed=3521.3s
[148/368  eta=97.6min]
>> parentheses_and_brackets L=32   T=32   strat=gaussian   samp=categorical  σ=20.0
  built (parentheses_and_brackets, L=32, T=32)  vocab=8  |X|=100
   → both_rules=0.6120 ± 0.0549 (5 reps)  steps=25.1/33  n_corr=306  elapsed=2194.5s
[149/368  eta=97.0min]
>> parentheses_and_brackets L=32   T=2    strat=ebsampler  samp=categorical  γ=0.1
   → both_rules=1.0000 ± 0.0000 (5 reps)  steps=31.5/33  n_corr=500  elapsed=895.8s
[150/368  eta=97.2min]
>> parentheses_and_brackets L=32   T=16   strat=ebsampler  samp=categorical  γ=5.0
   → both_rules=0.0320 ± 0.0117 (5 reps)  steps=2.3/7  n_corr=12  elapsed=154.1s
[151/368  eta=96.1min]
>> parentheses_and_brackets L=32   T=16   strat=ebsampler  samp=categorical  γ=10.0
   → both_rules=0.0140 ± 0.0102 (5 reps)  steps=1.6/4  n_corr=7  elapsed=134.1s
[152/368  eta=96.0min]
>> parentheses_and_brackets L=32   T=8    strat=ebsampler  samp=categorical  γ=2.0
   → both_rules=0.3000 ± 0.0374 (5 reps)  steps=8.5/15  n_corr=120  elapsed=389.2s
[153/368  eta=96.5min]
>> parentheses_and_brackets L=32   T=4    strat=ebsampler  samp=categorical  γ=0.5
   → both_rules=0.9720 ± 0.0117 (5 reps)  steps=29.3/32  n_corr=479  elapsed=839.8s
[154/368  eta=95.7min]
>> parentheses_and_brackets L=32   T=64   strat=gaussian   samp=greedy       σ=50.0
  built (parentheses_and_brackets, L=32, T=64)  vocab=8  |X|=100
   → both_rules=0.8820 ± 0.0387 (5 reps)  steps=58.8/64  n_corr=441  elapsed=3431.5s
[155/368  eta=95.4min]
>> parentheses_and_brackets L=32   T=4    strat=ebsampler  samp=categorical  γ=0.1
   → both_rules=1.0000 ± 0.0000 (5 reps)  steps=31.5/33  n_corr=500  elapsed=912.5s
[156/368  eta=94.8min]
>> parentheses_and_brackets L=32   T=32   strat=ebsampler  samp=categorical  γ=5.0
   → both_rules=0.0320 ± 0.0117 (5 reps)  steps=2.3/7  n_corr=12  elapsed=224.8s
[157/368  eta=94.5min]
>> parentheses_and_brackets L=32   T=16   strat=ebsampler  samp=categorical  γ=2.0
  built (parentheses_and_brackets, L=32, T=16)  vocab=8  |X|=100
   → both_rules=0.3000 ± 0.0374 (5 reps)  steps=8.5/15  n_corr=120  elapsed=391.1s
[158/368  eta=93.6min]
>> parentheses_and_brackets L=32   T=32   strat=ebsampler  samp=categorical  γ=10.0
   → both_rules=0.0140 ± 0.0102 (5 reps)  steps=1.6/4  n_corr=7  elapsed=213.2s
[159/368  eta=92.6min]
>> parentheses_and_brackets L=32   T=8    strat=ebsampler  samp=categorical  γ=0.5
  built (parentheses_and_brackets, L=32, T=8)  vocab=8  |X|=100
   → both_rules=0.9720 ± 0.0117 (5 reps)  steps=29.3/32  n_corr=479  elapsed=662.6s
[160/368  eta=91.9min]
>> not_nested_parentheses_and_brackets L=32   T=1    strat=uniform    samp=greedy       —
  built (not_nested_parentheses_and_brackets, L=32, T=1)  vocab=8  |X|=100
   → both_rules=1.0000 ± 0.0000 (5 reps)  steps=1.0/1  n_corr=500  elapsed=21.5s
[161/368  eta=91.0min]
>> not_nested_parentheses_and_brackets L=32   T=2    strat=uniform    samp=greedy       —
  built (not_nested_parentheses_and_brackets, L=32, T=2)  vocab=8  |X|=100
   → both_rules=0.0020 ± 0.0040 (5 reps)  steps=2.0/2  n_corr=1  elapsed=22.6s
[162/368  eta=90.1min]
>> parentheses_and_brackets L=32   T=32   strat=ebsampler  samp=categorical  γ=2.0
   → both_rules=0.3000 ± 0.0374 (5 reps)  steps=8.5/15  n_corr=120  elapsed=310.0s
[163/368  eta=89.2min]
>> not_nested_parentheses_and_brackets L=32   T=4    strat=uniform    samp=greedy       —
  built (not_nested_parentheses_and_brackets, L=32, T=4)  vocab=8  |X|=100
   → both_rules=0.0200 ± 0.0141 (5 reps)  steps=3.8/4  n_corr=10  elapsed=27.7s
[164/368  eta=88.8min]
>> not_nested_parentheses_and_brackets L=32   T=8    strat=uniform    samp=greedy       —
  built (not_nested_parentheses_and_brackets, L=32, T=8)  vocab=8  |X|=100
   → both_rules=0.1240 ± 0.0361 (5 reps)  steps=7.8/8  n_corr=62  elapsed=40.7s
[165/368  eta=88.2min]
>> not_nested_parentheses_and_brackets L=32   T=16   strat=uniform    samp=greedy       —
  built (not_nested_parentheses_and_brackets, L=32, T=16)  vocab=8  |X|=100
   → both_rules=0.3600 ± 0.0443 (5 reps)  steps=15.6/16  n_corr=180  elapsed=54.1s
[166/368  eta=87.3min]
>> not_nested_parentheses_and_brackets L=32   T=1    strat=uniform    samp=categorical  —
   → both_rules=0.0060 ± 0.0049 (5 reps)  steps=1.0/1  n_corr=3  elapsed=21.3s
[167/368  eta=86.6min]
>> not_nested_parentheses_and_brackets L=32   T=2    strat=uniform    samp=categorical  —
   → both_rules=0.0320 ± 0.0248 (5 reps)  steps=1.8/2  n_corr=16  elapsed=14.1s
[168/368  eta=85.9min]
>> not_nested_parentheses_and_brackets L=32   T=32   strat=uniform    samp=greedy       —
  built (not_nested_parentheses_and_brackets, L=32, T=32)  vocab=8  |X|=100
   → both_rules=0.5960 ± 0.0250 (5 reps)  steps=31.3/32  n_corr=298  elapsed=78.6s
[169/368  eta=85.0min]
>> not_nested_parentheses_and_brackets L=32   T=4    strat=uniform    samp=categorical  —
  built (not_nested_parentheses_and_brackets, L=32, T=4)  vocab=8  |X|=100
   → both_rules=0.0980 ± 0.0183 (5 reps)  steps=3.7/4  n_corr=49  elapsed=27.0s
[170/368  eta=84.1min]
>> parentheses_and_brackets L=32   T=8    strat=ebsampler  samp=categorical  γ=0.9
  built (parentheses_and_brackets, L=32, T=8)  vocab=8  |X|=100
   → both_rules=0.9240 ± 0.0185 (5 reps)  steps=25.3/31  n_corr=456  elapsed=721.7s
[171/368  eta=83.3min]
>> not_nested_parentheses_and_brackets L=32   T=8    strat=uniform    samp=categorical  —
  built (not_nested_parentheses_and_brackets, L=32, T=8)  vocab=8  |X|=100
   → both_rules=0.2820 ± 0.0279 (5 reps)  steps=7.4/8  n_corr=141  elapsed=23.6s
[172/368  eta=82.5min]
>> parentheses_and_brackets L=32   T=8    strat=ebsampler  samp=categorical  γ=0.1
   → both_rules=1.0000 ± 0.0000 (5 reps)  steps=31.5/33  n_corr=500  elapsed=844.4s
[173/368  eta=81.8min]
>> not_nested_parentheses_and_brackets L=32   T=1    strat=gaussian   samp=greedy       σ=1.0
  built (not_nested_parentheses_and_brackets, L=32, T=1)  vocab=8  |X|=100
   → both_rules=1.0000 ± 0.0000 (5 reps)  steps=1.0/2  n_corr=500  elapsed=13.2s
[174/368  eta=80.9min]
>> parentheses_and_brackets L=32   T=64   strat=gaussian   samp=greedy       σ=2.0
  built (parentheses_and_brackets, L=32, T=64)  vocab=8  |X|=100
   → both_rules=0.9280 ± 0.0299 (5 reps)  steps=56.9/64  n_corr=464  elapsed=3915.1s
[175/368  eta=80.3min]
>> not_nested_parentheses_and_brackets L=32   T=1    strat=gaussian   samp=greedy       σ=2.0
  built (not_nested_parentheses_and_brackets, L=32, T=1)  vocab=8  |X|=100
   → both_rules=1.0000 ± 0.0000 (5 reps)  steps=1.0/2  n_corr=500  elapsed=21.4s
[176/368  eta=79.4min]
>> not_nested_parentheses_and_brackets L=32   T=1    strat=gaussian   samp=greedy       σ=5.0
   → both_rules=1.0000 ± 0.0000 (5 reps)  steps=1.0/2  n_corr=500  elapsed=14.5s
[177/368  eta=78.7min]
>> parentheses_and_brackets L=32   T=64   strat=ebsampler  samp=categorical  γ=5.0
  built (parentheses_and_brackets, L=32, T=64)  vocab=8  |X|=100
   → both_rules=0.0320 ± 0.0117 (5 reps)  steps=2.3/7  n_corr=12  elapsed=207.5s
[178/368  eta=77.8min]
>> not_nested_parentheses_and_brackets L=32   T=1    strat=gaussian   samp=greedy       σ=10.0
  built (not_nested_parentheses_and_brackets, L=32, T=1)  vocab=8  |X|=100
   → both_rules=1.0000 ± 0.0000 (5 reps)  steps=1.1/2  n_corr=500  elapsed=21.7s
[179/368  eta=77.1min]
>> not_nested_parentheses_and_brackets L=32   T=16   strat=uniform    samp=categorical  —
  built (not_nested_parentheses_and_brackets, L=32, T=16)  vocab=8  |X|=100
   → both_rules=0.5200 ± 0.0424 (5 reps)  steps=15.1/16  n_corr=260  elapsed=51.1s
[180/368  eta=76.3min]
>> not_nested_parentheses_and_brackets L=32   T=1    strat=gaussian   samp=greedy       σ=50.0
   → both_rules=0.9900 ± 0.0110 (5 reps)  steps=1.3/2  n_corr=495  elapsed=13.5s
[181/368  eta=75.6min]
>> not_nested_parentheses_and_brackets L=32   T=1    strat=gaussian   samp=greedy       σ=20.0
   → both_rules=0.9980 ± 0.0040 (5 reps)  steps=1.2/2  n_corr=499  elapsed=21.5s
[182/368  eta=74.9min]
>> not_nested_parentheses_and_brackets L=32   T=2    strat=gaussian   samp=greedy       σ=10.0
   → both_rules=0.0160 ± 0.0120 (5 reps)  steps=2.0/3  n_corr=8  elapsed=16.4s
[183/368  eta=74.1min]
>> not_nested_parentheses_and_brackets L=32   T=2    strat=gaussian   samp=greedy       σ=1.0
  built (not_nested_parentheses_and_brackets, L=32, T=2)  vocab=8  |X|=100
   → both_rules=0.8300 ± 0.0329 (5 reps)  steps=2.0/3  n_corr=415  elapsed=23.0s
[184/368  eta=73.3min]
>> parentheses_and_brackets L=32   T=64   strat=ebsampler  samp=categorical  γ=10.0
  built (parentheses_and_brackets, L=32, T=64)  vocab=8  |X|=100
   → both_rules=0.0140 ± 0.0102 (5 reps)  steps=1.6/4  n_corr=7  elapsed=213.6s
[185/368  eta=72.5min]
>> not_nested_parentheses_and_brackets L=32   T=2    strat=gaussian   samp=greedy       σ=2.0
  built (not_nested_parentheses_and_brackets, L=32, T=2)  vocab=8  |X|=100
   → both_rules=0.5640 ± 0.0463 (5 reps)  steps=2.0/3  n_corr=282  elapsed=24.2s
[186/368  eta=71.8min]
>> not_nested_parentheses_and_brackets L=32   T=2    strat=gaussian   samp=greedy       σ=5.0
  built (not_nested_parentheses_and_brackets, L=32, T=2)  vocab=8  |X|=100
   → both_rules=0.1280 ± 0.0523 (5 reps)  steps=2.0/3  n_corr=64  elapsed=24.3s
[187/368  eta=71.2min]
>> not_nested_parentheses_and_brackets L=32   T=2    strat=gaussian   samp=greedy       σ=20.0
  built (not_nested_parentheses_and_brackets, L=32, T=2)  vocab=8  |X|=100
   → both_rules=0.0040 ± 0.0049 (5 reps)  steps=2.0/3  n_corr=2  elapsed=23.7s
[188/368  eta=70.5min]
>> not_nested_parentheses_and_brackets L=32   T=2    strat=gaussian   samp=greedy       σ=50.0
   → both_rules=0.0000 ± 0.0000 (5 reps)  steps=2.0/3  n_corr=0  elapsed=22.6s
[189/368  eta=69.8min]
>> parentheses_and_brackets L=32   T=16   strat=ebsampler  samp=categorical  γ=0.9
  built (parentheses_and_brackets, L=32, T=16)  vocab=8  |X|=100
   → both_rules=0.9240 ± 0.0185 (5 reps)  steps=25.3/31  n_corr=456  elapsed=601.8s
[190/368  eta=69.1min]
>> not_nested_parentheses_and_brackets L=32   T=64   strat=uniform    samp=greedy       —
  built (not_nested_parentheses_and_brackets, L=32, T=64)  vocab=8  |X|=100
   → both_rules=0.7700 ± 0.0420 (5 reps)  steps=61.4/63  n_corr=385  elapsed=174.9s
[191/368  eta=68.5min]
>> not_nested_parentheses_and_brackets L=32   T=4    strat=gaussian   samp=greedy       σ=1.0
  built (not_nested_parentheses_and_brackets, L=32, T=4)  vocab=8  |X|=100
   → both_rules=0.1340 ± 0.0242 (5 reps)  steps=2.4/4  n_corr=67  elapsed=35.6s
[192/368  eta=67.8min]
>> not_nested_parentheses_and_brackets L=32   T=4    strat=gaussian   samp=greedy       σ=2.0
  built (not_nested_parentheses_and_brackets, L=32, T=4)  vocab=8  |X|=100
   → both_rules=0.0340 ± 0.0049 (5 reps)  steps=2.3/4  n_corr=17  elapsed=36.9s
[193/368  eta=67.1min]
>> not_nested_parentheses_and_brackets L=32   T=4    strat=gaussian   samp=greedy       σ=5.0
  built (not_nested_parentheses_and_brackets, L=32, T=4)  vocab=8  |X|=100
   → both_rules=0.0600 ± 0.0063 (5 reps)  steps=3.0/5  n_corr=30  elapsed=42.2s
[194/368  eta=66.4min]
>> not_nested_parentheses_and_brackets L=32   T=32   strat=uniform    samp=categorical  —
  built (not_nested_parentheses_and_brackets, L=32, T=32)  vocab=8  |X|=100
   → both_rules=0.6960 ± 0.0273 (5 reps)  steps=30.5/32  n_corr=348  elapsed=112.9s
[195/368  eta=65.7min]
>> not_nested_parentheses_and_brackets L=32   T=4    strat=gaussian   samp=greedy       σ=10.0
  built (not_nested_parentheses_and_brackets, L=32, T=4)  vocab=8  |X|=100
   → both_rules=0.0660 ± 0.0150 (5 reps)  steps=3.1/5  n_corr=33  elapsed=41.6s
[196/368  eta=65.1min]
>> parentheses_and_brackets L=32   T=64   strat=gaussian   samp=greedy       σ=5.0
  built (parentheses_and_brackets, L=32, T=64)  vocab=8  |X|=100
   → both_rules=0.9320 ± 0.0376 (5 reps)  steps=55.3/64  n_corr=466  elapsed=3966.8s
[197/368  eta=64.4min]
>> not_nested_parentheses_and_brackets L=32   T=4    strat=gaussian   samp=greedy       σ=20.0
  built (not_nested_parentheses_and_brackets, L=32, T=4)  vocab=8  |X|=100
   → both_rules=0.0560 ± 0.0258 (5 reps)  steps=3.1/5  n_corr=28  elapsed=38.9s
[198/368  eta=63.7min]
>> not_nested_parentheses_and_brackets L=32   T=4    strat=gaussian   samp=greedy       σ=50.0
  built (not_nested_parentheses_and_brackets, L=32, T=4)  vocab=8  |X|=100
   → both_rules=0.0980 ± 0.0248 (5 reps)  steps=3.3/5  n_corr=49  elapsed=34.0s
[199/368  eta=63.1min]
>> parentheses_and_brackets L=32   T=64   strat=ebsampler  samp=categorical  γ=2.0
   → both_rules=0.3000 ± 0.0374 (5 reps)  steps=8.5/15  n_corr=120  elapsed=324.0s
[200/368  eta=62.6min]
>> parentheses_and_brackets L=32   T=16   strat=ebsampler  samp=categorical  γ=0.5
   → both_rules=0.9720 ± 0.0117 (5 reps)  steps=29.3/32  n_corr=479  elapsed=683.1s
[201/368  eta=62.1min]
>> not_nested_parentheses_and_brackets L=32   T=8    strat=gaussian   samp=greedy       σ=1.0
  built (not_nested_parentheses_and_brackets, L=32, T=8)  vocab=8  |X|=100
   → both_rules=0.0320 ± 0.0172 (5 reps)  steps=4.9/8  n_corr=16  elapsed=61.2s
[202/368  eta=61.5min]
>> not_nested_parentheses_and_brackets L=32   T=8    strat=gaussian   samp=greedy       σ=2.0
  built (not_nested_parentheses_and_brackets, L=32, T=8)  vocab=8  |X|=100
   → both_rules=0.0580 ± 0.0264 (5 reps)  steps=5.5/8  n_corr=29  elapsed=61.0s
[203/368  eta=60.9min]
>> not_nested_parentheses_and_brackets L=32   T=64   strat=uniform    samp=categorical  —
  built (not_nested_parentheses_and_brackets, L=32, T=64)  vocab=8  |X|=100
   → both_rules=0.8480 ± 0.0325 (5 reps)  steps=61.1/63  n_corr=424  elapsed=165.2s
[204/368  eta=60.3min]
>> not_nested_parentheses_and_brackets L=32   T=8    strat=gaussian   samp=greedy       σ=50.0
   → both_rules=0.3460 ± 0.0338 (5 reps)  steps=7.2/9  n_corr=173  elapsed=57.7s
[205/368  eta=59.7min]
>> not_nested_parentheses_and_brackets L=32   T=8    strat=gaussian   samp=greedy       σ=5.0
  built (not_nested_parentheses_and_brackets, L=32, T=8)  vocab=8  |X|=100
   → both_rules=0.1360 ± 0.0338 (5 reps)  steps=5.9/9  n_corr=68  elapsed=70.5s
[206/368  eta=59.1min]
>> not_nested_parentheses_and_brackets L=32   T=8    strat=gaussian   samp=greedy       σ=10.0
  built (not_nested_parentheses_and_brackets, L=32, T=8)  vocab=8  |X|=100
   → both_rules=0.2180 ± 0.0160 (5 reps)  steps=6.3/9  n_corr=109  elapsed=70.0s
[207/368  eta=58.4min]
>> not_nested_parentheses_and_brackets L=32   T=8    strat=gaussian   samp=greedy       σ=20.0
  built (not_nested_parentheses_and_brackets, L=32, T=8)  vocab=8  |X|=100
   → both_rules=0.2660 ± 0.0413 (5 reps)  steps=6.6/9  n_corr=133  elapsed=66.4s
[208/368  eta=58.3min]
>> not_nested_parentheses_and_brackets L=32   T=16   strat=gaussian   samp=greedy       σ=1.0
   → both_rules=0.1000 ± 0.0410 (5 reps)  steps=11.1/16  n_corr=50  elapsed=104.0s
[209/368  eta=57.9min]
>> parentheses_and_brackets L=32   T=32   strat=ebsampler  samp=categorical  γ=0.9
  built (parentheses_and_brackets, L=32, T=32)  vocab=8  |X|=100
   → both_rules=0.9240 ± 0.0185 (5 reps)  steps=25.3/31  n_corr=456  elapsed=630.8s
[210/368  eta=57.3min]
>> parentheses_and_brackets L=32   T=16   strat=ebsampler  samp=categorical  γ=0.1
  built (parentheses_and_brackets, L=32, T=16)  vocab=8  |X|=100
   → both_rules=1.0000 ± 0.0000 (5 reps)  steps=31.5/33  n_corr=500  elapsed=829.5s
[211/368  eta=56.7min]
>> not_nested_parentheses_and_brackets L=32   T=16   strat=gaussian   samp=greedy       σ=2.0
  built (not_nested_parentheses_and_brackets, L=32, T=16)  vocab=8  |X|=100
   → both_rules=0.1940 ± 0.0413 (5 reps)  steps=12.0/17  n_corr=97  elapsed=124.3s
[212/368  eta=56.1min]
>> not_nested_parentheses_and_brackets L=32   T=16   strat=gaussian   samp=greedy       σ=20.0
  built (not_nested_parentheses_and_brackets, L=32, T=16)  vocab=8  |X|=100
   → both_rules=0.6360 ± 0.0781 (5 reps)  steps=14.2/17  n_corr=318  elapsed=118.1s
[213/368  eta=55.5min]
>> not_nested_parentheses_and_brackets L=32   T=16   strat=gaussian   samp=greedy       σ=50.0
  built (not_nested_parentheses_and_brackets, L=32, T=16)  vocab=8  |X|=100
   → both_rules=0.6520 ± 0.0376 (5 reps)  steps=15.0/17  n_corr=326  elapsed=103.7s
[214/368  eta=55.0min]
>> not_nested_parentheses_and_brackets L=32   T=16   strat=gaussian   samp=greedy       σ=10.0
   → both_rules=0.5280 ± 0.0387 (5 reps)  steps=13.5/17  n_corr=264  elapsed=128.7s
[215/368  eta=54.4min]
>> not_nested_parentheses_and_brackets L=32   T=16   strat=gaussian   samp=greedy       σ=5.0
  built (not_nested_parentheses_and_brackets, L=32, T=16)  vocab=8  |X|=100
   → both_rules=0.4120 ± 0.0279 (5 reps)  steps=12.9/17  n_corr=206  elapsed=134.6s
[216/368  eta=53.9min]
>> not_nested_parentheses_and_brackets L=32   T=1    strat=gaussian   samp=categorical  σ=1.0
  built (not_nested_parentheses_and_brackets, L=32, T=1)  vocab=8  |X|=100
   → both_rules=0.0060 ± 0.0049 (5 reps)  steps=1.0/1  n_corr=3  elapsed=21.4s
[217/368  eta=53.4min]
>> not_nested_parentheses_and_brackets L=32   T=1    strat=gaussian   samp=categorical  σ=2.0
   → both_rules=0.0060 ± 0.0049 (5 reps)  steps=1.0/1  n_corr=3  elapsed=21.0s
[218/368  eta=52.8min]
>> not_nested_parentheses_and_brackets L=32   T=1    strat=gaussian   samp=categorical  σ=5.0
   → both_rules=0.0060 ± 0.0049 (5 reps)  steps=1.0/1  n_corr=3  elapsed=21.4s
[219/368  eta=52.4min]
>> not_nested_parentheses_and_brackets L=32   T=1    strat=gaussian   samp=categorical  σ=10.0
   → both_rules=0.0080 ± 0.0040 (5 reps)  steps=1.0/2  n_corr=4  elapsed=18.5s
[220/368  eta=51.9min]
>> not_nested_parentheses_and_brackets L=32   T=1    strat=gaussian   samp=categorical  σ=20.0
   → both_rules=0.0080 ± 0.0040 (5 reps)  steps=1.0/2  n_corr=4  elapsed=21.0s
[221/368  eta=51.3min]
>> not_nested_parentheses_and_brackets L=32   T=1    strat=gaussian   samp=categorical  σ=50.0
   → both_rules=0.0080 ± 0.0040 (5 reps)  steps=1.0/2  n_corr=4  elapsed=21.5s
[222/368  eta=50.8min]
>> not_nested_parentheses_and_brackets L=32   T=2    strat=gaussian   samp=categorical  σ=1.0
  built (not_nested_parentheses_and_brackets, L=32, T=2)  vocab=8  |X|=100
   → both_rules=0.0140 ± 0.0049 (5 reps)  steps=1.5/2  n_corr=7  elapsed=15.2s
[223/368  eta=50.4min]
>> not_nested_parentheses_and_brackets L=32   T=2    strat=gaussian   samp=categorical  σ=2.0
   → both_rules=0.0180 ± 0.0075 (5 reps)  steps=1.5/2  n_corr=9  elapsed=23.6s
[224/368  eta=49.8min]
>> not_nested_parentheses_and_brackets L=32   T=2    strat=gaussian   samp=categorical  σ=10.0
   → both_rules=0.0200 ± 0.0063 (5 reps)  steps=1.7/3  n_corr=10  elapsed=14.9s
[225/368  eta=49.3min]
>> not_nested_parentheses_and_brackets L=32   T=2    strat=gaussian   samp=categorical  σ=5.0
   → both_rules=0.0240 ± 0.0136 (5 reps)  steps=1.6/2  n_corr=12  elapsed=24.2s
[226/368  eta=48.8min]
>> not_nested_parentheses_and_brackets L=32   T=2    strat=gaussian   samp=categorical  σ=50.0
   → both_rules=0.0560 ± 0.0242 (5 reps)  steps=1.9/3  n_corr=25  elapsed=14.3s
[227/368  eta=48.4min]
>> not_nested_parentheses_and_brackets L=32   T=2    strat=gaussian   samp=categorical  σ=20.0
   → both_rules=0.0360 ± 0.0174 (5 reps)  steps=1.8/3  n_corr=17  elapsed=22.7s
[228/368  eta=47.9min]
>> not_nested_parentheses_and_brackets L=32   T=4    strat=gaussian   samp=categorical  σ=2.0
  built (not_nested_parentheses_and_brackets, L=32, T=4)  vocab=8  |X|=100
   → both_rules=0.1020 ± 0.0117 (5 reps)  steps=2.7/4  n_corr=51  elapsed=22.2s
[229/368  eta=47.4min]
>> not_nested_parentheses_and_brackets L=32   T=4    strat=gaussian   samp=categorical  σ=1.0
   → both_rules=0.0700 ± 0.0405 (5 reps)  steps=2.6/4  n_corr=34  elapsed=33.4s
[230/368  eta=46.9min]
>> not_nested_parentheses_and_brackets L=32   T=32   strat=gaussian   samp=greedy       σ=5.0
  built (not_nested_parentheses_and_brackets, L=32, T=32)  vocab=8  |X|=100
   → both_rules=0.6720 ± 0.0571 (5 reps)  steps=27.5/33  n_corr=336  elapsed=189.3s
[231/368  eta=46.4min]
>> not_nested_parentheses_and_brackets L=32   T=32   strat=gaussian   samp=greedy       σ=50.0
  built (not_nested_parentheses_and_brackets, L=32, T=32)  vocab=8  |X|=100
   → both_rules=0.8320 ± 0.0204 (5 reps)  steps=30.1/33  n_corr=416  elapsed=192.6s
[232/368  eta=46.0min]
>> not_nested_parentheses_and_brackets L=32   T=4    strat=gaussian   samp=categorical  σ=5.0
   → both_rules=0.1140 ± 0.0258 (5 reps)  steps=2.9/5  n_corr=57  elapsed=38.7s
[233/368  eta=45.5min]
>> not_nested_parentheses_and_brackets L=32   T=4    strat=gaussian   samp=categorical  σ=10.0
   → both_rules=0.1140 ± 0.0174 (5 reps)  steps=3.0/5  n_corr=57  elapsed=24.9s
[234/368  eta=45.0min]
>> parentheses_and_brackets L=32   T=64   strat=gaussian   samp=greedy       σ=20.0
  built (parentheses_and_brackets, L=32, T=64)  vocab=8  |X|=100
   → both_rules=0.9300 ± 0.0268 (5 reps)  steps=56.7/64  n_corr=465  elapsed=4166.7s
[235/368  eta=44.5min]
>> not_nested_parentheses_and_brackets L=32   T=32   strat=gaussian   samp=greedy       σ=1.0
  built (not_nested_parentheses_and_brackets, L=32, T=32)  vocab=8  |X|=100
   → both_rules=0.3300 ± 0.0754 (5 reps)  steps=26.3/32  n_corr=165  elapsed=228.3s
[236/368  eta=44.0min]
>> not_nested_parentheses_and_brackets L=32   T=4    strat=gaussian   samp=categorical  σ=50.0
  built (not_nested_parentheses_and_brackets, L=32, T=4)  vocab=8  |X|=100
   → both_rules=0.1880 ± 0.0293 (5 reps)  steps=3.4/5  n_corr=94  elapsed=33.8s
[237/368  eta=43.5min]
>> not_nested_parentheses_and_brackets L=32   T=4    strat=gaussian   samp=categorical  σ=20.0
   → both_rules=0.1460 ± 0.0361 (5 reps)  steps=3.2/5  n_corr=73  elapsed=38.1s
[238/368  eta=43.1min]
>> not_nested_parentheses_and_brackets L=32   T=32   strat=gaussian   samp=greedy       σ=2.0
  built (not_nested_parentheses_and_brackets, L=32, T=32)  vocab=8  |X|=100
   → both_rules=0.4840 ± 0.0496 (5 reps)  steps=26.5/33  n_corr=242  elapsed=240.5s
[239/368  eta=42.6min]
>> not_nested_parentheses_and_brackets L=32   T=32   strat=gaussian   samp=greedy       σ=20.0
  built (not_nested_parentheses_and_brackets, L=32, T=32)  vocab=8  |X|=100
   → both_rules=0.8160 ± 0.0496 (5 reps)  steps=28.7/33  n_corr=408  elapsed=228.7s
[240/368  eta=42.2min]
>> not_nested_parentheses_and_brackets L=32   T=8    strat=gaussian   samp=categorical  σ=5.0
  built (not_nested_parentheses_and_brackets, L=32, T=8)  vocab=8  |X|=100
   → both_rules=0.2620 ± 0.0337 (5 reps)  steps=5.9/9  n_corr=128  elapsed=42.1s
[241/368  eta=41.8min]
>> not_nested_parentheses_and_brackets L=32   T=8    strat=gaussian   samp=categorical  σ=10.0
  built (not_nested_parentheses_and_brackets, L=32, T=8)  vocab=8  |X|=100
   → both_rules=0.2620 ± 0.0319 (5 reps)  steps=6.2/9  n_corr=131  elapsed=44.4s
[242/368  eta=41.3min]
>> not_nested_parentheses_and_brackets L=32   T=8    strat=gaussian   samp=categorical  σ=1.0
   → both_rules=0.1460 ± 0.0250 (5 reps)  steps=5.3/8  n_corr=72  elapsed=56.9s
[243/368  eta=40.8min]
>> not_nested_parentheses_and_brackets L=32   T=32   strat=gaussian   samp=greedy       σ=10.0
   → both_rules=0.7360 ± 0.0356 (5 reps)  steps=27.7/33  n_corr=368  elapsed=257.9s
[244/368  eta=40.4min]
>> not_nested_parentheses_and_brackets L=32   T=8    strat=gaussian   samp=categorical  σ=20.0
   → both_rules=0.3780 ± 0.0500 (5 reps)  steps=6.6/9  n_corr=189  elapsed=53.8s
[245/368  eta=39.9min]
>> parentheses_and_brackets L=32   T=32   strat=ebsampler  samp=categorical  γ=0.1
   → both_rules=1.0000 ± 0.0000 (5 reps)  steps=31.5/33  n_corr=500  elapsed=870.9s
[246/368  eta=39.4min]
>> not_nested_parentheses_and_brackets L=32   T=8    strat=gaussian   samp=categorical  σ=2.0
   → both_rules=0.1620 ± 0.0232 (5 reps)  steps=5.4/8  n_corr=79  elapsed=60.6s
[247/368  eta=39.0min]
>> parentheses_and_brackets L=32   T=32   strat=ebsampler  samp=categorical  γ=0.5
  built (parentheses_and_brackets, L=32, T=32)  vocab=8  |X|=100
   → both_rules=0.9720 ± 0.0117 (5 reps)  steps=29.3/32  n_corr=479  elapsed=856.2s
[248/368  eta=38.5min]
>> not_nested_parentheses_and_brackets L=32   T=8    strat=gaussian   samp=categorical  σ=50.0
  built (not_nested_parentheses_and_brackets, L=32, T=8)  vocab=8  |X|=100
   → both_rules=0.4360 ± 0.0250 (5 reps)  steps=6.9/9  n_corr=218  elapsed=55.5s
[249/368  eta=38.4min]
>> parentheses_and_brackets L=32   T=64   strat=ebsampler  samp=categorical  γ=0.1
  built (parentheses_and_brackets, L=32, T=64)  vocab=8  |X|=100
   → both_rules=1.0000 ± 0.0000 (5 reps)  steps=31.5/33  n_corr=500  elapsed=807.2s
[250/368  eta=38.0min]
>> parentheses_and_brackets L=32   T=64   strat=ebsampler  samp=categorical  γ=0.9
   → both_rules=0.9240 ± 0.0185 (5 reps)  steps=25.3/31  n_corr=456  elapsed=708.7s
[251/368  eta=37.5min]
>> not_nested_parentheses_and_brackets L=32   T=16   strat=gaussian   samp=categorical  σ=10.0
   → both_rules=0.5540 ± 0.0436 (5 reps)  steps=13.1/17  n_corr=275  elapsed=78.6s
[252/368  eta=37.1min]
>> not_nested_parentheses_and_brackets L=32   T=16   strat=gaussian   samp=categorical  σ=1.0
   → both_rules=0.3300 ± 0.0283 (5 reps)  steps=12.0/16  n_corr=163  elapsed=112.5s
[253/368  eta=36.8min]
>> not_nested_parentheses_and_brackets L=32   T=16   strat=gaussian   samp=categorical  σ=2.0
  built (not_nested_parentheses_and_brackets, L=32, T=16)  vocab=8  |X|=100
   → both_rules=0.3720 ± 0.0556 (5 reps)  steps=12.1/17  n_corr=184  elapsed=121.3s
[254/368  eta=36.3min]
>> not_nested_parentheses_and_brackets L=32   T=16   strat=gaussian   samp=categorical  σ=50.0
  built (not_nested_parentheses_and_brackets, L=32, T=16)  vocab=8  |X|=100
   → both_rules=0.6260 ± 0.0492 (5 reps)  steps=14.3/17  n_corr=313  elapsed=97.0s
[255/368  eta=35.9min]
>> not_nested_parentheses_and_brackets L=32   T=16   strat=gaussian   samp=categorical  σ=20.0
  built (not_nested_parentheses_and_brackets, L=32, T=16)  vocab=8  |X|=100
   → both_rules=0.6140 ± 0.0332 (5 reps)  steps=13.6/17  n_corr=307  elapsed=98.2s
[256/368  eta=35.4min]
>> not_nested_parentheses_and_brackets L=32   T=16   strat=gaussian   samp=categorical  σ=5.0
  built (not_nested_parentheses_and_brackets, L=32, T=16)  vocab=8  |X|=100
   → both_rules=0.4860 ± 0.0224 (5 reps)  steps=12.8/17  n_corr=242  elapsed=125.1s
[257/368  eta=35.2min]
>> not_nested_parentheses_and_brackets L=32   T=64   strat=gaussian   samp=greedy       σ=1.0
  built (not_nested_parentheses_and_brackets, L=32, T=64)  vocab=8  |X|=100
   → both_rules=0.6260 ± 0.0492 (5 reps)  steps=55.6/63  n_corr=313  elapsed=384.9s
[258/368  eta=34.8min]
>> parentheses_and_brackets L=32   T=64   strat=ebsampler  samp=categorical  γ=0.5
  built (parentheses_and_brackets, L=32, T=64)  vocab=8  |X|=100
   → both_rules=0.9720 ± 0.0117 (5 reps)  steps=29.3/32  n_corr=479  elapsed=843.3s
[259/368  eta=34.4min]
>> not_nested_parentheses_and_brackets L=32   T=34   strat=ar         samp=greedy       —
  built (not_nested_parentheses_and_brackets, L=32, T=34)  vocab=8  |X|=100
   → both_rules=1.0000 (det)  steps=33.0/33  n_corr=100  elapsed=44.6s
[260/368  eta=34.0min]
>> not_nested_parentheses_and_brackets L=32   T=1    strat=ebsampler  samp=greedy       γ=0.1
   → both_rules=1.0000 (det)  steps=33.0/33  n_corr=100  elapsed=17.2s
[261/368  eta=33.6min]
>> not_nested_parentheses_and_brackets L=32   T=1    strat=ebsampler  samp=greedy       γ=0.9
  built (not_nested_parentheses_and_brackets, L=32, T=1)  vocab=8  |X|=100
   → both_rules=1.0000 (det)  steps=31.0/31  n_corr=100  elapsed=15.9s
[262/368  eta=33.1min]
>> not_nested_parentheses_and_brackets L=32   T=1    strat=ebsampler  samp=greedy       γ=0.5
  built (not_nested_parentheses_and_brackets, L=32, T=1)  vocab=8  |X|=100
   → both_rules=1.0000 (det)  steps=32.0/32  n_corr=100  elapsed=16.7s
[263/368  eta=32.7min]
>> not_nested_parentheses_and_brackets L=32   T=1    strat=ebsampler  samp=greedy       γ=2.0
   → both_rules=1.0000 (det)  steps=16.0/16  n_corr=100  elapsed=9.5s
[264/368  eta=32.3min]
>> not_nested_parentheses_and_brackets L=32   T=1    strat=ebsampler  samp=greedy       γ=10.0
   → both_rules=0.0000 (det)  steps=4.0/4  n_corr=0  elapsed=5.3s
[265/368  eta=31.9min]
>> not_nested_parentheses_and_brackets L=32   T=1    strat=ebsampler  samp=greedy       γ=5.0
   → both_rules=1.0000 (det)  steps=8.0/8  n_corr=100  elapsed=6.6s
[266/368  eta=31.5min]
>> not_nested_parentheses_and_brackets L=32   T=64   strat=gaussian   samp=greedy       σ=2.0
  built (not_nested_parentheses_and_brackets, L=32, T=64)  vocab=8  |X|=100
   → both_rules=0.6920 ± 0.0426 (5 reps)  steps=55.0/64  n_corr=346  elapsed=376.7s
[267/368  eta=31.1min]
>> not_nested_parentheses_and_brackets L=32   T=32   strat=gaussian   samp=categorical  σ=5.0
  built (not_nested_parentheses_and_brackets, L=32, T=32)  vocab=8  |X|=100
   → both_rules=0.6760 ± 0.0280 (5 reps)  steps=26.1/33  n_corr=338  elapsed=159.7s
[268/368  eta=30.7min]
>> not_nested_parentheses_and_brackets L=32   T=2    strat=ebsampler  samp=greedy       γ=5.0
  built (not_nested_parentheses_and_brackets, L=32, T=2)  vocab=8  |X|=100
   → both_rules=1.0000 (det)  steps=8.0/8  n_corr=100  elapsed=6.7s
[269/368  eta=30.3min]
>> not_nested_parentheses_and_brackets L=32   T=2    strat=ebsampler  samp=greedy       γ=2.0
   → both_rules=1.0000 (det)  steps=16.0/16  n_corr=100  elapsed=9.6s
[270/368  eta=29.9min]
>> not_nested_parentheses_and_brackets L=32   T=2    strat=ebsampler  samp=greedy       γ=0.9
  built (not_nested_parentheses_and_brackets, L=32, T=2)  vocab=8  |X|=100
   → both_rules=1.0000 (det)  steps=31.0/31  n_corr=100  elapsed=15.4s
[271/368  eta=29.5min]
>> not_nested_parentheses_and_brackets L=32   T=2    strat=ebsampler  samp=greedy       γ=0.1
   → both_rules=1.0000 (det)  steps=33.0/33  n_corr=100  elapsed=17.2s
[272/368  eta=29.0min]
>> not_nested_parentheses_and_brackets L=32   T=2    strat=ebsampler  samp=greedy       γ=0.5
  built (not_nested_parentheses_and_brackets, L=32, T=2)  vocab=8  |X|=100
   → both_rules=1.0000 (det)  steps=32.0/32  n_corr=100  elapsed=16.7s
[273/368  eta=28.7min]
>> not_nested_parentheses_and_brackets L=32   T=2    strat=ebsampler  samp=greedy       γ=10.0
   → both_rules=0.0000 (det)  steps=4.0/4  n_corr=0  elapsed=5.3s
[274/368  eta=28.3min]
>> not_nested_parentheses_and_brackets L=32   T=64   strat=gaussian   samp=greedy       σ=50.0
  built (not_nested_parentheses_and_brackets, L=32, T=64)  vocab=8  |X|=100
   → both_rules=0.9140 ± 0.0326 (5 reps)  steps=58.8/64  n_corr=457  elapsed=369.9s
[275/368  eta=27.9min]
>> not_nested_parentheses_and_brackets L=32   T=4    strat=ebsampler  samp=greedy       γ=2.0
  built (not_nested_parentheses_and_brackets, L=32, T=4)  vocab=8  |X|=100
   → both_rules=1.0000 (det)  steps=16.0/16  n_corr=100  elapsed=9.8s
[276/368  eta=27.5min]
>> not_nested_parentheses_and_brackets L=32   T=4    strat=ebsampler  samp=greedy       γ=5.0
  built (not_nested_parentheses_and_brackets, L=32, T=4)  vocab=8  |X|=100
   → both_rules=1.0000 (det)  steps=8.0/8  n_corr=100  elapsed=6.7s
[277/368  eta=27.1min]
>> not_nested_parentheses_and_brackets L=32   T=4    strat=ebsampler  samp=greedy       γ=10.0
  built (not_nested_parentheses_and_brackets, L=32, T=4)  vocab=8  |X|=100
   → both_rules=0.0000 (det)  steps=4.0/4  n_corr=0  elapsed=5.1s
[278/368  eta=26.7min]
>> not_nested_parentheses_and_brackets L=32   T=4    strat=ebsampler  samp=greedy       γ=0.9
   → both_rules=1.0000 (det)  steps=31.0/31  n_corr=100  elapsed=15.5s
[279/368  eta=26.3min]
>> not_nested_parentheses_and_brackets L=32   T=4    strat=ebsampler  samp=greedy       γ=0.5
  built (not_nested_parentheses_and_brackets, L=32, T=4)  vocab=8  |X|=100
   → both_rules=1.0000 (det)  steps=32.0/32  n_corr=100  elapsed=16.4s
[280/368  eta=25.9min]
>> not_nested_parentheses_and_brackets L=32   T=4    strat=ebsampler  samp=greedy       γ=0.1
   → both_rules=1.0000 (det)  steps=33.0/33  n_corr=100  elapsed=17.4s
[281/368  eta=25.6min]
>> not_nested_parentheses_and_brackets L=32   T=8    strat=ebsampler  samp=greedy       γ=10.0
  built (not_nested_parentheses_and_brackets, L=32, T=8)  vocab=8  |X|=100
   → both_rules=0.0000 (det)  steps=4.0/4  n_corr=0  elapsed=5.1s
[282/368  eta=25.2min]
>> not_nested_parentheses_and_brackets L=32   T=8    strat=ebsampler  samp=greedy       γ=5.0
   → both_rules=1.0000 (det)  steps=8.0/8  n_corr=100  elapsed=6.4s
[283/368  eta=24.8min]
>> not_nested_parentheses_and_brackets L=32   T=8    strat=ebsampler  samp=greedy       γ=2.0
   → both_rules=1.0000 (det)  steps=16.0/16  n_corr=100  elapsed=9.6s
[284/368  eta=24.5min]
>> not_nested_parentheses_and_brackets L=32   T=8    strat=ebsampler  samp=greedy       γ=0.5
  built (not_nested_parentheses_and_brackets, L=32, T=8)  vocab=8  |X|=100
   → both_rules=1.0000 (det)  steps=32.0/32  n_corr=100  elapsed=16.8s
[285/368  eta=24.1min]
>> not_nested_parentheses_and_brackets L=32   T=8    strat=ebsampler  samp=greedy       γ=0.1
  built (not_nested_parentheses_and_brackets, L=32, T=8)  vocab=8  |X|=100
   → both_rules=1.0000 (det)  steps=33.0/33  n_corr=100  elapsed=17.5s
[286/368  eta=23.7min]
>> not_nested_parentheses_and_brackets L=32   T=8    strat=ebsampler  samp=greedy       γ=0.9
  built (not_nested_parentheses_and_brackets, L=32, T=8)  vocab=8  |X|=100
   → both_rules=1.0000 (det)  steps=31.0/31  n_corr=100  elapsed=15.5s
[287/368  eta=23.4min]
>> not_nested_parentheses_and_brackets L=32   T=32   strat=gaussian   samp=categorical  σ=10.0
  built (not_nested_parentheses_and_brackets, L=32, T=32)  vocab=8  |X|=100
   → both_rules=0.7180 ± 0.0483 (5 reps)  steps=26.5/33  n_corr=358  elapsed=195.1s
[288/368  eta=23.0min]
>> not_nested_parentheses_and_brackets L=32   T=32   strat=gaussian   samp=categorical  σ=2.0
   → both_rules=0.6180 ± 0.0445 (5 reps)  steps=26.5/33  n_corr=305  elapsed=201.2s
[289/368  eta=22.6min]
>> not_nested_parentheses_and_brackets L=32   T=32   strat=gaussian   samp=categorical  σ=50.0
   → both_rules=0.7800 ± 0.0690 (5 reps)  steps=29.0/33  n_corr=390  elapsed=194.0s
[290/368  eta=22.3min]
>> not_nested_parentheses_and_brackets L=32   T=16   strat=ebsampler  samp=greedy       γ=10.0
   → both_rules=0.0000 (det)  steps=4.0/4  n_corr=0  elapsed=5.1s
[291/368  eta=21.9min]
>> not_nested_parentheses_and_brackets L=32   T=16   strat=ebsampler  samp=greedy       γ=5.0
  built (not_nested_parentheses_and_brackets, L=32, T=16)  vocab=8  |X|=100
   → both_rules=1.0000 (det)  steps=8.0/8  n_corr=100  elapsed=6.6s
[292/368  eta=21.6min]
>> not_nested_parentheses_and_brackets L=32   T=32   strat=gaussian   samp=categorical  σ=1.0
   → both_rules=0.5760 ± 0.0459 (5 reps)  steps=25.8/32  n_corr=287  elapsed=213.7s
[293/368  eta=21.2min]
>> not_nested_parentheses_and_brackets L=32   T=16   strat=ebsampler  samp=greedy       γ=0.9
  built (not_nested_parentheses_and_brackets, L=32, T=16)  vocab=8  |X|=100
   → both_rules=1.0000 (det)  steps=31.0/31  n_corr=100  elapsed=9.9s
[294/368  eta=20.9min]
>> not_nested_parentheses_and_brackets L=32   T=16   strat=ebsampler  samp=greedy       γ=2.0
  built (not_nested_parentheses_and_brackets, L=32, T=16)  vocab=8  |X|=100
   → both_rules=1.0000 (det)  steps=16.0/16  n_corr=100  elapsed=10.1s
[295/368  eta=20.5min]
>> not_nested_parentheses_and_brackets L=32   T=32   strat=ebsampler  samp=greedy       γ=10.0
   → both_rules=0.0000 (det)  steps=4.0/4  n_corr=0  elapsed=3.3s
[296/368  eta=20.2min]
>> not_nested_parentheses_and_brackets L=32   T=16   strat=ebsampler  samp=greedy       γ=0.5
   → both_rules=1.0000 (det)  steps=32.0/32  n_corr=100  elapsed=16.3s
[297/368  eta=19.8min]
>> not_nested_parentheses_and_brackets L=32   T=32   strat=ebsampler  samp=greedy       γ=0.1
   → both_rules=1.0000 (det)  steps=33.0/33  n_corr=100  elapsed=11.1s
[298/368  eta=19.5min]
>> not_nested_parentheses_and_brackets L=32   T=16   strat=ebsampler  samp=greedy       γ=0.1
   → both_rules=1.0000 (det)  steps=33.0/33  n_corr=100  elapsed=17.2s
[299/368  eta=19.1min]
>> not_nested_parentheses_and_brackets L=32   T=32   strat=ebsampler  samp=greedy       γ=2.0
  built (not_nested_parentheses_and_brackets, L=32, T=32)  vocab=8  |X|=100
   → both_rules=1.0000 (det)  steps=16.0/16  n_corr=100  elapsed=8.0s
[300/368  eta=18.8min]
>> not_nested_parentheses_and_brackets L=32   T=32   strat=ebsampler  samp=greedy       γ=5.0
  built (not_nested_parentheses_and_brackets, L=32, T=32)  vocab=8  |X|=100
   → both_rules=1.0000 (det)  steps=8.0/8  n_corr=100  elapsed=6.6s
[301/368  eta=18.5min]
>> not_nested_parentheses_and_brackets L=32   T=64   strat=ebsampler  samp=greedy       γ=5.0
  built (not_nested_parentheses_and_brackets, L=32, T=64)  vocab=8  |X|=100
   → both_rules=1.0000 (det)  steps=8.0/8  n_corr=100  elapsed=4.1s
[302/368  eta=18.1min]
>> not_nested_parentheses_and_brackets L=32   T=64   strat=ebsampler  samp=greedy       γ=10.0
   → both_rules=0.0000 (det)  steps=4.0/4  n_corr=0  elapsed=5.1s
[303/368  eta=17.8min]
>> not_nested_parentheses_and_brackets L=32   T=32   strat=ebsampler  samp=greedy       γ=0.5
   → both_rules=1.0000 (det)  steps=32.0/32  n_corr=100  elapsed=16.6s
[304/368  eta=17.5min]
>> not_nested_parentheses_and_brackets L=32   T=64   strat=ebsampler  samp=greedy       γ=0.9
  built (not_nested_parentheses_and_brackets, L=32, T=64)  vocab=8  |X|=100
   → both_rules=1.0000 (det)  steps=31.0/31  n_corr=100  elapsed=10.0s
[305/368  eta=17.2min]
>> not_nested_parentheses_and_brackets L=32   T=32   strat=ebsampler  samp=greedy       γ=0.9
   → both_rules=1.0000 (det)  steps=31.0/31  n_corr=100  elapsed=15.8s
[306/368  eta=16.8min]
>> not_nested_parentheses_and_brackets L=32   T=64   strat=ebsampler  samp=greedy       γ=2.0
  built (not_nested_parentheses_and_brackets, L=32, T=64)  vocab=8  |X|=100
   → both_rules=1.0000 (det)  steps=16.0/16  n_corr=100  elapsed=9.7s
[307/368  eta=16.5min]
>> not_nested_parentheses_and_brackets L=32   T=64   strat=ebsampler  samp=greedy       γ=0.1
   → both_rules=1.0000 (det)  steps=33.0/33  n_corr=100  elapsed=15.4s
[308/368  eta=16.2min]
>> not_nested_parentheses_and_brackets L=32   T=64   strat=ebsampler  samp=greedy       γ=0.5
  built (not_nested_parentheses_and_brackets, L=32, T=64)  vocab=8  |X|=100
   → both_rules=1.0000 (det)  steps=32.0/32  n_corr=100  elapsed=16.1s
[309/368  eta=15.9min]
>> not_nested_parentheses_and_brackets L=32   T=32   strat=gaussian   samp=categorical  σ=20.0
  built (not_nested_parentheses_and_brackets, L=32, T=32)  vocab=8  |X|=100
   → both_rules=0.7800 ± 0.0352 (5 reps)  steps=27.9/33  n_corr=390  elapsed=225.2s
[310/368  eta=15.6min]
>> not_nested_parentheses_and_brackets L=32   T=1    strat=ebsampler  samp=categorical  γ=10.0
   → both_rules=0.0440 ± 0.0162 (5 reps)  steps=2.5/4  n_corr=22  elapsed=15.3s
[311/368  eta=15.3min]
>> not_nested_parentheses_and_brackets L=32   T=64   strat=gaussian   samp=greedy       σ=20.0
  built (not_nested_parentheses_and_brackets, L=32, T=64)  vocab=8  |X|=100
   → both_rules=0.8940 ± 0.0301 (5 reps)  steps=56.3/64  n_corr=447  elapsed=430.4s
[312/368  eta=15.0min]
>> not_nested_parentheses_and_brackets L=32   T=1    strat=ebsampler  samp=categorical  γ=5.0
  built (not_nested_parentheses_and_brackets, L=32, T=1)  vocab=8  |X|=100
   → both_rules=0.1600 ± 0.0477 (5 reps)  steps=4.4/8  n_corr=77  elapsed=28.1s
[313/368  eta=14.7min]
>> not_nested_parentheses_and_brackets L=32   T=2    strat=ebsampler  samp=categorical  γ=10.0
  built (not_nested_parentheses_and_brackets, L=32, T=2)  vocab=8  |X|=100
   → both_rules=0.0440 ± 0.0162 (5 reps)  steps=2.5/4  n_corr=22  elapsed=15.5s
[314/368  eta=14.4min]
>> not_nested_parentheses_and_brackets L=32   T=1    strat=ebsampler  samp=categorical  γ=2.0
  built (not_nested_parentheses_and_brackets, L=32, T=1)  vocab=8  |X|=100
   → both_rules=0.4040 ± 0.0242 (5 reps)  steps=10.7/16  n_corr=195  elapsed=38.6s
[315/368  eta=14.1min]
>> parentheses_and_brackets L=32   T=64   strat=gaussian   samp=greedy       σ=10.0
  built (parentheses_and_brackets, L=32, T=64)  vocab=8  |X|=100
   → both_rules=0.9120 ± 0.0223 (5 reps)  steps=55.5/64  n_corr=456  elapsed=4484.3s
[316/368  eta=13.8min]
>> not_nested_parentheses_and_brackets L=32   T=2    strat=ebsampler  samp=categorical  γ=5.0
  built (not_nested_parentheses_and_brackets, L=32, T=2)  vocab=8  |X|=100
   → both_rules=0.1600 ± 0.0477 (5 reps)  steps=4.4/8  n_corr=77  elapsed=28.3s
[317/368  eta=13.5min]
>> not_nested_parentheses_and_brackets L=32   T=1    strat=ebsampler  samp=categorical  γ=0.9
   → both_rules=0.7620 ± 0.0863 (5 reps)  steps=28.6/31  n_corr=378  elapsed=45.4s
[318/368  eta=13.2min]
>> not_nested_parentheses_and_brackets L=32   T=64   strat=gaussian   samp=greedy       σ=10.0
  built (not_nested_parentheses_and_brackets, L=32, T=64)  vocab=8  |X|=100
   → both_rules=0.8860 ± 0.0273 (5 reps)  steps=55.1/64  n_corr=443  elapsed=455.6s
[319/368  eta=12.9min]
>> not_nested_parentheses_and_brackets L=32   T=2    strat=ebsampler  samp=categorical  γ=2.0
   → both_rules=0.4040 ± 0.0242 (5 reps)  steps=10.7/16  n_corr=195  elapsed=38.9s
[320/368  eta=12.6min]
>> parentheses_and_brackets L=32   T=64   strat=gaussian   samp=categorical  σ=1.0
  built (parentheses_and_brackets, L=32, T=64)  vocab=8  |X|=100
   → both_rules=0.4400 ± 0.0465 (5 reps)  steps=41.9/63  n_corr=218  elapsed=3163.0s
[321/368  eta=12.3min]
>> not_nested_parentheses_and_brackets L=32   T=4    strat=ebsampler  samp=categorical  γ=5.0
  built (not_nested_parentheses_and_brackets, L=32, T=4)  vocab=8  |X|=100
   → both_rules=0.1600 ± 0.0477 (5 reps)  steps=4.4/8  n_corr=77  elapsed=20.9s
[322/368  eta=12.0min]
>> not_nested_parentheses_and_brackets L=32   T=1    strat=ebsampler  samp=categorical  γ=0.1
  built (not_nested_parentheses_and_brackets, L=32, T=1)  vocab=8  |X|=100
   → both_rules=1.0000 ± 0.0000 (5 reps)  steps=32.7/33  n_corr=500  elapsed=67.4s
[323/368  eta=11.7min]
>> not_nested_parentheses_and_brackets L=32   T=64   strat=gaussian   samp=greedy       σ=5.0
  built (not_nested_parentheses_and_brackets, L=32, T=64)  vocab=8  |X|=100
   → both_rules=0.8180 ± 0.0232 (5 reps)  steps=54.2/64  n_corr=409  elapsed=481.0s
[324/368  eta=11.4min]
>> not_nested_parentheses_and_brackets L=32   T=4    strat=ebsampler  samp=categorical  γ=10.0
  built (not_nested_parentheses_and_brackets, L=32, T=4)  vocab=8  |X|=100
   → both_rules=0.0440 ± 0.0162 (5 reps)  steps=2.5/4  n_corr=22  elapsed=24.6s
[325/368  eta=11.1min]
>> not_nested_parentheses_and_brackets L=32   T=1    strat=ebsampler  samp=categorical  γ=0.5
   → both_rules=0.9980 ± 0.0040 (5 reps)  steps=31.5/32  n_corr=497  elapsed=77.6s
[326/368  eta=10.9min]
>> not_nested_parentheses_and_brackets L=32   T=2    strat=ebsampler  samp=categorical  γ=0.9
   → both_rules=0.7620 ± 0.0863 (5 reps)  steps=28.6/31  n_corr=378  elapsed=69.7s
[327/368  eta=10.6min]
>> not_nested_parentheses_and_brackets L=32   T=4    strat=ebsampler  samp=categorical  γ=2.0
   → both_rules=0.4040 ± 0.0242 (5 reps)  steps=10.7/16  n_corr=195  elapsed=38.8s
[328/368  eta=10.3min]
>> not_nested_parentheses_and_brackets L=32   T=8    strat=ebsampler  samp=categorical  γ=2.0
  built (not_nested_parentheses_and_brackets, L=32, T=8)  vocab=8  |X|=100
   → both_rules=0.4040 ± 0.0242 (5 reps)  steps=10.7/16  n_corr=195  elapsed=24.5s
[329/368  eta=10.0min]
>> not_nested_parentheses_and_brackets L=32   T=4    strat=ebsampler  samp=categorical  γ=0.9
   → both_rules=0.7620 ± 0.0863 (5 reps)  steps=28.6/31  n_corr=378  elapsed=47.0s
[330/368  eta=9.7min]
>> not_nested_parentheses_and_brackets L=32   T=2    strat=ebsampler  samp=categorical  γ=0.5
   → both_rules=0.9980 ± 0.0040 (5 reps)  steps=31.5/32  n_corr=497  elapsed=77.9s
[331/368  eta=9.4min]
>> not_nested_parentheses_and_brackets L=32   T=34   strat=ar         samp=categorical  —
  built (not_nested_parentheses_and_brackets, L=32, T=34)  vocab=8  |X|=100
   → both_rules=1.0000 ± 0.0000 (5 reps)  steps=33.0/33  n_corr=500  elapsed=207.9s
[332/368  eta=9.2min]
>> not_nested_parentheses_and_brackets L=32   T=2    strat=ebsampler  samp=categorical  γ=0.1
  built (not_nested_parentheses_and_brackets, L=32, T=2)  vocab=8  |X|=100
   → both_rules=1.0000 ± 0.0000 (5 reps)  steps=32.7/33  n_corr=500  elapsed=82.7s
[333/368  eta=8.9min]
>> not_nested_parentheses_and_brackets L=32   T=8    strat=ebsampler  samp=categorical  γ=10.0
   → both_rules=0.0440 ± 0.0162 (5 reps)  steps=2.5/4  n_corr=22  elapsed=24.2s
[334/368  eta=8.6min]
>> not_nested_parentheses_and_brackets L=32   T=8    strat=ebsampler  samp=categorical  γ=5.0
  built (not_nested_parentheses_and_brackets, L=32, T=8)  vocab=8  |X|=100
   → both_rules=0.1600 ± 0.0477 (5 reps)  steps=4.4/8  n_corr=77  elapsed=27.5s
[335/368  eta=8.3min]
>> not_nested_parentheses_and_brackets L=32   T=16   strat=ebsampler  samp=categorical  γ=10.0
  built (not_nested_parentheses_and_brackets, L=32, T=16)  vocab=8  |X|=100
   → both_rules=0.0440 ± 0.0162 (5 reps)  steps=2.5/4  n_corr=22  elapsed=15.3s
[336/368  eta=8.1min]
>> not_nested_parentheses_and_brackets L=32   T=8    strat=ebsampler  samp=categorical  γ=0.1
   → both_rules=1.0000 ± 0.0000 (5 reps)  steps=32.7/33  n_corr=500  elapsed=53.1s
[337/368  eta=7.8min]
>> not_nested_parentheses_and_brackets L=32   T=4    strat=ebsampler  samp=categorical  γ=0.1
  built (not_nested_parentheses_and_brackets, L=32, T=4)  vocab=8  |X|=100
   → both_rules=1.0000 ± 0.0000 (5 reps)  steps=32.7/33  n_corr=500  elapsed=81.2s
[338/368  eta=7.5min]
>> not_nested_parentheses_and_brackets L=32   T=16   strat=ebsampler  samp=categorical  γ=5.0
   → both_rules=0.1600 ± 0.0477 (5 reps)  steps=4.4/8  n_corr=77  elapsed=27.7s
[339/368  eta=7.3min]
>> not_nested_parentheses_and_brackets L=32   T=4    strat=ebsampler  samp=categorical  γ=0.5
  built (not_nested_parentheses_and_brackets, L=32, T=4)  vocab=8  |X|=100
   → both_rules=0.9980 ± 0.0040 (5 reps)  steps=31.5/32  n_corr=497  elapsed=78.3s
[340/368  eta=7.0min]
>> not_nested_parentheses_and_brackets L=32   T=32   strat=ebsampler  samp=categorical  γ=10.0
  built (not_nested_parentheses_and_brackets, L=32, T=32)  vocab=8  |X|=100
   → both_rules=0.0440 ± 0.0162 (5 reps)  steps=2.5/4  n_corr=22  elapsed=24.3s
[341/368  eta=6.7min]
>> not_nested_parentheses_and_brackets L=32   T=16   strat=ebsampler  samp=categorical  γ=2.0
   → both_rules=0.4040 ± 0.0242 (5 reps)  steps=10.7/16  n_corr=195  elapsed=38.6s
[342/368  eta=6.5min]
>> not_nested_parentheses_and_brackets L=32   T=32   strat=ebsampler  samp=categorical  γ=5.0
   → both_rules=0.1600 ± 0.0477 (5 reps)  steps=4.4/8  n_corr=77  elapsed=27.9s
[343/368  eta=6.2min]
>> not_nested_parentheses_and_brackets L=32   T=8    strat=ebsampler  samp=categorical  γ=0.9
   → both_rules=0.7620 ± 0.0863 (5 reps)  steps=28.6/31  n_corr=378  elapsed=70.3s
[344/368  eta=5.9min]
>> not_nested_parentheses_and_brackets L=32   T=8    strat=ebsampler  samp=categorical  γ=0.5
  built (not_nested_parentheses_and_brackets, L=32, T=8)  vocab=8  |X|=100
   → both_rules=0.9980 ± 0.0040 (5 reps)  steps=31.5/32  n_corr=497  elapsed=75.2s
[345/368  eta=5.7min]
>> not_nested_parentheses_and_brackets L=32   T=32   strat=ebsampler  samp=categorical  γ=2.0
   → both_rules=0.4040 ± 0.0242 (5 reps)  steps=10.7/16  n_corr=195  elapsed=38.7s
[346/368  eta=5.4min]
>> not_nested_parentheses_and_brackets L=32   T=64   strat=ebsampler  samp=categorical  γ=2.0
   → both_rules=0.4040 ± 0.0242 (5 reps)  steps=10.7/16  n_corr=195  elapsed=28.7s
[347/368  eta=5.2min]
>> not_nested_parentheses_and_brackets L=32   T=64   strat=ebsampler  samp=categorical  γ=10.0
  built (not_nested_parentheses_and_brackets, L=32, T=64)  vocab=8  |X|=100
   → both_rules=0.0440 ± 0.0162 (5 reps)  steps=2.5/4  n_corr=22  elapsed=22.6s
[348/368  eta=4.9min]
>> not_nested_parentheses_and_brackets L=32   T=16   strat=ebsampler  samp=categorical  γ=0.9
   → both_rules=0.7620 ± 0.0863 (5 reps)  steps=28.6/31  n_corr=378  elapsed=61.9s
[349/368  eta=4.6min]
>> not_nested_parentheses_and_brackets L=32   T=64   strat=ebsampler  samp=categorical  γ=5.0
  built (not_nested_parentheses_and_brackets, L=32, T=64)  vocab=8  |X|=100
   → both_rules=0.1600 ± 0.0477 (5 reps)  steps=4.4/8  n_corr=77  elapsed=27.4s
[350/368  eta=4.4min]
>> not_nested_parentheses_and_brackets L=32   T=16   strat=ebsampler  samp=categorical  γ=0.1
  built (not_nested_parentheses_and_brackets, L=32, T=16)  vocab=8  |X|=100
   → both_rules=1.0000 ± 0.0000 (5 reps)  steps=32.7/33  n_corr=500  elapsed=71.5s
[351/368  eta=4.1min]
>> not_nested_parentheses_and_brackets L=32   T=16   strat=ebsampler  samp=categorical  γ=0.5
  built (not_nested_parentheses_and_brackets, L=32, T=16)  vocab=8  |X|=100
   → both_rules=0.9980 ± 0.0040 (5 reps)  steps=31.5/32  n_corr=497  elapsed=73.6s
[352/368  eta=3.9min]
>> not_nested_parentheses_and_brackets L=32   T=64   strat=ebsampler  samp=categorical  γ=0.1
  built (not_nested_parentheses_and_brackets, L=32, T=64)  vocab=8  |X|=100
   → both_rules=1.0000 ± 0.0000 (5 reps)  steps=32.7/33  n_corr=500  elapsed=51.0s
[353/368  eta=3.6min]
>> not_nested_parentheses_and_brackets L=32   T=32   strat=ebsampler  samp=categorical  γ=0.9
   → both_rules=0.7620 ± 0.0863 (5 reps)  steps=28.6/31  n_corr=378  elapsed=63.4s
[354/368  eta=3.4min]
>> not_nested_parentheses_and_brackets L=32   T=32   strat=ebsampler  samp=categorical  γ=0.5
  built (not_nested_parentheses_and_brackets, L=32, T=32)  vocab=8  |X|=100
   → both_rules=0.9980 ± 0.0040 (5 reps)  steps=31.5/32  n_corr=497  elapsed=67.9s
[355/368  eta=3.1min]
>> not_nested_parentheses_and_brackets L=32   T=32   strat=ebsampler  samp=categorical  γ=0.1
   → both_rules=1.0000 ± 0.0000 (5 reps)  steps=32.7/33  n_corr=500  elapsed=72.3s
[356/368  eta=2.9min]
>> not_nested_parentheses_and_brackets L=32   T=64   strat=ebsampler  samp=categorical  γ=0.5
   → both_rules=0.9980 ± 0.0040 (5 reps)  steps=31.5/32  n_corr=497  elapsed=56.9s
[357/368  eta=2.6min]
>> not_nested_parentheses_and_brackets L=32   T=64   strat=ebsampler  samp=categorical  γ=0.9
   → both_rules=0.7620 ± 0.0863 (5 reps)  steps=28.6/31  n_corr=378  elapsed=54.6s
[358/368  eta=2.4min]
>> not_nested_parentheses_and_brackets L=32   T=64   strat=gaussian   samp=categorical  σ=50.0
  built (not_nested_parentheses_and_brackets, L=32, T=64)  vocab=8  |X|=100
   → both_rules=0.8840 ± 0.0185 (5 reps)  steps=57.8/64  n_corr=442  elapsed=299.9s
[359/368  eta=2.2min]
>> not_nested_parentheses_and_brackets L=32   T=64   strat=gaussian   samp=categorical  σ=1.0
  built (not_nested_parentheses_and_brackets, L=32, T=64)  vocab=8  |X|=100
   → both_rules=0.7260 ± 0.0450 (5 reps)  steps=54.0/64  n_corr=363  elapsed=354.0s
[360/368  eta=1.9min]
>> not_nested_parentheses_and_brackets L=32   T=64   strat=gaussian   samp=categorical  σ=5.0
  built (not_nested_parentheses_and_brackets, L=32, T=64)  vocab=8  |X|=100
   → both_rules=0.8260 ± 0.0408 (5 reps)  steps=53.5/64  n_corr=413  elapsed=349.6s
[361/368  eta=1.7min]
>> not_nested_parentheses_and_brackets L=32   T=64   strat=gaussian   samp=categorical  σ=2.0
  built (not_nested_parentheses_and_brackets, L=32, T=64)  vocab=8  |X|=100
   → both_rules=0.7640 ± 0.0516 (5 reps)  steps=53.1/64  n_corr=379  elapsed=367.6s
[362/368  eta=1.4min]
>> not_nested_parentheses_and_brackets L=32   T=64   strat=gaussian   samp=categorical  σ=20.0
   → both_rules=0.8500 ± 0.0385 (5 reps)  steps=55.4/64  n_corr=425  elapsed=353.7s
[363/368  eta=1.2min]
>> not_nested_parentheses_and_brackets L=32   T=64   strat=gaussian   samp=categorical  σ=10.0
  built (not_nested_parentheses_and_brackets, L=32, T=64)  vocab=8  |X|=100
   → both_rules=0.8260 ± 0.0287 (5 reps)  steps=53.8/64  n_corr=413  elapsed=378.6s
[364/368  eta=1.0min]
>> parentheses_and_brackets L=32   T=64   strat=gaussian   samp=categorical  σ=50.0
  built (parentheses_and_brackets, L=32, T=64)  vocab=8  |X|=100
   → both_rules=0.8200 ± 0.0253 (5 reps)  steps=55.2/64  n_corr=410  elapsed=3227.9s
[365/368  eta=0.7min]
>> parentheses_and_brackets L=32   T=64   strat=gaussian   samp=categorical  σ=2.0
  built (parentheses_and_brackets, L=32, T=64)  vocab=8  |X|=100
   → both_rules=0.5180 ± 0.0407 (5 reps)  steps=45.2/64  n_corr=254  elapsed=3538.0s
[366/368  eta=0.5min]
>> parentheses_and_brackets L=32   T=64   strat=gaussian   samp=categorical  σ=20.0
   → both_rules=0.7820 ± 0.0462 (5 reps)  steps=52.4/64  n_corr=391  elapsed=3464.6s
[367/368  eta=0.3min]
>> parentheses_and_brackets L=32   T=64   strat=gaussian   samp=categorical  σ=5.0
  built (parentheses_and_brackets, L=32, T=64)  vocab=8  |X|=100
   → both_rules=0.6760 ± 0.0582 (5 reps)  steps=48.3/64  n_corr=336  elapsed=3692.6s
[368/368  eta=0.0min]
>> parentheses_and_brackets L=32   T=64   strat=gaussian   samp=categorical  σ=10.0
  built (parentheses_and_brackets, L=32, T=64)  vocab=8  |X|=100
   → both_rules=0.7160 ± 0.0294 (5 reps)  steps=49.6/64  n_corr=357  elapsed=3709.2s

============================================================
T-SWEEP COMPLETE
============================================================
CSV: results/T-sweep-Dyck-2/oracle_T_sweep_results.csv
Distributions: results/T-sweep-Dyck-2/distributions

Log: results/T-sweep-Dyck-2/run.log
