dataset,grammar,L,strategy,sampling_strategy,sigma,eb_gamma,T,n_reps,mean_rule1,std_rule1,mean_rule2,std_rule2,mean_both_rules,std_both_rules,mean_format,std_format,n_eval_total,ci_low_both_rules,ci_high_both_rules,n_steps_mean,n_steps_max,deterministic,elapsed_s,n_correct,n_correct_too_low,uniqueness,duplication_rate,mean_lev_dist_normalized,lev_n_used,bigram_diversity,trigram_diversity,dfa_state_coverage,dfa_transition_coverage,n_entropy,n_coverage,m_entropy,nm_joint_coverage,max_depth_ratio_mean,max_depth_ratio_std,brackets_parens_ratio_mean,brackets_parens_ratio_std,n_zero_paren_sequences,distribution_path
unconditional,parentheses_and_brackets,32,uniform,greedy,,,1,5,0.0,0.0,1.0,0.0,0.0,0.0,1.0,0.0,500,-0.0,0.007625,1.0,1,False,296.47,0,True,,,,0,,,,,,,,,,,,,0,results/T-sweep-Dyck-4/distributions/parentheses_and_brackets_L32_T1_uniform_greedy_none.json
unconditional,parentheses_and_brackets,32,gaussian,greedy,2.0,,1,5,0.0,0.0,1.0,0.0,0.0,0.0,0.998,0.004,500,-0.0,0.007625,1.0,1,False,331.25,0,True,,,,0,,,,,,,,,,,,,0,results/T-sweep-Dyck-4/distributions/parentheses_and_brackets_L32_T1_gaussian_greedy_sigma2.0.json
unconditional,parentheses_and_brackets,32,gaussian,greedy,100.0,,1,5,0.196,0.02245,1.0,0.0,0.196,0.02245,0.852,0.030594,500,0.163578,0.233058,1.216,2,False,339.04,98,False,0.16326530612244897,0.8367346938775511,0.02931701030927835,98,0.0013166556945358788,0.002380952380952381,,,,,,,0.9406887755102041,0.013752460875540705,0.0,0.0,0,results/T-sweep-Dyck-4/distributions/parentheses_and_brackets_L32_T1_gaussian_greedy_sigma100.0.json
unconditional,parentheses_and_brackets,32,uniform,greedy,,,2,5,0.034,0.014967,1.0,0.0,0.034,0.014967,1.0,0.0,500,0.021334,0.053772,2.0,2,False,359.2,17,False,1.0,0.0,0.12143841911764706,17,0.007590132827324478,0.01568627450980392,,,,,,,0.5625,0.11741705457846553,0.0,0.0,0,results/T-sweep-Dyck-4/distributions/parentheses_and_brackets_L32_T2_uniform_greedy_none.json
unconditional,parentheses_and_brackets,32,gaussian,greedy,1.0,,1,5,0.0,0.0,1.0,0.0,0.0,0.0,1.0,0.0,500,-0.0,0.007625,1.0,1,False,392.54,0,True,,,,0,,,,,,,,,,,,,0,results/T-sweep-Dyck-4/distributions/parentheses_and_brackets_L32_T1_gaussian_greedy_sigma1.0.json
unconditional,parentheses_and_brackets,32,gaussian,greedy,10.0,,1,5,0.038,0.017205,1.0,0.0,0.038,0.017205,0.978,0.004,500,0.02446,0.058585,1.04,2,False,412.42,19,False,0.42105263157894735,0.5789473684210527,0.027777777777777776,19,0.006791171477079796,0.010526315789473684,,,,,,,0.9375,0.0,0.0,0.0,0,results/T-sweep-Dyck-4/distributions/parentheses_and_brackets_L32_T1_gaussian_greedy_sigma10.0.json
unconditional,parentheses_and_brackets,32,uniform,categorical,,,1,5,0.0,0.0,1.0,0.0,0.0,0.0,0.762,0.029933,500,-0.0,0.007625,1.0,1,False,420.7,0,True,,,,0,,,,,,,,,,,,,0,results/T-sweep-Dyck-4/distributions/parentheses_and_brackets_L32_T1_uniform_categorical_none.json
unconditional,parentheses_and_brackets,32,gaussian,greedy,256.0,,1,5,0.228,0.033106,1.0,0.0,0.228,0.033106,0.79,0.033466,500,0.193381,0.266767,1.248,2,False,422.69,114,False,0.14035087719298245,0.8596491228070176,0.029372380065207267,114,0.0011318619128466328,0.0020467836257309943,,,,,,,0.9418859649122807,0.01596515326596605,0.0,0.0,0,results/T-sweep-Dyck-4/distributions/parentheses_and_brackets_L32_T1_gaussian_greedy_sigma256.0.json
unconditional,parentheses_and_brackets,32,gaussian,greedy,50.0,,1,5,0.164,0.020591,1.0,0.0,0.164,0.020591,0.916,0.024166,500,0.134128,0.198995,1.174,2,False,430.63,82,False,0.1951219512195122,0.8048780487804879,0.029142201144233666,82,0.0015735641227380016,0.002845528455284553,,,,,,,0.9405487804878049,0.013463050101109524,0.0,0.0,0,results/T-sweep-Dyck-4/distributions/parentheses_and_brackets_L32_T1_gaussian_greedy_sigma50.0.json
unconditional,parentheses_and_brackets,32,uniform,categorical,,,2,5,0.002,0.004,1.0,0.0,0.002,0.004,0.248,0.044452,500,0.000353,0.011241,1.25,2,False,433.95,1,True,1.0,0.0,,1,0.3548387096774194,0.6666666666666666,,,,,,,0.3125,,2.2,,0,results/T-sweep-Dyck-4/distributions/parentheses_and_brackets_L32_T2_uniform_categorical_none.json
unconditional,parentheses_and_brackets,32,gaussian,greedy,20.0,,1,5,0.096,0.024166,1.0,0.0,0.096,0.024166,0.972,0.011662,500,0.073173,0.124988,1.104,2,False,435.9,48,False,0.3125,0.6875,0.02917220744680851,48,0.002688172043010753,0.004166666666666667,,,,,,,0.9388020833333334,0.008926633594272194,0.0,0.0,0,results/T-sweep-Dyck-4/distributions/parentheses_and_brackets_L32_T1_gaussian_greedy_sigma20.0.json
unconditional,parentheses_and_brackets,32,gaussian,greedy,5.0,,1,5,0.004,0.004899,1.0,0.0,0.004,0.004899,0.988,0.009798,500,0.001098,0.014466,1.004,2,False,436.28,2,True,,,,2,,,,,,,,,0.9375,0.0,0.0,0.0,0,results/T-sweep-Dyck-4/distributions/parentheses_and_brackets_L32_T1_gaussian_greedy_sigma5.0.json
unconditional,parentheses_and_brackets,32,uniform,categorical,,,4,5,0.06,0.018974,1.0,0.0,0.06,0.018974,0.244,0.05748,500,0.042348,0.084362,2.494,4,False,471.64,30,False,1.0,0.0,0.2696580580002886,30,0.01511879049676026,0.05357142857142857,,,,,,,0.3891666666666667,0.11125130045016036,1.0775060125060125,0.49146752479514544,0,results/T-sweep-Dyck-4/distributions/parentheses_and_brackets_L32_T4_uniform_categorical_none.json
unconditional,parentheses_and_brackets,32,uniform,greedy,,,4,5,0.11,0.028284,1.0,0.0,0.11,0.028284,0.898,0.017205,500,0.085491,0.140456,3.898,4,False,566.51,55,False,1.0,0.0,0.13805765993265992,55,0.002346041055718475,0.0048484848484848485,,,,,,,0.4636363636363636,0.10705968830285342,0.0,0.0,0,results/T-sweep-Dyck-4/distributions/parentheses_and_brackets_L32_T4_uniform_greedy_none.json
unconditional,parentheses_and_brackets,32,gaussian,greedy,1.0,,2,5,0.0,0.0,1.0,0.0,0.0,0.0,1.0,0.0,500,-0.0,0.007625,2.0,2,False,303.06,0,True,,,,0,,,,,,,,,,,,,0,results/T-sweep-Dyck-4/distributions/parentheses_and_brackets_L32_T2_gaussian_greedy_sigma1.0.json
unconditional,parentheses_and_brackets,32,uniform,categorical,,,8,5,0.212,0.050754,1.0,0.0,0.212,0.050754,0.366,0.031369,500,0.178439,0.249953,5.842,8,False,636.86,106,False,1.0,0.0,0.2695839718485726,106,0.0043076923076923075,0.015267175572519083,,,,,,,0.35363881401617253,0.0943201537263452,1.0638126024918477,0.6044511989538256,0,results/T-sweep-Dyck-4/distributions/parentheses_and_brackets_L32_T8_uniform_categorical_none.json
unconditional,parentheses_and_brackets,32,gaussian,greedy,2.0,,2,5,0.0,0.0,1.0,0.0,0.0,0.0,0.996,0.004899,500,-0.0,0.007625,2.0,2,False,306.55,0,True,,,,0,,,,,,,,,,,,,0,results/T-sweep-Dyck-4/distributions/parentheses_and_brackets_L32_T2_gaussian_greedy_sigma2.0.json
unconditional,parentheses_and_brackets,32,gaussian,greedy,10.0,,2,5,0.002,0.004,1.0,0.0,0.002,0.004,0.926,0.014967,500,0.000353,0.011241,2.0,2,False,332.79,1,True,1.0,0.0,,1,0.12903225806451613,0.26666666666666666,,,,,,,0.5625,,0.0,,0,results/T-sweep-Dyck-4/distributions/parentheses_and_brackets_L32_T2_gaussian_greedy_sigma10.0.json
unconditional,parentheses_and_brackets,32,gaussian,greedy,20.0,,2,5,0.012,0.007483,1.0,0.0,0.012,0.007483,0.852,0.022271,500,0.005511,0.025931,2.002,3,False,391.87,6,False,1.0,0.0,0.13229166666666667,6,0.021505376344086023,0.044444444444444446,,,,,,,0.5208333333333334,0.09991315673568166,0.0,0.0,0,results/T-sweep-Dyck-4/distributions/parentheses_and_brackets_L32_T2_gaussian_greedy_sigma20.0.json
unconditional,parentheses_and_brackets,32,gaussian,greedy,5.0,,2,5,0.002,0.004,1.0,0.0,0.002,0.004,0.974,0.018547,500,0.000353,0.011241,2.002,3,False,484.03,1,True,1.0,0.0,,1,0.12903225806451613,0.2,,,,,,,0.9375,,0.0,,0,results/T-sweep-Dyck-4/distributions/parentheses_and_brackets_L32_T2_gaussian_greedy_sigma5.0.json
unconditional,parentheses_and_brackets,32,gaussian,greedy,50.0,,2,5,0.046,0.013565,1.0,0.0,0.046,0.013565,0.688,0.049558,500,0.030845,0.068078,2.02,3,False,447.78,23,False,1.0,0.0,0.12957015810276679,23,0.005610098176718092,0.011594202898550725,,,,,,,0.5652173913043478,0.1468397400663728,0.0,0.0,0,results/T-sweep-Dyck-4/distributions/parentheses_and_brackets_L32_T2_gaussian_greedy_sigma50.0.json
unconditional,parentheses_and_brackets,32,gaussian,greedy,256.0,,2,5,0.046,0.020591,1.0,0.0,0.046,0.020591,0.518,0.049153,500,0.030845,0.068078,2.032,3,False,466.82,23,False,1.0,0.0,0.12018280632411067,23,0.005610098176718092,0.011594202898550725,,,,,,,0.5842391304347826,0.1230951266620231,0.0,0.0,0,results/T-sweep-Dyck-4/distributions/parentheses_and_brackets_L32_T2_gaussian_greedy_sigma256.0.json
unconditional,parentheses_and_brackets,32,uniform,greedy,,,8,5,0.282,0.044452,1.0,0.0,0.282,0.044452,0.87,0.031623,500,0.244336,0.322989,7.832,8,False,899.65,141,False,1.0,0.0,0.1396403242147923,141,0.0009151223976206818,0.0018912529550827422,,,,,,,0.4228723404255319,0.1062221745667999,0.0,0.0,0,results/T-sweep-Dyck-4/distributions/parentheses_and_brackets_L32_T8_uniform_greedy_none.json
unconditional,parentheses_and_brackets,32,gaussian,greedy,100.0,,2,5,0.036,0.013565,1.0,0.0,0.036,0.013565,0.576,0.051225,500,0.022891,0.056185,2.032,3,False,481.73,18,False,1.0,0.0,0.12928921568627452,18,0.007168458781362007,0.014814814814814815,,,,,,,0.5590277777777778,0.11500343862277218,0.0,0.0,0,results/T-sweep-Dyck-4/distributions/parentheses_and_brackets_L32_T2_gaussian_greedy_sigma100.0.json
unconditional,parentheses_and_brackets,32,gaussian,greedy,100.0,,4,5,0.242,0.017205,1.0,0.0,0.242,0.017205,0.416,0.042237,500,0.206517,0.281417,3.644,5,False,394.98,121,False,1.0,0.0,0.141432076446281,121,0.0010663822980538523,0.0022038567493112946,,,,,,,0.4772727272727273,0.1280616780634619,0.0,0.0,0,results/T-sweep-Dyck-4/distributions/parentheses_and_brackets_L32_T4_gaussian_greedy_sigma100.0.json
unconditional,parentheses_and_brackets,32,gaussian,greedy,20.0,,4,5,0.196,0.032,1.0,0.0,0.196,0.032,0.332,0.050754,500,0.163578,0.233058,3.336,5,False,535.53,98,False,1.0,0.0,0.14217007679360405,98,0.0013166556945358788,0.0027210884353741495,,,,,,,0.47831632653061223,0.1363185679881591,0.0,0.0,0,results/T-sweep-Dyck-4/distributions/parentheses_and_brackets_L32_T4_gaussian_greedy_sigma20.0.json
unconditional,parentheses_and_brackets,32,gaussian,greedy,1.0,,4,5,0.03,0.02,1.0,0.0,0.03,0.02,0.15,0.025298,500,0.018263,0.048904,2.306,4,False,691.61,15,False,0.4666666666666667,0.5333333333333333,0.040773809523809525,15,0.008602150537634409,0.017777777777777778,,,,,,,0.4875,0.0338501600193165,0.0,0.0,0,results/T-sweep-Dyck-4/distributions/parentheses_and_brackets_L32_T4_gaussian_greedy_sigma1.0.json
unconditional,parentheses_and_brackets,32,gaussian,greedy,2.0,,4,5,0.032,0.007483,1.0,0.0,0.032,0.007483,0.066,0.004899,500,0.019791,0.051345,2.144,4,False,699.33,16,False,0.9375,0.0625,0.08450520833333333,16,0.008064516129032258,0.016666666666666666,,,,,,,0.484375,0.05182226234930312,0.0,0.0,0,results/T-sweep-Dyck-4/distributions/parentheses_and_brackets_L32_T4_gaussian_greedy_sigma2.0.json
unconditional,parentheses_and_brackets,32,gaussian,greedy,5.0,,4,5,0.108,0.027857,1.0,0.0,0.108,0.027857,0.182,0.041183,500,0.083722,0.138255,2.51,5,False,723.98,54,False,1.0,0.0,0.1333420684835779,54,0.0023894862604540022,0.0049382716049382715,,,,,,,0.4351851851851852,0.09314073860523477,0.0,0.0,0,results/T-sweep-Dyck-4/distributions/parentheses_and_brackets_L32_T4_gaussian_greedy_sigma5.0.json
unconditional,parentheses_and_brackets,32,gaussian,greedy,10.0,,4,5,0.178,0.027857,1.0,0.0,0.178,0.027857,0.338,0.060465,500,0.146964,0.213946,3.102,5,False,771.43,89,False,1.0,0.0,0.14400456460674158,89,0.0014498006524102935,0.00299625468164794,,,,,,,0.449438202247191,0.1280787990469438,0.0,0.0,0,results/T-sweep-Dyck-4/distributions/parentheses_and_brackets_L32_T4_gaussian_greedy_sigma10.0.json
unconditional,parentheses_and_brackets,32,gaussian,greedy,50.0,,4,5,0.236,0.038262,1.0,0.0,0.236,0.038262,0.39,0.053666,500,0.200881,0.275145,3.53,5,False,717.35,118,False,1.0,0.0,0.14108901926698536,118,0.0010934937124111536,0.0022598870056497176,,,,,,,0.4809322033898305,0.11607675564138507,0.0,0.0,0,results/T-sweep-Dyck-4/distributions/parentheses_and_brackets_L32_T4_gaussian_greedy_sigma50.0.json
unconditional,parentheses_and_brackets,32,gaussian,greedy,256.0,,4,5,0.262,0.044452,1.0,0.0,0.262,0.044452,0.458,0.039699,500,0.225376,0.302254,3.76,5,False,669.52,131,False,1.0,0.0,0.13995155607751028,131,0.0009849790691947797,0.002035623409669211,,,,,,,0.46803435114503816,0.11872775309231612,0.0,0.0,0,results/T-sweep-Dyck-4/distributions/parentheses_and_brackets_L32_T4_gaussian_greedy_sigma256.0.json
unconditional,parentheses_and_brackets,32,uniform,categorical,,,16,5,0.502,0.061123,1.0,0.0,0.502,0.061123,0.572,0.044,500,0.458326,0.545644,13.194,16,False,1424.98,251,False,1.0,0.0,0.2703780484521568,200,0.0018151173343705432,0.006432591798445457,,,,,,,0.36130003794346427,0.09489801213737883,1.1285029269093014,0.6623747270047451,0,results/T-sweep-Dyck-4/distributions/parentheses_and_brackets_L32_T16_uniform_categorical_none.json
unconditional,parentheses_and_brackets,32,uniform,greedy,,,16,5,0.454,0.048826,1.0,0.0,0.454,0.048826,0.862,0.032496,500,0.410875,0.497827,15.652,16,False,1490.54,227,False,1.0,0.0,0.14073649497487437,200,0.0005684240443370755,0.0011747430249632893,,,,,,,0.4041850220264317,0.11663224384489337,0.0,0.0,0,results/T-sweep-Dyck-4/distributions/parentheses_and_brackets_L32_T16_uniform_greedy_none.json
unconditional,parentheses_and_brackets,32,gaussian,greedy,1.0,,8,5,0.174,0.025768,1.0,0.0,0.174,0.025768,0.178,0.024,500,0.143289,0.209682,5.6,9,False,1156.3,87,False,0.8160919540229885,0.1839080459770115,0.134255546645282,87,0.0014831294030404152,0.0030651340996168583,,,,,,,0.36853448275862066,0.056089716367652684,0.0,0.0,0,results/T-sweep-Dyck-4/distributions/parentheses_and_brackets_L32_T8_gaussian_greedy_sigma1.0.json
unconditional,parentheses_and_brackets,32,gaussian,greedy,20.0,,8,5,0.508,0.044,1.0,0.0,0.508,0.044,0.666,0.057827,500,0.464285,0.551593,7.112,9,False,1056.09,254,False,1.0,0.0,0.14295147613065326,200,0.000508001016002032,0.0010498687664041995,,,,,,,0.4183070866141732,0.10286610338381857,0.0,0.0,0,results/T-sweep-Dyck-4/distributions/parentheses_and_brackets_L32_T8_gaussian_greedy_sigma20.0.json
unconditional,parentheses_and_brackets,32,gaussian,greedy,2.0,,8,5,0.154,0.046303,1.0,0.0,0.154,0.046303,0.212,0.0449,500,0.12501,0.188266,5.548,8,False,1263.33,77,False,1.0,0.0,0.1541566985645933,77,0.0016757436112274822,0.003463203463203463,,,,,,,0.37012987012987014,0.07852009431776967,0.0,0.0,0,results/T-sweep-Dyck-4/distributions/parentheses_and_brackets_L32_T8_gaussian_greedy_sigma2.0.json
unconditional,parentheses_and_brackets,32,uniform,categorical,,,32,5,0.72,0.026077,1.0,0.0,0.72,0.026077,0.758,0.031875,500,0.679081,0.757565,28.968,32,False,1959.74,360,False,1.0,0.0,0.27061905608955017,200,0.0012690355329949238,0.004497751124437781,,,,,,,0.3672577075702076,0.0957474588871537,1.20278171674005,0.8545070893308246,0,results/T-sweep-Dyck-4/distributions/parentheses_and_brackets_L32_T32_uniform_categorical_none.json
unconditional,parentheses_and_brackets,32,gaussian,greedy,5.0,,8,5,0.286,0.028705,1.0,0.0,0.286,0.028705,0.404,0.034986,500,0.248139,0.327124,6.052,9,False,1177.27,143,False,1.0,0.0,0.15058972717423422,143,0.0009023234829686443,0.0018648018648018648,,,,,,,0.361013986013986,0.09125304754094679,0.0,0.0,0,results/T-sweep-Dyck-4/distributions/parentheses_and_brackets_L32_T8_gaussian_greedy_sigma5.0.json
unconditional,parentheses_and_brackets,32,gaussian,greedy,50.0,,8,5,0.526,0.02245,1.0,0.0,0.526,0.02245,0.724,0.021541,500,0.482201,0.569403,7.562,9,False,1080.37,263,False,1.0,0.0,0.14055590452261307,200,0.0004906169508156506,0.0010139416983523447,,,,,,,0.44082699619771865,0.10591290414109485,0.0,0.0,0,results/T-sweep-Dyck-4/distributions/parentheses_and_brackets_L32_T8_gaussian_greedy_sigma50.0.json
unconditional,parentheses_and_brackets,32,gaussian,greedy,256.0,,8,5,0.522,0.038678,1.0,0.0,0.522,0.038678,0.758,0.034871,500,0.478215,0.56545,7.948,9,False,1190.17,261,False,1.0,0.0,0.14115106783919598,200,0.0004943764676801385,0.0010217113665389529,,,,,,,0.4384578544061303,0.1174656228572889,0.0,0.0,0,results/T-sweep-Dyck-4/distributions/parentheses_and_brackets_L32_T8_gaussian_greedy_sigma256.0.json
unconditional,parentheses_and_brackets,32,gaussian,greedy,100.0,,8,5,0.556,0.056427,1.0,0.0,0.556,0.056427,0.778,0.039699,500,0.512186,0.59896,7.842,9,False,1207.89,278,False,1.0,0.0,0.14082050879396985,200,0.0004641448131817127,0.0009592326139088729,,,,,,,0.4318794964028777,0.11582514750877654,0.0,0.0,0,results/T-sweep-Dyck-4/distributions/parentheses_and_brackets_L32_T8_gaussian_greedy_sigma100.0.json
unconditional,parentheses_and_brackets,32,gaussian,greedy,10.0,,8,5,0.464,0.076837,1.0,0.0,0.464,0.076837,0.59,0.05933,500,0.420727,0.507822,6.73,9,False,1479.84,232,False,1.0,0.0,0.14558260050251257,200,0.0005561735261401557,0.0011494252873563218,,,,,,,0.3911637931034483,0.10286857148519887,0.0,0.0,0,results/T-sweep-Dyck-4/distributions/parentheses_and_brackets_L32_T8_gaussian_greedy_sigma10.0.json
unconditional,parentheses_and_brackets,32,uniform,greedy,,,32,5,0.658,0.047074,1.0,0.0,0.658,0.047074,0.936,0.039294,500,0.615355,0.698235,31.372,32,False,2538.88,329,False,1.0,0.0,0.14014525753768844,200,0.0003921953132660065,0.0008105369807497467,,,,,,,0.39190729483282677,0.10353988295917081,0.0,0.0,0,results/T-sweep-Dyck-4/distributions/parentheses_and_brackets_L32_T32_uniform_greedy_none.json
unconditional,parentheses_and_brackets,32,gaussian,greedy,100.0,,16,5,0.702,0.016,1.0,0.0,0.702,0.016,0.9,0.044721,500,0.660492,0.740427,15.614,17,False,1735.6,351,False,1.0,0.0,0.13963410804020102,200,0.00036761327083907727,0.0007597340930674264,,,,,,,0.40865384615384615,0.1081621947676035,0.0,0.0,0,results/T-sweep-Dyck-4/distributions/parentheses_and_brackets_L32_T16_gaussian_greedy_sigma100.0.json
unconditional,parentheses_and_brackets,32,gaussian,greedy,2.0,,16,5,0.5,0.029665,1.0,0.0,0.5,0.029665,0.53,0.022804,500,0.45634,0.54366,13.018,16,False,2130.96,250,False,1.0,0.0,0.14384108040201005,200,0.0005161290322580645,0.0010666666666666667,,,,,,,0.2705,0.060866657539247214,0.0,0.0,0,results/T-sweep-Dyck-4/distributions/parentheses_and_brackets_L32_T16_gaussian_greedy_sigma2.0.json
unconditional,parentheses_and_brackets,32,gaussian,greedy,256.0,,16,5,0.706,0.018547,1.0,0.0,0.706,0.018547,0.9,0.026833,500,0.664616,0.744242,15.746,17,False,1994.72,353,False,1.0,0.0,0.14147534547738694,200,0.0003655304761034451,0.0007554296506137865,,,,,,,0.4187322946175637,0.10851709636511936,0.0,0.0,0,results/T-sweep-Dyck-4/distributions/parentheses_and_brackets_L32_T16_gaussian_greedy_sigma256.0.json
unconditional,parentheses_and_brackets,32,gaussian,greedy,20.0,,16,5,0.758,0.021354,1.0,0.0,0.758,0.021354,0.89,0.028983,500,0.718583,0.793483,14.646,17,False,2203.89,379,False,1.0,0.0,0.13963410804020102,200,0.0003404545067665333,0.0007036059806508355,,,,,,,0.3954485488126649,0.10537921528956481,0.0,0.0,0,results/T-sweep-Dyck-4/distributions/parentheses_and_brackets_L32_T16_gaussian_greedy_sigma20.0.json
unconditional,parentheses_and_brackets,32,gaussian,greedy,1.0,,16,5,0.458,0.038678,1.0,0.0,0.458,0.038678,0.464,0.037202,500,0.414814,0.501827,13.146,16,False,2431.6,229,False,1.0,0.0,0.1366441582914573,200,0.0005634596422031273,0.0011644832605531296,,,,,,,0.2535480349344978,0.04603959144969333,0.0,0.0,0,results/T-sweep-Dyck-4/distributions/parentheses_and_brackets_L32_T16_gaussian_greedy_sigma1.0.json
unconditional,parentheses_and_brackets,32,gaussian,greedy,5.0,,16,5,0.592,0.026382,1.0,0.0,0.592,0.026382,0.698,0.027857,500,0.548379,0.634218,13.588,17,False,2321.6,296,False,1.0,0.0,0.1463049623115578,200,0.00043591979075850045,0.0009009009009009009,,,,,,,0.3061655405405405,0.07071809252124206,0.0,0.0,0,results/T-sweep-Dyck-4/distributions/parentheses_and_brackets_L32_T16_gaussian_greedy_sigma5.0.json
unconditional,parentheses_and_brackets,32,gaussian,greedy,50.0,,16,5,0.744,0.028,1.0,0.0,0.744,0.028,0.876,0.034409,500,0.703986,0.780293,15.134,17,False,2251.76,372,False,1.0,0.0,0.1414533605527638,200,0.000346860908775581,0.0007168458781362007,,,,,,,0.4025537634408602,0.1073618945928568,0.0,0.0,0,results/T-sweep-Dyck-4/distributions/parentheses_and_brackets_L32_T16_gaussian_greedy_sigma50.0.json
unconditional,parentheses_and_brackets,32,gaussian,greedy,10.0,,16,5,0.692,0.026382,1.0,0.0,0.692,0.026382,0.816,0.025768,500,0.650197,0.730875,13.956,17,False,2502.83,346,False,1.0,0.0,0.14522927135678393,200,0.00037292560134253216,0.0007707129094412332,,,,,,,0.36235549132947975,0.09163917957321027,0.0,0.0,0,results/T-sweep-Dyck-4/distributions/parentheses_and_brackets_L32_T16_gaussian_greedy_sigma10.0.json
unconditional,parentheses_and_brackets,32,uniform,categorical,,,64,5,0.842,0.036551,1.0,0.0,0.84,0.034641,0.858,0.041665,500,0.805291,0.869524,58.492,63,False,4121.5,420,False,1.0,0.0,0.2724851328114322,200,0.0010874631039304024,0.003854183394893207,,,,,,,0.3638329626722484,0.09547849740641577,1.2074450879808023,0.7195309360175676,0,results/T-sweep-Dyck-4/distributions/parentheses_and_brackets_L32_T64_uniform_categorical_none.json
unconditional,parentheses_and_brackets,32,gaussian,greedy,50.0,,32,5,0.844,0.024166,1.0,0.0,0.844,0.024166,0.944,0.020591,500,0.809585,0.87317,30.216,33,False,3166.09,422,False,1.0,0.0,0.13998508165829146,200,0.00030576364470264486,0.000631911532385466,,,,,,,0.39351303317535546,0.104421909849785,0.0,0.0,0,results/T-sweep-Dyck-4/distributions/parentheses_and_brackets_L32_T32_gaussian_greedy_sigma50.0.json
unconditional,parentheses_and_brackets,32,uniform,greedy,,,64,5,0.822,0.011662,1.0,0.0,0.822,0.011662,0.974,0.016248,500,0.786054,0.853036,61.508,63,False,5194.65,411,False,1.0,0.0,0.14114007537688442,200,0.00031394709991366455,0.0006488240064882401,,,,,,,0.3867092457420925,0.10319993357174276,0.0,0.0,0,results/T-sweep-Dyck-4/distributions/parentheses_and_brackets_L32_T64_uniform_greedy_none.json
unconditional,parentheses_and_brackets,32,gaussian,greedy,100.0,,32,5,0.804,0.02498,1.0,0.0,0.804,0.02498,0.956,0.020591,500,0.766942,0.836422,30.744,33,False,3420.84,402,False,1.0,0.0,0.14072157663316584,200,0.0003209757663296421,0.0006633499170812604,,,,,,,0.3935012437810945,0.10337574257378694,0.0,0.0,0,results/T-sweep-Dyck-4/distributions/parentheses_and_brackets_L32_T32_gaussian_greedy_sigma100.0.json
unconditional,parentheses_and_brackets,32,gaussian,greedy,256.0,,32,5,0.798,0.045343,1.0,0.0,0.798,0.045343,0.96,0.016733,500,0.760596,0.830859,31.188,33,False,3502.93,399,False,1.0,0.0,0.13915201005025127,200,0.0003233891179561808,0.0006683375104427736,,,,,,,0.3881578947368421,0.10043353458258264,0.0,0.0,0,results/T-sweep-Dyck-4/distributions/parentheses_and_brackets_L32_T32_gaussian_greedy_sigma256.0.json
unconditional,parentheses_and_brackets,32,gaussian,greedy,1.0,,32,5,0.806,0.013565,1.0,0.0,0.806,0.013565,0.806,0.013565,500,0.76906,0.838274,28.776,32,False,4102.53,403,False,0.9975186104218362,0.002481389578163795,0.12449277638190955,200,0.0003201793004082286,0.0006617038875103391,,,,,,,0.2126240694789082,0.040935290474945034,0.0,0.0,0,results/T-sweep-Dyck-4/distributions/parentheses_and_brackets_L32_T32_gaussian_greedy_sigma1.0.json
unconditional,parentheses_and_brackets,32,gaussian,greedy,2.0,,32,5,0.792,0.042615,1.0,0.0,0.792,0.042615,0.81,0.038987,500,0.754263,0.825284,28.154,33,False,4345.03,396,False,0.9974747474747475,0.002525252525252486,0.13790201005025127,200,0.00032583903551645487,0.0006734006734006734,,,,,,,0.2307449494949495,0.05009599975710751,0.0,0.0,0,results/T-sweep-Dyck-4/distributions/parentheses_and_brackets_L32_T32_gaussian_greedy_sigma2.0.json
unconditional,parentheses_and_brackets,32,gaussian,greedy,5.0,,32,5,0.822,0.017205,1.0,0.0,0.822,0.017205,0.868,0.023152,500,0.786054,0.853036,27.632,33,False,4338.35,411,False,1.0,0.0,0.14352308417085427,200,0.00031394709991366455,0.0006488240064882401,,,,,,,0.2913625304136253,0.06377875732222923,0.0,0.0,0,results/T-sweep-Dyck-4/distributions/parentheses_and_brackets_L32_T32_gaussian_greedy_sigma5.0.json
unconditional,parentheses_and_brackets,32,gaussian,greedy,10.0,,32,5,0.82,0.018974,1.0,0.0,0.82,0.018974,0.882,0.024819,500,0.783925,0.851196,27.974,33,False,4518.07,410,False,1.0,0.0,0.14250235552763818,200,0.0003147128245476003,0.0006504065040650406,,,,,,,0.34176829268292686,0.0797819893454302,0.0,0.0,0,results/T-sweep-Dyck-4/distributions/parentheses_and_brackets_L32_T32_gaussian_greedy_sigma10.0.json
unconditional,parentheses_and_brackets,32,gaussian,greedy,20.0,,32,5,0.846,0.020591,1.0,0.0,0.846,0.020591,0.906,0.036111,500,0.811734,0.87499,28.704,33,False,4485.14,423,False,1.0,0.0,0.14312107412060301,200,0.00030504079920689394,0.0006304176516942475,,,,,,,0.3888888888888889,0.10399414397244743,0.0,0.0,0,results/T-sweep-Dyck-4/distributions/parentheses_and_brackets_L32_T32_gaussian_greedy_sigma20.0.json
unconditional,parentheses_and_brackets,32,uniform,categorical,,,128,5,0.922,0.013266,1.0,0.0,0.922,0.013266,0.936,0.012,500,0.895146,0.942419,119.0,125,False,8651.77,461,False,1.0,0.0,0.2741841108350208,200,0.0009886307464162135,0.0035036496350364962,,,,,,,0.3692142817413967,0.09450654152691253,1.210985941029325,1.0266515332594728,0,results/T-sweep-Dyck-4/distributions/parentheses_and_brackets_L32_T128_uniform_categorical_none.json
unconditional,parentheses_and_brackets,32,gaussian,greedy,256.0,,64,5,0.83,0.030332,1.0,0.0,0.83,0.030332,0.978,0.017205,500,0.794588,0.86038,60.628,64,False,5703.95,415,False,1.0,0.0,0.13928784547738693,200,0.00031092110376991836,0.000642570281124498,,,,,,,0.3933734939759036,0.10699090275969401,0.0,0.0,0,results/T-sweep-Dyck-4/distributions/parentheses_and_brackets_L32_T64_gaussian_greedy_sigma256.0.json
unconditional,parentheses_and_brackets,32,uniform,greedy,,,128,5,0.888,0.017205,1.0,0.0,0.888,0.017205,0.98,0.010954,500,0.857346,0.912738,121.644,125,False,9472.16,444,False,1.0,0.0,0.13984532035175878,200,0.0002906131938390003,0.0006006006006006006,,,,,,,0.38161599099099097,0.10023659260240474,0.0,0.0,0,results/T-sweep-Dyck-4/distributions/parentheses_and_brackets_L32_T128_uniform_greedy_none.json
unconditional,parentheses_and_brackets,32,gaussian,greedy,50.0,,64,5,0.882,0.038678,1.0,0.0,0.882,0.038678,0.972,0.017205,500,0.850767,0.907407,58.788,64,False,6459.95,441,False,1.0,0.0,0.1397385364321608,200,0.0002925901543413064,0.0006046863189720333,,,,,,,0.39526643990929705,0.10372484470399417,0.0,0.0,0,results/T-sweep-Dyck-4/distributions/parentheses_and_brackets_L32_T64_gaussian_greedy_sigma50.0.json
unconditional,parentheses_and_brackets,32,gaussian,greedy,1.0,,64,5,0.954,0.020591,1.0,0.0,0.954,0.020591,0.954,0.020591,500,0.931922,0.969155,58.41,63,False,7639.95,477,False,0.9811320754716981,0.018867924528301883,0.11683103015075377,200,0.00027050787854196256,0.0005590496156533892,,,,,,,0.1931341719077568,0.039973836123383066,0.0,0.0,0,results/T-sweep-Dyck-4/distributions/parentheses_and_brackets_L32_T64_gaussian_greedy_sigma1.0.json
unconditional,parentheses_and_brackets,32,gaussian,greedy,100.0,,64,5,0.858,0.004,1.0,0.0,0.858,0.004,0.97,0.008944,500,0.82467,0.885871,60.206,64,False,7092.81,429,False,1.0,0.0,0.14006516959798995,200,0.0003007744943228814,0.0006216006216006216,,,,,,,0.38956876456876455,0.10218199542898446,0.0,0.0,0,results/T-sweep-Dyck-4/distributions/parentheses_and_brackets_L32_T64_gaussian_greedy_sigma100.0.json
unconditional,parentheses_and_brackets,32,gaussian,greedy,10.0,,64,5,0.912,0.022271,1.0,0.0,0.912,0.022271,0.954,0.013565,500,0.883923,0.933794,55.52,64,False,8162.63,456,False,1.0,0.0,0.14220791457286433,200,0.0002829654782116582,0.0005847953216374269,,,,,,,0.3315515350877193,0.08312556607016647,0.0,0.0,0,results/T-sweep-Dyck-4/distributions/parentheses_and_brackets_L32_T64_gaussian_greedy_sigma10.0.json
unconditional,parentheses_and_brackets,32,gaussian,greedy,2.0,,64,5,0.928,0.029933,1.0,0.0,0.928,0.029933,0.932,0.027857,500,0.901931,0.947542,56.932,64,False,8662.34,464,False,1.0,0.0,0.13034155150753768,200,0.00027808676307007786,0.0005747126436781609,,,,,,,0.21066810344827586,0.045898721620575574,0.0,0.0,0,results/T-sweep-Dyck-4/distributions/parentheses_and_brackets_L32_T64_gaussian_greedy_sigma2.0.json
unconditional,parentheses_and_brackets,32,gaussian,greedy,20.0,,64,5,0.93,0.026833,1.0,0.0,0.93,0.026833,0.978,0.016,500,0.904202,0.949241,56.714,64,False,8647.82,465,False,1.0,0.0,0.14092101130653267,200,0.00027748872702046477,0.0005734767025089606,,,,,,,0.36989247311827955,0.10209888337468145,0.0,0.0,0,results/T-sweep-Dyck-4/distributions/parentheses_and_brackets_L32_T64_gaussian_greedy_sigma20.0.json
unconditional,parentheses_and_brackets,32,gaussian,greedy,5.0,,64,5,0.932,0.03763,1.0,0.0,0.932,0.03763,0.952,0.019391,500,0.906479,0.950934,55.3,64,False,9687.05,466,False,1.0,0.0,0.14325219849246232,200,0.00027689325764917625,0.0005722460658082976,,,,,,,0.2687768240343348,0.06355994415904741,0.0,0.0,0,results/T-sweep-Dyck-4/distributions/parentheses_and_brackets_L32_T64_gaussian_greedy_sigma5.0.json
unconditional,parentheses_and_brackets,32,uniform,categorical,,,256,5,0.942,0.017205,1.0,0.0,0.942,0.017205,0.954,0.016248,500,0.917943,0.959317,237.478,249,False,16450.44,471,False,1.0,0.0,0.27142653329740185,200,0.0009683890157017362,0.003432003432003432,,,,,,,0.3630420623255018,0.09454299624598711,1.2280610755133048,0.8688830950507556,0,results/T-sweep-Dyck-4/distributions/parentheses_and_brackets_L32_T256_uniform_categorical_none.json
unconditional,parentheses_and_brackets,32,gaussian,categorical,1.0,,1,5,0.0,0.0,1.0,0.0,0.0,0.0,0.76,0.027568,500,-0.0,0.007625,1.0,1,False,424.57,0,True,,,,0,,,,,,,,,,,,,0,results/T-sweep-Dyck-4/distributions/parentheses_and_brackets_L32_T1_gaussian_categorical_sigma1.0.json
unconditional,parentheses_and_brackets,32,gaussian,categorical,2.0,,1,5,0.0,0.0,1.0,0.0,0.0,0.0,0.752,0.031875,500,-0.0,0.007625,1.0,1,False,327.48,0,True,,,,0,,,,,,,,,,,,,0,results/T-sweep-Dyck-4/distributions/parentheses_and_brackets_L32_T1_gaussian_categorical_sigma2.0.json
unconditional,parentheses_and_brackets,32,gaussian,categorical,5.0,,1,5,0.0,0.0,1.0,0.0,0.0,0.0,0.74,0.030984,500,-0.0,0.007625,1.0,1,False,403.48,0,True,,,,0,,,,,,,,,,,,,0,results/T-sweep-Dyck-4/distributions/parentheses_and_brackets_L32_T1_gaussian_categorical_sigma5.0.json
unconditional,parentheses_and_brackets,32,uniform,greedy,,,256,5,0.956,0.017436,1.0,0.0,0.956,0.017436,0.998,0.004,500,0.93428,0.970766,242.444,249,False,17933.21,478,False,1.0,0.0,0.13867854899497487,200,0.00026994196247806724,0.0005578800557880056,,,,,,,0.3825836820083682,0.09748749144866369,0.0,0.0,0,results/T-sweep-Dyck-4/distributions/parentheses_and_brackets_L32_T256_uniform_greedy_none.json
unconditional,parentheses_and_brackets,32,gaussian,categorical,10.0,,1,5,0.0,0.0,1.0,0.0,0.0,0.0,0.682,0.044452,500,-0.0,0.007625,1.0,1,False,415.05,0,True,,,,0,,,,,,,,,,,,,0,results/T-sweep-Dyck-4/distributions/parentheses_and_brackets_L32_T1_gaussian_categorical_sigma10.0.json
unconditional,parentheses_and_brackets,32,gaussian,greedy,256.0,,128,5,0.874,0.045869,1.0,0.0,0.874,0.045869,0.99,0.008944,500,0.842032,0.900265,120.47,126,False,12943.15,437,False,1.0,0.0,0.14081658291457286,200,0.00029526832509042594,0.0006102212051868803,,,,,,,0.37428489702517165,0.10591348613540925,0.0,0.0,0,results/T-sweep-Dyck-4/distributions/parentheses_and_brackets_L32_T128_gaussian_greedy_sigma256.0.json
unconditional,parentheses_and_brackets,32,gaussian,categorical,20.0,,1,5,0.0,0.0,1.0,0.0,0.0,0.0,0.634,0.047582,500,-0.0,0.007625,1.0,1,False,421.1,0,True,,,,0,,,,,,,,,,,,,0,results/T-sweep-Dyck-4/distributions/parentheses_and_brackets_L32_T1_gaussian_categorical_sigma20.0.json
unconditional,parentheses_and_brackets,32,gaussian,categorical,50.0,,1,5,0.0,0.0,1.0,0.0,0.0,0.0,0.526,0.034409,500,-0.0,0.007625,1.0,1,False,443.4,0,True,,,,0,,,,,,,,,,,,,0,results/T-sweep-Dyck-4/distributions/parentheses_and_brackets_L32_T1_gaussian_categorical_sigma50.0.json
unconditional,parentheses_and_brackets,32,gaussian,categorical,100.0,,1,5,0.0,0.0,1.0,0.0,0.0,0.0,0.426,0.018547,500,-0.0,0.007625,1.0,1,False,336.91,0,True,,,,0,,,,,,,,,,,,,0,results/T-sweep-Dyck-4/distributions/parentheses_and_brackets_L32_T1_gaussian_categorical_sigma100.0.json
unconditional,parentheses_and_brackets,32,gaussian,categorical,256.0,,1,5,0.0,0.0,1.0,0.0,0.0,0.0,0.374,0.020591,500,-0.0,0.007625,1.0,1,False,413.13,0,True,,,,0,,,,,,,,,,,,,0,results/T-sweep-Dyck-4/distributions/parentheses_and_brackets_L32_T1_gaussian_categorical_sigma256.0.json
unconditional,parentheses_and_brackets,32,gaussian,greedy,1.0,,128,5,0.988,0.011662,1.0,0.0,0.988,0.011662,0.988,0.011662,500,0.974069,0.994489,115.954,125,False,15388.42,494,False,0.9534412955465587,0.046558704453441346,0.10986730527638192,200,0.0002611989029646076,0.0005398110661268556,,,,,,,0.1737095141700405,0.03676633364978578,0.0,0.0,0,results/T-sweep-Dyck-4/distributions/parentheses_and_brackets_L32_T128_gaussian_greedy_sigma1.0.json
unconditional,parentheses_and_brackets,32,gaussian,categorical,1.0,,2,5,0.004,0.004899,1.0,0.0,0.004,0.004899,0.022,0.011662,500,0.001098,0.014466,1.028,2,False,447.56,2,True,,,,2,,,,,,,,,0.9375,0.0625,0.6888888888888889,0.0888888888888889,0,results/T-sweep-Dyck-4/distributions/parentheses_and_brackets_L32_T2_gaussian_categorical_sigma1.0.json
unconditional,parentheses_and_brackets,32,gaussian,greedy,100.0,,128,5,0.91,0.012649,1.0,0.0,0.91,0.012649,0.986,0.004899,500,0.88169,0.932058,118.38,126,False,13861.98,455,False,0.9978021978021978,0.00219780219780219,0.13957914572864322,200,0.0002835873803615739,0.0005860805860805861,,,,,,,0.3938186813186813,0.10473628621928664,0.0,0.0,0,results/T-sweep-Dyck-4/distributions/parentheses_and_brackets_L32_T128_gaussian_greedy_sigma100.0.json
unconditional,parentheses_and_brackets,32,gaussian,categorical,2.0,,2,5,0.0,0.0,1.0,0.0,0.0,0.0,0.026,0.010198,500,-0.0,0.007625,1.034,2,False,434.19,0,True,,,,0,,,,,,,,,,,,,0,results/T-sweep-Dyck-4/distributions/parentheses_and_brackets_L32_T2_gaussian_categorical_sigma2.0.json
unconditional,parentheses_and_brackets,32,gaussian,categorical,5.0,,2,5,0.0,0.0,1.0,0.0,0.0,0.0,0.044,0.024166,500,-0.0,0.007625,1.056,2,False,430.76,0,True,,,,0,,,,,,,,,,,,,0,results/T-sweep-Dyck-4/distributions/parentheses_and_brackets_L32_T2_gaussian_categorical_sigma5.0.json
unconditional,parentheses_and_brackets,32,gaussian,greedy,20.0,,128,5,0.948,0.011662,1.0,0.0,0.948,0.011662,0.978,0.007483,500,0.924898,0.96427,111.89,126,False,15095.49,474,False,1.0,0.0,0.1396050565326633,200,0.00027221995372260786,0.0005625879043600563,,,,,,,0.372626582278481,0.097491126990643,0.0,0.0,0,results/T-sweep-Dyck-4/distributions/parentheses_and_brackets_L32_T128_gaussian_greedy_sigma20.0.json
unconditional,parentheses_and_brackets,32,gaussian,categorical,10.0,,2,5,0.002,0.004,1.0,0.0,0.002,0.004,0.082,0.034293,500,0.000353,0.011241,1.112,2,False,470.27,1,True,1.0,0.0,,1,0.41935483870967744,0.7,,,,,,,0.6875,,0.7777777777777778,,0,results/T-sweep-Dyck-4/distributions/parentheses_and_brackets_L32_T2_gaussian_categorical_sigma10.0.json
unconditional,parentheses_and_brackets,32,gaussian,categorical,20.0,,2,5,0.004,0.004899,1.0,0.0,0.004,0.004899,0.148,0.017205,500,0.001098,0.014466,1.21,2,False,381.41,2,True,,,,2,,,,,,,,,0.68125,0.11875000000000002,1.2708333333333335,0.39583333333333337,0,results/T-sweep-Dyck-4/distributions/parentheses_and_brackets_L32_T2_gaussian_categorical_sigma20.0.json
unconditional,parentheses_and_brackets,32,gaussian,categorical,100.0,,2,5,0.0,0.0,1.0,0.0,0.0,0.0,0.12,0.022804,500,-0.0,0.007625,1.236,2,False,297.13,0,True,,,,0,,,,,,,,,,,,,0,results/T-sweep-Dyck-4/distributions/parentheses_and_brackets_L32_T2_gaussian_categorical_sigma100.0.json
unconditional,parentheses_and_brackets,32,gaussian,categorical,50.0,,2,5,0.0,0.0,1.0,0.0,0.0,0.0,0.136,0.02498,500,-0.0,0.007625,1.232,2,False,420.68,0,True,,,,0,,,,,,,,,,,,,0,results/T-sweep-Dyck-4/distributions/parentheses_and_brackets_L32_T2_gaussian_categorical_sigma50.0.json
unconditional,parentheses_and_brackets,32,gaussian,greedy,50.0,,128,5,0.94,0.021909,1.0,0.0,0.94,0.021909,0.99,0.006325,500,0.915638,0.957652,117.05,126,False,14502.43,470,False,1.0,0.0,0.13950062814070352,200,0.0002745367192862045,0.0005673758865248227,,,,,,,0.38457446808510637,0.1016392493463809,0.0,0.0,0,results/T-sweep-Dyck-4/distributions/parentheses_and_brackets_L32_T128_gaussian_greedy_sigma50.0.json
unconditional,parentheses_and_brackets,32,gaussian,categorical,256.0,,2,5,0.002,0.004,1.0,0.0,0.002,0.004,0.12,0.028983,500,0.000353,0.011241,1.264,3,False,435.53,1,True,1.0,0.0,,1,0.3870967741935484,0.7333333333333333,,,,,,,0.3125,,0.6,,0,results/T-sweep-Dyck-4/distributions/parentheses_and_brackets_L32_T2_gaussian_categorical_sigma256.0.json
unconditional,parentheses_and_brackets,32,gaussian,categorical,1.0,,4,5,0.0,0.0,1.0,0.0,0.0,0.0,0.002,0.004,500,-0.0,0.007625,1.398,4,False,446.36,0,True,,,,0,,,,,,,,,,,,,0,results/T-sweep-Dyck-4/distributions/parentheses_and_brackets_L32_T4_gaussian_categorical_sigma1.0.json
unconditional,parentheses_and_brackets,32,gaussian,greedy,2.0,,128,5,0.976,0.016248,1.0,0.0,0.976,0.016248,0.98,0.014142,500,0.958523,0.986219,113.31,126,False,16307.74,488,False,0.9959016393442623,0.004098360655737654,0.12951868718592965,200,0.00026441036488630354,0.000546448087431694,,,,,,,0.20350922131147542,0.03950634698187951,0.0,0.0,0,results/T-sweep-Dyck-4/distributions/parentheses_and_brackets_L32_T128_gaussian_greedy_sigma2.0.json
unconditional,parentheses_and_brackets,32,gaussian,categorical,5.0,,4,5,0.002,0.004,1.0,0.0,0.002,0.004,0.004,0.004899,500,0.000353,0.011241,1.938,4,False,477.24,1,True,1.0,0.0,,1,0.41935483870967744,0.8,,,,,,,0.375,,1.2857142857142858,,0,results/T-sweep-Dyck-4/distributions/parentheses_and_brackets_L32_T4_gaussian_categorical_sigma5.0.json
unconditional,parentheses_and_brackets,32,gaussian,categorical,2.0,,4,5,0.0,0.0,1.0,0.0,0.0,0.0,0.0,0.0,500,-0.0,0.007625,1.554,3,False,506.24,0,True,,,,0,,,,,,,,,,,,,0,results/T-sweep-Dyck-4/distributions/parentheses_and_brackets_L32_T4_gaussian_categorical_sigma2.0.json
unconditional,parentheses_and_brackets,32,gaussian,categorical,10.0,,4,5,0.014,0.010198,1.0,0.0,0.014,0.010198,0.022,0.013266,500,0.006798,0.028613,2.144,5,False,611.97,7,False,1.0,0.0,0.256006006006006,7,0.06511627906976744,0.21634615384615385,,,,,,,0.45952380952380956,0.07957957126841855,1.4111111111111112,0.7006421846416836,0,results/T-sweep-Dyck-4/distributions/parentheses_and_brackets_L32_T4_gaussian_categorical_sigma10.0.json
unconditional,parentheses_and_brackets,32,gaussian,categorical,20.0,,4,5,0.016,0.008,1.0,0.0,0.016,0.008,0.02,0.015492,500,0.008129,0.031251,2.286,5,False,696.78,8,False,1.0,0.0,0.28065241844769406,8,0.056910569105691054,0.19327731092436976,,,,,,,0.3463541666666667,0.053050908300685845,0.7925324675324675,0.23824104318215605,0,results/T-sweep-Dyck-4/distributions/parentheses_and_brackets_L32_T4_gaussian_categorical_sigma20.0.json
unconditional,parentheses_and_brackets,32,gaussian,categorical,256.0,,4,5,0.06,0.006325,1.0,0.0,0.06,0.006325,0.082,0.013266,500,0.042348,0.084362,2.496,5,False,572.27,30,False,1.0,0.0,0.26796277593420864,30,0.01511879049676026,0.05357142857142857,,,,,,,0.35333333333333333,0.0805608235825348,1.0560702260702262,0.6243198928501875,0,results/T-sweep-Dyck-4/distributions/parentheses_and_brackets_L32_T4_gaussian_categorical_sigma256.0.json
unconditional,parentheses_and_brackets,32,gaussian,categorical,1.0,,8,5,0.008,0.007483,1.0,0.0,0.008,0.007483,0.008,0.007483,500,0.003115,0.020387,2.486,8,False,502.06,4,True,,,,4,,,,,,,,,0.3489583333333333,0.027063293868263713,1.4468253968253968,0.537499670410699,0,results/T-sweep-Dyck-4/distributions/parentheses_and_brackets_L32_T8_gaussian_categorical_sigma1.0.json
unconditional,parentheses_and_brackets,32,gaussian,categorical,100.0,,4,5,0.05,0.016733,1.0,0.0,0.05,0.016733,0.064,0.020591,500,0.034094,0.072769,2.468,5,False,670.71,25,False,1.0,0.0,0.2695214105793451,25,0.018205461638491547,0.06451612903225806,,,,,,,0.38549999999999995,0.10947551730359116,1.1336666666666668,0.7614071430519626,0,results/T-sweep-Dyck-4/distributions/parentheses_and_brackets_L32_T4_gaussian_categorical_sigma100.0.json
unconditional,parentheses_and_brackets,32,gaussian,categorical,50.0,,4,5,0.018,0.009798,1.0,0.0,0.018,0.009798,0.048,0.01833,500,0.009498,0.033852,2.39,5,False,687.64,9,False,1.0,0.0,0.2674825174825175,9,0.05054151624548736,0.17537313432835822,,,,,,,0.3768518518518518,0.14877471668173708,1.2671957671957672,0.6598713049783592,0,results/T-sweep-Dyck-4/distributions/parentheses_and_brackets_L32_T4_gaussian_categorical_sigma50.0.json
unconditional,parentheses_and_brackets,32,gaussian,greedy,5.0,,128,5,0.954,0.013565,1.0,0.0,0.954,0.013565,0.97,0.012649,500,0.931922,0.969155,109.532,126,False,16917.7,477,False,1.0,0.0,0.1432011620603015,200,0.00027050787854196256,0.0005590496156533892,,,,,,,0.2727987421383648,0.06074099012213552,0.0,0.0,0,results/T-sweep-Dyck-4/distributions/parentheses_and_brackets_L32_T128_gaussian_greedy_sigma5.0.json
unconditional,parentheses_and_brackets,32,gaussian,categorical,2.0,,8,5,0.014,0.010198,1.0,0.0,0.014,0.010198,0.018,0.014697,500,0.006798,0.028613,3.1,8,False,885.73,7,False,1.0,0.0,0.27157738095238093,7,0.06451612903225806,0.22380952380952382,,,,,,,0.4375,0.1417366773784602,1.5424036281179139,1.2502979421866605,0,results/T-sweep-Dyck-4/distributions/parentheses_and_brackets_L32_T8_gaussian_categorical_sigma2.0.json
unconditional,parentheses_and_brackets,32,gaussian,categorical,5.0,,8,5,0.034,0.013565,1.0,0.0,0.034,0.013565,0.048,0.023152,500,0.021334,0.053772,3.84,8,False,991.82,17,False,1.0,0.0,0.26447610294117646,17,0.026565464895635674,0.09411764705882353,,,,,,,0.4338235294117647,0.10385622714577598,0.9959021370786078,0.48274583228654977,0,results/T-sweep-Dyck-4/distributions/parentheses_and_brackets_L32_T8_gaussian_categorical_sigma5.0.json
unconditional,parentheses_and_brackets,32,gaussian,categorical,50.0,,8,5,0.184,0.037202,1.0,0.0,0.184,0.037202,0.196,0.034409,500,0.152489,0.22033,5.33,9,False,885.29,92,False,1.0,0.0,0.2729476405946994,92,0.0049435028248587575,0.017518248175182483,,,,,,,0.37554347826086953,0.09249097706862779,1.174299281636238,0.6599756955908168,0,results/T-sweep-Dyck-4/distributions/parentheses_and_brackets_L32_T8_gaussian_categorical_sigma50.0.json
unconditional,parentheses_and_brackets,32,gaussian,categorical,256.0,,8,5,0.214,0.044989,1.0,0.0,0.214,0.044989,0.226,0.049639,500,0.180302,0.252059,5.49,9,False,852.96,107,False,1.0,0.0,0.27245650792943193,107,0.004269594388533089,0.015132408575031526,,,,,,,0.37491313203930027,0.10326189185030771,1.1992056489720042,0.6322235630970445,0,results/T-sweep-Dyck-4/distributions/parentheses_and_brackets_L32_T8_gaussian_categorical_sigma256.0.json
unconditional,parentheses_and_brackets,32,gaussian,categorical,10.0,,8,5,0.122,0.029257,1.0,0.0,0.118,0.029933,0.138,0.037094,500,0.092593,0.149233,4.604,9,False,1208.59,59,False,1.0,0.0,0.27008417632725396,59,0.007739082365948038,0.027428571428571427,,,,,,,0.40261299435028247,0.09149926389070275,1.2310531746972426,0.8542102912843829,0,results/T-sweep-Dyck-4/distributions/parentheses_and_brackets_L32_T8_gaussian_categorical_sigma10.0.json
unconditional,parentheses_and_brackets,32,gaussian,categorical,100.0,,8,5,0.186,0.033823,1.0,0.0,0.186,0.033823,0.198,0.032496,500,0.154333,0.222455,5.408,9,False,993.23,93,False,1.0,0.0,0.27027733592553316,93,0.004896817068905212,0.01735357917570499,,,,,,,0.36553379416282644,0.0895042156795916,1.0336157271641142,0.5479721201062091,0,results/T-sweep-Dyck-4/distributions/parentheses_and_brackets_L32_T8_gaussian_categorical_sigma100.0.json
unconditional,parentheses_and_brackets,32,gaussian,categorical,20.0,,8,5,0.138,0.023152,1.0,0.0,0.136,0.020591,0.15,0.024495,500,0.108715,0.168836,4.844,9,False,1208.99,68,False,1.0,0.0,0.27309286898839136,68,0.006692160611854685,0.023715415019762844,,,,,,,0.38389355742296916,0.10311624649859945,1.2170045640633875,0.7935652707791296,0,results/T-sweep-Dyck-4/distributions/parentheses_and_brackets_L32_T8_gaussian_categorical_sigma20.0.json
unconditional,parentheses_and_brackets,32,gaussian,greedy,10.0,,128,5,0.974,0.010198,1.0,0.0,0.974,0.010198,0.984,0.008,500,0.956028,0.984744,110.352,126,False,17962.88,487,False,1.0,0.0,0.14269864949748745,200,0.00026495330198052594,0.0005475701574264203,,,,,,,0.3313655030800821,0.08073493833445382,0.0,0.0,0,results/T-sweep-Dyck-4/distributions/parentheses_and_brackets_L32_T128_gaussian_greedy_sigma10.0.json
unconditional,parentheses_and_brackets,32,gaussian,categorical,1.0,,16,5,0.028,0.007483,1.0,0.0,0.028,0.007483,0.028,0.007483,500,0.016751,0.046447,5.848,17,False,1482.43,14,False,1.0,0.0,0.2702656088306313,14,0.032407407407407406,0.11483253588516747,,,,,,,0.36815476190476193,0.08676858623193848,1.0588149945292804,0.7371114320712941,0,results/T-sweep-Dyck-4/distributions/parentheses_and_brackets_L32_T16_gaussian_categorical_sigma1.0.json
unconditional,parentheses_and_brackets,32,gaussian,categorical,2.0,,16,5,0.072,0.021354,1.0,0.0,0.072,0.021354,0.074,0.021541,500,0.052458,0.098069,7.266,16,False,1738.63,36,False,1.0,0.0,0.2734480179506357,36,0.012612612612612612,0.0446927374301676,,,,,,,0.444130291005291,0.1195613216190862,1.1997454705788038,0.7471795437126704,0,results/T-sweep-Dyck-4/distributions/parentheses_and_brackets_L32_T16_gaussian_categorical_sigma2.0.json
unconditional,parentheses_and_brackets,32,gaussian,categorical,50.0,,16,5,0.44,0.059666,1.0,0.0,0.44,0.059666,0.45,0.061644,500,0.397111,0.483804,11.938,17,False,1262.96,220,False,1.0,0.0,0.27210561367395,200,0.002082093991671624,0.007380073800738007,,,,,,,0.3722858391608392,0.0954519177920202,1.1665602200829475,0.6542978420428994,0,results/T-sweep-Dyck-4/distributions/parentheses_and_brackets_L32_T16_gaussian_categorical_sigma50.0.json
unconditional,parentheses_and_brackets,32,gaussian,categorical,256.0,,16,5,0.48,0.036878,1.0,0.0,0.48,0.036878,0.488,0.044452,500,0.436528,0.523777,12.744,17,False,1254.1,240,False,1.0,0.0,0.27078815544515145,200,0.001895991332611051,0.006718924972004479,,,,,,,0.3680753968253968,0.09393946379665269,1.1346787818662818,0.6617520911185284,0,results/T-sweep-Dyck-4/distributions/parentheses_and_brackets_L32_T16_gaussian_categorical_sigma256.0.json
unconditional,parentheses_and_brackets,32,gaussian,categorical,5.0,,16,5,0.212,0.036551,1.0,0.0,0.21,0.034059,0.212,0.036551,500,0.176577,0.247846,9.37,17,False,2003.15,105,False,1.0,0.0,0.27057842367716317,105,0.004338394793926247,0.015374759769378604,,,,,,,0.3936394557823129,0.11141163342147437,1.1417274524417382,0.6707617169928327,0,results/T-sweep-Dyck-4/distributions/parentheses_and_brackets_L32_T16_gaussian_categorical_sigma5.0.json
unconditional,parentheses_and_brackets,32,gaussian,categorical,100.0,,16,5,0.452,0.023152,1.0,0.0,0.45,0.023664,0.468,0.017205,500,0.406939,0.493824,12.394,17,False,1578.27,225,False,1.0,0.0,0.2693706779400315,200,0.0020286914939863787,0.007189934092270821,,,,,,,0.3731349206349206,0.09598014486661698,1.1626160012826678,0.6565311843815151,0,results/T-sweep-Dyck-4/distributions/parentheses_and_brackets_L32_T16_gaussian_categorical_sigma100.0.json
unconditional,parentheses_and_brackets,32,gaussian,categorical,20.0,,16,5,0.36,0.010954,1.0,0.0,0.36,0.010954,0.372,0.009798,500,0.319141,0.402994,11.228,17,False,1874.46,180,False,1.0,0.0,0.27044193759845025,180,0.002531645569620253,0.00897196261682243,,,,,,,0.3685711741961742,0.10410005928812792,1.1525939800939802,0.7781980532513892,0,results/T-sweep-Dyck-4/distributions/parentheses_and_brackets_L32_T16_gaussian_categorical_sigma20.0.json
unconditional,parentheses_and_brackets,32,gaussian,categorical,10.0,,16,5,0.334,0.034409,1.0,0.0,0.334,0.034409,0.35,0.031623,500,0.294063,0.376468,10.72,17,False,2513.59,167,False,1.0,0.0,0.2690698594984166,167,0.002729576915578085,0.009673518742442563,,,,,,,0.3750035642999715,0.10615192394548714,1.150263957599287,0.5718976560067148,0,results/T-sweep-Dyck-4/distributions/parentheses_and_brackets_L32_T16_gaussian_categorical_sigma10.0.json
unconditional,parentheses_and_brackets,32,gaussian,categorical,1.0,,32,5,0.172,0.024819,1.0,0.0,0.168,0.023152,0.172,0.023152,500,0.137788,0.203275,16.07,32,False,3354.77,84,False,1.0,0.0,0.26985336555804057,84,0.005409582689335394,0.019169329073482427,,,,,,,0.4007086167800454,0.10198995055276062,1.1775565704137132,0.6359946627507969,0,results/T-sweep-Dyck-4/distributions/parentheses_and_brackets_L32_T32_gaussian_categorical_sigma1.0.json
unconditional,parentheses_and_brackets,32,gaussian,categorical,2.0,,32,5,0.302,0.039192,1.0,0.0,0.296,0.044091,0.304,0.039294,500,0.257665,0.337446,19.22,31,False,3966.45,148,False,1.0,0.0,0.2697897996703985,148,0.0030661410424879547,0.010864644635581712,,,,,,,0.39273246460746464,0.10153879253447877,1.1634442884442884,0.6508781035332923,0,results/T-sweep-Dyck-4/distributions/parentheses_and_brackets_L32_T32_gaussian_categorical_sigma2.0.json
unconditional,parentheses_and_brackets,32,gaussian,categorical,50.0,,32,5,0.644,0.017436,1.0,0.0,0.642,0.017205,0.648,0.017205,500,0.599041,0.682793,25.872,33,False,3317.28,321,False,1.0,0.0,0.2701036689433304,200,0.0014205986808726535,0.005034612964128383,,,,,,,0.371818264808919,0.09520506636164824,1.1192363019465823,0.6379865683115835,0,results/T-sweep-Dyck-4/distributions/parentheses_and_brackets_L32_T32_gaussian_categorical_sigma50.0.json
unconditional,parentheses_and_brackets,32,gaussian,categorical,256.0,,32,5,0.714,0.04128,1.0,0.0,0.714,0.04128,0.718,0.041665,500,0.672876,0.751861,28.146,33,False,3065.5,357,False,1.0,0.0,0.27084477505638427,200,0.0012749294235497677,0.004518072289156626,,,,,,,0.3703587845394568,0.09411008724035516,1.1828333353543439,0.7277243644587404,0,results/T-sweep-Dyck-4/distributions/parentheses_and_brackets_L32_T32_gaussian_categorical_sigma256.0.json
unconditional,parentheses_and_brackets,32,gaussian,categorical,10.0,,32,5,0.554,0.048,1.0,0.0,0.544,0.045869,0.55,0.0502,500,0.500173,0.587156,23.762,33,False,4050.43,272,False,1.0,0.0,0.2684103916044871,200,0.0016750418760469012,0.005936186000494682,,,,,,,0.3673888305322129,0.10354980436285878,1.1737415974548329,0.6982524458712958,0,results/T-sweep-Dyck-4/distributions/parentheses_and_brackets_L32_T32_gaussian_categorical_sigma10.0.json
unconditional,parentheses_and_brackets,32,gaussian,categorical,5.0,,32,5,0.45,0.058652,1.0,0.0,0.448,0.058788,0.448,0.058788,500,0.404972,0.491821,21.946,33,False,4379.74,224,False,1.0,0.0,0.27054536136774526,200,0.0020325203252032522,0.007202881152460984,,,,,,,0.3715189200680272,0.09109967194319821,1.144699360659182,0.700785598205652,0,results/T-sweep-Dyck-4/distributions/parentheses_and_brackets_L32_T32_gaussian_categorical_sigma5.0.json
unconditional,parentheses_and_brackets,32,gaussian,categorical,20.0,,32,5,0.612,0.054918,1.0,0.0,0.612,0.054918,0.616,0.054991,500,0.568587,0.653705,25.064,33,False,3813.24,306,False,1.0,0.0,0.2714788453307547,200,0.0014896786550329857,0.005279366476022877,,,,,,,0.3697926392779334,0.09412151846815774,1.1337953350208252,0.7118310674485017,0,results/T-sweep-Dyck-4/distributions/parentheses_and_brackets_L32_T32_gaussian_categorical_sigma20.0.json
unconditional,parentheses_and_brackets,32,gaussian,categorical,100.0,,32,5,0.668,0.050359,1.0,0.0,0.664,0.051225,0.684,0.047582,500,0.621486,0.704013,26.82,33,False,3659.66,332,False,1.0,0.0,0.271357577778307,200,0.0013763271726307512,0.004878048780487805,,,,,,,0.3638141853126793,0.08882233372568021,1.1099552555877856,0.6209261538632235,0,results/T-sweep-Dyck-4/distributions/parentheses_and_brackets_L32_T32_gaussian_categorical_sigma100.0.json
unconditional,parentheses_and_brackets,32,gaussian,categorical,1.0,,64,5,0.44,0.046476,1.0,0.0,0.436,0.044542,0.436,0.044542,500,0.393185,0.479791,41.918,63,False,5685.58,218,False,1.0,0.0,0.2726312837833556,200,0.002090800477897252,0.007409694350108058,,,,,,,0.3862139580602883,0.09842033752862549,1.2141915424025516,0.8131402114883837,0,results/T-sweep-Dyck-4/distributions/parentheses_and_brackets_L32_T64_gaussian_categorical_sigma1.0.json
unconditional,parentheses_and_brackets,32,gaussian,categorical,2.0,,64,5,0.518,0.040694,1.0,0.0,0.508,0.044452,0.51,0.042895,500,0.464285,0.551593,45.208,64,False,7002.62,254,False,1.0,0.0,0.2720916273773532,200,0.0017916560020476069,0.006349206349206349,,,,,,,0.3779550993625797,0.10010714656017813,1.3025556355280765,0.9051234761444344,0,results/T-sweep-Dyck-4/distributions/parentheses_and_brackets_L32_T64_gaussian_categorical_sigma2.0.json
unconditional,parentheses_and_brackets,32,gaussian,greedy,1.0,,256,5,0.99,0.006325,1.0,0.0,0.99,0.006325,0.99,0.006325,500,0.976807,0.995721,230.382,250,False,26496.53,495,False,0.9252525252525252,0.07474747474747478,0.10978800251256281,200,0.0002606712284131639,0.0005387205387205387,,,,,,,0.16780303030303031,0.03562620320008333,0.0,0.0,0,results/T-sweep-Dyck-4/distributions/parentheses_and_brackets_L32_T256_gaussian_greedy_sigma1.0.json
unconditional,parentheses_and_brackets,32,gaussian,categorical,100.0,,64,5,0.816,0.052764,1.0,0.0,0.816,0.052764,0.83,0.048166,500,0.77967,0.847511,56.588,64,False,5877.65,408,False,1.0,0.0,0.2678556718016311,200,0.0011153601019757808,0.003952569169960474,,,,,,,0.361750116713352,0.08934251840717065,1.184725391710686,0.7033326680248967,0,results/T-sweep-Dyck-4/distributions/parentheses_and_brackets_L32_T64_gaussian_categorical_sigma100.0.json
unconditional,parentheses_and_brackets,32,gaussian,categorical,50.0,,64,5,0.82,0.025298,1.0,0.0,0.82,0.025298,0.824,0.02245,500,0.783925,0.851196,55.214,64,False,6295.44,410,False,1.0,0.0,0.27041934355320907,200,0.0011158935118762952,0.003955174686882004,,,,,,,0.3641778343607612,0.09586594716184808,1.1997344999174266,0.62116426460341,0,results/T-sweep-Dyck-4/distributions/parentheses_and_brackets_L32_T64_gaussian_categorical_sigma50.0.json
unconditional,parentheses_and_brackets,32,gaussian,categorical,256.0,,64,5,0.8,0.046904,1.0,0.0,0.8,0.046904,0.804,0.039294,500,0.76271,0.832715,56.524,64,False,6084.61,400,False,1.0,0.0,0.26915066983198377,200,0.0011396939107782482,0.004039044092898014,,,,,,,0.3588990384615385,0.0917149700238563,1.1624786879786881,0.6605227312128403,0,results/T-sweep-Dyck-4/distributions/parentheses_and_brackets_L32_T64_gaussian_categorical_sigma256.0.json
unconditional,parentheses_and_brackets,32,gaussian,categorical,20.0,,64,5,0.782,0.046217,1.0,0.0,0.782,0.046217,0.79,0.051769,500,0.743733,0.815967,52.428,64,False,6655.65,391,False,1.0,0.0,0.27019653157261614,200,0.001164434833236297,0.0041265474552957355,,,,,,,0.36443783198898294,0.09389041161424473,1.1658628597886909,0.6385520363259242,0,results/T-sweep-Dyck-4/distributions/parentheses_and_brackets_L32_T64_gaussian_categorical_sigma20.0.json
unconditional,parentheses_and_brackets,32,gaussian,categorical,5.0,,64,5,0.676,0.058172,1.0,0.0,0.672,0.059464,0.672,0.059464,500,0.629673,0.711705,48.328,64,False,7903.97,336,False,1.0,0.0,0.269707740476217,200,0.0013584319813700757,0.00481444332998997,,,,,,,0.37013125763125765,0.09347557325815828,1.1581258853580283,0.7454500193584019,0,results/T-sweep-Dyck-4/distributions/parentheses_and_brackets_L32_T64_gaussian_categorical_sigma5.0.json
unconditional,parentheses_and_brackets,32,gaussian,greedy,100.0,,256,5,0.912,0.031875,1.0,0.0,0.912,0.031875,0.998,0.004,500,0.883923,0.933794,236.608,250,False,24043.4,456,False,1.0,0.0,0.13961447864321608,200,0.0002829654782116582,0.0005847953216374269,,,,,,,0.38199013157894735,0.09695260989212703,0.0,0.0,0,results/T-sweep-Dyck-4/distributions/parentheses_and_brackets_L32_T256_gaussian_greedy_sigma100.0.json
unconditional,parentheses_and_brackets,32,gaussian,greedy,50.0,,256,5,0.94,0.014142,1.0,0.0,0.94,0.014142,0.998,0.004,500,0.915638,0.957652,231.37,250,False,26618.7,470,False,1.0,0.0,0.14095948492462312,200,0.0002745367192862045,0.0005673758865248227,,,,,,,0.37872340425531914,0.09954734298209081,0.0,0.0,0,results/T-sweep-Dyck-4/distributions/parentheses_and_brackets_L32_T256_gaussian_greedy_sigma50.0.json
unconditional,parentheses_and_brackets,32,gaussian,categorical,10.0,,64,5,0.716,0.029394,1.0,0.0,0.714,0.027276,0.72,0.031623,500,0.672876,0.751861,49.646,64,False,7526.47,357,False,1.0,0.0,0.2714811446893991,200,0.0012779552715654952,0.004529156444612191,,,,,,,0.37331111931952266,0.1038646702719699,1.170273633929096,0.7031993464550502,0,results/T-sweep-Dyck-4/distributions/parentheses_and_brackets_L32_T64_gaussian_categorical_sigma10.0.json
unconditional,parentheses_and_brackets,32,gaussian,greedy,256.0,,256,5,0.874,0.02245,1.0,0.0,0.874,0.02245,0.996,0.004899,500,0.842032,0.900265,240.294,250,False,24054.16,437,False,1.0,0.0,0.13788395100502512,200,0.00029526832509042594,0.0006102212051868803,,,,,,,0.38172196796338675,0.10451175543033142,0.0,0.0,0,results/T-sweep-Dyck-4/distributions/parentheses_and_brackets_L32_T256_gaussian_greedy_sigma256.0.json
unconditional,parentheses_and_brackets,32,gaussian,greedy,2.0,,256,5,0.986,0.010198,1.0,0.0,0.986,0.010198,0.99,0.008944,500,0.971387,0.993202,224.008,249,False,28247.14,493,False,1.0,0.0,0.12830166457286432,200,0.0002617287181836027,0.0005409060175794456,,,,,,,0.19827586206896552,0.038835338739443795,0.0,0.0,0,results/T-sweep-Dyck-4/distributions/parentheses_and_brackets_L32_T256_gaussian_greedy_sigma2.0.json
unconditional,parentheses_and_brackets,32,uniform,categorical,,,512,5,0.97,0.014142,1.0,0.0,0.97,0.014142,0.972,0.011662,500,0.951096,0.981737,479.086,497,False,34021.27,485,False,1.0,0.0,0.27194331277840306,200,0.0009409234491565293,0.003334722801167153,,,,,,,0.3606394207167403,0.09605196297690242,1.132667510038644,0.6078288354313571,0,results/T-sweep-Dyck-4/distributions/parentheses_and_brackets_L32_T512_uniform_categorical_none.json
unconditional,parentheses_and_brackets,32,uniform,greedy,,,512,5,0.958,0.017205,1.0,0.0,0.958,0.017205,0.994,0.008,500,0.936648,0.972368,482.184,497,False,34463.7,479,False,1.0,0.0,0.13944173994974873,200,0.00026937840932049294,0.0005567153792623522,,,,,,,0.38021920668058456,0.10034272671390329,0.0,0.0,0,results/T-sweep-Dyck-4/distributions/parentheses_and_brackets_L32_T512_uniform_greedy_none.json
unconditional,parentheses_and_brackets,32,gaussian,greedy,20.0,,256,5,0.974,0.010198,1.0,0.0,0.974,0.010198,0.992,0.007483,500,0.956028,0.984744,223.364,250,False,28429.86,487,False,1.0,0.0,0.1406501256281407,200,0.00026495330198052594,0.0005475701574264203,,,,,,,0.3737166324435318,0.09519525374340611,0.0,0.0,0,results/T-sweep-Dyck-4/distributions/parentheses_and_brackets_L32_T256_gaussian_greedy_sigma20.0.json
unconditional,parentheses_and_brackets,32,gaussian,greedy,10.0,,256,5,0.988,0.011662,1.0,0.0,0.988,0.011662,0.996,0.004899,500,0.974069,0.994489,218.048,250,False,29862.59,494,False,1.0,0.0,0.1418734296482412,200,0.0002611989029646076,0.0005398110661268556,,,,,,,0.3231275303643725,0.08311929217671178,0.0,0.0,0,results/T-sweep-Dyck-4/distributions/parentheses_and_brackets_L32_T256_gaussian_greedy_sigma10.0.json
unconditional,parentheses_and_brackets,32,gaussian,greedy,5.0,,256,5,0.982,0.009798,1.0,0.0,0.982,0.009798,0.986,0.004899,500,0.966148,0.990502,219.18,250,False,30245.61,491,False,1.0,0.0,0.14242776381909547,200,0.00026279482294198805,0.0005431093007467753,,,,,,,0.2679480651731161,0.06092132794764164,0.0,0.0,0,results/T-sweep-Dyck-4/distributions/parentheses_and_brackets_L32_T256_gaussian_greedy_sigma5.0.json
unconditional,parentheses_and_brackets,32,gaussian,categorical,1.0,,128,5,0.638,0.032496,1.0,0.0,0.638,0.032496,0.638,0.032496,500,0.594971,0.678925,95.918,125,False,9924.94,319,False,1.0,0.0,0.27353296968816426,200,0.0014284256708499133,0.0050622231596709555,,,,,,,0.3624942586149483,0.09451680472528214,1.1357840435426643,0.6191423268123175,0,results/T-sweep-Dyck-4/distributions/parentheses_and_brackets_L32_T128_gaussian_categorical_sigma1.0.json
unconditional,parentheses_and_brackets,32,gaussian,categorical,2.0,,128,5,0.724,0.014967,1.0,0.0,0.722,0.016,0.728,0.01833,500,0.681151,0.759464,99.724,126,False,10850.1,361,False,1.0,0.0,0.27106212018478265,200,0.0012620571531596501,0.004472605292582929,,,,,,,0.3651103974511177,0.09319657605609476,1.1090817923227896,0.6712378327480736,0,results/T-sweep-Dyck-4/distributions/parentheses_and_brackets_L32_T128_gaussian_categorical_sigma2.0.json
unconditional,parentheses_and_brackets,32,gaussian,categorical,100.0,,128,5,0.908,0.026382,1.0,0.0,0.908,0.026382,0.92,0.026077,500,0.879461,0.930318,115.412,126,False,6658.71,454,False,1.0,0.0,0.26916264804476353,200,0.001004016064257028,0.003558191252779837,,,,,,,0.3607734867922093,0.09454261166166723,1.2630612840414603,0.9422022156477828,0,results/T-sweep-Dyck-4/distributions/parentheses_and_brackets_L32_T128_gaussian_categorical_sigma100.0.json
unconditional,parentheses_and_brackets,32,gaussian,categorical,256.0,,128,5,0.894,0.024166,1.0,0.0,0.894,0.024166,0.906,0.020591,500,0.863948,0.918043,114.808,126,False,6904.81,447,False,1.0,0.0,0.27216777584469704,200,0.0010228684152845766,0.0036253776435045317,,,,,,,0.36631890667125566,0.09224139495848503,1.1550805893087774,0.682052549270202,0,results/T-sweep-Dyck-4/distributions/parentheses_and_brackets_L32_T128_gaussian_categorical_sigma256.0.json
unconditional,parentheses_and_brackets,32,gaussian,categorical,5.0,,128,5,0.834,0.010198,1.0,0.0,0.834,0.010198,0.84,0.016733,500,0.798864,0.864043,103.148,126,False,10533.14,417,False,1.0,0.0,0.26902527110062585,200,0.0010911074740861974,0.0038666022232962784,,,,,,,0.36792994176087707,0.09194067010013487,1.175600285672228,0.9203984257896982,0,results/T-sweep-Dyck-4/distributions/parentheses_and_brackets_L32_T128_gaussian_categorical_sigma5.0.json
unconditional,parentheses_and_brackets,32,ar,greedy,,,34,1,1.0,0.0,1.0,0.0,1.0,0.0,1.0,0.0,100,0.963005,1.0,33.0,33,True,338.71,100,False,0.01,0.99,0.0,100,0.0012903225806451613,0.0016666666666666668,,,,,,,0.125,0.0,0.0,0.0,0,results/T-sweep-Dyck-4/distributions/parentheses_and_brackets_L32_T34_ar_greedy_none.json
unconditional,parentheses_and_brackets,32,gaussian,categorical,50.0,,128,5,0.892,0.027129,1.0,0.0,0.892,0.027129,0.898,0.026382,500,0.861745,0.916278,112.088,126,False,7590.06,446,False,1.0,0.0,0.2701151703611145,200,0.0010229431535876078,0.0036253776435045317,,,,,,,0.3646247063847961,0.09629103005536044,1.1295244926971384,0.6329684247617708,0,results/T-sweep-Dyck-4/distributions/parentheses_and_brackets_L32_T128_gaussian_categorical_sigma50.0.json
unconditional,parentheses_and_brackets,32,gaussian,categorical,20.0,,128,5,0.886,0.034409,1.0,0.0,0.886,0.034409,0.888,0.036551,500,0.85515,0.910964,107.614,126,False,7807.94,443,False,1.0,0.0,0.2705192629815745,200,0.0010291847386605896,0.00364741641337386,,,,,,,0.35863245107037434,0.0949331016169977,1.1775573310562024,0.7311148450583405,0,results/T-sweep-Dyck-4/distributions/parentheses_and_brackets_L32_T128_gaussian_categorical_sigma20.0.json
unconditional,parentheses_and_brackets,32,ebsampler,greedy,,0.1,32,1,1.0,0.0,1.0,0.0,1.0,0.0,1.0,0.0,100,0.963005,1.0,33.0,33,True,182.9,100,False,0.01,0.99,0.0,100,0.0012903225806451613,0.002,,,,,,,0.5,0.0,0.0,0.0,0,results/T-sweep-Dyck-4/distributions/parentheses_and_brackets_L32_T32_ebsampler_greedy_gamma0.1.json
unconditional,parentheses_and_brackets,32,ebsampler,greedy,,0.5,32,1,1.0,0.0,1.0,0.0,1.0,0.0,1.0,0.0,100,0.963005,1.0,32.0,32,True,148.49,100,False,0.01,0.99,0.0,100,0.0012903225806451613,0.002,,,,,,,0.5,0.0,0.0,0.0,0,results/T-sweep-Dyck-4/distributions/parentheses_and_brackets_L32_T32_ebsampler_greedy_gamma0.5.json
unconditional,parentheses_and_brackets,32,ebsampler,greedy,,0.9,32,1,1.0,0.0,1.0,0.0,1.0,0.0,1.0,0.0,100,0.963005,1.0,31.0,31,True,162.71,100,False,0.01,0.99,0.0,100,0.0012903225806451613,0.002,,,,,,,0.5,0.0,0.0,0.0,0,results/T-sweep-Dyck-4/distributions/parentheses_and_brackets_L32_T32_ebsampler_greedy_gamma0.9.json
unconditional,parentheses_and_brackets,32,ebsampler,greedy,,2.0,32,1,0.0,0.0,1.0,0.0,0.0,0.0,1.0,0.0,100,0.0,0.036995,15.0,15,True,65.01,0,True,,,,0,,,,,,,,,,,,,0,results/T-sweep-Dyck-4/distributions/parentheses_and_brackets_L32_T32_ebsampler_greedy_gamma2.0.json
unconditional,parentheses_and_brackets,32,ebsampler,greedy,,10.0,32,1,1.0,0.0,1.0,0.0,1.0,0.0,1.0,0.0,100,0.963005,1.0,4.0,4,True,31.62,100,False,0.01,0.99,0.0,100,0.0012903225806451613,0.0026666666666666666,,,,,,,0.4375,0.0,0.0,0.0,0,results/T-sweep-Dyck-4/distributions/parentheses_and_brackets_L32_T32_ebsampler_greedy_gamma10.0.json
unconditional,parentheses_and_brackets,32,ebsampler,greedy,,5.0,32,1,0.0,0.0,1.0,0.0,0.0,0.0,0.0,0.0,100,0.0,0.036995,6.0,6,True,61.83,0,True,,,,0,,,,,,,,,,,,,0,results/T-sweep-Dyck-4/distributions/parentheses_and_brackets_L32_T32_ebsampler_greedy_gamma5.0.json
unconditional,parentheses_and_brackets,32,gaussian,categorical,10.0,,128,5,0.862,0.024819,1.0,0.0,0.862,0.024819,0.862,0.024819,500,0.828997,0.889482,103.622,126,False,9809.43,431,False,1.0,0.0,0.27234079140951906,200,0.001062941310454787,0.0037676609105180532,,,,,,,0.37214534305601593,0.09409357637609107,1.175119222102981,0.6576540920870778,0,results/T-sweep-Dyck-4/distributions/parentheses_and_brackets_L32_T128_gaussian_categorical_sigma10.0.json
unconditional,parentheses_and_brackets,32,ebsampler,categorical,,0.1,32,5,1.0,0.0,1.0,0.0,1.0,0.0,1.0,0.0,500,0.992375,1.0,31.526,33,False,573.4,500,False,1.0,0.0,0.27197716979961534,200,0.0009143155694879833,0.0032406157169862274,,,,,,,0.364543315018315,0.09785704107260966,1.161052147852148,0.7316348594809261,0,results/T-sweep-Dyck-4/distributions/parentheses_and_brackets_L32_T32_ebsampler_categorical_gamma0.1.json
unconditional,parentheses_and_brackets,32,ebsampler,categorical,,0.9,32,5,0.924,0.018547,1.0,0.0,0.912,0.027857,0.912,0.027857,500,0.883923,0.933794,25.282,31,False,585.63,456,False,1.0,0.0,0.269092950611006,200,0.0009971509971509972,0.0035335689045936395,,,,,,,0.35689875730994153,0.10049693497074526,1.1468809638217534,0.6627150680766581,0,results/T-sweep-Dyck-4/distributions/parentheses_and_brackets_L32_T32_ebsampler_categorical_gamma0.9.json
unconditional,parentheses_and_brackets,32,ebsampler,categorical,,0.5,32,5,0.972,0.011662,1.0,0.0,0.958,0.021354,0.958,0.021354,500,0.936648,0.972368,29.318,32,False,828.84,479,False,1.0,0.0,0.2697234202508606,200,0.0009498609132234209,0.0033660589060308557,,,,,,,0.3554267322795507,0.09302195862078999,1.1392950183659998,0.6544143027773245,0,results/T-sweep-Dyck-4/distributions/parentheses_and_brackets_L32_T32_ebsampler_categorical_gamma0.5.json
unconditional,parentheses_and_brackets,32,ebsampler,categorical,,5.0,32,5,0.032,0.011662,1.0,0.0,0.024,0.004899,0.048,0.007483,500,0.013781,0.041477,2.286,7,False,239.28,12,False,1.0,0.0,0.2784090909090909,12,0.03763440860215054,0.13333333333333333,,,,,,,0.4322916666666667,0.06484322707285797,1.4010249010249012,0.9247258927562094,0,results/T-sweep-Dyck-4/distributions/parentheses_and_brackets_L32_T32_ebsampler_categorical_gamma5.0.json
unconditional,not_nested_parentheses_and_brackets,32,uniform,greedy,,,1,5,1.0,0.0,1.0,0.0,1.0,0.0,1.0,0.0,500,0.992375,1.0,1.0,1,False,20.61,500,False,0.002,0.998,0.0,200,0.0001935483870967742,0.0002666666666666667,,,,,,,1.0,0.0,0.0,0.0,0,results/T-sweep-Dyck-4/distributions/not_nested_parentheses_and_brackets_L32_T1_uniform_greedy_none.json
unconditional,parentheses_and_brackets,32,ebsampler,categorical,,2.0,32,5,0.3,0.037417,1.0,0.0,0.24,0.045607,0.364,0.038262,500,0.204637,0.279328,8.494,15,False,365.81,120,False,1.0,0.0,0.27037891759100724,120,0.0037654653039268424,0.013340744858254585,,,,,,,0.3454861111111111,0.0743209680277393,1.2851972101972102,0.8688303658818066,0,results/T-sweep-Dyck-4/distributions/parentheses_and_brackets_L32_T32_ebsampler_categorical_gamma2.0.json
unconditional,not_nested_parentheses_and_brackets,32,uniform,greedy,,,2,5,0.002,0.004,0.524,0.038781,0.002,0.004,1.0,0.0,500,0.000353,0.011241,2.0,2,False,21.97,1,True,1.0,0.0,,1,0.2903225806451613,0.6,,,,,,,1.0,,0.6,,0,results/T-sweep-Dyck-4/distributions/not_nested_parentheses_and_brackets_L32_T2_uniform_greedy_none.json
unconditional,not_nested_parentheses_and_brackets,32,uniform,greedy,,,4,5,0.106,0.036111,0.188,0.057061,0.02,0.014142,0.818,0.03544,500,0.010899,0.036421,3.812,4,False,27.78,10,False,1.0,0.0,0.25277777777777777,10,0.05161290322580645,0.17666666666666667,,,,,,,0.61875,0.12639842760097927,0.7813919413919413,0.9393515722970718,0,results/T-sweep-Dyck-4/distributions/not_nested_parentheses_and_brackets_L32_T4_uniform_greedy_none.json
unconditional,not_nested_parentheses_and_brackets,32,uniform,greedy,,,8,5,0.29,0.045607,0.348,0.044452,0.124,0.036111,0.786,0.039294,500,0.097946,0.155788,7.756,8,False,39.17,62,False,1.0,0.0,0.2610969725013221,62,0.008324661810613945,0.034408602150537634,,,,,,,0.6179435483870968,0.11617260187375777,1.2507707346417025,1.2475774018808088,0,results/T-sweep-Dyck-4/distributions/not_nested_parentheses_and_brackets_L32_T8_uniform_greedy_none.json
unconditional,not_nested_parentheses_and_brackets,32,uniform,greedy,,,16,5,0.446,0.044091,0.682,0.020396,0.36,0.044272,0.812,0.047917,500,0.319141,0.402994,15.632,16,False,67.86,180,False,1.0,0.0,0.25439459186840474,180,0.002867383512544803,0.011851851851851851,,,,,,,0.596875,0.09822093682385419,1.0234891034891036,0.7501564710075498,0,results/T-sweep-Dyck-4/distributions/not_nested_parentheses_and_brackets_L32_T16_uniform_greedy_none.json
unconditional,parentheses_and_brackets,32,ebsampler,categorical,,10.0,32,5,0.014,0.010198,1.0,0.0,0.014,0.010198,0.042,0.011662,500,0.006798,0.028613,1.554,4,False,215.24,7,False,1.0,0.0,0.27529761904761907,7,0.06451612903225806,0.22380952380952382,,,,,,,0.39285714285714285,0.07985957062499249,1.2412698412698415,0.5580804303071933,0,results/T-sweep-Dyck-4/distributions/parentheses_and_brackets_L32_T32_ebsampler_categorical_gamma10.0.json
unconditional,not_nested_parentheses_and_brackets,32,uniform,greedy,,,32,5,0.642,0.017205,0.88,0.008944,0.596,0.02498,0.906,0.039294,500,0.552415,0.638122,31.304,32,False,118.8,298,False,1.0,0.0,0.24762484296482412,200,0.0017319766183156527,0.0071588366890380315,,,,,,,0.6098993288590604,0.10877285272292189,0.8634020714557628,0.46150789877106785,0,results/T-sweep-Dyck-4/distributions/not_nested_parentheses_and_brackets_L32_T32_uniform_greedy_none.json
unconditional,not_nested_parentheses_and_brackets,32,uniform,greedy,,,64,5,0.784,0.049639,0.946,0.020591,0.77,0.041952,0.94,0.021909,500,0.731137,0.804746,61.39,63,False,224.27,385,False,1.0,0.0,0.2446089824120603,200,0.0013405948889819858,0.005541125541125541,,,,,,,0.6063311688311688,0.11619340153800256,0.7971280090760611,0.4199417757316747,0,results/T-sweep-Dyck-4/distributions/not_nested_parentheses_and_brackets_L32_T64_uniform_greedy_none.json
unconditional,not_nested_parentheses_and_brackets,32,uniform,greedy,,,128,5,0.888,0.013266,0.984,0.012,0.884,0.016248,0.978,0.011662,500,0.852958,0.909187,121.628,125,False,431.17,442,False,1.0,0.0,0.24306218592964823,200,0.0011677127426653043,0.0048265460030165915,,,,,,,0.6073246606334841,0.09938518764421021,0.769528309799803,0.37902221424855365,0,results/T-sweep-Dyck-4/distributions/not_nested_parentheses_and_brackets_L32_T128_uniform_greedy_none.json
unconditional,not_nested_parentheses_and_brackets,32,uniform,categorical,,,1,5,0.066,0.012,0.066,0.024166,0.006,0.004899,0.846,0.036111,500,0.002043,0.017491,1.0,1,False,20.64,3,True,,,,3,,,,,,,,,0.5416666666666666,0.02946278254943948,1.2433862433862435,0.36411958802296834,0,results/T-sweep-Dyck-4/distributions/not_nested_parentheses_and_brackets_L32_T1_uniform_categorical_none.json
unconditional,not_nested_parentheses_and_brackets,32,uniform,categorical,,,2,5,0.122,0.034871,0.132,0.029257,0.032,0.024819,0.794,0.037736,500,0.019791,0.051345,1.814,2,False,22.06,16,False,1.0,0.0,0.27098039215686276,16,0.032388663967611336,0.13389121338912133,,,,,,,0.4778645833333333,0.07671249125862206,1.2327741702741704,0.8382035553900415,0,results/T-sweep-Dyck-4/distributions/not_nested_parentheses_and_brackets_L32_T2_uniform_categorical_none.json
unconditional,not_nested_parentheses_and_brackets,32,uniform,categorical,,,4,5,0.202,0.026382,0.19,0.016733,0.098,0.01833,0.786,0.025768,500,0.074924,0.127207,3.67,4,False,26.31,49,False,1.0,0.0,0.2665653008962868,49,0.010575016523463317,0.04371584699453552,,,,,,,0.45986394557823135,0.08698908937677306,1.0862075566157199,0.445319938541924,0,results/T-sweep-Dyck-4/distributions/not_nested_parentheses_and_brackets_L32_T4_uniform_categorical_none.json
unconditional,parentheses_and_brackets,32,ar,categorical,,,34,5,1.0,0.0,1.0,0.0,1.0,0.0,1.0,0.0,500,0.992375,1.0,33.0,33,False,2068.5,500,False,1.0,0.0,0.2685518788913119,200,0.0009102730819245773,0.0032258064516129032,,,,,,,0.3567607142857143,0.0878439261174364,1.1668617493617495,0.6956900098153185,0,results/T-sweep-Dyck-4/distributions/parentheses_and_brackets_L32_T34_ar_categorical_none.json
unconditional,not_nested_parentheses_and_brackets,32,uniform,categorical,,,8,5,0.344,0.037736,0.36,0.010954,0.282,0.027857,0.726,0.013565,500,0.244336,0.322989,7.426,8,False,37.05,141,False,1.0,0.0,0.26887800393126626,141,0.003665521191294387,0.015151515151515152,,,,,,,0.4309988179669031,0.0981775532028453,0.9956676696038399,0.3538252867082323,0,results/T-sweep-Dyck-4/distributions/not_nested_parentheses_and_brackets_L32_T8_uniform_categorical_none.json
unconditional,not_nested_parentheses_and_brackets,32,uniform,categorical,,,16,5,0.562,0.0402,0.566,0.039799,0.52,0.042426,0.774,0.028705,500,0.476223,0.563472,15.088,16,False,62.36,260,False,1.0,0.0,0.270495086035764,200,0.0019975031210986267,0.008258064516129033,,,,,,,0.4289697802197802,0.10013861262746736,1.0579556554556555,0.4264211521483035,0,results/T-sweep-Dyck-4/distributions/not_nested_parentheses_and_brackets_L32_T16_uniform_categorical_none.json
unconditional,not_nested_parentheses_and_brackets,32,uniform,categorical,,,32,5,0.734,0.030725,0.722,0.034871,0.696,0.027276,0.84,0.026077,500,0.654313,0.734699,30.544,32,False,108.79,348,False,1.0,0.0,0.2699999211126275,200,0.001490035388340473,0.006159769008662175,,,,,,,0.4179255610290093,0.09044205035703179,1.0774443946857741,0.44788862511069333,0,results/T-sweep-Dyck-4/distributions/not_nested_parentheses_and_brackets_L32_T32_uniform_categorical_none.json
unconditional,not_nested_parentheses_and_brackets,32,uniform,categorical,,,64,5,0.854,0.028705,0.858,0.027857,0.848,0.032496,0.93,0.012649,500,0.813885,0.876808,61.086,63,False,212.46,424,False,1.0,0.0,0.2688048145369255,200,0.0012223071046600458,0.005052897520922154,,,,,,,0.42251375786163525,0.10045633305088048,1.073393980233603,0.4530472575442512,0,results/T-sweep-Dyck-4/distributions/not_nested_parentheses_and_brackets_L32_T64_uniform_categorical_none.json
unconditional,not_nested_parentheses_and_brackets,32,uniform,greedy,,,256,5,0.95,0.018974,0.994,0.004899,0.948,0.020396,0.99,0.006325,500,0.924898,0.96427,241.732,249,False,815.99,474,False,1.0,0.0,0.24190797738693468,200,0.0010888798148904315,0.00450070323488045,,,,,,,0.601925105485232,0.1038387624595165,0.7458561129447205,0.35147173683737,0,results/T-sweep-Dyck-4/distributions/not_nested_parentheses_and_brackets_L32_T256_uniform_greedy_none.json
unconditional,not_nested_parentheses_and_brackets,32,uniform,categorical,,,128,5,0.926,0.020591,0.94,0.02,0.924,0.019596,0.96,0.020976,500,0.897403,0.944131,121.364,125,False,338.33,462,False,1.0,0.0,0.2694510555289008,200,0.0011231222799382282,0.0046430644225188625,,,,,,,0.42124819624819626,0.09516428020231231,1.0935369464590243,0.44983072086812126,0,results/T-sweep-Dyck-4/distributions/not_nested_parentheses_and_brackets_L32_T128_uniform_categorical_none.json
unconditional,not_nested_parentheses_and_brackets,32,gaussian,greedy,1.0,,1,5,1.0,0.0,1.0,0.0,1.0,0.0,1.0,0.0,500,0.992375,1.0,1.002,2,False,13.13,500,False,0.002,0.998,0.0,200,0.0001935483870967742,0.0002666666666666667,,,,,,,1.0,0.0,0.0,0.0,0,results/T-sweep-Dyck-4/distributions/not_nested_parentheses_and_brackets_L32_T1_gaussian_greedy_sigma1.0.json
unconditional,not_nested_parentheses_and_brackets,32,gaussian,greedy,2.0,,1,5,1.0,0.0,1.0,0.0,1.0,0.0,1.0,0.0,500,0.992375,1.0,1.008,2,False,20.29,500,False,0.002,0.998,0.0,200,0.0001935483870967742,0.0002666666666666667,,,,,,,1.0,0.0,0.0,0.0,0,results/T-sweep-Dyck-4/distributions/not_nested_parentheses_and_brackets_L32_T1_gaussian_greedy_sigma2.0.json
unconditional,not_nested_parentheses_and_brackets,32,gaussian,greedy,5.0,,1,5,1.0,0.0,1.0,0.0,1.0,0.0,1.0,0.0,500,0.992375,1.0,1.032,2,False,20.8,500,False,0.002,0.998,0.0,200,0.0001935483870967742,0.0002666666666666667,,,,,,,1.0,0.0,0.0,0.0,0,results/T-sweep-Dyck-4/distributions/not_nested_parentheses_and_brackets_L32_T1_gaussian_greedy_sigma5.0.json
unconditional,not_nested_parentheses_and_brackets,32,gaussian,greedy,10.0,,1,5,1.0,0.0,1.0,0.0,1.0,0.0,1.0,0.0,500,0.992375,1.0,1.068,2,False,20.71,500,False,0.002,0.998,0.0,200,0.0001935483870967742,0.0002666666666666667,,,,,,,1.0,0.0,0.0,0.0,0,results/T-sweep-Dyck-4/distributions/not_nested_parentheses_and_brackets_L32_T1_gaussian_greedy_sigma10.0.json
unconditional,not_nested_parentheses_and_brackets,32,gaussian,greedy,20.0,,1,5,0.998,0.004,1.0,0.0,0.998,0.004,1.0,0.0,500,0.988759,0.999647,1.162,2,False,20.79,499,False,0.002004008016032064,0.9979959919839679,0.0,200,0.0001939362596160062,0.0002672010688042752,,,,,,,1.0,0.0,0.0,0.0,0,results/T-sweep-Dyck-4/distributions/not_nested_parentheses_and_brackets_L32_T1_gaussian_greedy_sigma20.0.json
unconditional,not_nested_parentheses_and_brackets,32,gaussian,greedy,50.0,,1,5,0.99,0.010954,1.0,0.0,0.99,0.010954,1.0,0.0,500,0.976807,0.995721,1.304,2,False,20.76,495,False,0.00202020202020202,0.997979797979798,0.0,200,0.00019550342130987292,0.00026936026936026934,,,,,,,1.0,0.0,0.0,0.0,0,results/T-sweep-Dyck-4/distributions/not_nested_parentheses_and_brackets_L32_T1_gaussian_greedy_sigma50.0.json
unconditional,not_nested_parentheses_and_brackets,32,gaussian,greedy,100.0,,1,5,0.962,0.013266,1.0,0.0,0.962,0.013266,1.0,0.0,500,0.941415,0.97554,1.434,2,False,20.86,481,False,0.002079002079002079,0.997920997920998,0.0,200,0.00020119374958084635,0.0002772002772002772,,,,,,,1.0,0.0,0.0,0.0,0,results/T-sweep-Dyck-4/distributions/not_nested_parentheses_and_brackets_L32_T1_gaussian_greedy_sigma100.0.json
unconditional,not_nested_parentheses_and_brackets,32,gaussian,greedy,256.0,,1,5,0.94,0.010954,1.0,0.0,0.94,0.010954,1.0,0.0,500,0.915638,0.957652,1.512,2,False,20.81,470,False,0.002127659574468085,0.997872340425532,0.0,200,0.0002059025394646534,0.00028368794326241134,,,,,,,1.0,0.0,0.0,0.0,0,results/T-sweep-Dyck-4/distributions/not_nested_parentheses_and_brackets_L32_T1_gaussian_greedy_sigma256.0.json
unconditional,not_nested_parentheses_and_brackets,32,gaussian,greedy,1.0,,2,5,0.83,0.032863,1.0,0.0,0.83,0.032863,1.0,0.0,500,0.794588,0.86038,2.002,3,False,22.78,415,False,0.0024096385542168677,0.9975903614457832,0.0,200,0.0002331908278274388,0.000321285140562249,,,,,,,1.0,0.0,0.0,0.0,0,results/T-sweep-Dyck-4/distributions/not_nested_parentheses_and_brackets_L32_T2_gaussian_greedy_sigma1.0.json
unconditional,not_nested_parentheses_and_brackets,32,gaussian,greedy,2.0,,2,5,0.564,0.046303,1.0,0.0,0.564,0.046303,1.0,0.0,500,0.520209,0.606815,2.006,3,False,23.03,282,False,0.0035460992907801418,0.9964539007092199,0.0,200,0.00034317089910775565,0.00047281323877068556,,,,,,,1.0,0.0,0.0,0.0,0,results/T-sweep-Dyck-4/distributions/not_nested_parentheses_and_brackets_L32_T2_gaussian_greedy_sigma2.0.json
unconditional,not_nested_parentheses_and_brackets,32,gaussian,greedy,5.0,,2,5,0.128,0.052307,1.0,0.0,0.128,0.052307,0.976,0.013565,500,0.101526,0.160146,2.004,3,False,23.37,64,False,0.046875,0.953125,0.001953125,64,0.0020161290322580645,0.004166666666666667,,,,,,,0.99609375,0.02174907954230477,0.0,0.0,0,results/T-sweep-Dyck-4/distributions/not_nested_parentheses_and_brackets_L32_T2_gaussian_greedy_sigma5.0.json
unconditional,not_nested_parentheses_and_brackets,32,gaussian,greedy,10.0,,2,5,0.016,0.012,0.886,0.034986,0.016,0.012,0.94,0.028983,500,0.008129,0.031251,2.004,3,False,20.35,8,False,0.375,0.625,0.015625,8,0.016129032258064516,0.03333333333333333,,,,,,,0.96875,0.05412658773652741,0.0,0.0,0,results/T-sweep-Dyck-4/distributions/not_nested_parentheses_and_brackets_L32_T2_gaussian_greedy_sigma10.0.json
unconditional,not_nested_parentheses_and_brackets,32,gaussian,greedy,20.0,,2,5,0.004,0.004899,0.564,0.058515,0.004,0.004899,0.854,0.037736,500,0.001098,0.014466,2.004,3,False,22.76,2,True,,,,2,,,,,,,,,0.9375,0.0625,0.0,0.0,0,results/T-sweep-Dyck-4/distributions/not_nested_parentheses_and_brackets_L32_T2_gaussian_greedy_sigma20.0.json
unconditional,not_nested_parentheses_and_brackets,32,gaussian,greedy,50.0,,2,5,0.0,0.0,0.498,0.01833,0.0,0.0,0.698,0.032496,500,-0.0,0.007625,2.002,3,False,22.4,0,True,,,,0,,,,,,,,,,,,,0,results/T-sweep-Dyck-4/distributions/not_nested_parentheses_and_brackets_L32_T2_gaussian_greedy_sigma50.0.json
unconditional,not_nested_parentheses_and_brackets,32,gaussian,greedy,100.0,,2,5,0.004,0.004899,0.468,0.036551,0.004,0.004899,0.592,0.030594,500,0.001098,0.014466,2.008,3,False,22.43,2,True,,,,2,,,,,,,,,1.0,0.0,0.5272727272727272,0.07272727272727272,0,results/T-sweep-Dyck-4/distributions/not_nested_parentheses_and_brackets_L32_T2_gaussian_greedy_sigma100.0.json
unconditional,not_nested_parentheses_and_brackets,32,gaussian,greedy,256.0,,2,5,0.004,0.008,0.44,0.030984,0.004,0.008,0.504,0.026533,500,0.001098,0.014466,2.006,3,False,22.33,2,True,,,,2,,,,,,,,,0.875,0.125,0.3,0.3,0,results/T-sweep-Dyck-4/distributions/not_nested_parentheses_and_brackets_L32_T2_gaussian_greedy_sigma256.0.json
unconditional,not_nested_parentheses_and_brackets,32,gaussian,greedy,1.0,,4,5,0.134,0.024166,0.214,0.023324,0.134,0.024166,0.136,0.021541,500,0.106915,0.166667,2.418,4,False,35.29,67,False,0.23880597014925373,0.7611940298507462,0.029101650836725463,67,0.004814636494944632,0.008955223880597015,,,,,,,0.49533582089552236,0.016424269460502808,0.0029850746268656717,0.013787469114976136,0,results/T-sweep-Dyck-4/distributions/not_nested_parentheses_and_brackets_L32_T4_gaussian_greedy_sigma1.0.json
unconditional,not_nested_parentheses_and_brackets,32,gaussian,greedy,2.0,,4,5,0.06,0.0,0.046,0.013565,0.034,0.004899,0.06,0.018974,500,0.021334,0.053772,2.322,4,False,36.66,17,False,0.8235294117647058,0.17647058823529416,0.16590073529411764,17,0.028462998102466792,0.06862745098039216,,,,,,,0.5661764705882353,0.12215623327820699,0.3389355742296919,0.62164127056153,0,results/T-sweep-Dyck-4/distributions/not_nested_parentheses_and_brackets_L32_T4_gaussian_greedy_sigma2.0.json
unconditional,not_nested_parentheses_and_brackets,32,gaussian,greedy,5.0,,4,5,0.224,0.028705,0.102,0.019391,0.06,0.006325,0.216,0.032,500,0.042348,0.084362,2.962,5,False,40.02,30,False,1.0,0.0,0.21580459770114943,30,0.017204301075268817,0.06,,,,,,,0.79375,0.12305782854685299,2.4776046176046176,1.9392198757608743,0,results/T-sweep-Dyck-4/distributions/not_nested_parentheses_and_brackets_L32_T4_gaussian_greedy_sigma5.0.json
unconditional,not_nested_parentheses_and_brackets,32,gaussian,greedy,10.0,,4,5,0.154,0.027276,0.152,0.020396,0.066,0.014967,0.232,0.034871,500,0.047378,0.09124,3.076,5,False,40.24,33,False,1.0,0.0,0.22132457386363635,33,0.015640273704789834,0.05555555555555555,,,,,,,0.8106060606060606,0.10932477037622584,1.462258953168044,1.310130507088121,0,results/T-sweep-Dyck-4/distributions/not_nested_parentheses_and_brackets_L32_T4_gaussian_greedy_sigma10.0.json
unconditional,not_nested_parentheses_and_brackets,32,gaussian,greedy,20.0,,4,5,0.116,0.037736,0.138,0.016,0.056,0.025768,0.214,0.058172,500,0.039025,0.079745,3.096,5,False,37.61,28,False,1.0,0.0,0.23950066137566137,28,0.018433179723502304,0.06785714285714285,,,,,,,0.7366071428571429,0.1286922795124962,1.1186004471718758,1.2994368942590466,0,results/T-sweep-Dyck-4/distributions/not_nested_parentheses_and_brackets_L32_T4_gaussian_greedy_sigma20.0.json
unconditional,not_nested_parentheses_and_brackets,32,gaussian,greedy,50.0,,4,5,0.146,0.034986,0.194,0.042237,0.098,0.024819,0.242,0.029257,500,0.074924,0.127207,3.288,5,False,33.75,49,False,1.0,0.0,0.2360358205782313,49,0.01053324555628703,0.04353741496598639,,,,,,,0.6849489795918368,0.1546263516397116,0.6328302083404124,0.5915294702195052,0,results/T-sweep-Dyck-4/distributions/not_nested_parentheses_and_brackets_L32_T4_gaussian_greedy_sigma50.0.json
unconditional,not_nested_parentheses_and_brackets,32,uniform,greedy,,,512,5,0.978,0.014697,0.994,0.004899,0.974,0.013565,0.99,0.006325,500,0.956028,0.984744,481.97,497,False,1356.44,487,False,1.0,0.0,0.24454224246231157,200,0.0010598132079221037,0.004380561259411362,,,,,,,0.5966375770020534,0.10229928795901606,0.7344597451373632,0.3078098998758304,0,results/T-sweep-Dyck-4/distributions/not_nested_parentheses_and_brackets_L32_T512_uniform_greedy_none.json
unconditional,not_nested_parentheses_and_brackets,32,uniform,categorical,,,256,5,0.968,0.014697,0.966,0.012,0.966,0.012,0.982,0.011662,500,0.946228,0.978666,240.622,249,False,757.32,483,False,1.0,0.0,0.2689869176443876,200,0.0010743302222520647,0.004441360166551007,,,,,,,0.42867238868791663,0.09669887180277374,1.0717928321965589,0.4462146105460081,0,results/T-sweep-Dyck-4/distributions/not_nested_parentheses_and_brackets_L32_T256_uniform_categorical_none.json
unconditional,not_nested_parentheses_and_brackets,32,gaussian,greedy,100.0,,4,5,0.146,0.038781,0.202,0.050359,0.092,0.020396,0.274,0.042708,500,0.069682,0.120539,3.384,5,False,32.29,46,False,1.0,0.0,0.2523550724637681,46,0.011220196353436185,0.0463768115942029,,,,,,,0.6603260869565217,0.1413565956917386,0.9722451461581897,0.9861309491759105,0,results/T-sweep-Dyck-4/distributions/not_nested_parentheses_and_brackets_L32_T4_gaussian_greedy_sigma100.0.json
unconditional,not_nested_parentheses_and_brackets,32,gaussian,greedy,256.0,,4,5,0.138,0.016,0.214,0.032619,0.094,0.020591,0.288,0.037094,500,0.071426,0.122765,3.518,5,False,30.88,47,False,1.0,0.0,0.24442067530064754,47,0.01098146877144818,0.04539007092198582,,,,,,,0.6595744680851063,0.14801911818451466,0.7090389515921431,0.73202814974899,0,results/T-sweep-Dyck-4/distributions/not_nested_parentheses_and_brackets_L32_T4_gaussian_greedy_sigma256.0.json
unconditional,not_nested_parentheses_and_brackets,32,gaussian,greedy,1.0,,8,5,0.048,0.016,0.048,0.024819,0.032,0.017205,0.044,0.014967,500,0.019791,0.051345,4.878,8,False,61.0,16,False,0.9375,0.0625,0.213671875,16,0.03024193548387097,0.07708333333333334,,,,,,,0.46875,0.05846339666834283,2.588034188034188,3.88335400242247,0,results/T-sweep-Dyck-4/distributions/not_nested_parentheses_and_brackets_L32_T8_gaussian_greedy_sigma1.0.json
unconditional,not_nested_parentheses_and_brackets,32,gaussian,greedy,2.0,,8,5,0.098,0.024,0.092,0.032496,0.058,0.026382,0.116,0.030067,500,0.040683,0.082057,5.46,8,False,64.95,29,False,1.0,0.0,0.2817887931034483,29,0.017797552836484983,0.06551724137931035,,,,,,,0.4978448275862069,0.11190306022195835,3.1773460256218877,4.477296159787413,0,results/T-sweep-Dyck-4/distributions/not_nested_parentheses_and_brackets_L32_T8_gaussian_greedy_sigma2.0.json
unconditional,not_nested_parentheses_and_brackets,32,gaussian,greedy,5.0,,8,5,0.21,0.057619,0.212,0.058788,0.136,0.033823,0.258,0.0402,500,0.108715,0.168836,5.886,9,False,69.91,68,False,1.0,0.0,0.2865246378402107,68,0.007590132827324478,0.03137254901960784,,,,,,,0.5340073529411765,0.09185200262983234,1.6002474649533471,1.700676822218848,0,results/T-sweep-Dyck-4/distributions/not_nested_parentheses_and_brackets_L32_T8_gaussian_greedy_sigma5.0.json
unconditional,not_nested_parentheses_and_brackets,32,gaussian,greedy,20.0,,8,5,0.354,0.043174,0.382,0.046217,0.266,0.04128,0.456,0.067409,500,0.22916,0.306409,6.642,9,False,46.43,133,False,1.0,0.0,0.26699739405331513,133,0.003880669415474169,0.016040100250626566,,,,,,,0.612312030075188,0.1143897768958608,1.2672542161263967,1.2454206278072955,0,results/T-sweep-Dyck-4/distributions/not_nested_parentheses_and_brackets_L32_T8_gaussian_greedy_sigma20.0.json
unconditional,not_nested_parentheses_and_brackets,32,gaussian,greedy,10.0,,8,5,0.298,0.027857,0.328,0.029257,0.218,0.016,0.384,0.063435,500,0.184033,0.256267,6.3,9,False,69.77,109,False,1.0,0.0,0.27666018943255183,109,0.004735128736312519,0.019571865443425075,,,,,,,0.5865825688073395,0.11543329846019834,1.5917063568439713,2.024117446832995,0,results/T-sweep-Dyck-4/distributions/not_nested_parentheses_and_brackets_L32_T8_gaussian_greedy_sigma10.0.json
unconditional,not_nested_parentheses_and_brackets,32,gaussian,greedy,50.0,,8,5,0.408,0.040694,0.498,0.022271,0.346,0.033823,0.552,0.049558,500,0.305621,0.388728,7.214,9,False,55.93,173,False,1.0,0.0,0.26585919646457856,173,0.0029834048107402573,0.01233140655105973,,,,,,,0.6123554913294798,0.1262508830686964,1.3008043979142245,1.6138568159355515,0,results/T-sweep-Dyck-4/distributions/not_nested_parentheses_and_brackets_L32_T8_gaussian_greedy_sigma50.0.json
unconditional,not_nested_parentheses_and_brackets,32,gaussian,greedy,100.0,,8,5,0.45,0.04858,0.476,0.066513,0.346,0.048826,0.572,0.033106,500,0.305621,0.388728,7.426,9,False,37.14,173,False,1.0,0.0,0.267007074203522,173,0.0029834048107402573,0.01233140655105973,,,,,,,0.6304190751445087,0.10832609373606962,1.5319543654803771,1.6325365767711417,0,results/T-sweep-Dyck-4/distributions/not_nested_parentheses_and_brackets_L32_T8_gaussian_greedy_sigma100.0.json
unconditional,not_nested_parentheses_and_brackets,32,gaussian,greedy,256.0,,8,5,0.476,0.025768,0.51,0.070993,0.372,0.03763,0.602,0.024,500,0.33076,0.415192,7.61,9,False,51.93,186,False,1.0,0.0,0.2664232781168265,186,0.002774887270204648,0.011469534050179211,,,,,,,0.6001344086021505,0.11902373125135313,1.312590157751448,1.1796458101371554,0,results/T-sweep-Dyck-4/distributions/not_nested_parentheses_and_brackets_L32_T8_gaussian_greedy_sigma256.0.json
unconditional,not_nested_parentheses_and_brackets,32,gaussian,greedy,1.0,,16,5,0.15,0.051381,0.12,0.038987,0.1,0.040988,0.114,0.042237,500,0.076677,0.129423,11.144,16,False,115.19,50,False,1.0,0.0,0.25698979591836735,50,0.01032258064516129,0.042,,,,,,,0.45375,0.05563553271066972,0.8167059607059608,0.8236122203820193,0,results/T-sweep-Dyck-4/distributions/not_nested_parentheses_and_brackets_L32_T16_gaussian_greedy_sigma1.0.json
unconditional,not_nested_parentheses_and_brackets,32,gaussian,greedy,2.0,,16,5,0.25,0.054037,0.242,0.045343,0.194,0.04128,0.252,0.048744,500,0.161726,0.23094,11.996,17,False,122.13,97,False,1.0,0.0,0.2722428049828179,97,0.005320917858330562,0.021993127147766325,,,,,,,0.4587628865979381,0.06464526887208251,0.8744307239152601,0.7639494680522819,0,results/T-sweep-Dyck-4/distributions/not_nested_parentheses_and_brackets_L32_T16_gaussian_greedy_sigma2.0.json
unconditional,not_nested_parentheses_and_brackets,32,gaussian,greedy,5.0,,16,5,0.446,0.023324,0.54,0.028284,0.412,0.027857,0.512,0.039699,500,0.369688,0.455654,12.864,17,False,130.87,206,False,1.0,0.0,0.27434359296482413,200,0.002505480739116818,0.010355987055016181,,,,,,,0.4933252427184466,0.08877906221106985,1.0659077707621398,1.0477437040386388,0,results/T-sweep-Dyck-4/distributions/not_nested_parentheses_and_brackets_L32_T16_gaussian_greedy_sigma5.0.json
unconditional,not_nested_parentheses_and_brackets,32,gaussian,greedy,10.0,,16,5,0.602,0.058103,0.636,0.018547,0.528,0.038678,0.644,0.033823,500,0.484195,0.571378,13.456,17,False,128.14,264,False,1.0,0.0,0.26858746859296484,200,0.0019550342130987292,0.00808080808080808,,,,,,,0.5400094696969697,0.10269901644371604,1.243693007329371,1.1794863927335628,0,results/T-sweep-Dyck-4/distributions/not_nested_parentheses_and_brackets_L32_T16_gaussian_greedy_sigma10.0.json
unconditional,not_nested_parentheses_and_brackets,32,gaussian,greedy,20.0,,16,5,0.682,0.054918,0.768,0.061774,0.636,0.078128,0.764,0.074993,500,0.592937,0.676989,14.228,17,False,110.67,318,False,1.0,0.0,0.26034783291457286,200,0.0016230472712517752,0.0067085953878406705,,,,,,,0.5807783018867925,0.10721570745659564,1.0910677023884572,0.900119329271741,0,results/T-sweep-Dyck-4/distributions/not_nested_parentheses_and_brackets_L32_T16_gaussian_greedy_sigma20.0.json
unconditional,not_nested_parentheses_and_brackets,32,gaussian,greedy,50.0,,16,5,0.692,0.034871,0.794,0.027276,0.652,0.03763,0.82,0.042426,500,0.609232,0.69245,14.986,17,False,104.21,326,False,1.0,0.0,0.25621545226130654,200,0.001583217890362161,0.006543967280163599,,,,,,,0.5993098159509203,0.10797167471927033,1.117854333805254,1.1791538522899327,0,results/T-sweep-Dyck-4/distributions/not_nested_parentheses_and_brackets_L32_T16_gaussian_greedy_sigma50.0.json
unconditional,not_nested_parentheses_and_brackets,32,gaussian,greedy,100.0,,16,5,0.714,0.045869,0.794,0.032619,0.652,0.038678,0.826,0.030725,500,0.609232,0.69245,15.332,17,False,94.95,326,False,1.0,0.0,0.25590452261306534,200,0.001583217890362161,0.006543967280163599,,,,,,,0.5991180981595092,0.10886549227672165,1.0362135478699896,0.7253438131278396,0,results/T-sweep-Dyck-4/distributions/not_nested_parentheses_and_brackets_L32_T16_gaussian_greedy_sigma100.0.json
unconditional,not_nested_parentheses_and_brackets,32,gaussian,greedy,256.0,,16,5,0.684,0.032619,0.828,0.027129,0.632,0.024,0.842,0.019391,500,0.588871,0.673116,15.546,17,False,91.46,316,False,1.0,0.0,0.2548413944723618,200,0.0016333197223356473,0.006751054852320675,,,,,,,0.5953322784810127,0.11331878706729727,1.0429213543137594,0.7874166762746686,0,results/T-sweep-Dyck-4/distributions/not_nested_parentheses_and_brackets_L32_T16_gaussian_greedy_sigma256.0.json
unconditional,not_nested_parentheses_and_brackets,32,gaussian,greedy,1.0,,32,5,0.422,0.060465,0.356,0.077872,0.33,0.075366,0.344,0.075525,500,0.290217,0.372375,26.29,32,False,228.2,165,False,1.0,0.0,0.23217618255728012,165,0.0031280547409579668,0.01292929292929293,,,,,,,0.42234848484848486,0.04137293157852469,0.45286982377891466,0.23562728811980008,0,results/T-sweep-Dyck-4/distributions/not_nested_parentheses_and_brackets_L32_T32_gaussian_greedy_sigma1.0.json
unconditional,not_nested_parentheses_and_brackets,32,gaussian,greedy,2.0,,32,5,0.526,0.05004,0.534,0.041761,0.484,0.049639,0.526,0.030067,500,0.440485,0.527759,26.492,33,False,235.74,242,False,1.0,0.0,0.24815797738693468,200,0.0021327645961077045,0.008815426997245178,,,,,,,0.4269111570247934,0.05330831265229512,0.5286579352695056,0.36887853985333796,0,results/T-sweep-Dyck-4/distributions/not_nested_parentheses_and_brackets_L32_T32_gaussian_greedy_sigma2.0.json
unconditional,not_nested_parentheses_and_brackets,32,gaussian,greedy,5.0,,32,5,0.692,0.059127,0.77,0.0498,0.672,0.057061,0.746,0.049234,500,0.629673,0.711705,27.47,33,False,253.55,336,False,1.0,0.0,0.26587233040201,200,0.0015360983102918587,0.006349206349206349,,,,,,,0.46335565476190477,0.07666015272384158,0.8723612366469509,0.6446159503880621,0,results/T-sweep-Dyck-4/distributions/not_nested_parentheses_and_brackets_L32_T32_gaussian_greedy_sigma5.0.json
unconditional,not_nested_parentheses_and_brackets,32,gaussian,greedy,10.0,,32,5,0.778,0.037094,0.838,0.037094,0.736,0.035553,0.828,0.053066,500,0.695668,0.772733,27.666,33,False,249.25,368,False,1.0,0.0,0.2616763505025126,200,0.001402524544179523,0.005797101449275362,,,,,,,0.5254755434782609,0.08903798621282416,1.0536779645475298,0.7804902074197468,0,results/T-sweep-Dyck-4/distributions/not_nested_parentheses_and_brackets_L32_T32_gaussian_greedy_sigma10.0.json
unconditional,not_nested_parentheses_and_brackets,32,uniform,categorical,,,512,5,0.988,0.011662,0.99,0.010954,0.988,0.011662,0.994,0.008,500,0.974069,0.994489,482.204,497,False,1606.71,494,False,1.0,0.0,0.26847760816661925,200,0.0010512483574244415,0.004346054597310879,,,,,,,0.4226298920377868,0.10132929880604404,1.0760473388509826,0.40536492960169856,0,results/T-sweep-Dyck-4/distributions/not_nested_parentheses_and_brackets_L32_T512_uniform_categorical_none.json
unconditional,not_nested_parentheses_and_brackets,32,gaussian,greedy,50.0,,32,5,0.842,0.019391,0.952,0.013266,0.832,0.020396,0.924,0.014967,500,0.796725,0.862212,30.06,33,False,197.69,416,False,1.0,0.0,0.25202418341708543,200,0.0012406947890818859,0.005128205128205128,,,,,,,0.5934495192307693,0.10391552990548665,0.9208951305105152,0.571821261055066,0,results/T-sweep-Dyck-4/distributions/not_nested_parentheses_and_brackets_L32_T32_gaussian_greedy_sigma50.0.json
unconditional,not_nested_parentheses_and_brackets,32,gaussian,greedy,20.0,,32,5,0.832,0.044452,0.914,0.027276,0.816,0.049639,0.904,0.026533,500,0.77967,0.847511,28.664,33,False,227.02,408,False,1.0,0.0,0.25521199748743717,200,0.001265022137887413,0.00522875816993464,,,,,,,0.5715379901960784,0.10458562212734888,0.9451353657236011,0.604396216475669,0,results/T-sweep-Dyck-4/distributions/not_nested_parentheses_and_brackets_L32_T32_gaussian_greedy_sigma20.0.json
unconditional,not_nested_parentheses_and_brackets,32,gaussian,greedy,256.0,,32,5,0.78,0.026077,0.942,0.034293,0.772,0.027129,0.946,0.014967,500,0.733233,0.806619,31.17,33,False,169.29,386,False,1.0,0.0,0.24798680904522613,200,0.0013371218452281465,0.005526770293609672,,,,,,,0.5943976683937824,0.10408096076385605,0.879788720203228,0.5121508311581952,0,results/T-sweep-Dyck-4/distributions/not_nested_parentheses_and_brackets_L32_T32_gaussian_greedy_sigma256.0.json
unconditional,not_nested_parentheses_and_brackets,32,gaussian,greedy,100.0,,32,5,0.82,0.022804,0.932,0.013266,0.8,0.034059,0.936,0.013565,500,0.76271,0.832715,30.662,33,False,178.26,400,False,1.0,0.0,0.24917478015075376,200,0.0012903225806451613,0.005333333333333333,,,,,,,0.60640625,0.11082069114537006,0.9064800754800756,0.5982526778627605,0,results/T-sweep-Dyck-4/distributions/not_nested_parentheses_and_brackets_L32_T32_gaussian_greedy_sigma100.0.json
unconditional,not_nested_parentheses_and_brackets,32,gaussian,greedy,1.0,,64,5,0.698,0.017205,0.654,0.025768,0.626,0.049234,0.626,0.049234,500,0.582778,0.667301,55.614,63,False,438.44,313,False,1.0,0.0,0.20204773869346734,200,0.0016489745439554778,0.006815761448349307,,,,,,,0.40595047923322686,0.03873801916932908,0.32844790991755846,0.1299761228292708,0,results/T-sweep-Dyck-4/distributions/not_nested_parentheses_and_brackets_L32_T64_gaussian_greedy_sigma1.0.json
unconditional,not_nested_parentheses_and_brackets,32,gaussian,greedy,2.0,,64,5,0.734,0.033226,0.736,0.048,0.692,0.042615,0.71,0.038471,500,0.650197,0.730875,54.95,64,False,443.49,346,False,1.0,0.0,0.22952104271356785,200,0.0014917024053701287,0.006165703275529865,,,,,,,0.40841763005780346,0.0500726322876076,0.42720234165320875,0.21858967782980546,0,results/T-sweep-Dyck-4/distributions/not_nested_parentheses_and_brackets_L32_T64_gaussian_greedy_sigma2.0.json
unconditional,not_nested_parentheses_and_brackets,32,gaussian,greedy,10.0,,64,5,0.894,0.025768,0.954,0.013565,0.886,0.027276,0.942,0.011662,500,0.85515,0.910964,55.112,64,False,334.64,443,False,1.0,0.0,0.25465059673366836,200,0.0011650768222529672,0.004815650865312265,,,,,,,0.5286399548532731,0.09036044354700515,0.8979824289079368,0.5160629908487254,0,results/T-sweep-Dyck-4/distributions/not_nested_parentheses_and_brackets_L32_T64_gaussian_greedy_sigma10.0.json
unconditional,not_nested_parentheses_and_brackets,32,gaussian,greedy,5.0,,64,5,0.832,0.023152,0.884,0.021541,0.818,0.023152,0.858,0.026382,500,0.781797,0.849354,54.198,64,False,474.66,409,False,1.0,0.0,0.2541174623115578,200,0.0012619291742250965,0.0052159739201303994,,,,,,,0.4559902200488998,0.07149531865058811,0.7267444318789061,0.3986348911350388,0,results/T-sweep-Dyck-4/distributions/not_nested_parentheses_and_brackets_L32_T64_gaussian_greedy_sigma5.0.json
unconditional,not_nested_parentheses_and_brackets,32,gaussian,greedy,100.0,,64,5,0.904,0.024166,0.984,0.010198,0.9,0.023664,0.968,0.014697,500,0.870577,0.923323,60.038,64,False,217.3,450,False,1.0,0.0,0.24584013819095477,200,0.0011469534050179211,0.004740740740740741,,,,,,,0.5944444444444444,0.10114125008687504,0.7863342583342583,0.38521078254863794,0,results/T-sweep-Dyck-4/distributions/not_nested_parentheses_and_brackets_L32_T64_gaussian_greedy_sigma100.0.json
unconditional,not_nested_parentheses_and_brackets,32,gaussian,greedy,50.0,,64,5,0.92,0.030332,0.988,0.009798,0.914,0.032619,0.97,0.018974,500,0.88616,0.935527,58.762,64,False,354.98,457,False,1.0,0.0,0.24688991834170854,200,0.001129385190936684,0.0046681254558716264,,,,,,,0.5925875273522976,0.10270596533255787,0.8425519046963248,0.4967543841117787,0,results/T-sweep-Dyck-4/distributions/not_nested_parentheses_and_brackets_L32_T64_gaussian_greedy_sigma50.0.json
unconditional,not_nested_parentheses_and_brackets,32,gaussian,greedy,20.0,,64,5,0.9,0.032863,0.974,0.013565,0.894,0.030067,0.954,0.014967,500,0.863948,0.918043,56.274,64,False,430.54,447,False,1.0,0.0,0.2501209170854271,200,0.001154651078877102,0.004772557792692021,,,,,,,0.5769015659955258,0.10211626668403531,0.8749108708840253,0.4849288538491652,0,results/T-sweep-Dyck-4/distributions/not_nested_parentheses_and_brackets_L32_T64_gaussian_greedy_sigma20.0.json
unconditional,not_nested_parentheses_and_brackets,32,gaussian,greedy,256.0,,64,5,0.83,0.020976,0.97,0.012649,0.824,0.024166,0.982,0.014697,500,0.788185,0.854874,60.56,64,False,320.48,412,False,1.0,0.0,0.24628297738693467,200,0.001252740369558409,0.005177993527508091,,,,,,,0.5976941747572816,0.10181525323501026,0.8098836438642264,0.4251807623313409,0,results/T-sweep-Dyck-4/distributions/not_nested_parentheses_and_brackets_L32_T64_gaussian_greedy_sigma256.0.json
unconditional,not_nested_parentheses_and_brackets,32,gaussian,greedy,1.0,,128,5,0.828,0.038158,0.802,0.039192,0.794,0.039799,0.794,0.039799,500,0.756373,0.827144,112.866,126,False,658.69,397,False,1.0,0.0,0.1799976444723618,200,0.0013000731291135125,0.005373635600335852,,,,,,,0.3962531486146096,0.035083395017518525,0.2806997089112958,0.09346307644009375,0,results/T-sweep-Dyck-4/distributions/not_nested_parentheses_and_brackets_L32_T128_gaussian_greedy_sigma1.0.json
unconditional,not_nested_parentheses_and_brackets,32,gaussian,greedy,2.0,,128,5,0.864,0.02245,0.882,0.036551,0.852,0.024819,0.864,0.026533,500,0.818193,0.880439,110.706,126,False,808.2,426,False,1.0,0.0,0.216147141959799,200,0.0012115704982583674,0.005007824726134585,,,,,,,0.40199530516431925,0.04435218343150218,0.36392996674686817,0.1620544670610539,0,results/T-sweep-Dyck-4/distributions/not_nested_parentheses_and_brackets_L32_T128_gaussian_greedy_sigma2.0.json
unconditional,not_nested_parentheses_and_brackets,32,gaussian,greedy,10.0,,128,5,0.946,0.013565,0.974,0.020591,0.94,0.010954,0.962,0.011662,500,0.915638,0.957652,108.502,126,False,868.06,470,False,1.0,0.0,0.252816425879397,200,0.001098146877144818,0.0045390070921985815,,,,,,,0.5228723404255319,0.0902979387670961,0.8485330272564315,0.45361943714728215,0,results/T-sweep-Dyck-4/distributions/not_nested_parentheses_and_brackets_L32_T128_gaussian_greedy_sigma10.0.json
unconditional,not_nested_parentheses_and_brackets,32,gaussian,greedy,5.0,,128,5,0.938,0.009798,0.962,0.007483,0.928,0.009798,0.948,0.011662,500,0.901931,0.947542,108.89,126,False,939.43,464,False,1.0,0.0,0.253791614321608,200,0.0011123470522803114,0.004597701149425287,,,,,,,0.44127155172413796,0.06669074737565314,0.6455852576542231,0.32943324472633234,0,results/T-sweep-Dyck-4/distributions/not_nested_parentheses_and_brackets_L32_T128_gaussian_greedy_sigma5.0.json
unconditional,not_nested_parentheses_and_brackets,32,gaussian,greedy,20.0,,128,5,0.938,0.021354,0.98,0.014142,0.936,0.024166,0.976,0.016248,500,0.911047,0.954304,110.736,126,False,775.87,468,False,1.0,0.0,0.243075533919598,200,0.0011028398125172319,0.004558404558404558,,,,,,,0.5838675213675214,0.09879157446085507,0.8145053427104709,0.4091440082984259,0,results/T-sweep-Dyck-4/distributions/not_nested_parentheses_and_brackets_L32_T128_gaussian_greedy_sigma20.0.json
unconditional,parentheses_and_brackets,32,gaussian,greedy,256.0,,512,5,0.878,0.032496,1.0,0.0,0.878,0.032496,0.998,0.004,500,0.846395,0.903841,476.864,498,False,33821.33,439,False,1.0,0.0,0.14165436557788944,200,0.0002939231390991256,0.0006074411541381929,,,,,,,0.3775626423690205,0.10234916706297544,0.0,0.0,0,results/T-sweep-Dyck-4/distributions/parentheses_and_brackets_L32_T512_gaussian_greedy_sigma256.0.json
unconditional,not_nested_parentheses_and_brackets,32,gaussian,greedy,100.0,,128,5,0.912,0.020396,0.98,0.008944,0.908,0.017205,0.982,0.004,500,0.879461,0.930318,118.51,126,False,456.65,454,False,1.0,0.0,0.2440946922110553,200,0.001136848088674151,0.004698972099853157,,,,,,,0.6015969162995595,0.10372102042785984,0.7694824020815211,0.3736674224386279,0,results/T-sweep-Dyck-4/distributions/not_nested_parentheses_and_brackets_L32_T128_gaussian_greedy_sigma100.0.json
unconditional,not_nested_parentheses_and_brackets,32,gaussian,greedy,50.0,,128,5,0.93,0.016733,0.986,0.004899,0.928,0.014697,0.99,0.006325,500,0.901931,0.947542,115.468,126,False,676.67,464,False,1.0,0.0,0.2438018216080402,200,0.0011123470522803114,0.004597701149425287,,,,,,,0.5984644396551724,0.10222800500358793,0.7791417394865671,0.37498152958576203,0,results/T-sweep-Dyck-4/distributions/not_nested_parentheses_and_brackets_L32_T128_gaussian_greedy_sigma50.0.json
unconditional,parentheses_and_brackets,32,gaussian,categorical,100.0,,256,5,0.972,0.014697,1.0,0.0,0.972,0.014697,0.976,0.010198,500,0.953553,0.983249,232.314,250,False,12135.53,486,False,1.0,0.0,0.2697931820925106,200,0.0009395973154362416,0.0033300957402525324,,,,,,,0.3583599014154569,0.09823026884196191,1.1550212818731336,0.931403279624898,0,results/T-sweep-Dyck-4/distributions/parentheses_and_brackets_L32_T256_gaussian_categorical_sigma100.0.json
unconditional,not_nested_parentheses_and_brackets,32,gaussian,greedy,256.0,,128,5,0.856,0.036111,0.978,0.019391,0.856,0.036111,0.988,0.011662,500,0.822509,0.884062,119.424,126,False,636.92,428,False,1.0,0.0,0.24367933417085427,200,0.0012059089538739825,0.004984423676012461,,,,,,,0.6071845794392523,0.11047404670713917,0.7647228161246853,0.41157351645452317,0,results/T-sweep-Dyck-4/distributions/not_nested_parentheses_and_brackets_L32_T128_gaussian_greedy_sigma256.0.json
unconditional,parentheses_and_brackets,32,gaussian,categorical,1.0,,256,5,0.82,0.041952,1.0,0.0,0.82,0.041952,0.82,0.041952,500,0.783925,0.851196,211.38,249,False,13580.26,410,False,1.0,0.0,0.269267988779644,200,0.0011118170266836086,0.003940239697914957,,,,,,,0.36611475922451536,0.10264212447080906,1.1253639653029897,0.6705307683079641,0,results/T-sweep-Dyck-4/distributions/parentheses_and_brackets_L32_T256_gaussian_categorical_sigma1.0.json
unconditional,parentheses_and_brackets,32,gaussian,categorical,256.0,,256,5,0.968,0.017205,1.0,0.0,0.968,0.017205,0.98,0.016733,500,0.948655,0.980209,236.478,250,False,12168.53,484,False,1.0,0.0,0.2702769131235223,200,0.000942253331538565,0.0033393627382774455,,,,,,,0.3697522174794902,0.10024487816979126,1.1427588595977025,0.6757056398444974,0,results/T-sweep-Dyck-4/distributions/parentheses_and_brackets_L32_T256_gaussian_categorical_sigma256.0.json
unconditional,parentheses_and_brackets,32,gaussian,categorical,50.0,,256,5,0.932,0.027129,1.0,0.0,0.932,0.027129,0.938,0.019391,500,0.906479,0.950934,227.072,250,False,13263.61,466,False,1.0,0.0,0.27074801319372194,200,0.0009769713886950454,0.003462204270051933,,,,,,,0.36038984263233187,0.09092356995120625,1.1358741818505769,0.6391590591578118,0,results/T-sweep-Dyck-4/distributions/parentheses_and_brackets_L32_T256_gaussian_categorical_sigma50.0.json
unconditional,parentheses_and_brackets,32,gaussian,greedy,100.0,,512,5,0.922,0.023152,1.0,0.0,0.922,0.023152,0.996,0.004899,500,0.895146,0.942419,472.238,498,False,35184.47,461,False,1.0,0.0,0.13889996859296483,200,0.00027989643831782243,0.0005784526391901663,,,,,,,0.37703362255965295,0.10465183189708159,0.0,0.0,0,results/T-sweep-Dyck-4/distributions/parentheses_and_brackets_L32_T512_gaussian_greedy_sigma100.0.json
unconditional,not_nested_parentheses_and_brackets,32,gaussian,greedy,100.0,,256,5,0.91,0.023664,0.988,0.004,0.906,0.021541,0.994,0.004899,500,0.877235,0.928574,235.892,250,False,1140.59,453,False,1.0,0.0,0.2407043027638191,200,0.0011393576871038952,0.0047093451066961,,,,,,,0.6114790286975718,0.10175742213599445,0.751016998699118,0.3165290404580498,0,results/T-sweep-Dyck-4/distributions/not_nested_parentheses_and_brackets_L32_T256_gaussian_greedy_sigma100.0.json
unconditional,not_nested_parentheses_and_brackets,32,gaussian,greedy,20.0,,256,5,0.972,0.023152,0.998,0.004,0.972,0.023152,0.988,0.009798,500,0.953553,0.983249,221.408,250,False,1312.02,486,False,1.0,0.0,0.24927449748743719,200,0.0010619938935351122,0.0043895747599451305,,,,,,,0.5752314814814815,0.09799762435532146,0.8526770897141268,0.439600910587928,0,results/T-sweep-Dyck-4/distributions/not_nested_parentheses_and_brackets_L32_T256_gaussian_greedy_sigma20.0.json
unconditional,not_nested_parentheses_and_brackets,32,gaussian,greedy,1.0,,256,5,0.912,0.014697,0.892,0.025612,0.876,0.030067,0.876,0.030067,500,0.844212,0.902054,226.756,250,False,1532.36,438,False,1.0,0.0,0.17675643844221106,200,0.0011783767859773163,0.004794520547945206,,,,,,,0.3905536529680365,0.03158699985302791,0.26356869918513753,0.060868607920078484,0,results/T-sweep-Dyck-4/distributions/not_nested_parentheses_and_brackets_L32_T256_gaussian_greedy_sigma1.0.json
unconditional,not_nested_parentheses_and_brackets,32,gaussian,greedy,256.0,,256,5,0.862,0.047917,0.986,0.004899,0.856,0.047582,0.988,0.007483,500,0.822509,0.884062,238.172,250,False,1121.7,428,False,1.0,0.0,0.24334877512562814,200,0.0012059089538739825,0.004984423676012461,,,,,,,0.6070385514018691,0.10376121844428077,0.7640098219537472,0.36710216588730005,0,results/T-sweep-Dyck-4/distributions/not_nested_parentheses_and_brackets_L32_T256_gaussian_greedy_sigma256.0.json
unconditional,not_nested_parentheses_and_brackets,32,gaussian,greedy,10.0,,256,5,0.982,0.013266,0.992,0.004,0.978,0.011662,0.984,0.012,500,0.961039,0.987672,218.0,250,False,1492.67,489,False,1.0,0.0,0.2508903894472362,200,0.001055478593574774,0.0043626448534424,,,,,,,0.5273517382413088,0.08894456697241847,0.8210513866955584,0.41047032341320555,0,results/T-sweep-Dyck-4/distributions/not_nested_parentheses_and_brackets_L32_T256_gaussian_greedy_sigma10.0.json
unconditional,not_nested_parentheses_and_brackets,32,gaussian,greedy,2.0,,256,5,0.952,0.014697,0.95,0.014142,0.94,0.008944,0.946,0.004899,500,0.915638,0.957652,223.354,250,False,1573.32,470,False,1.0,0.0,0.21035097361809046,200,0.001098146877144818,0.0045390070921985815,,,,,,,0.4026595744680851,0.04465709854975749,0.33535636939892255,0.12953268918273414,0,results/T-sweep-Dyck-4/distributions/not_nested_parentheses_and_brackets_L32_T256_gaussian_greedy_sigma2.0.json
unconditional,not_nested_parentheses_and_brackets,32,gaussian,greedy,50.0,,256,5,0.946,0.020591,0.992,0.007483,0.946,0.020591,0.996,0.008,500,0.922573,0.962626,229.9,250,False,1371.34,473,False,1.0,0.0,0.24444488065326633,200,0.0010911818863806862,0.004510218463706836,,,,,,,0.5984408033826638,0.09920009188189151,0.7633686961382522,0.3535125952966235,0,results/T-sweep-Dyck-4/distributions/not_nested_parentheses_and_brackets_L32_T256_gaussian_greedy_sigma50.0.json
unconditional,not_nested_parentheses_and_brackets,32,gaussian,categorical,1.0,,1,5,0.066,0.012,0.066,0.024166,0.006,0.004899,0.846,0.036111,500,0.002043,0.017491,1.0,1,False,21.36,3,True,,,,3,,,,,,,,,0.5416666666666666,0.02946278254943948,1.2433862433862435,0.36411958802296834,0,results/T-sweep-Dyck-4/distributions/not_nested_parentheses_and_brackets_L32_T1_gaussian_categorical_sigma1.0.json
unconditional,not_nested_parentheses_and_brackets,32,gaussian,categorical,2.0,,1,5,0.066,0.012,0.066,0.024166,0.006,0.004899,0.838,0.040694,500,0.002043,0.017491,1.0,1,False,21.27,3,True,,,,3,,,,,,,,,0.5416666666666666,0.02946278254943948,1.2433862433862435,0.36411958802296834,0,results/T-sweep-Dyck-4/distributions/not_nested_parentheses_and_brackets_L32_T1_gaussian_categorical_sigma2.0.json
unconditional,not_nested_parentheses_and_brackets,32,gaussian,categorical,5.0,,1,5,0.066,0.012,0.066,0.024166,0.006,0.004899,0.83,0.037947,500,0.002043,0.017491,1.0,1,False,21.32,3,True,,,,3,,,,,,,,,0.5416666666666666,0.02946278254943948,1.2433862433862435,0.36411958802296834,0,results/T-sweep-Dyck-4/distributions/not_nested_parentheses_and_brackets_L32_T1_gaussian_categorical_sigma5.0.json
unconditional,not_nested_parentheses_and_brackets,32,gaussian,categorical,10.0,,1,5,0.06,0.010954,0.066,0.024166,0.008,0.004,0.78,0.035777,500,0.003115,0.020387,1.002,2,False,21.27,4,True,,,,4,,,,,,,,,0.578125,0.06810779599282303,1.253968253968254,0.31586902765289526,0,results/T-sweep-Dyck-4/distributions/not_nested_parentheses_and_brackets_L32_T1_gaussian_categorical_sigma10.0.json
unconditional,not_nested_parentheses_and_brackets,32,gaussian,categorical,20.0,,1,5,0.062,0.011662,0.07,0.026077,0.008,0.004,0.736,0.018547,500,0.003115,0.020387,1.002,2,False,21.31,4,True,,,,4,,,,,,,,,0.578125,0.06810779599282303,1.253968253968254,0.31586902765289526,0,results/T-sweep-Dyck-4/distributions/not_nested_parentheses_and_brackets_L32_T1_gaussian_categorical_sigma20.0.json
unconditional,not_nested_parentheses_and_brackets,32,gaussian,categorical,50.0,,1,5,0.068,0.01833,0.066,0.025768,0.008,0.004,0.624,0.056427,500,0.003115,0.020387,1.006,2,False,21.32,4,True,,,,4,,,,,,,,,0.515625,0.120017902310447,1.126984126984127,0.3742801943667174,0,results/T-sweep-Dyck-4/distributions/not_nested_parentheses_and_brackets_L32_T1_gaussian_categorical_sigma50.0.json
unconditional,not_nested_parentheses_and_brackets,32,gaussian,categorical,100.0,,1,5,0.064,0.013565,0.066,0.027276,0.012,0.004,0.516,0.07526,500,0.005511,0.025931,1.014,2,False,21.34,6,False,1.0,0.0,0.26145833333333335,6,0.08602150537634409,0.3388888888888889,,,,,,,0.5,0.11410886614690961,1.0846560846560847,0.31140611575792937,0,results/T-sweep-Dyck-4/distributions/not_nested_parentheses_and_brackets_L32_T1_gaussian_categorical_sigma100.0.json
unconditional,not_nested_parentheses_and_brackets,32,gaussian,greedy,5.0,,256,5,0.958,0.01833,0.968,0.013266,0.954,0.019596,0.966,0.013565,500,0.931922,0.969155,217.818,250,False,1722.27,477,False,1.0,0.0,0.2498696608040201,200,0.0010820315141678502,0.004472396925227114,,,,,,,0.45191299790356393,0.06702886107341179,0.6081909239141944,0.30491160895815744,0,results/T-sweep-Dyck-4/distributions/not_nested_parentheses_and_brackets_L32_T256_gaussian_greedy_sigma5.0.json
unconditional,not_nested_parentheses_and_brackets,32,gaussian,categorical,256.0,,1,5,0.056,0.008,0.072,0.026382,0.014,0.004899,0.458,0.058788,500,0.006798,0.028613,1.016,2,False,21.4,7,False,1.0,0.0,0.26413690476190477,7,0.07373271889400922,0.3,,,,,,,0.5,0.10564428184106457,1.1133786848072564,0.29676640633075535,0,results/T-sweep-Dyck-4/distributions/not_nested_parentheses_and_brackets_L32_T1_gaussian_categorical_sigma256.0.json
unconditional,not_nested_parentheses_and_brackets,32,gaussian,categorical,1.0,,2,5,0.056,0.016248,0.078,0.011662,0.014,0.004899,0.43,0.028284,500,0.006798,0.028613,1.492,2,False,24.08,7,False,1.0,0.0,0.25595238095238093,7,0.07373271889400922,0.2904761904761905,,,,,,,0.6160714285714286,0.15821468880954775,1.2312925170068028,0.7421308319625491,0,results/T-sweep-Dyck-4/distributions/not_nested_parentheses_and_brackets_L32_T2_gaussian_categorical_sigma1.0.json
unconditional,not_nested_parentheses_and_brackets,32,gaussian,categorical,2.0,,2,5,0.074,0.020591,0.094,0.024166,0.018,0.007483,0.432,0.041665,500,0.009498,0.033852,1.504,2,False,24.05,9,False,1.0,0.0,0.2604166666666667,9,0.05734767025089606,0.22962962962962963,,,,,,,0.6597222222222222,0.14163943093313291,1.1354497354497353,0.6851326816925271,0,results/T-sweep-Dyck-4/distributions/not_nested_parentheses_and_brackets_L32_T2_gaussian_categorical_sigma2.0.json
unconditional,not_nested_parentheses_and_brackets,32,gaussian,categorical,5.0,,2,5,0.1,0.014142,0.076,0.018547,0.024,0.013565,0.488,0.039699,500,0.013781,0.041477,1.57,2,False,24.06,12,False,1.0,0.0,0.2677556818181818,12,0.043010752688172046,0.175,,,,,,,0.5416666666666666,0.19320038532282716,1.1206830206830207,0.6550587216711022,0,results/T-sweep-Dyck-4/distributions/not_nested_parentheses_and_brackets_L32_T2_gaussian_categorical_sigma5.0.json
unconditional,not_nested_parentheses_and_brackets,32,gaussian,categorical,10.0,,2,5,0.086,0.018547,0.128,0.021354,0.02,0.006325,0.584,0.030067,500,0.010899,0.036421,1.72,3,False,23.81,10,False,1.0,0.0,0.259375,10,0.05161290322580645,0.20333333333333334,,,,,,,0.5375,0.10897247358851683,1.0025974025974027,0.32454754580331313,0,results/T-sweep-Dyck-4/distributions/not_nested_parentheses_and_brackets_L32_T2_gaussian_categorical_sigma10.0.json
unconditional,not_nested_parentheses_and_brackets,32,gaussian,categorical,20.0,,2,5,0.108,0.017205,0.13,0.020976,0.034,0.018547,0.686,0.020591,500,0.021334,0.053772,1.81,3,False,23.18,17,False,1.0,0.0,0.2632610701107011,17,0.030476190476190476,0.12598425196850394,,,,,,,0.49411764705882355,0.10101667442611009,1.109547152194211,0.46400564686417,0,results/T-sweep-Dyck-4/distributions/not_nested_parentheses_and_brackets_L32_T2_gaussian_categorical_sigma20.0.json
unconditional,not_nested_parentheses_and_brackets,32,gaussian,categorical,50.0,,2,5,0.136,0.033823,0.162,0.031875,0.05,0.022804,0.594,0.045869,500,0.034094,0.072769,1.882,3,False,22.97,25,False,1.0,0.0,0.26240577889447236,25,0.020752269779507133,0.08579088471849866,,,,,,,0.4325,0.08697062083766499,0.9816493506493507,0.40211097017580344,0,results/T-sweep-Dyck-4/distributions/not_nested_parentheses_and_brackets_L32_T2_gaussian_categorical_sigma50.0.json
unconditional,not_nested_parentheses_and_brackets,32,gaussian,categorical,100.0,,2,5,0.146,0.030725,0.156,0.034986,0.074,0.018547,0.6,0.026833,500,0.054161,0.100335,1.92,3,False,22.92,37,False,1.0,0.0,0.2663135593220339,37,0.01399825021872266,0.05786618444846293,,,,,,,0.46114864864864863,0.08301207249464099,1.044926094926095,0.35240442021795126,0,results/T-sweep-Dyck-4/distributions/not_nested_parentheses_and_brackets_L32_T2_gaussian_categorical_sigma100.0.json
unconditional,not_nested_parentheses_and_brackets,32,gaussian,categorical,256.0,,2,5,0.112,0.024819,0.144,0.023324,0.056,0.02245,0.462,0.024819,500,0.039025,0.079745,1.91,3,False,20.1,28,False,1.0,0.0,0.2682078051205568,28,0.018475750577367205,0.07637231503579953,,,,,,,0.4694940476190476,0.06830259881037984,0.9865491651205938,0.45401475722092705,0,results/T-sweep-Dyck-4/distributions/not_nested_parentheses_and_brackets_L32_T2_gaussian_categorical_sigma256.0.json
unconditional,not_nested_parentheses_and_brackets,32,gaussian,categorical,2.0,,4,5,0.156,0.018547,0.154,0.013565,0.102,0.011662,0.29,0.032863,500,0.078434,0.131635,2.732,4,False,22.18,51,False,1.0,0.0,0.2680269607843137,51,0.010120177103099304,0.04183006535947712,,,,,,,0.5465686274509803,0.12793319410152343,0.9630478454007866,0.3809360641439999,0,results/T-sweep-Dyck-4/distributions/not_nested_parentheses_and_brackets_L32_T4_gaussian_categorical_sigma2.0.json
unconditional,not_nested_parentheses_and_brackets,32,gaussian,categorical,1.0,,4,5,0.138,0.052307,0.124,0.044989,0.068,0.042615,0.308,0.082316,500,0.049066,0.093521,2.592,4,False,33.37,34,False,1.0,0.0,0.2710282976827095,34,0.015180265654648957,0.06274509803921569,,,,,,,0.5514705882352942,0.12451245751379485,1.047839741957389,0.5410916688437156,0,results/T-sweep-Dyck-4/distributions/not_nested_parentheses_and_brackets_L32_T4_gaussian_categorical_sigma1.0.json
unconditional,not_nested_parentheses_and_brackets,32,gaussian,categorical,5.0,,4,5,0.17,0.017889,0.174,0.048415,0.114,0.025768,0.24,0.065115,500,0.089036,0.14485,2.854,5,False,24.65,57,False,1.0,0.0,0.2690345368916798,57,0.009075439591605219,0.03751465416178194,,,,,,,0.5167397660818713,0.11477818686859437,1.223913318650161,0.6121592477747947,0,results/T-sweep-Dyck-4/distributions/not_nested_parentheses_and_brackets_L32_T4_gaussian_categorical_sigma5.0.json
unconditional,not_nested_parentheses_and_brackets,32,gaussian,categorical,10.0,,4,5,0.166,0.018547,0.178,0.021354,0.114,0.017436,0.24,0.038471,500,0.089036,0.14485,3.014,5,False,40.22,57,False,1.0,0.0,0.26766069464089265,57,0.009085746734809767,0.03755868544600939,,,,,,,0.48698830409356725,0.09665163655914238,1.03895850737956,0.39746359932196546,0,results/T-sweep-Dyck-4/distributions/not_nested_parentheses_and_brackets_L32_T4_gaussian_categorical_sigma10.0.json
unconditional,not_nested_parentheses_and_brackets,32,gaussian,categorical,20.0,,4,5,0.206,0.014967,0.196,0.042708,0.146,0.036111,0.292,0.03763,500,0.117748,0.17965,3.174,5,False,23.54,73,False,1.0,0.0,0.2648179912330856,73,0.007082779991146525,0.0292772186642269,,,,,,,0.4382990867579909,0.09004548554170544,1.099442072387278,0.4396317660280252,0,results/T-sweep-Dyck-4/distributions/not_nested_parentheses_and_brackets_L32_T4_gaussian_categorical_sigma20.0.json
unconditional,not_nested_parentheses_and_brackets,32,gaussian,categorical,100.0,,4,5,0.31,0.046043,0.308,0.031875,0.254,0.038262,0.458,0.044452,500,0.21782,0.293932,3.602,5,False,19.97,127,False,1.0,0.0,0.26837660917385325,127,0.004064008128016256,0.01679790026246719,,,,,,,0.45226377952755903,0.10594319207915105,1.1425094590448923,0.546267437533161,0,results/T-sweep-Dyck-4/distributions/not_nested_parentheses_and_brackets_L32_T4_gaussian_categorical_sigma100.0.json
unconditional,not_nested_parentheses_and_brackets,32,gaussian,categorical,50.0,,4,5,0.242,0.017205,0.262,0.045343,0.188,0.029257,0.368,0.0449,500,0.156179,0.224578,3.382,5,False,33.69,94,False,1.0,0.0,0.2680270936137508,94,0.005517241379310344,0.022808267997148968,,,,,,,0.4375886524822695,0.08332663697253996,1.0263547327377114,0.3716530671140052,0,results/T-sweep-Dyck-4/distributions/not_nested_parentheses_and_brackets_L32_T4_gaussian_categorical_sigma50.0.json
unconditional,not_nested_parentheses_and_brackets,32,gaussian,categorical,256.0,,4,5,0.324,0.057827,0.306,0.064684,0.258,0.055281,0.462,0.026382,500,0.221596,0.298095,3.66,5,False,19.49,129,False,1.0,0.0,0.26772501213003397,129,0.004007012271475081,0.016563146997929608,,,,,,,0.44838501291989663,0.09918421293633814,1.1500609640144526,0.542996810744646,0,results/T-sweep-Dyck-4/distributions/not_nested_parentheses_and_brackets_L32_T4_gaussian_categorical_sigma256.0.json
unconditional,not_nested_parentheses_and_brackets,32,gaussian,categorical,1.0,,8,5,0.218,0.053442,0.198,0.009798,0.144,0.025768,0.174,0.028705,500,0.115938,0.177491,5.33,8,False,58.25,72,False,1.0,0.0,0.273949785670545,72,0.00718132854578097,0.029684601113172542,,,,,,,0.515625,0.12458021719749612,1.1343133332716666,0.5515012722178507,0,results/T-sweep-Dyck-4/distributions/not_nested_parentheses_and_brackets_L32_T8_gaussian_categorical_sigma1.0.json
unconditional,parentheses_and_brackets,32,gaussian,greedy,50.0,,512,5,0.952,0.024819,1.0,0.0,0.952,0.024819,0.998,0.004,500,0.929572,0.967535,465.456,498,False,37063.78,476,False,1.0,0.0,0.138388033919598,200,0.0002710761724044456,0.0005602240896358543,,,,,,,0.3799894957983193,0.10308744806466631,0.0,0.0,0,results/T-sweep-Dyck-4/distributions/parentheses_and_brackets_L32_T512_gaussian_greedy_sigma50.0.json
unconditional,not_nested_parentheses_and_brackets,32,gaussian,categorical,2.0,,8,5,0.242,0.033106,0.226,0.033823,0.158,0.023152,0.244,0.040792,500,0.128652,0.192563,5.436,8,False,54.8,79,False,1.0,0.0,0.2664951174452362,79,0.006538618716796077,0.02702702702702703,,,,,,,0.48765822784810126,0.1074461461897852,1.0158876285458565,0.395211883383797,0,results/T-sweep-Dyck-4/distributions/not_nested_parentheses_and_brackets_L32_T8_gaussian_categorical_sigma2.0.json
unconditional,not_nested_parentheses_and_brackets,32,gaussian,categorical,20.0,,8,5,0.446,0.034986,0.416,0.032,0.378,0.04996,0.48,0.05099,500,0.33658,0.42128,6.624,9,False,62.64,189,False,1.0,0.0,0.2682265037130022,189,0.002737382378100941,0.011315417256011316,,,,,,,0.44010141093474425,0.09973248685322807,1.0877566290264704,0.4135824562449186,0,results/T-sweep-Dyck-4/distributions/not_nested_parentheses_and_brackets_L32_T8_gaussian_categorical_sigma20.0.json
unconditional,not_nested_parentheses_and_brackets,32,gaussian,categorical,5.0,,8,5,0.312,0.037094,0.328,0.033106,0.256,0.036111,0.382,0.051147,500,0.219707,0.296014,5.946,9,False,68.35,128,False,1.0,0.0,0.2680075232886638,128,0.00404244567963618,0.01671018276762402,,,,,,,0.47044270833333335,0.11639015490425791,0.9916779401154402,0.3742390959236247,0,results/T-sweep-Dyck-4/distributions/not_nested_parentheses_and_brackets_L32_T8_gaussian_categorical_sigma5.0.json
unconditional,not_nested_parentheses_and_brackets,32,gaussian,categorical,10.0,,8,5,0.302,0.03763,0.308,0.034293,0.262,0.031875,0.378,0.017205,500,0.225376,0.302254,6.202,9,False,67.44,131,False,1.0,0.0,0.2702175750670734,131,0.003945745992601726,0.0163098878695209,,,,,,,0.4405216284987278,0.10860951953707386,1.0824328343412313,0.46092768436667353,0,results/T-sweep-Dyck-4/distributions/not_nested_parentheses_and_brackets_L32_T8_gaussian_categorical_sigma10.0.json
unconditional,not_nested_parentheses_and_brackets,32,gaussian,categorical,100.0,,8,5,0.49,0.038987,0.49,0.030332,0.444,0.030067,0.584,0.049639,500,0.40104,0.487814,7.22,9,False,51.57,222,False,1.0,0.0,0.2674534367283829,200,0.002335084646818447,0.009653092006033183,,,,,,,0.43837924462924466,0.09189615890991079,1.0192234442234442,0.4089694632797321,0,results/T-sweep-Dyck-4/distributions/not_nested_parentheses_and_brackets_L32_T8_gaussian_categorical_sigma100.0.json
unconditional,not_nested_parentheses_and_brackets,32,gaussian,categorical,256.0,,8,5,0.464,0.02498,0.506,0.023324,0.436,0.026533,0.568,0.052688,500,0.393185,0.479791,7.216,9,False,48.95,218,False,1.0,0.0,0.26844779102539046,200,0.002376002376002376,0.009821976672805401,,,,,,,0.4304663608562691,0.09084230598394892,1.0693636893178178,0.42398697945423075,0,results/T-sweep-Dyck-4/distributions/not_nested_parentheses_and_brackets_L32_T8_gaussian_categorical_sigma256.0.json
unconditional,not_nested_parentheses_and_brackets,32,gaussian,categorical,50.0,,8,5,0.492,0.043081,0.484,0.028705,0.436,0.02498,0.562,0.056,500,0.393185,0.479791,6.938,9,False,54.32,218,False,1.0,0.0,0.2687466152819234,200,0.0023745918670228555,0.0098159509202454,,,,,,,0.4397553516819572,0.09442613320696576,1.0803520001914497,0.44815501281804154,0,results/T-sweep-Dyck-4/distributions/not_nested_parentheses_and_brackets_L32_T8_gaussian_categorical_sigma50.0.json
unconditional,not_nested_parentheses_and_brackets,32,gaussian,categorical,1.0,,16,5,0.378,0.03763,0.382,0.024,0.326,0.032,0.366,0.018547,500,0.286375,0.368279,11.996,16,False,70.63,163,False,1.0,0.0,0.2701886488076598,163,0.0031739734179726245,0.013120131201312012,,,,,,,0.47119120654396723,0.10135037331357274,1.069816260767181,0.42497056271066896,0,results/T-sweep-Dyck-4/distributions/not_nested_parentheses_and_brackets_L32_T16_gaussian_categorical_sigma1.0.json
unconditional,not_nested_parentheses_and_brackets,32,gaussian,categorical,2.0,,16,5,0.428,0.046648,0.438,0.063056,0.368,0.056356,0.412,0.061123,500,0.326884,0.411129,12.094,17,False,114.21,184,False,1.0,0.0,0.2709377123653662,184,0.0028139289482940555,0.011632133769538349,,,,,,,0.4539628623188406,0.10808419643100296,1.0878164408055713,0.4635221001986201,0,results/T-sweep-Dyck-4/distributions/not_nested_parentheses_and_brackets_L32_T16_gaussian_categorical_sigma2.0.json
unconditional,not_nested_parentheses_and_brackets,32,gaussian,categorical,5.0,,16,5,0.512,0.020396,0.516,0.032,0.484,0.020591,0.546,0.018547,500,0.440485,0.527759,12.764,17,False,125.62,242,False,1.0,0.0,0.2700469767383282,200,0.0021407546160021407,0.008849557522123894,,,,,,,0.4407467532467533,0.09725673000212348,1.0707675932882545,0.452183009164907,0,results/T-sweep-Dyck-4/distributions/not_nested_parentheses_and_brackets_L32_T16_gaussian_categorical_sigma5.0.json
unconditional,not_nested_parentheses_and_brackets,32,gaussian,categorical,10.0,,16,5,0.572,0.046648,0.596,0.04128,0.55,0.040988,0.61,0.033466,500,0.506176,0.593061,13.08,17,False,80.62,275,False,1.0,0.0,0.26914459337793456,200,0.0018852362436667844,0.007793472966390648,,,,,,,0.4346688311688312,0.10000618845752829,1.0584945559491015,0.4218332742289531,0,results/T-sweep-Dyck-4/distributions/not_nested_parentheses_and_brackets_L32_T16_gaussian_categorical_sigma10.0.json
unconditional,not_nested_parentheses_and_brackets,32,gaussian,categorical,50.0,,16,5,0.654,0.04128,0.66,0.05099,0.626,0.049234,0.706,0.02245,500,0.582778,0.667301,14.274,17,False,68.68,313,False,1.0,0.0,0.269754729761661,200,0.0016540887005065646,0.006837606837606838,,,,,,,0.42466719914802975,0.10070279177677721,1.0630885532642722,0.43398457586434475,0,results/T-sweep-Dyck-4/distributions/not_nested_parentheses_and_brackets_L32_T16_gaussian_categorical_sigma50.0.json
unconditional,not_nested_parentheses_and_brackets,32,gaussian,categorical,100.0,,16,5,0.716,0.05748,0.706,0.064062,0.69,0.064187,0.772,0.067646,500,0.648141,0.728962,14.86,17,False,58.4,345,False,1.0,0.0,0.269450104079507,200,0.0015022063655994742,0.006209974771977489,,,,,,,0.4256090407177364,0.0934541986526812,1.06914172783738,0.40817756859875726,0,results/T-sweep-Dyck-4/distributions/not_nested_parentheses_and_brackets_L32_T16_gaussian_categorical_sigma100.0.json
unconditional,not_nested_parentheses_and_brackets,32,gaussian,categorical,20.0,,16,5,0.648,0.036551,0.648,0.029257,0.614,0.033226,0.68,0.016733,500,0.570612,0.655649,13.644,17,False,112.22,307,False,1.0,0.0,0.2684073222357866,200,0.0016893675430260796,0.006983849847228284,,,,,,,0.43601675197766404,0.10289981558936119,1.0761023449948532,0.4281259250621142,0,results/T-sweep-Dyck-4/distributions/not_nested_parentheses_and_brackets_L32_T16_gaussian_categorical_sigma20.0.json
unconditional,parentheses_and_brackets,32,gaussian,categorical,2.0,,256,5,0.86,0.027568,1.0,0.0,0.86,0.027568,0.862,0.027857,500,0.826832,0.887678,211.14,250,False,15551.41,430,False,1.0,0.0,0.2736443292411424,200,0.0010633449794926325,0.0037688442211055275,,,,,,,0.3646825751767613,0.09756564472763754,1.1735014920480038,0.7483337976722354,0,results/T-sweep-Dyck-4/distributions/parentheses_and_brackets_L32_T256_gaussian_categorical_sigma2.0.json
unconditional,not_nested_parentheses_and_brackets,32,gaussian,categorical,256.0,,16,5,0.706,0.061188,0.714,0.055714,0.686,0.05748,0.762,0.068527,500,0.644031,0.725133,15.024,17,False,55.16,343,False,1.0,0.0,0.26906633480884046,200,0.0015098612814947628,0.006241466744685001,,,,,,,0.42410694262006216,0.09513450117141461,1.0681462690209047,0.4468143225152382,0,results/T-sweep-Dyck-4/distributions/not_nested_parentheses_and_brackets_L32_T16_gaussian_categorical_sigma256.0.json
unconditional,parentheses_and_brackets,32,gaussian,categorical,10.0,,256,5,0.932,0.027857,1.0,0.0,0.932,0.027857,0.934,0.026533,500,0.906479,0.950934,211.11,250,False,15249.2,466,False,1.0,0.0,0.2721440906013184,200,0.0009791579241852006,0.003470213996529786,,,,,,,0.3687844880441447,0.0902483064968402,1.1653470456582045,0.7399293188980075,0,results/T-sweep-Dyck-4/distributions/parentheses_and_brackets_L32_T256_gaussian_categorical_sigma10.0.json
unconditional,not_nested_parentheses_and_brackets,32,gaussian,categorical,1.0,,32,5,0.6,0.038471,0.616,0.038781,0.574,0.048415,0.586,0.040792,500,0.530253,0.616618,25.808,32,False,153.96,287,False,1.0,0.0,0.27100796996578,200,0.0018036298049825274,0.007455731593662628,,,,,,,0.43803716608594656,0.09856212862265026,1.072127195297927,0.4800572897098136,0,results/T-sweep-Dyck-4/distributions/not_nested_parentheses_and_brackets_L32_T32_gaussian_categorical_sigma1.0.json
unconditional,not_nested_parentheses_and_brackets,32,gaussian,categorical,2.0,,32,5,0.648,0.03544,0.654,0.044091,0.61,0.041952,0.65,0.04858,500,0.566563,0.651759,26.542,33,False,224.15,305,False,1.0,0.0,0.2704823677860669,200,0.0017019466014253802,0.007036059806508356,,,,,,,0.44300141115714886,0.09953772077835782,1.08344853689116,0.42039805072967396,0,results/T-sweep-Dyck-4/distributions/not_nested_parentheses_and_brackets_L32_T32_gaussian_categorical_sigma2.0.json
unconditional,not_nested_parentheses_and_brackets,32,gaussian,categorical,10.0,,32,5,0.746,0.047159,0.73,0.038471,0.716,0.048415,0.746,0.034986,500,0.674943,0.753763,26.452,33,False,205.36,358,False,1.0,0.0,0.27045200910449363,200,0.001448225923244026,0.00598690364826941,,,,,,,0.4197343043362597,0.09059203629598751,1.0543522740450115,0.47434203655688983,0,results/T-sweep-Dyck-4/distributions/not_nested_parentheses_and_brackets_L32_T32_gaussian_categorical_sigma10.0.json
unconditional,not_nested_parentheses_and_brackets,32,gaussian,categorical,5.0,,32,5,0.698,0.027857,0.692,0.029257,0.676,0.028,0.724,0.02245,500,0.633771,0.715545,26.094,33,False,237.83,338,False,1.0,0.0,0.26932749722884897,200,0.0015334483419589802,0.006339144215530904,,,,,,,0.4268103691180614,0.09389519409190873,1.0675486824155462,0.4187162655930868,0,results/T-sweep-Dyck-4/distributions/not_nested_parentheses_and_brackets_L32_T32_gaussian_categorical_sigma5.0.json
unconditional,not_nested_parentheses_and_brackets,32,gaussian,categorical,50.0,,32,5,0.81,0.055498,0.788,0.054185,0.78,0.068993,0.836,0.051614,500,0.741631,0.8141,28.988,33,False,149.08,390,False,1.0,0.0,0.26909752910280044,200,0.0013300083125519534,0.005498281786941581,,,,,,,0.43207112332112335,0.09701795404651849,1.0574510674510675,0.44780345090868057,0,results/T-sweep-Dyck-4/distributions/not_nested_parentheses_and_brackets_L32_T32_gaussian_categorical_sigma50.0.json
unconditional,not_nested_parentheses_and_brackets,32,gaussian,categorical,20.0,,32,5,0.8,0.040497,0.794,0.036111,0.78,0.035214,0.818,0.030594,500,0.741631,0.8141,27.88,33,False,212.97,390,False,1.0,0.0,0.2700499352106444,200,0.0013313363288400732,0.005503955968352253,,,,,,,0.4261401098901099,0.09323237192951161,1.0743165168165167,0.43667774023969996,0,results/T-sweep-Dyck-4/distributions/not_nested_parentheses_and_brackets_L32_T32_gaussian_categorical_sigma20.0.json
unconditional,not_nested_parentheses_and_brackets,32,gaussian,categorical,100.0,,32,5,0.812,0.030594,0.826,0.028705,0.802,0.029257,0.864,0.032,500,0.764825,0.834569,29.972,33,False,173.65,401,False,1.0,0.0,0.26864608938503387,200,0.0012935564718247231,0.0053475935828877,,,,,,,0.4194433787326556,0.09418312306401526,1.0639079609777864,0.4065461084734882,0,results/T-sweep-Dyck-4/distributions/not_nested_parentheses_and_brackets_L32_T32_gaussian_categorical_sigma100.0.json
unconditional,not_nested_parentheses_and_brackets,32,gaussian,categorical,256.0,,32,5,0.792,0.027857,0.792,0.017205,0.77,0.022804,0.828,0.017205,500,0.731137,0.804746,29.884,33,False,168.67,385,False,1.0,0.0,0.2693364621851395,200,0.0013487313495743067,0.0055758843004007665,,,,,,,0.42659186052043196,0.09191010940930312,1.0743789471711551,0.4025805880146308,0,results/T-sweep-Dyck-4/distributions/not_nested_parentheses_and_brackets_L32_T32_gaussian_categorical_sigma256.0.json
unconditional,not_nested_parentheses_and_brackets,32,gaussian,categorical,2.0,,64,5,0.782,0.048332,0.79,0.04858,0.758,0.054185,0.772,0.047497,500,0.718583,0.793483,53.054,64,False,273.88,379,False,1.0,0.0,0.268928524718292,200,0.0013669372063220846,0.005650715168638531,,,,,,,0.43187900490011305,0.09521982373153291,1.1120962737057725,0.4248013656016411,0,results/T-sweep-Dyck-4/distributions/not_nested_parentheses_and_brackets_L32_T64_gaussian_categorical_sigma2.0.json
unconditional,not_nested_parentheses_and_brackets,32,gaussian,categorical,1.0,,64,5,0.744,0.040792,0.752,0.040694,0.726,0.044989,0.732,0.043543,500,0.685294,0.76326,54.048,64,False,397.69,363,False,1.0,0.0,0.2694727561221046,200,0.001429209468512729,0.005908419497784343,,,,,,,0.43174931129476585,0.09744878916292703,1.0580702737727532,0.39584568786813806,0,results/T-sweep-Dyck-4/distributions/not_nested_parentheses_and_brackets_L32_T64_gaussian_categorical_sigma1.0.json
unconditional,not_nested_parentheses_and_brackets,32,gaussian,categorical,20.0,,64,5,0.862,0.034293,0.868,0.037094,0.85,0.038471,0.884,0.026533,500,0.816038,0.878625,55.402,64,False,330.56,425,False,1.0,0.0,0.26901067346149904,200,0.0012194192515814343,0.005040957781978576,,,,,,,0.42749159663865544,0.09351174458124649,1.0802980157097803,0.4294167627973203,0,results/T-sweep-Dyck-4/distributions/not_nested_parentheses_and_brackets_L32_T64_gaussian_categorical_sigma20.0.json
unconditional,not_nested_parentheses_and_brackets,32,gaussian,categorical,50.0,,64,5,0.888,0.023152,0.892,0.019391,0.884,0.018547,0.916,0.027276,500,0.852958,0.909187,57.836,64,False,228.23,442,False,1.0,0.0,0.2704108315874041,200,0.0011728485559302155,0.0048484848484848485,,,,,,,0.4333616138763197,0.09230439833968047,1.0916666603883798,0.47219535469543,0,results/T-sweep-Dyck-4/distributions/not_nested_parentheses_and_brackets_L32_T64_gaussian_categorical_sigma50.0.json
unconditional,not_nested_parentheses_and_brackets,32,gaussian,categorical,5.0,,64,5,0.834,0.045869,0.846,0.040299,0.826,0.040792,0.85,0.043359,500,0.790318,0.856711,53.476,64,False,462.05,413,False,1.0,0.0,0.2683311475823282,200,0.001254803544820014,0.00518722645485492,,,,,,,0.43557592528536837,0.1000880822734128,1.0605270973309715,0.4069529877220984,0,results/T-sweep-Dyck-4/distributions/not_nested_parentheses_and_brackets_L32_T64_gaussian_categorical_sigma5.0.json
unconditional,not_nested_parentheses_and_brackets,32,gaussian,categorical,10.0,,64,5,0.832,0.029257,0.836,0.025768,0.826,0.028705,0.848,0.026382,500,0.790318,0.856711,53.808,64,False,448.09,413,False,1.0,0.0,0.26852029911161834,200,0.00125421337305009,0.005184705119896306,,,,,,,0.42324743456704716,0.09838048646577685,1.098541363129741,0.4659924668700183,0,results/T-sweep-Dyck-4/distributions/not_nested_parentheses_and_brackets_L32_T64_gaussian_categorical_sigma10.0.json
unconditional,not_nested_parentheses_and_brackets,32,gaussian,categorical,100.0,,64,5,0.85,0.025298,0.852,0.021354,0.844,0.02245,0.886,0.018547,500,0.809585,0.87317,58.686,64,False,322.72,422,False,1.0,0.0,0.2686802383426388,200,0.0012283126055581146,0.0050777530942557915,,,,,,,0.42092078537576166,0.10178886889065765,1.0921391470562087,0.44574470100419356,0,results/T-sweep-Dyck-4/distributions/not_nested_parentheses_and_brackets_L32_T64_gaussian_categorical_sigma100.0.json
unconditional,not_nested_parentheses_and_brackets,32,gaussian,categorical,256.0,,64,5,0.868,0.017205,0.88,0.017889,0.864,0.017436,0.92,0.031623,500,0.831164,0.891285,59.69,64,False,282.28,432,False,1.0,0.0,0.2686410979085424,200,0.0012042751768779167,0.004978994865411545,,,,,,,0.42092565035273366,0.09783827118320972,1.0717856410564743,0.4577133271348433,0,results/T-sweep-Dyck-4/distributions/not_nested_parentheses_and_brackets_L32_T64_gaussian_categorical_sigma256.0.json
unconditional,not_nested_parentheses_and_brackets,32,gaussian,greedy,1.0,,512,5,0.97,0.026833,0.962,0.023152,0.96,0.026077,0.96,0.026077,500,0.939026,0.973959,457.554,498,False,2874.08,480,False,1.0,0.0,0.17334092336683418,200,0.001075268817204301,0.004375,,,,,,,0.3890625,0.03198357732884175,0.2590825840825841,0.05358910675618906,0,results/T-sweep-Dyck-4/distributions/not_nested_parentheses_and_brackets_L32_T512_gaussian_greedy_sigma1.0.json
unconditional,parentheses_and_brackets,32,gaussian,categorical,20.0,,256,5,0.934,0.02498,1.0,0.0,0.934,0.02498,0.934,0.02498,500,0.90876,0.952622,217.73,250,False,16215.86,467,False,1.0,0.0,0.2699540355807473,200,0.0009764943851572854,0.003460706560922855,,,,,,,0.36183593351687565,0.09150433323435173,1.2010066901929857,0.6974039157385421,0,results/T-sweep-Dyck-4/distributions/parentheses_and_brackets_L32_T256_gaussian_categorical_sigma20.0.json
unconditional,not_nested_parentheses_and_brackets,32,gaussian,greedy,256.0,,512,5,0.898,0.029933,0.996,0.004899,0.898,0.029933,0.996,0.004899,500,0.868365,0.921566,472.012,498,False,2079.33,449,False,1.0,0.0,0.24274733040201005,200,0.0011495078669444645,0.004751299183370453,,,,,,,0.5993875278396437,0.10522096349338565,0.7385809439261556,0.3230083598176069,0,results/T-sweep-Dyck-4/distributions/not_nested_parentheses_and_brackets_L32_T512_gaussian_greedy_sigma256.0.json
unconditional,not_nested_parentheses_and_brackets,32,gaussian,greedy,100.0,,512,5,0.92,0.021909,0.992,0.011662,0.918,0.024,0.998,0.004,500,0.890645,0.938981,469.512,498,False,2233.27,459,False,1.0,0.0,0.2422683731155779,200,0.0011244641225665894,0.004647785039941903,,,,,,,0.6025326797385621,0.10460228661738656,0.7494701860714933,0.3402130270471412,0,results/T-sweep-Dyck-4/distributions/not_nested_parentheses_and_brackets_L32_T512_gaussian_greedy_sigma100.0.json
unconditional,parentheses_and_brackets,32,gaussian,categorical,5.0,,256,5,0.924,0.026533,1.0,0.0,0.924,0.026533,0.93,0.022804,500,0.897403,0.944131,212.45,250,False,16914.43,462,False,1.0,0.0,0.26985019526338017,200,0.0009864712514092446,0.0034959941733430444,,,,,,,0.3666885693671408,0.099001024394766,1.1355432266146552,0.6537764804798395,0,results/T-sweep-Dyck-4/distributions/parentheses_and_brackets_L32_T256_gaussian_categorical_sigma5.0.json
unconditional,not_nested_parentheses_and_brackets,32,gaussian,categorical,1.0,,128,5,0.864,0.040792,0.858,0.051536,0.854,0.047582,0.854,0.047582,500,0.82035,0.882252,110.436,126,False,705.47,427,False,1.0,0.0,0.2696410602054459,200,0.0012149745614701193,0.005022759378433527,,,,,,,0.4301842868294859,0.09616065441458255,1.0999065597426254,0.44206169500628667,0,results/T-sweep-Dyck-4/distributions/not_nested_parentheses_and_brackets_L32_T128_gaussian_categorical_sigma1.0.json
unconditional,not_nested_parentheses_and_brackets,32,gaussian,categorical,2.0,,128,5,0.892,0.022271,0.898,0.017205,0.888,0.01833,0.894,0.014967,500,0.857346,0.912738,109.5,126,False,828.74,444,False,1.0,0.0,0.26840546955884953,200,0.0011678832116788322,0.004828002414001207,,,,,,,0.42306547619047624,0.09585210546782456,1.057632795132795,0.3819257813305107,0,results/T-sweep-Dyck-4/distributions/not_nested_parentheses_and_brackets_L32_T128_gaussian_categorical_sigma2.0.json
unconditional,not_nested_parentheses_and_brackets,32,gaussian,categorical,50.0,,128,5,0.938,0.007483,0.942,0.011662,0.934,0.010198,0.95,0.016733,500,0.90876,0.952622,115.248,126,False,566.82,467,False,1.0,0.0,0.26807355444728354,200,0.0011114970475859674,0.004595060310166571,,,,,,,0.4182560925869277,0.0930929353778772,1.0576274368030256,0.41490621190534566,0,results/T-sweep-Dyck-4/distributions/not_nested_parentheses_and_brackets_L32_T128_gaussian_categorical_sigma50.0.json
unconditional,not_nested_parentheses_and_brackets,32,gaussian,greedy,50.0,,512,5,0.952,0.019391,0.992,0.007483,0.95,0.017889,0.996,0.004899,500,0.927231,0.965906,459.176,498,False,2553.97,475,False,1.0,0.0,0.24410254396984923,200,0.0010865874363327674,0.004491228070175438,,,,,,,0.6,0.10403061290337874,0.7719237020289652,0.38996479592236793,0,results/T-sweep-Dyck-4/distributions/not_nested_parentheses_and_brackets_L32_T512_gaussian_greedy_sigma50.0.json
unconditional,not_nested_parentheses_and_brackets,32,gaussian,categorical,100.0,,128,5,0.922,0.011662,0.924,0.008,0.918,0.011662,0.96,0.006325,500,0.890645,0.938981,118.136,126,False,597.63,459,False,1.0,0.0,0.26949644514211535,200,0.0011303426351112682,0.004672897196261682,,,,,,,0.4173980703392468,0.09377972006134354,1.1097582579608725,0.44807766681000627,0,results/T-sweep-Dyck-4/distributions/not_nested_parentheses_and_brackets_L32_T128_gaussian_categorical_sigma100.0.json
unconditional,not_nested_parentheses_and_brackets,32,gaussian,categorical,5.0,,128,5,0.908,0.03544,0.902,0.025612,0.896,0.028705,0.906,0.020591,500,0.866155,0.919806,107.594,126,False,883.94,448,False,1.0,0.0,0.26833159826166353,200,0.0011584129742253113,0.004788985333732416,,,,,,,0.4193713002027734,0.09646017129051296,1.097910057452468,0.4625992760839684,0,results/T-sweep-Dyck-4/distributions/not_nested_parentheses_and_brackets_L32_T128_gaussian_categorical_sigma5.0.json
unconditional,not_nested_parentheses_and_brackets,32,gaussian,categorical,20.0,,128,5,0.944,0.018547,0.944,0.023324,0.942,0.021354,0.958,0.022271,500,0.917943,0.959317,111.048,126,False,778.44,471,False,1.0,0.0,0.2690598544435475,200,0.0011023079572855666,0.004557106237539163,,,,,,,0.42418739257911237,0.09510883069368298,1.0895976634830138,0.43956742279043354,0,results/T-sweep-Dyck-4/distributions/not_nested_parentheses_and_brackets_L32_T128_gaussian_categorical_sigma20.0.json
unconditional,not_nested_parentheses_and_brackets,32,gaussian,categorical,10.0,,128,5,0.946,0.016248,0.942,0.009798,0.938,0.011662,0.946,0.010198,500,0.91334,0.955981,107.984,126,False,860.74,469,False,1.0,0.0,0.26980620989076365,200,0.001107496366027549,0.004578623551294892,,,,,,,0.42583003350593973,0.08569553716101375,1.069798272090383,0.44612196620664857,0,results/T-sweep-Dyck-4/distributions/not_nested_parentheses_and_brackets_L32_T128_gaussian_categorical_sigma10.0.json
unconditional,not_nested_parentheses_and_brackets,32,gaussian,greedy,20.0,,512,5,0.988,0.007483,0.994,0.004899,0.986,0.004899,0.994,0.004899,500,0.971387,0.993202,443.552,498,False,2786.31,493,False,1.0,0.0,0.24400596733668342,200,0.0010469148727344107,0.0043272481406355645,,,,,,,0.577079107505071,0.09784111198435604,0.8047525609391735,0.3879184857666189,0,results/T-sweep-Dyck-4/distributions/not_nested_parentheses_and_brackets_L32_T512_gaussian_greedy_sigma20.0.json
unconditional,not_nested_parentheses_and_brackets,32,gaussian,categorical,256.0,,128,5,0.906,0.02245,0.916,0.032619,0.902,0.027857,0.948,0.014697,500,0.872793,0.925076,119.07,126,False,575.35,451,False,1.0,0.0,0.2687227345518803,200,0.0011493427196322104,0.004751299183370453,,,,,,,0.4192719881744272,0.1029322033600643,1.0908025455697297,0.42755287616693144,0,results/T-sweep-Dyck-4/distributions/not_nested_parentheses_and_brackets_L32_T128_gaussian_categorical_sigma256.0.json
unconditional,parentheses_and_brackets,32,gaussian,greedy,1.0,,512,5,0.998,0.004,1.0,0.0,0.998,0.004,0.998,0.004,500,0.988759,0.999647,459.374,496,False,40594.74,499,False,0.9218436873747495,0.07815631262525047,0.10575847989949749,200,0.00025858167948800825,0.0005344021376085504,,,,,,,0.16144789579158317,0.03575369833276136,0.0,0.0,0,results/T-sweep-Dyck-4/distributions/parentheses_and_brackets_L32_T512_gaussian_greedy_sigma1.0.json
unconditional,not_nested_parentheses_and_brackets,32,gaussian,greedy,2.0,,512,5,0.974,0.021541,0.974,0.016248,0.97,0.02,0.97,0.02,500,0.951096,0.981737,446.318,498,False,3400.08,485,False,1.0,0.0,0.20942054020100503,200,0.0010641835716661125,0.004398625429553264,,,,,,,0.39548969072164947,0.04367853393497166,0.3193402702681053,0.09848434332850281,0,results/T-sweep-Dyck-4/distributions/not_nested_parentheses_and_brackets_L32_T512_gaussian_greedy_sigma2.0.json
unconditional,not_nested_parentheses_and_brackets,32,gaussian,greedy,10.0,,512,5,0.984,0.010198,0.992,0.004,0.978,0.009798,0.982,0.009798,500,0.961039,0.987672,433.856,498,False,3198.32,489,False,1.0,0.0,0.2516669283919598,200,0.001055478593574774,0.0043626448534424,,,,,,,0.526840490797546,0.08496999420199783,0.8201351477425097,0.39604260073985154,0,results/T-sweep-Dyck-4/distributions/not_nested_parentheses_and_brackets_L32_T512_gaussian_greedy_sigma10.0.json
unconditional,not_nested_parentheses_and_brackets,32,gaussian,greedy,5.0,,512,5,0.98,0.010954,0.99,0.010954,0.978,0.011662,0.986,0.008,500,0.961039,0.987672,433.064,498,False,3390.62,489,False,1.0,0.0,0.24943781407035176,200,0.001055478593574774,0.0043626448534424,,,,,,,0.44452965235173825,0.06858270603108196,0.602807099739615,0.28890406263257745,0,results/T-sweep-Dyck-4/distributions/not_nested_parentheses_and_brackets_L32_T512_gaussian_greedy_sigma5.0.json
unconditional,not_nested_parentheses_and_brackets,32,gaussian,categorical,2.0,,256,5,0.938,0.023152,0.94,0.018974,0.934,0.024166,0.938,0.020396,500,0.90876,0.952622,220.028,250,False,1174.11,467,False,1.0,0.0,0.2710410403632075,200,0.0011096469935501767,0.0045871559633027525,,,,,,,0.4209633425104517,0.09998529444389934,1.0598331718246066,0.474408834483901,0,results/T-sweep-Dyck-4/distributions/not_nested_parentheses_and_brackets_L32_T256_gaussian_categorical_sigma2.0.json
unconditional,not_nested_parentheses_and_brackets,32,ar,greedy,,,34,1,1.0,0.0,1.0,0.0,1.0,0.0,1.0,0.0,100,0.963005,1.0,33.0,33,True,27.33,100,False,0.01,0.99,0.0,100,0.0025806451612903226,0.0036666666666666666,,,,,,,0.375,0.0,0.23076923076923075,2.7755575615628914e-17,0,results/T-sweep-Dyck-4/distributions/not_nested_parentheses_and_brackets_L32_T34_ar_greedy_none.json
unconditional,not_nested_parentheses_and_brackets,32,ar,categorical,,,34,5,1.0,0.0,1.0,0.0,1.0,0.0,1.0,0.0,500,0.992375,1.0,33.0,33,False,133.19,500,False,1.0,0.0,0.2701649170672488,200,0.0010382868267358857,0.004292421193829644,,,,,,,0.4220892857142857,0.09404494778454707,1.1061323953823954,0.45653699769558553,0,results/T-sweep-Dyck-4/distributions/not_nested_parentheses_and_brackets_L32_T34_ar_categorical_none.json
unconditional,not_nested_parentheses_and_brackets,32,ebsampler,greedy,,0.1,32,1,1.0,0.0,1.0,0.0,1.0,0.0,1.0,0.0,100,0.963005,1.0,33.0,33,True,15.92,100,False,0.01,0.99,0.0,100,0.002903225806451613,0.005333333333333333,,,,,,,0.6875,0.0,0.45454545454545453,0.0,0,results/T-sweep-Dyck-4/distributions/not_nested_parentheses_and_brackets_L32_T32_ebsampler_greedy_gamma0.1.json
unconditional,not_nested_parentheses_and_brackets,32,ebsampler,greedy,,0.5,32,1,1.0,0.0,1.0,0.0,1.0,0.0,1.0,0.0,100,0.963005,1.0,32.0,32,True,11.97,100,False,0.01,0.99,0.0,100,0.002903225806451613,0.005333333333333333,,,,,,,0.6875,0.0,0.45454545454545453,0.0,0,results/T-sweep-Dyck-4/distributions/not_nested_parentheses_and_brackets_L32_T32_ebsampler_greedy_gamma0.5.json
unconditional,not_nested_parentheses_and_brackets,32,ebsampler,greedy,,0.9,32,1,1.0,0.0,1.0,0.0,1.0,0.0,1.0,0.0,100,0.963005,1.0,31.0,31,True,9.82,100,False,0.01,0.99,0.0,100,0.002903225806451613,0.005333333333333333,,,,,,,0.6875,0.0,0.45454545454545453,0.0,0,results/T-sweep-Dyck-4/distributions/not_nested_parentheses_and_brackets_L32_T32_ebsampler_greedy_gamma0.9.json
unconditional,not_nested_parentheses_and_brackets,32,ebsampler,greedy,,2.0,32,1,1.0,0.0,1.0,0.0,1.0,0.0,1.0,0.0,100,0.963005,1.0,16.0,16,True,6.1,100,False,0.01,0.99,0.0,100,0.0032258064516129032,0.005333333333333333,,,,,,,0.75,0.0,0.23076923076923075,2.7755575615628914e-17,0,results/T-sweep-Dyck-4/distributions/not_nested_parentheses_and_brackets_L32_T32_ebsampler_greedy_gamma2.0.json
unconditional,not_nested_parentheses_and_brackets,32,ebsampler,greedy,,5.0,32,1,1.0,0.0,1.0,0.0,1.0,0.0,1.0,0.0,100,0.963005,1.0,8.0,8,True,4.11,100,False,0.01,0.99,0.0,100,0.0032258064516129032,0.006,,,,,,,0.8125,0.0,0.23076923076923075,2.7755575615628914e-17,0,results/T-sweep-Dyck-4/distributions/not_nested_parentheses_and_brackets_L32_T32_ebsampler_greedy_gamma5.0.json
unconditional,not_nested_parentheses_and_brackets,32,ebsampler,greedy,,10.0,32,1,0.0,0.0,0.0,0.0,0.0,0.0,1.0,0.0,100,0.0,0.036995,4.0,4,True,3.22,0,True,,,,0,,,,,,,,,,,,,0,results/T-sweep-Dyck-4/distributions/not_nested_parentheses_and_brackets_L32_T32_ebsampler_greedy_gamma10.0.json
unconditional,not_nested_parentheses_and_brackets,32,gaussian,categorical,256.0,,256,5,0.926,0.02245,0.934,0.021541,0.924,0.02498,0.982,0.007483,500,0.897403,0.944131,237.75,250,False,1115.17,462,False,1.0,0.0,0.2699690725067373,200,0.0011228070175438596,0.004641717435451117,,,,,,,0.41048752834467117,0.09782761126140595,1.0784207975766418,0.4368277921881632,0,results/T-sweep-Dyck-4/distributions/not_nested_parentheses_and_brackets_L32_T256_gaussian_categorical_sigma256.0.json
unconditional,not_nested_parentheses_and_brackets,32,ebsampler,categorical,,0.1,32,5,1.0,0.0,1.0,0.0,1.0,0.0,1.0,0.0,500,0.992375,1.0,32.716,33,False,65.31,500,False,1.0,0.0,0.26967411626420956,200,0.001037344398340249,0.004288394532296971,,,,,,,0.41663690476190474,0.09496068134751418,1.0628611777111778,0.42745736255439143,0,results/T-sweep-Dyck-4/distributions/not_nested_parentheses_and_brackets_L32_T32_ebsampler_categorical_gamma0.1.json
unconditional,not_nested_parentheses_and_brackets,32,ebsampler,categorical,,0.5,32,5,0.998,0.004,0.998,0.004,0.994,0.004899,0.994,0.004899,500,0.982509,0.997957,31.494,32,False,73.24,497,False,1.0,0.0,0.26841338353208044,200,0.0010421416009900345,0.004308023694130318,,,,,,,0.4232813547954393,0.09611567240919439,1.0727820692609427,0.4047081704687867,0,results/T-sweep-Dyck-4/distributions/not_nested_parentheses_and_brackets_L32_T32_ebsampler_categorical_gamma0.5.json
unconditional,not_nested_parentheses_and_brackets,32,gaussian,categorical,1.0,,256,5,0.954,0.023324,0.952,0.020396,0.944,0.018547,0.944,0.018547,500,0.920255,0.960975,227.734,250,False,1495.77,472,False,1.0,0.0,0.2693030574901492,200,0.001098901098901099,0.004542873367404884,,,,,,,0.42379060734463275,0.09668720315075374,1.1001290082328217,0.4526698890788817,0,results/T-sweep-Dyck-4/distributions/not_nested_parentheses_and_brackets_L32_T256_gaussian_categorical_sigma1.0.json
unconditional,not_nested_parentheses_and_brackets,32,gaussian,categorical,100.0,,256,5,0.934,0.026533,0.94,0.024495,0.928,0.022271,0.98,0.008944,500,0.901931,0.947542,235.694,250,False,1199.83,464,False,1.0,0.0,0.26981830295050496,200,0.0011188811188811189,0.004625614339404453,,,,,,,0.4255888238916256,0.09981559322015424,1.0884747197247198,0.4128889410606633,0,results/T-sweep-Dyck-4/distributions/not_nested_parentheses_and_brackets_L32_T256_gaussian_categorical_sigma100.0.json
unconditional,not_nested_parentheses_and_brackets,32,ebsampler,categorical,,0.9,32,5,0.774,0.076315,0.77,0.078486,0.756,0.090907,0.928,0.041183,500,0.716494,0.791602,28.648,31,False,53.8,378,False,1.0,0.0,0.2711778780981444,200,0.001370097619455386,0.005663716814159292,,,,,,,0.42971781305114637,0.09365169405981455,1.1364333050840987,0.44095362071410504,0,results/T-sweep-Dyck-4/distributions/not_nested_parentheses_and_brackets_L32_T32_ebsampler_categorical_gamma0.9.json
unconditional,not_nested_parentheses_and_brackets,32,ebsampler,categorical,,5.0,32,5,0.266,0.053516,0.294,0.042708,0.154,0.044989,0.36,0.026833,500,0.12501,0.188266,4.424,8,False,21.75,77,False,1.0,0.0,0.26924021701982226,77,0.006702974444909929,0.027705627705627706,,,,,,,0.4967532467532468,0.09915230391965421,1.0759880811828866,0.45350603461137845,0,results/T-sweep-Dyck-4/distributions/not_nested_parentheses_and_brackets_L32_T32_ebsampler_categorical_gamma5.0.json
unconditional,not_nested_parentheses_and_brackets,32,ebsampler,categorical,,10.0,32,5,0.186,0.028,0.146,0.042237,0.044,0.016248,0.39,0.046043,500,0.029234,0.06572,2.544,4,False,24.52,22,False,1.0,0.0,0.27238906926406925,22,0.02346041055718475,0.09696969696969697,,,,,,,0.5227272727272727,0.09709095165133558,1.1774447774447774,0.5236928626152112,0,results/T-sweep-Dyck-4/distributions/not_nested_parentheses_and_brackets_L32_T32_ebsampler_categorical_gamma10.0.json
unconditional,not_nested_parentheses_and_brackets,32,ebsampler,categorical,,2.0,32,5,0.506,0.018547,0.484,0.02245,0.39,0.026077,0.526,0.05748,500,0.348241,0.433437,10.656,16,False,38.32,195,False,1.0,0.0,0.26872687020882896,195,0.0026468155500413565,0.01094017094017094,,,,,,,0.4403846153846154,0.08404161526676497,1.1041773041773042,0.4122388921635882,0,results/T-sweep-Dyck-4/distributions/not_nested_parentheses_and_brackets_L32_T32_ebsampler_categorical_gamma2.0.json
unconditional,not_nested_parentheses_and_brackets,32,gaussian,categorical,50.0,,256,5,0.946,0.004899,0.948,0.004,0.944,0.004899,0.972,0.007483,500,0.920255,0.960975,230.864,250,False,1312.99,472,False,1.0,0.0,0.269701494895863,200,0.0010993541294489488,0.004544808975997728,,,,,,,0.4290580182529335,0.09748222256250227,1.0595608722727368,0.4116387193002154,0,results/T-sweep-Dyck-4/distributions/not_nested_parentheses_and_brackets_L32_T256_gaussian_categorical_sigma50.0.json
unconditional,not_nested_parentheses_and_brackets,32,gaussian,categorical,20.0,,256,5,0.974,0.024166,0.972,0.024,0.972,0.024,0.978,0.022271,500,0.953553,0.983249,221.284,250,False,1482.76,486,False,1.0,0.0,0.26974606575195725,200,0.0010676631522754572,0.004413793103448276,,,,,,,0.4136451597099745,0.09106753077088989,1.0745140262115571,0.4340986120324511,0,results/T-sweep-Dyck-4/distributions/not_nested_parentheses_and_brackets_L32_T256_gaussian_categorical_sigma20.0.json
unconditional,parentheses_and_brackets,32,gaussian,greedy,2.0,,512,5,0.992,0.007483,1.0,0.0,0.992,0.007483,0.994,0.004899,500,0.979613,0.996885,448.962,494,False,41762.98,496,False,1.0,0.0,0.12599089195979898,200,0.00026014568158168577,0.0005376344086021505,,,,,,,0.19430443548387097,0.04219972266768715,0.0,0.0,0,results/T-sweep-Dyck-4/distributions/parentheses_and_brackets_L32_T512_gaussian_greedy_sigma2.0.json
unconditional,not_nested_parentheses_and_brackets,32,gaussian,categorical,10.0,,256,5,0.972,0.004,0.974,0.008,0.97,0.006325,0.98,0.012649,500,0.951096,0.981737,215.83,250,False,1580.91,485,False,1.0,0.0,0.267242738157538,200,0.0010693042839002875,0.004420500069070314,,,,,,,0.4248109965635739,0.08880027214307305,1.0874310855238691,0.43443584322564943,0,results/T-sweep-Dyck-4/distributions/not_nested_parentheses_and_brackets_L32_T256_gaussian_categorical_sigma10.0.json
unconditional,not_nested_parentheses_and_brackets,32,gaussian,categorical,5.0,,256,5,0.942,0.019391,0.948,0.020396,0.942,0.019391,0.944,0.019596,500,0.917943,0.959317,216.044,250,False,1743.5,471,False,1.0,0.0,0.26917465544924873,200,0.0011010942123735462,0.004551920341394026,,,,,,,0.4276766757658477,0.08855366559078322,1.0540453825485674,0.40321160625138325,0,results/T-sweep-Dyck-4/distributions/not_nested_parentheses_and_brackets_L32_T256_gaussian_categorical_sigma5.0.json
unconditional,parentheses_and_brackets,32,gaussian,greedy,20.0,,512,5,0.986,0.008,1.0,0.0,0.986,0.008,1.0,0.0,500,0.971387,0.993202,443.474,498,False,41203.81,493,False,1.0,0.0,0.1404656092964824,200,0.0002617287181836027,0.0005409060175794456,,,,,,,0.37322515212981744,0.10386798756107196,0.0,0.0,0,results/T-sweep-Dyck-4/distributions/parentheses_and_brackets_L32_T512_gaussian_greedy_sigma20.0.json
unconditional,not_nested_parentheses_and_brackets,32,gaussian,categorical,100.0,,512,5,0.958,0.01833,0.958,0.014697,0.956,0.016248,0.986,0.012,500,0.93428,0.970766,469.406,498,False,1833.0,478,False,1.0,0.0,0.27031566237713034,200,0.0010848928668294006,0.004484933426769446,,,,,,,0.4151760808926081,0.09426006571226682,1.1106680163165519,0.44314160400869784,0,results/T-sweep-Dyck-4/distributions/not_nested_parentheses_and_brackets_L32_T512_gaussian_categorical_sigma100.0.json
unconditional,not_nested_parentheses_and_brackets,32,gaussian,categorical,256.0,,512,5,0.956,0.027276,0.956,0.028,0.952,0.029257,0.992,0.016,500,0.929572,0.967535,473.57,498,False,1703.41,476,False,1.0,0.0,0.26860259815734866,200,0.00109080992637033,0.004509582863585118,,,,,,,0.41996298519407765,0.09002710199709052,1.1264480034438018,0.4786002911784089,0,results/T-sweep-Dyck-4/distributions/not_nested_parentheses_and_brackets_L32_T512_gaussian_categorical_sigma256.0.json
unconditional,not_nested_parentheses_and_brackets,32,gaussian,categorical,50.0,,512,5,0.99,0.012649,0.992,0.009798,0.99,0.012649,0.996,0.004899,500,0.976807,0.995721,462.3,498,False,2055.23,495,False,1.0,0.0,0.2695540872179881,200,0.0010482867064142043,0.004333694474539545,,,,,,,0.4252100677100677,0.09479152931805497,1.0910821053245296,0.47756402663808634,0,results/T-sweep-Dyck-4/distributions/not_nested_parentheses_and_brackets_L32_T512_gaussian_categorical_sigma50.0.json
unconditional,not_nested_parentheses_and_brackets,32,gaussian,categorical,20.0,,512,5,0.988,0.007483,0.986,0.004899,0.986,0.004899,0.994,0.004899,500,0.971387,0.993202,444.896,498,False,2324.15,493,False,1.0,0.0,0.26853467966793215,200,0.001053116566839992,0.004353741496598639,,,,,,,0.4285026079397276,0.09985076437373125,1.083177983837213,0.4402688712303749,0,results/T-sweep-Dyck-4/distributions/not_nested_parentheses_and_brackets_L32_T512_gaussian_categorical_sigma20.0.json
unconditional,not_nested_parentheses_and_brackets,32,gaussian,categorical,1.0,,512,5,0.96,0.014142,0.962,0.007483,0.956,0.012,0.958,0.014697,500,0.93428,0.970766,454.374,498,False,2512.69,478,False,1.0,0.0,0.2690478784118519,200,0.0010848928668294006,0.004484933426769446,,,,,,,0.41679741980474194,0.08960067619031545,1.0741564630162956,0.4483877332654475,0,results/T-sweep-Dyck-4/distributions/not_nested_parentheses_and_brackets_L32_T512_gaussian_categorical_sigma1.0.json
unconditional,not_nested_parentheses_and_brackets,32,gaussian,categorical,2.0,,512,5,0.964,0.025768,0.96,0.022804,0.96,0.022804,0.962,0.023152,500,0.939026,0.973959,441.638,498,False,2499.07,480,False,1.0,0.0,0.2687755890914541,200,0.0010804970286331713,0.00446677833612507,,,,,,,0.42048363095238095,0.09141251004140187,1.1155984698172197,0.4283601504136487,0,results/T-sweep-Dyck-4/distributions/not_nested_parentheses_and_brackets_L32_T512_gaussian_categorical_sigma2.0.json
unconditional,not_nested_parentheses_and_brackets,32,gaussian,categorical,5.0,,512,5,0.984,0.008,0.986,0.010198,0.984,0.008,0.986,0.010198,500,0.968749,0.991871,433.37,498,False,2486.87,492,False,1.0,0.0,0.2701320277674445,200,0.0010548523206751054,0.004360861270100845,,,,,,,0.42363167828106857,0.10099728446358114,1.057524211335187,0.41632285337822483,0,results/T-sweep-Dyck-4/distributions/not_nested_parentheses_and_brackets_L32_T512_gaussian_categorical_sigma5.0.json
unconditional,not_nested_parentheses_and_brackets,32,gaussian,categorical,10.0,,512,5,0.982,0.014697,0.982,0.009798,0.98,0.012649,0.984,0.012,500,0.963579,0.989101,432.446,498,False,2554.36,490,False,1.0,0.0,0.2702148532997694,200,0.001057781303715457,0.004372779447936594,,,,,,,0.421062925170068,0.0917117839349547,1.100496068557293,0.44745213354615654,0,results/T-sweep-Dyck-4/distributions/not_nested_parentheses_and_brackets_L32_T512_gaussian_categorical_sigma10.0.json
unconditional,parentheses_and_brackets,32,gaussian,greedy,5.0,,512,5,0.992,0.007483,1.0,0.0,0.992,0.007483,0.992,0.007483,500,0.979613,0.996885,440.048,498,False,43286.71,496,False,1.0,0.0,0.14051900125628142,200,0.00026014568158168577,0.0005376344086021505,,,,,,,0.25806451612903225,0.06373168515352316,0.0,0.0,0,results/T-sweep-Dyck-4/distributions/parentheses_and_brackets_L32_T512_gaussian_greedy_sigma5.0.json
unconditional,parentheses_and_brackets,32,gaussian,greedy,10.0,,512,5,0.996,0.004899,1.0,0.0,0.996,0.004899,1.0,0.0,500,0.985534,0.998902,437.188,498,False,43597.63,498,False,1.0,0.0,0.14193624371859295,200,0.0002591009198082653,0.000535475234270415,,,,,,,0.3230421686746988,0.07871047314842325,0.0,0.0,0,results/T-sweep-Dyck-4/distributions/parentheses_and_brackets_L32_T512_gaussian_greedy_sigma10.0.json
unconditional,parentheses_and_brackets,32,gaussian,categorical,1.0,,512,5,0.896,0.044989,1.0,0.0,0.896,0.044989,0.896,0.044989,500,0.866155,0.919806,437.82,498,False,23316.9,448,False,1.0,0.0,0.27067283937868286,200,0.0010184781027207915,0.0036095653481726577,,,,,,,0.36410358614599686,0.09668925772839701,1.2030445930557538,0.9508010790153224,0,results/T-sweep-Dyck-4/distributions/parentheses_and_brackets_L32_T512_gaussian_categorical_sigma1.0.json
unconditional,parentheses_and_brackets,32,gaussian,categorical,50.0,,512,5,0.976,0.013565,1.0,0.0,0.976,0.013565,0.98,0.006325,500,0.958523,0.986219,458.532,498,False,20701.38,488,False,1.0,0.0,0.2689234317869296,200,0.000934454678948071,0.0033117151924934455,,,,,,,0.3622109192037471,0.09707250462174992,1.177415167937709,0.7953101271438772,0,results/T-sweep-Dyck-4/distributions/parentheses_and_brackets_L32_T512_gaussian_categorical_sigma50.0.json
unconditional,parentheses_and_brackets,32,gaussian,categorical,100.0,,512,5,0.98,0.014142,1.0,0.0,0.98,0.014142,0.986,0.012,500,0.963579,0.989101,466.972,498,False,19064.63,490,False,1.0,0.0,0.26927080763335204,200,0.0009323388385721897,0.003304419661296985,,,,,,,0.3583276332511026,0.09881501670322373,1.1646790114647259,0.7433782820317149,0,results/T-sweep-Dyck-4/distributions/parentheses_and_brackets_L32_T512_gaussian_categorical_sigma100.0.json
unconditional,parentheses_and_brackets,32,gaussian,categorical,256.0,,512,5,0.96,0.016733,1.0,0.0,0.96,0.016733,0.978,0.014697,500,0.939026,0.973959,472.614,498,False,19051.56,480,False,1.0,0.0,0.27032588717434297,200,0.0009514747859181732,0.0033722073907545315,,,,,,,0.35678685897435897,0.0962179722524081,1.1538311977374476,0.6797821555689997,0,results/T-sweep-Dyck-4/distributions/parentheses_and_brackets_L32_T512_gaussian_categorical_sigma256.0.json
unconditional,parentheses_and_brackets,32,gaussian,categorical,2.0,,512,5,0.948,0.009798,1.0,0.0,0.948,0.009798,0.948,0.009798,500,0.924898,0.96427,436.916,498,False,23591.8,474,False,1.0,0.0,0.2686554616516928,200,0.0009641873278236915,0.0034173430158052115,,,,,,,0.3655027549806031,0.10012519254461101,1.1225928373080272,0.6838097360088898,0,results/T-sweep-Dyck-4/distributions/parentheses_and_brackets_L32_T512_gaussian_categorical_sigma2.0.json
unconditional,parentheses_and_brackets,32,gaussian,categorical,20.0,,512,5,0.974,0.013565,1.0,0.0,0.974,0.013565,0.974,0.013565,500,0.956028,0.984744,434.806,498,False,24144.31,487,False,1.0,0.0,0.2694349465575593,200,0.0009357663257803623,0.0033162912809175074,,,,,,,0.3624549646110221,0.09758071651929257,1.1431816301426159,0.9150980390146204,0,results/T-sweep-Dyck-4/distributions/parentheses_and_brackets_L32_T512_gaussian_categorical_sigma20.0.json
unconditional,parentheses_and_brackets,32,gaussian,categorical,5.0,,512,5,0.966,0.012,1.0,0.0,0.964,0.010198,0.964,0.010198,500,0.943815,0.977109,427.072,498,False,24345.45,482,False,1.0,0.0,0.27138936300732,200,0.0009459459459459459,0.003352423522838385,,,,,,,0.36794852795890143,0.09478432856493736,1.2168375999288863,1.0792825166166358,0,results/T-sweep-Dyck-4/distributions/parentheses_and_brackets_L32_T512_gaussian_categorical_sigma5.0.json
unconditional,parentheses_and_brackets,32,gaussian,categorical,10.0,,512,5,0.946,0.008,1.0,0.0,0.946,0.008,0.946,0.008,500,0.922573,0.962626,426.378,498,False,25564.74,473,False,1.0,0.0,0.2710865050806081,200,0.000962794855924627,0.0034119988626670457,,,,,,,0.3551092318534179,0.09618117016654236,1.1860924781115056,0.7023222455007359,0,results/T-sweep-Dyck-4/distributions/parentheses_and_brackets_L32_T512_gaussian_categorical_sigma10.0.json
