dataset,grammar,L,strategy,sampling_strategy,sigma,eb_gamma,T,n_reps,mean_rule1,std_rule1,mean_rule2,std_rule2,mean_both_rules,std_both_rules,mean_format,std_format,n_eval_total,ci_low_both_rules,ci_high_both_rules,n_steps_mean,n_steps_max,deterministic,elapsed_s,n_correct,n_correct_too_low,uniqueness,duplication_rate,mean_lev_dist_normalized,lev_n_used,bigram_diversity,trigram_diversity,dfa_state_coverage,dfa_transition_coverage,n_entropy,n_coverage,m_entropy,nm_joint_coverage,max_depth_ratio_mean,max_depth_ratio_std,brackets_parens_ratio_mean,brackets_parens_ratio_std,n_zero_paren_sequences,distribution_path
unconditional,baN,128,gaussian,greedy,10.0,,1,5,0.06,0.029665,1.0,0.0,0.06,0.029665,0.984,0.013565,500,0.042348,0.084362,1.062,2,False,43.0,30,False,0.3,0.7,0.006950431034482759,30,0.0007874015748031496,0.0010582010582010583,0.75,0.625,,,,,,,,,,results/T-sweep-nonDyck-5/distributions/baN_L128_T1_gaussian_greedy_sigma10.0.json
unconditional,baN,128,gaussian,greedy,2.0,,1,5,0.0,0.0,1.0,0.0,0.0,0.0,0.988,0.007483,500,-0.0,0.007625,1.0,1,False,60.31,0,True,,,,0,,,,,,,,,,,,,,results/T-sweep-nonDyck-5/distributions/baN_L128_T1_gaussian_greedy_sigma2.0.json
unconditional,baN,128,uniform,greedy,,,1,5,0.0,0.0,1.0,0.0,0.0,0.0,1.0,0.0,500,-0.0,0.007625,1.0,1,False,61.51,0,True,,,,0,,,,,,,,,,,,,,results/T-sweep-nonDyck-5/distributions/baN_L128_T1_uniform_greedy_none.json
unconditional,baN,128,uniform,greedy,,,2,5,0.0,0.0,1.0,0.0,0.0,0.0,1.0,0.0,500,-0.0,0.007625,2.0,2,False,61.8,0,True,,,,0,,,,,,,,,,,,,,results/T-sweep-nonDyck-5/distributions/baN_L128_T2_uniform_greedy_none.json
unconditional,baN,128,gaussian,greedy,5.0,,1,5,0.016,0.013565,1.0,0.0,0.016,0.013565,0.988,0.011662,500,0.008129,0.031251,1.016,2,False,60.94,8,False,0.75,0.25,0.007254464285714286,8,0.002952755905511811,0.003968253968253968,0.75,0.625,,,,,,,,,,results/T-sweep-nonDyck-5/distributions/baN_L128_T1_gaussian_greedy_sigma5.0.json
unconditional,baN,128,uniform,categorical,,,1,5,0.492,0.039699,1.0,0.0,0.256,0.02245,0.51,0.034059,500,0.219707,0.296014,1.0,1,False,62.11,128,False,1.0,0.0,0.15888127620411086,128,0.00024934546814611643,0.0005027020233756441,0.75,0.625,,,,,,,,,,results/T-sweep-nonDyck-5/distributions/baN_L128_T1_uniform_categorical_none.json
unconditional,baN,128,gaussian,greedy,20.0,,1,5,0.154,0.012,1.0,0.0,0.154,0.012,0.984,0.010198,500,0.12501,0.188266,1.158,2,False,62.31,77,False,0.2727272727272727,0.7272727272727273,0.007297184723171565,77,0.00030677983433888945,0.00041228612657184083,0.75,0.625,,,,,,,,,,results/T-sweep-nonDyck-5/distributions/baN_L128_T1_gaussian_greedy_sigma20.0.json
unconditional,baN,128,gaussian,greedy,50.0,,1,5,0.324,0.040792,1.0,0.0,0.324,0.040792,0.99,0.008944,500,0.284455,0.366229,1.37,2,False,62.41,162,False,0.24691358024691357,0.7530864197530864,0.007571073920711602,162,0.00014581510644502772,0.0001959631589261219,0.75,0.625,,,,,,,,,,results/T-sweep-nonDyck-5/distributions/baN_L128_T1_gaussian_greedy_sigma50.0.json
unconditional,baN,128,uniform,greedy,,,4,5,0.0,0.0,1.0,0.0,0.0,0.0,1.0,0.0,500,-0.0,0.007625,4.0,4,False,65.94,0,True,,,,0,,,,,,,,,,,,,,results/T-sweep-nonDyck-5/distributions/baN_L128_T4_uniform_greedy_none.json
unconditional,baN,128,gaussian,greedy,1.0,,1,5,0.0,0.0,1.0,0.0,0.0,0.0,1.0,0.0,500,-0.0,0.007625,1.0,1,False,65.69,0,True,,,,0,,,,,,,,,,,,,,results/T-sweep-nonDyck-5/distributions/baN_L128_T1_gaussian_greedy_sigma1.0.json
unconditional,baN,128,uniform,categorical,,,2,5,0.518,0.039699,0.858,0.023152,0.306,0.035553,0.606,0.036661,500,0.267213,0.347746,1.7,2,False,66.93,153,False,1.0,0.0,0.15862467866323907,153,0.00020728610664870188,0.0004178854993731718,0.75,0.625,,,,,,,,,,results/T-sweep-nonDyck-5/distributions/baN_L128_T2_uniform_categorical_none.json
unconditional,baN,128,uniform,categorical,,,4,5,0.464,0.044989,0.878,0.022271,0.354,0.051225,0.762,0.034871,500,0.313342,0.396885,3.534,4,False,70.12,177,False,1.0,0.0,0.15834075658599056,177,0.00017916330735465378,0.0003611901214501783,0.75,0.625,,,,,,,,,,results/T-sweep-nonDyck-5/distributions/baN_L128_T4_uniform_categorical_none.json
unconditional,baN,128,uniform,greedy,,,8,5,0.0,0.0,1.0,0.0,0.0,0.0,1.0,0.0,500,-0.0,0.007625,8.0,8,False,72.14,0,True,,,,0,,,,,,,,,,,,,,results/T-sweep-nonDyck-5/distributions/baN_L128_T8_uniform_greedy_none.json
unconditional,baN,128,uniform,categorical,,,8,5,0.474,0.034409,0.926,0.008,0.416,0.02245,0.858,0.019391,500,0.373597,0.459684,7.362,8,False,82.52,208,False,1.0,0.0,0.15956786332576015,200,0.00015255530129672007,0.00030755036137167463,0.75,0.625,,,,,,,,,,results/T-sweep-nonDyck-5/distributions/baN_L128_T8_uniform_categorical_none.json
unconditional,baN,128,gaussian,greedy,100.0,,1,5,0.386,0.070597,1.0,0.0,0.386,0.070597,0.99,0.008944,500,0.344351,0.429388,1.562,2,False,65.03,193,False,0.3626943005181347,0.6373056994818653,0.00766744926597582,193,0.00012239402717147404,0.00016448721111933547,0.75,0.625,,,,,,,,,,results/T-sweep-nonDyck-5/distributions/baN_L128_T1_gaussian_greedy_sigma100.0.json
unconditional,baN,128,uniform,greedy,,,16,5,0.002,0.004,1.0,0.0,0.002,0.004,1.0,0.0,500,0.000353,0.011241,16.0,16,False,110.17,1,True,1.0,0.0,,1,0.023622047244094488,0.031746031746031744,0.75,0.5,,,,,,,,,,results/T-sweep-nonDyck-5/distributions/baN_L128_T16_uniform_greedy_none.json
unconditional,baN,128,uniform,greedy,,,32,5,0.068,0.021354,1.0,0.0,0.068,0.021354,1.0,0.0,500,0.049066,0.093521,31.984,32,False,111.23,34,False,0.8823529411764706,0.11764705882352944,0.007742869875222816,34,0.0009263547938860583,0.0011671335200746965,0.75,0.625,,,,,,,,,,results/T-sweep-nonDyck-5/distributions/baN_L128_T32_uniform_greedy_none.json
unconditional,baN,128,uniform,categorical,,,16,5,0.486,0.038781,0.97,0.010954,0.464,0.04128,0.938,0.036,500,0.420727,0.507822,15.47,16,False,111.98,232,False,1.0,0.0,0.15887977336473658,200,0.00013680358425390745,0.00027579549763850106,0.75,0.625,,,,,,,,,,results/T-sweep-nonDyck-5/distributions/baN_L128_T16_uniform_categorical_none.json
unconditional,baN,128,gaussian,greedy,50.0,,2,5,0.282,0.039699,1.0,0.0,0.282,0.039699,0.992,0.009798,500,0.244336,0.322989,2.326,3,False,49.92,141,False,0.3049645390070922,0.6950354609929078,0.0075845364741641335,141,0.00016753224995811694,0.00022514916131937407,0.75,0.625,,,,,,,,,,results/T-sweep-nonDyck-5/distributions/baN_L128_T2_gaussian_greedy_sigma50.0.json
unconditional,baN,128,gaussian,greedy,256.0,,2,5,0.346,0.05678,1.0,0.0,0.346,0.05678,0.994,0.008,500,0.305621,0.388728,2.82,3,False,49.97,173,False,0.5317919075144508,0.4682080924855492,0.00774633687323565,173,0.00013654362568840745,0.00018350307367648408,0.75,0.625,,,,,,,,,,results/T-sweep-nonDyck-5/distributions/baN_L128_T2_gaussian_greedy_sigma256.0.json
unconditional,baN,128,gaussian,greedy,1.0,,2,5,0.0,0.0,1.0,0.0,0.0,0.0,1.0,0.0,500,-0.0,0.007625,2.0,2,False,60.72,0,True,,,,0,,,,,,,,,,,,,,results/T-sweep-nonDyck-5/distributions/baN_L128_T2_gaussian_greedy_sigma1.0.json
unconditional,baN,128,gaussian,greedy,256.0,,1,5,0.328,0.042615,0.998,0.004,0.328,0.042615,0.996,0.004899,500,0.288295,0.370327,1.832,2,False,62.71,164,False,0.5304878048780488,0.4695121951219512,0.007735929784527907,164,0.00014403687343960054,0.00024196670538133953,0.75,0.625,,,,,,,,,,results/T-sweep-nonDyck-5/distributions/baN_L128_T1_gaussian_greedy_sigma256.0.json
unconditional,baN,128,gaussian,greedy,20.0,,2,5,0.128,0.03763,1.0,0.0,0.128,0.03763,0.992,0.007483,500,0.101526,0.160146,2.134,3,False,63.08,64,False,0.3125,0.6875,0.00724671378968254,64,0.00036909448818897637,0.000496031746031746,0.75,0.625,,,,,,,,,,results/T-sweep-nonDyck-5/distributions/baN_L128_T2_gaussian_greedy_sigma20.0.json
unconditional,baN,128,gaussian,greedy,100.0,,2,5,0.386,0.036111,1.0,0.0,0.386,0.036111,0.99,0.012649,500,0.344351,0.429388,2.568,3,False,63.8,193,False,0.37305699481865284,0.6269430051813472,0.007702025313039724,193,0.00012239402717147404,0.00016448721111933547,0.75,0.625,,,,,,,,,,results/T-sweep-nonDyck-5/distributions/baN_L128_T2_gaussian_greedy_sigma100.0.json
unconditional,baN,128,gaussian,greedy,2.0,,2,5,0.0,0.0,1.0,0.0,0.0,0.0,0.994,0.004899,500,-0.0,0.007625,2.0,2,False,71.6,0,True,,,,0,,,,,,,,,,,,,,results/T-sweep-nonDyck-5/distributions/baN_L128_T2_gaussian_greedy_sigma2.0.json
unconditional,baN,128,gaussian,greedy,5.0,,2,5,0.024,0.012,1.0,0.0,0.024,0.012,0.992,0.007483,500,0.013781,0.041477,2.024,3,False,97.76,12,False,0.5,0.5,0.006747159090909091,12,0.001968503937007874,0.0026455026455026454,0.75,0.625,,,,,,,,,,results/T-sweep-nonDyck-5/distributions/baN_L128_T2_gaussian_greedy_sigma5.0.json
unconditional,baN,128,gaussian,greedy,10.0,,2,5,0.066,0.023324,1.0,0.0,0.066,0.023324,0.992,0.007483,500,0.047378,0.09124,2.068,3,False,101.16,33,False,0.2727272727272727,0.7272727272727273,0.006909919507575758,33,0.0007158196134574087,0.000962000962000962,0.75,0.625,,,,,,,,,,results/T-sweep-nonDyck-5/distributions/baN_L128_T2_gaussian_greedy_sigma10.0.json
unconditional,baN,128,gaussian,greedy,100.0,,4,5,0.374,0.047582,1.0,0.0,0.374,0.047582,0.988,0.011662,500,0.332699,0.417222,4.578,5,False,60.64,187,False,0.3850267379679144,0.6149732620320856,0.00768716577540107,187,0.00012632110825718976,0.0001697648756472286,0.75,0.625,,,,,,,,,,results/T-sweep-nonDyck-5/distributions/baN_L128_T4_gaussian_greedy_sigma100.0.json
unconditional,baN,128,uniform,categorical,,,32,5,0.58,0.029665,0.982,0.004,0.554,0.037736,0.962,0.013266,500,0.510182,0.596994,31.264,32,False,178.39,277,False,1.0,0.0,0.1585716864093625,200,0.00011460661280155865,0.00023104693140794225,0.75,0.625,,,,,,,,,,results/T-sweep-nonDyck-5/distributions/baN_L128_T32_uniform_categorical_none.json
unconditional,baN,128,uniform,greedy,,,64,5,0.298,0.032496,1.0,0.0,0.298,0.032496,1.0,0.0,500,0.259573,0.339508,63.874,64,False,187.22,149,False,0.5302013422818792,0.4697986577181208,0.007735267776165428,149,0.00021138297310151666,0.00026632576968147435,0.75,0.625,,,,,,,,,,results/T-sweep-nonDyck-5/distributions/baN_L128_T64_uniform_greedy_none.json
unconditional,baN,128,gaussian,greedy,256.0,,4,5,0.312,0.03763,1.0,0.0,0.312,0.03763,0.986,0.010198,500,0.272952,0.353915,4.818,5,False,76.1,156,False,0.5576923076923077,0.4423076923076923,0.007740772332506203,156,0.0002018978396931153,0.00025437525437525436,0.75,0.625,,,,,,,,,,results/T-sweep-nonDyck-5/distributions/baN_L128_T4_gaussian_greedy_sigma256.0.json
unconditional,baN,128,gaussian,greedy,50.0,,4,5,0.288,0.034293,1.0,0.0,0.288,0.034293,0.984,0.012,500,0.250043,0.32919,4.342,5,False,94.31,144,False,0.3263888888888889,0.6736111111111112,0.007603074009324009,144,0.00016404199475065617,0.0002204585537918871,0.75,0.625,,,,,,,,,,results/T-sweep-nonDyck-5/distributions/baN_L128_T4_gaussian_greedy_sigma50.0.json
unconditional,baN,128,gaussian,greedy,10.0,,4,5,0.044,0.028705,1.0,0.0,0.044,0.028705,0.986,0.014967,500,0.029234,0.06572,4.048,5,False,122.4,22,False,0.4090909090909091,0.5909090909090908,0.006831709956709957,22,0.0010737294201861132,0.001443001443001443,0.75,0.625,,,,,,,,,,results/T-sweep-nonDyck-5/distributions/baN_L128_T4_gaussian_greedy_sigma10.0.json
unconditional,baN,128,gaussian,greedy,5.0,,4,5,0.042,0.017205,1.0,0.0,0.042,0.017205,0.99,0.010954,500,0.027632,0.063352,4.012,5,False,149.44,21,False,0.38095238095238093,0.6190476190476191,0.006287202380952381,21,0.0011248593925759281,0.0015117157974300832,0.75,0.625,,,,,,,,,,results/T-sweep-nonDyck-5/distributions/baN_L128_T4_gaussian_greedy_sigma5.0.json
unconditional,baN,128,gaussian,greedy,2.0,,4,5,0.0,0.0,1.0,0.0,0.0,0.0,0.996,0.008,500,-0.0,0.007625,4.0,4,False,154.76,0,True,,,,0,,,,,,,,,,,,,,results/T-sweep-nonDyck-5/distributions/baN_L128_T4_gaussian_greedy_sigma2.0.json
unconditional,baN,128,gaussian,greedy,20.0,,4,5,0.102,0.021354,1.0,0.0,0.102,0.021354,0.992,0.007483,500,0.078434,0.131635,4.114,5,False,139.15,51,False,0.27450980392156865,0.7254901960784313,0.007052696078431372,51,0.0004631773969430292,0.0006224712107065049,0.75,0.625,,,,,,,,,,results/T-sweep-nonDyck-5/distributions/baN_L128_T4_gaussian_greedy_sigma20.0.json
unconditional,baN,128,gaussian,greedy,1.0,,4,5,0.0,0.0,1.0,0.0,0.0,0.0,1.0,0.0,500,-0.0,0.007625,4.0,4,False,187.27,0,True,,,,0,,,,,,,,,,,,,,results/T-sweep-nonDyck-5/distributions/baN_L128_T4_gaussian_greedy_sigma1.0.json
unconditional,baN,128,gaussian,greedy,256.0,,8,5,0.294,0.030725,1.0,0.0,0.294,0.030725,0.996,0.004899,500,0.255758,0.335384,8.788,9,False,101.43,147,False,0.6122448979591837,0.3877551020408163,0.007745521153666946,147,0.00021425893191922437,0.00032393909944930353,0.75,0.625,,,,,,,,,,results/T-sweep-nonDyck-5/distributions/baN_L128_T8_gaussian_greedy_sigma256.0.json
unconditional,baN,128,gaussian,greedy,100.0,,8,5,0.436,0.024166,1.0,0.0,0.436,0.024166,0.986,0.010198,500,0.393185,0.479791,8.57,9,False,130.3,218,False,0.3853211009174312,0.6146788990825688,0.007704538316582915,200,0.00010835801488116738,0.000145623998835008,0.75,0.625,,,,,,,,,,results/T-sweep-nonDyck-5/distributions/baN_L128_T8_gaussian_greedy_sigma100.0.json
unconditional,baN,128,gaussian,greedy,50.0,,8,5,0.458,0.03544,1.0,0.0,0.458,0.03544,0.99,0.010954,500,0.414814,0.501827,8.322,9,False,175.52,229,False,0.24890829694323144,0.7510917030567685,0.007584406407035176,200,0.00010315304473403707,0.0001386289595896583,0.75,0.625,,,,,,,,,,results/T-sweep-nonDyck-5/distributions/baN_L128_T8_gaussian_greedy_sigma50.0.json
unconditional,baN,128,uniform,categorical,,,64,5,0.682,0.027857,0.99,0.008944,0.672,0.026382,0.986,0.008,500,0.629673,0.711705,63.398,64,False,309.3,336,False,1.0,0.0,0.15841110313472123,200,9.462752241489437e-05,0.0001907714319780613,0.75,0.625,,,,,,,,,,results/T-sweep-nonDyck-5/distributions/baN_L128_T64_uniform_categorical_none.json
unconditional,baN,128,gaussian,greedy,20.0,,8,5,0.304,0.043174,1.0,0.0,0.304,0.043174,0.976,0.020591,500,0.265301,0.345687,8.06,9,False,238.39,152,False,0.19078947368421054,0.8092105263157895,0.007368638898570931,152,0.0001554082055532532,0.00020885547201336674,0.75,0.625,,,,,,,,,,results/T-sweep-nonDyck-5/distributions/baN_L128_T8_gaussian_greedy_sigma20.0.json
unconditional,baN,128,gaussian,greedy,256.0,,16,5,0.364,0.024166,1.0,0.0,0.364,0.024166,0.998,0.004,500,0.323011,0.407063,16.782,17,False,152.32,182,False,0.489010989010989,0.510989010989011,0.0077351860846335985,182,0.00017305529116552737,0.0002180359323216466,0.75,0.625,,,,,,,,,,results/T-sweep-nonDyck-5/distributions/baN_L128_T16_gaussian_greedy_sigma256.0.json
unconditional,baN,128,gaussian,greedy,10.0,,8,5,0.096,0.031369,1.0,0.0,0.096,0.031369,0.98,0.008944,500,0.073173,0.124988,8.044,9,False,256.08,48,False,0.3125,0.6875,0.006988308953900709,48,0.0004921259842519685,0.0006613756613756613,0.75,0.625,,,,,,,,,,results/T-sweep-nonDyck-5/distributions/baN_L128_T8_gaussian_greedy_sigma10.0.json
unconditional,baN,128,gaussian,greedy,5.0,,8,5,0.124,0.023324,1.0,0.0,0.124,0.023324,0.994,0.008,500,0.097946,0.155788,8.022,9,False,260.31,62,False,0.27419354838709675,0.7258064516129032,0.007093634320465362,62,0.000381000762001524,0.0005120327700972862,0.75,0.625,,,,,,,,,,results/T-sweep-nonDyck-5/distributions/baN_L128_T8_gaussian_greedy_sigma5.0.json
unconditional,baN,128,gaussian,greedy,1.0,,8,5,0.494,0.037202,1.0,0.0,0.494,0.037202,1.0,0.0,500,0.450389,0.537702,8.0,8,False,295.34,247,False,0.020242914979757085,0.979757085020243,0.0026692054020100503,200,9.563581880200198e-05,0.000128526444315918,0.75,0.625,,,,,,,,,,results/T-sweep-nonDyck-5/distributions/baN_L128_T8_gaussian_greedy_sigma1.0.json
unconditional,baN,128,gaussian,greedy,2.0,,8,5,0.374,0.025768,1.0,0.0,0.374,0.025768,1.0,0.0,500,0.332699,0.417222,8.004,9,False,302.75,187,False,0.0481283422459893,0.9518716577540107,0.005964830947041574,187,0.00012632110825718976,0.0001697648756472286,0.75,0.625,,,,,,,,,,results/T-sweep-nonDyck-5/distributions/baN_L128_T8_gaussian_greedy_sigma2.0.json
unconditional,baN,128,gaussian,greedy,100.0,,16,5,0.558,0.049153,1.0,0.0,0.558,0.049153,0.982,0.007483,500,0.514191,0.600925,16.39,17,False,229.85,279,False,0.3548387096774194,0.6451612903225806,0.007714353015075377,200,8.466683600033866e-05,0.00011378506002161917,0.75,0.625,,,,,,,,,,results/T-sweep-nonDyck-5/distributions/baN_L128_T16_gaussian_greedy_sigma100.0.json
unconditional,baN,128,gaussian,greedy,50.0,,16,5,0.658,0.051923,1.0,0.0,0.658,0.051923,0.974,0.014967,500,0.615355,0.698235,15.934,17,False,324.29,329,False,0.19148936170212766,0.8085106382978724,0.007618168969849246,200,7.179953569633584e-05,9.649249770830318e-05,0.75,0.625,,,,,,,,,,results/T-sweep-nonDyck-5/distributions/baN_L128_T16_gaussian_greedy_sigma50.0.json
unconditional,baN,128,uniform,greedy,,,128,5,0.57,0.06,0.996,0.004899,0.57,0.06,0.994,0.004899,500,0.526233,0.612699,127.45,128,False,530.49,285,False,0.38596491228070173,0.6140350877192983,0.007756752512562814,200,0.00011051250172675784,0.0001670843776106934,0.75,0.625,,,,,,,,,,results/T-sweep-nonDyck-5/distributions/baN_L128_T128_uniform_greedy_none.json
unconditional,baN,128,uniform,categorical,,,128,5,0.8,0.052915,0.996,0.004899,0.794,0.056071,0.992,0.011662,500,0.756373,0.827144,126.982,128,False,566.9,397,False,1.0,0.0,0.1586029418314737,200,8.000960115213825e-05,0.00016130007863378833,0.75,0.625,,,,,,,,,,results/T-sweep-nonDyck-5/distributions/baN_L128_T128_uniform_categorical_none.json
unconditional,baN,128,gaussian,greedy,20.0,,16,5,0.592,0.060795,1.0,0.0,0.592,0.060795,0.972,0.017205,500,0.548379,0.634218,15.64,17,False,391.4,296,False,0.11148648648648649,0.8885135135135135,0.0073798680904522615,200,7.980421366248138e-05,0.00010725010725010725,0.75,0.625,,,,,,,,,,results/T-sweep-nonDyck-5/distributions/baN_L128_T16_gaussian_greedy_sigma20.0.json
unconditional,baN,128,gaussian,greedy,256.0,,32,5,0.408,0.054185,1.0,0.0,0.408,0.054185,0.998,0.004,500,0.365782,0.451621,32.646,33,False,309.81,204,False,0.47058823529411764,0.5294117647058824,0.007746545226130653,200,0.0001157943492357573,0.0001556178026766262,0.75,0.625,,,,,,,,,,results/T-sweep-nonDyck-5/distributions/baN_L128_T32_gaussian_greedy_sigma256.0.json
unconditional,baN,128,gaussian,greedy,100.0,,32,5,0.68,0.042426,1.0,0.0,0.68,0.042426,0.99,0.006325,500,0.637872,0.719383,32.04,33,False,372.08,340,False,0.2823529411764706,0.7176470588235294,0.007693938442211055,200,6.947660954145438e-05,9.337068160597572e-05,0.75,0.625,,,,,,,,,,results/T-sweep-nonDyck-5/distributions/baN_L128_T32_gaussian_greedy_sigma100.0.json
unconditional,baN,128,gaussian,greedy,2.0,,16,5,0.512,0.060465,1.0,0.0,0.512,0.060465,0.996,0.004899,500,0.468261,0.555556,15.996,16,False,516.83,256,False,0.14453125,0.85546875,0.007897298994974874,200,9.227362204724409e-05,0.0001240079365079365,0.75,0.625,,,,,,,,,,results/T-sweep-nonDyck-5/distributions/baN_L128_T16_gaussian_greedy_sigma2.0.json
unconditional,baN,128,gaussian,greedy,10.0,,16,5,0.402,0.037094,1.0,0.0,0.402,0.037094,0.926,0.028705,500,0.359928,0.445566,15.554,17,False,512.4,201,False,0.08955223880597014,0.9104477611940298,0.00703910175879397,200,0.0001175226231049477,0.00015794045644791914,0.75,0.625,,,,,,,,,,results/T-sweep-nonDyck-5/distributions/baN_L128_T16_gaussian_greedy_sigma10.0.json
unconditional,baN,128,gaussian,greedy,5.0,,16,5,0.484,0.067112,1.0,0.0,0.484,0.067112,0.858,0.026382,500,0.440485,0.527759,15.688,17,False,563.38,242,False,0.1322314049586777,0.8677685950413223,0.007132341394472361,200,9.761176547146483e-05,0.00013118194936376755,0.75,0.625,,,,,,,,,,results/T-sweep-nonDyck-5/distributions/baN_L128_T16_gaussian_greedy_sigma5.0.json
unconditional,baN,128,gaussian,greedy,1.0,,16,5,0.538,0.045343,1.0,0.0,0.538,0.045343,1.0,0.0,500,0.494176,0.581244,16.0,16,False,598.41,269,False,0.11895910780669144,0.8810408921933086,0.008594535175879396,200,8.78143020226561e-05,0.00011801498790346374,0.75,0.625,,,,,,,,,,results/T-sweep-nonDyck-5/distributions/baN_L128_T16_gaussian_greedy_sigma1.0.json
unconditional,baN,128,uniform,greedy,,,256,5,0.788,0.027129,1.0,0.0,0.788,0.027129,0.998,0.004,500,0.750047,0.821561,253.392,255,False,888.86,394,False,0.31218274111675126,0.6878172588832487,0.007754396984924623,200,7.993924617290859e-05,0.00012086052695189751,0.75,0.625,,,,,,,,,,results/T-sweep-nonDyck-5/distributions/baN_L128_T256_uniform_greedy_none.json
unconditional,baN,128,uniform,categorical,,,256,5,0.886,0.021541,0.998,0.004,0.884,0.02245,0.998,0.004,500,0.852958,0.909187,253.312,255,False,916.7,442,False,1.0,0.0,0.15943482675290593,200,7.186360288173047e-05,0.0001448776689183071,0.75,0.625,,,,,,,,,,results/T-sweep-nonDyck-5/distributions/baN_L128_T256_uniform_categorical_none.json
unconditional,baN,128,gaussian,greedy,50.0,,32,5,0.728,0.011662,1.0,0.0,0.728,0.011662,0.988,0.011662,500,0.687367,0.765157,31.186,33,False,612.96,364,False,0.16758241758241757,0.8324175824175825,0.0075706658291457285,200,6.489573418707277e-05,8.721437292865864e-05,0.75,0.625,,,,,,,,,,results/T-sweep-nonDyck-5/distributions/baN_L128_T32_gaussian_greedy_sigma50.0.json
unconditional,baN,128,gaussian,greedy,20.0,,32,5,0.714,0.042708,1.0,0.0,0.714,0.042708,0.952,0.017205,500,0.672876,0.751861,30.674,33,False,771.79,357,False,0.11204481792717087,0.8879551820728291,0.007402245603015075,200,6.616819956328988e-05,8.892445867235783e-05,0.75,0.625,,,,,,,,,,results/T-sweep-nonDyck-5/distributions/baN_L128_T32_gaussian_greedy_sigma20.0.json
unconditional,baN,128,gaussian,greedy,256.0,,64,5,0.48,0.043359,1.0,0.0,0.48,0.043359,1.0,0.0,500,0.436528,0.523777,64.392,65,False,597.44,240,False,0.43333333333333335,0.5666666666666667,0.007744189698492462,200,9.84251968503937e-05,0.00013227513227513228,0.75,0.625,,,,,,,,,,results/T-sweep-nonDyck-5/distributions/baN_L128_T64_gaussian_greedy_sigma256.0.json
unconditional,baN,128,gaussian,greedy,10.0,,32,5,0.63,0.037417,1.0,0.0,0.63,0.037417,0.93,0.026833,500,0.586839,0.671178,30.63,33,False,882.57,315,False,0.06666666666666667,0.9333333333333333,0.007105841708542714,200,9.998750156230471e-05,0.00012597631645250694,0.75,0.625,,,,,,,,,,results/T-sweep-nonDyck-5/distributions/baN_L128_T32_gaussian_greedy_sigma10.0.json
unconditional,baN,128,gaussian,greedy,2.0,,32,5,0.676,0.05678,1.0,0.0,0.676,0.05678,0.896,0.013565,500,0.633771,0.715545,31.454,32,False,971.31,338,False,0.5946745562130178,0.4053254437869822,0.014928156407035176,200,9.318361831989936e-05,0.0001643655489809336,0.75,0.625,,,,,,,,,,results/T-sweep-nonDyck-5/distributions/baN_L128_T32_gaussian_greedy_sigma2.0.json
unconditional,baN,128,gaussian,greedy,100.0,,64,5,0.712,0.014697,0.998,0.004,0.712,0.014697,0.994,0.004899,500,0.67081,0.749957,63.34,65,False,798.3,356,False,0.2752808988764045,0.7247191011235955,0.00771356783919598,200,6.635406529240025e-05,0.00011146780809702159,0.75,0.625,,,,,,,,,,results/T-sweep-nonDyck-5/distributions/baN_L128_T64_gaussian_greedy_sigma100.0.json
unconditional,baN,128,gaussian,greedy,5.0,,32,5,0.612,0.022271,1.0,0.0,0.612,0.022271,0.89,0.015492,500,0.568587,0.653705,30.934,33,False,1114.19,306,False,0.13071895424836602,0.869281045751634,0.007526892273869347,200,0.00010292831043178426,0.00018155410312273057,0.75,0.625,,,,,,,,,,results/T-sweep-nonDyck-5/distributions/baN_L128_T32_gaussian_greedy_sigma5.0.json
unconditional,baN,128,gaussian,greedy,1.0,,32,5,0.73,0.032863,1.0,0.0,0.73,0.032863,0.876,0.018547,500,0.689441,0.767052,31.844,32,False,1152.13,365,False,0.6246575342465753,0.37534246575342467,0.017117619346733667,200,8.629058354007119e-05,0.00015220700152207003,0.75,0.625,,,,,,,,,,results/T-sweep-nonDyck-5/distributions/baN_L128_T32_gaussian_greedy_sigma1.0.json
unconditional,baN,128,uniform,greedy,,,512,5,0.88,0.020976,0.998,0.004,0.88,0.020976,0.998,0.004,500,0.84858,0.905626,505.724,509,False,1505.05,440,False,0.275,0.725,0.007754396984924623,200,5.3686471009305655e-05,9.018759018759019e-05,0.75,0.625,,,,,,,,,,results/T-sweep-nonDyck-5/distributions/baN_L128_T512_uniform_greedy_none.json
unconditional,baN,128,gaussian,greedy,50.0,,64,5,0.842,0.014697,1.0,0.0,0.842,0.014697,0.992,0.007483,500,0.807437,0.871348,61.836,65,False,1087.8,421,False,0.16389548693586697,0.836104513064133,0.007609139447236181,200,5.6109375876709e-05,7.540625117822267e-05,0.75,0.625,,,,,,,,,,results/T-sweep-nonDyck-5/distributions/baN_L128_T64_gaussian_greedy_sigma50.0.json
unconditional,baN,128,gaussian,greedy,256.0,,128,5,0.452,0.058447,1.0,0.0,0.452,0.058447,1.0,0.0,500,0.408907,0.495825,128.082,129,False,1227.07,226,False,0.47345132743362833,0.5265486725663717,0.007750471105527638,200,0.00010452233293847119,0.00017558645877229948,0.75,0.625,,,,,,,,,,results/T-sweep-nonDyck-5/distributions/baN_L128_T128_gaussian_greedy_sigma256.0.json
unconditional,baN,128,gaussian,greedy,10.0,,64,5,0.804,0.037202,1.0,0.0,0.804,0.037202,0.964,0.02498,500,0.766942,0.836422,60.964,65,False,1652.21,402,False,0.05970149253731343,0.9402985074626866,0.0071831815326633165,200,7.834841540329847e-05,0.00011845534233593936,0.75,0.625,,,,,,,,,,results/T-sweep-nonDyck-5/distributions/baN_L128_T64_gaussian_greedy_sigma10.0.json
unconditional,baN,128,gaussian,greedy,20.0,,64,5,0.828,0.016,1.0,0.0,0.828,0.016,0.974,0.019596,500,0.792452,0.858546,60.842,65,False,1680.95,414,False,0.09178743961352658,0.9082125603864735,0.00739321608040201,200,5.705808513066301e-05,7.668123610152595e-05,0.75,0.625,,,,,,,,,,results/T-sweep-nonDyck-5/distributions/baN_L128_T64_gaussian_greedy_sigma20.0.json
unconditional,baN,128,gaussian,greedy,100.0,,128,5,0.774,0.029394,1.0,0.0,0.774,0.029394,0.998,0.004,500,0.735331,0.808491,125.854,129,False,1400.0,387,False,0.2351421188630491,0.7648578811369509,0.007714353015075377,200,6.103888176768602e-05,8.203108978302776e-05,0.75,0.625,,,,,,,,,,results/T-sweep-nonDyck-5/distributions/baN_L128_T128_gaussian_greedy_sigma100.0.json
unconditional,baN,128,uniform,categorical,,,512,5,0.93,0.034059,0.996,0.008,0.93,0.034059,0.996,0.008,500,0.904202,0.949241,505.346,509,False,2258.34,465,False,1.0,0.0,0.15947845119071563,200,6.830834386420302e-05,0.00013771022326269946,0.75,0.625,,,,,,,,,,results/T-sweep-nonDyck-5/distributions/baN_L128_T512_uniform_categorical_none.json
unconditional,baN,128,gaussian,greedy,5.0,,64,5,0.778,0.03763,1.0,0.0,0.778,0.03763,0.93,0.022804,500,0.739529,0.812231,61.52,65,False,2023.19,389,False,0.16195372750642673,0.8380462724935733,0.007868640075376885,200,8.096674291034957e-05,0.00016321867221610152,0.75,0.625,,,,,,,,,,results/T-sweep-nonDyck-5/distributions/baN_L128_T64_gaussian_greedy_sigma5.0.json
unconditional,baN,128,gaussian,greedy,2.0,,64,5,0.732,0.016,1.0,0.0,0.732,0.016,0.88,0.012649,500,0.691516,0.768947,62.446,65,False,2134.17,366,False,0.8524590163934426,0.14754098360655743,0.0205990891959799,200,8.6054816918377e-05,0.00017347558331164888,0.75,0.625,,,,,,,,,,results/T-sweep-nonDyck-5/distributions/baN_L128_T64_gaussian_greedy_sigma2.0.json
unconditional,baN,128,gaussian,greedy,1.0,,64,5,0.738,0.038678,1.0,0.0,0.738,0.038678,0.842,0.042615,500,0.697746,0.774624,63.004,64,False,2306.85,369,False,0.986449864498645,0.013550135501354976,0.026167752826633167,200,8.535518426050402e-05,0.0001720652127156192,0.75,0.625,,,,,,,,,,results/T-sweep-nonDyck-5/distributions/baN_L128_T64_gaussian_greedy_sigma1.0.json
unconditional,baN,128,gaussian,greedy,50.0,,128,5,0.868,0.031875,1.0,0.0,0.868,0.031875,0.994,0.008,500,0.835505,0.894884,123.946,129,False,2390.69,434,False,0.16129032258064516,0.8387096774193549,0.007629161432160804,200,5.4428680285932e-05,7.31475385853266e-05,0.75,0.625,,,,,,,,,,results/T-sweep-nonDyck-5/distributions/baN_L128_T128_gaussian_greedy_sigma50.0.json
unconditional,baN,128,gaussian,greedy,256.0,,256,5,0.496,0.032,1.0,0.0,0.496,0.032,1.0,0.0,500,0.452372,0.539689,253.782,256,False,2062.53,248,False,0.42338709677419356,0.5766129032258065,0.007740656407035176,200,0.000127000254000508,0.00016001024065540195,0.75,0.625,,,,,,,,,,results/T-sweep-nonDyck-5/distributions/baN_L128_T256_gaussian_greedy_sigma256.0.json
unconditional,baN,128,gaussian,greedy,20.0,,128,5,0.912,0.017205,1.0,0.0,0.912,0.017205,0.992,0.009798,500,0.883923,0.933794,121.002,129,False,2819.09,456,False,0.07675438596491228,0.9232456140350878,0.007407741834170855,200,5.1802735184417735e-05,6.961849067112225e-05,0.75,0.625,,,,,,,,,,results/T-sweep-nonDyck-5/distributions/baN_L128_T128_gaussian_greedy_sigma20.0.json
unconditional,baN,128,gaussian,greedy,100.0,,256,5,0.726,0.025768,1.0,0.0,0.726,0.025768,0.998,0.004,500,0.685294,0.76326,250.008,256,False,2293.15,363,False,0.26721763085399447,0.7327823691460056,0.007714745603015076,200,8.676601375241318e-05,0.00010931829113647296,0.75,0.625,,,,,,,,,,results/T-sweep-nonDyck-5/distributions/baN_L128_T256_gaussian_greedy_sigma100.0.json
unconditional,baN,128,uniform,greedy,,,1024,5,0.932,0.016,1.0,0.0,0.932,0.016,1.0,0.0,500,0.906479,0.950934,1009.308,1017,False,3993.13,466,False,0.26824034334763946,0.7317596566523605,0.007750863693467337,200,6.758811800885405e-05,0.00010218679746576743,0.75,0.625,,,,,,,,,,results/T-sweep-nonDyck-5/distributions/baN_L128_T1024_uniform_greedy_none.json
unconditional,baN,128,gaussian,categorical,1.0,,1,5,0.492,0.039699,1.0,0.0,0.256,0.02245,0.51,0.034059,500,0.219707,0.296014,1.0,1,False,59.55,128,False,1.0,0.0,0.15888127620411086,128,0.00024934546814611643,0.0005027020233756441,0.75,0.625,,,,,,,,,,results/T-sweep-nonDyck-5/distributions/baN_L128_T1_gaussian_categorical_sigma1.0.json
unconditional,baN,128,uniform,categorical,,,1024,5,0.974,0.016248,0.998,0.004,0.972,0.014697,0.998,0.004,500,0.953553,0.983249,1008.144,1017,False,4066.8,486,False,1.0,0.0,0.1587466941135176,200,6.536268117718188e-05,0.00013177183706412348,0.75,0.625,,,,,,,,,,results/T-sweep-nonDyck-5/distributions/baN_L128_T1024_uniform_categorical_none.json
unconditional,baN,128,gaussian,categorical,2.0,,1,5,0.492,0.039699,1.0,0.0,0.256,0.02245,0.51,0.034059,500,0.219707,0.296014,1.0,1,False,60.47,128,False,1.0,0.0,0.15888127620411086,128,0.00024934546814611643,0.0005027020233756441,0.75,0.625,,,,,,,,,,results/T-sweep-nonDyck-5/distributions/baN_L128_T1_gaussian_categorical_sigma2.0.json
unconditional,baN,128,gaussian,categorical,5.0,,1,5,0.51,0.055136,1.0,0.0,0.272,0.033106,0.504,0.024166,500,0.234843,0.312633,1.01,2,False,58.85,136,False,1.0,0.0,0.15865794295138014,136,0.00023437042245268646,0.0004725060539838167,0.75,0.625,,,,,,,,,,results/T-sweep-nonDyck-5/distributions/baN_L128_T1_gaussian_categorical_sigma5.0.json
unconditional,baN,128,gaussian,greedy,10.0,,128,5,0.912,0.014697,1.0,0.0,0.912,0.014697,0.968,0.007483,500,0.883923,0.933794,121.578,129,False,3478.65,456,False,0.05263157894736842,0.9473684210526316,0.007090727072864322,200,6.907031357922365e-05,8.702311333890281e-05,0.75,0.625,,,,,,,,,,results/T-sweep-nonDyck-5/distributions/baN_L128_T128_gaussian_greedy_sigma10.0.json
unconditional,baN,128,gaussian,categorical,10.0,,1,5,0.514,0.048826,1.0,0.0,0.246,0.039799,0.492,0.051923,500,0.21028,0.285593,1.016,2,False,60.48,123,False,1.0,0.0,0.15873204215064923,123,0.00025940337224383917,0.0005229783617702817,0.75,0.625,,,,,,,,,,results/T-sweep-nonDyck-5/distributions/baN_L128_T1_gaussian_categorical_sigma10.0.json
unconditional,baN,128,gaussian,categorical,20.0,,1,5,0.524,0.044989,1.0,0.0,0.268,0.019391,0.496,0.031369,500,0.231053,0.308484,1.038,2,False,58.95,134,False,1.0,0.0,0.15836668731172485,134,0.0002380810666031784,0.00047999040019199615,0.75,0.625,,,,,,,,,,results/T-sweep-nonDyck-5/distributions/baN_L128_T1_gaussian_categorical_sigma20.0.json
unconditional,baN,128,gaussian,categorical,50.0,,1,5,0.538,0.056356,1.0,0.0,0.262,0.033106,0.426,0.048826,500,0.225376,0.302254,1.078,2,False,66.31,131,False,1.0,0.0,0.15803382222696227,131,0.00024304289707133308,0.0004899859129050039,0.75,0.625,,,,,,,,,,results/T-sweep-nonDyck-5/distributions/baN_L128_T1_gaussian_categorical_sigma50.0.json
unconditional,baN,128,gaussian,categorical,100.0,,1,5,0.522,0.013266,1.0,0.0,0.21,0.034059,0.378,0.046648,500,0.176577,0.247846,1.164,2,False,58.92,105,False,1.0,0.0,0.15928501356108257,105,0.00030245746691871453,0.0006097560975609756,0.75,0.625,,,,,,,,,,results/T-sweep-nonDyck-5/distributions/baN_L128_T1_gaussian_categorical_sigma100.0.json
unconditional,baN,128,gaussian,categorical,256.0,,1,5,0.536,0.033823,0.996,0.004899,0.196,0.042708,0.316,0.030725,500,0.163578,0.233058,1.216,2,False,59.25,98,False,1.0,0.0,0.159764430299594,98,0.00032370316419843,0.000652581776653887,0.75,0.625,,,,,,,,,,results/T-sweep-nonDyck-5/distributions/baN_L128_T1_gaussian_categorical_sigma256.0.json
unconditional,baN,128,gaussian,categorical,2.0,,2,5,0.504,0.020591,1.0,0.0,0.234,0.053141,0.486,0.048415,500,0.199004,0.273052,2.0,2,False,89.24,117,False,1.0,0.0,0.15937425091867916,117,0.00027210884353741496,0.0005485839676335459,0.75,0.625,,,,,,,,,,results/T-sweep-nonDyck-5/distributions/baN_L128_T2_gaussian_categorical_sigma2.0.json
unconditional,baN,128,gaussian,categorical,1.0,,2,5,0.498,0.064312,1.0,0.0,0.24,0.047749,0.486,0.048415,500,0.204637,0.279328,2.0,2,False,97.67,120,False,1.0,0.0,0.15866214768309853,120,0.0002655337227827934,0.0005353319057815846,0.75,0.625,,,,,,,,,,results/T-sweep-nonDyck-5/distributions/baN_L128_T2_gaussian_categorical_sigma1.0.json
unconditional,baN,128,gaussian,categorical,5.0,,2,5,0.496,0.028705,1.0,0.0,0.246,0.014967,0.494,0.036661,500,0.21028,0.285593,2.016,3,False,94.87,123,False,1.0,0.0,0.15832716794517349,123,0.0002588326646822829,0.0005218185376035483,0.75,0.625,,,,,,,,,,results/T-sweep-nonDyck-5/distributions/baN_L128_T2_gaussian_categorical_sigma5.0.json
unconditional,baN,128,gaussian,categorical,50.0,,2,5,0.558,0.036551,1.0,0.0,0.344,0.026533,0.556,0.048826,500,0.303692,0.386687,2.134,3,False,65.84,172,False,1.0,0.0,0.1597188567491231,172,0.0001846977882439858,0.00037235280428205724,0.75,0.625,,,,,,,,,,results/T-sweep-nonDyck-5/distributions/baN_L128_T2_gaussian_categorical_sigma50.0.json
unconditional,baN,128,gaussian,categorical,20.0,,2,5,0.51,0.032863,1.0,0.0,0.244,0.033823,0.488,0.0449,500,0.208398,0.283506,2.05,3,False,81.1,122,False,1.0,0.0,0.158295466593557,122,0.00026123301985370953,0.0005266622778143515,0.75,0.625,,,,,,,,,,results/T-sweep-nonDyck-5/distributions/baN_L128_T2_gaussian_categorical_sigma20.0.json
unconditional,baN,128,gaussian,categorical,10.0,,2,5,0.522,0.049558,1.0,0.0,0.252,0.053442,0.478,0.051923,500,0.215933,0.291849,2.026,3,False,91.09,126,False,1.0,0.0,0.15872521957340024,126,0.0002529404325281396,0.0005099439061703213,0.75,0.625,,,,,,,,,,results/T-sweep-nonDyck-5/distributions/baN_L128_T2_gaussian_categorical_sigma10.0.json
unconditional,baN,128,gaussian,categorical,100.0,,2,5,0.588,0.014697,0.98,0.010954,0.362,0.011662,0.564,0.02245,500,0.321075,0.405029,2.17,3,False,63.57,181,False,1.0,0.0,0.15855446319819036,181,0.00017538475029596175,0.0003535755325731459,0.75,0.625,,,,,,,,,,results/T-sweep-nonDyck-5/distributions/baN_L128_T2_gaussian_categorical_sigma100.0.json
unconditional,baN,128,gaussian,categorical,256.0,,2,5,0.59,0.020976,0.91,0.046043,0.378,0.029933,0.576,0.045869,500,0.33658,0.42128,2.232,3,False,63.42,189,False,1.0,0.0,0.15824429385107885,189,0.00016761649346295676,0.000337909186906019,0.75,0.625,,,,,,,,,,results/T-sweep-nonDyck-5/distributions/baN_L128_T2_gaussian_categorical_sigma256.0.json
unconditional,baN,128,gaussian,greedy,5.0,,128,5,0.888,0.017205,1.0,0.0,0.888,0.017205,0.964,0.024166,500,0.857346,0.912738,122.744,129,False,3893.69,444,False,0.1463963963963964,0.8536036036036037,0.008426900125628141,200,7.093707881109456e-05,0.000143000143000143,0.75,0.625,,,,,,,,,,results/T-sweep-nonDyck-5/distributions/baN_L128_T128_gaussian_greedy_sigma5.0.json
unconditional,baN,128,gaussian,categorical,1.0,,4,5,0.546,0.020591,1.0,0.0,0.262,0.027129,0.492,0.034293,500,0.225376,0.302254,4.002,5,False,167.39,131,False,1.0,0.0,0.15839338112394608,131,0.00024335340998965748,0.0004906169508156506,0.75,0.625,,,,,,,,,,results/T-sweep-nonDyck-5/distributions/baN_L128_T4_gaussian_categorical_sigma1.0.json
unconditional,baN,128,gaussian,categorical,5.0,,4,5,0.48,0.057966,1.0,0.0,0.224,0.033226,0.464,0.018547,500,0.189638,0.26257,4.01,5,False,151.38,112,False,1.0,0.0,0.15969817597724575,112,0.0002841312686461145,0.0005728197049978519,0.75,0.625,,,,,,,,,,results/T-sweep-nonDyck-5/distributions/baN_L128_T4_gaussian_categorical_sigma5.0.json
unconditional,baN,128,gaussian,categorical,2.0,,4,5,0.51,0.040988,1.0,0.0,0.242,0.01833,0.492,0.034293,500,0.206517,0.281417,4.002,5,False,165.78,121,False,1.0,0.0,0.15908243375858686,121,0.0002637826431020839,0.0005318088147311041,0.75,0.625,,,,,,,,,,results/T-sweep-nonDyck-5/distributions/baN_L128_T4_gaussian_categorical_sigma2.0.json
unconditional,baN,128,gaussian,categorical,50.0,,4,5,0.582,0.016,0.998,0.004,0.418,0.047074,0.638,0.061123,500,0.375552,0.461698,3.904,5,False,77.81,209,False,1.0,0.0,0.15921171340612056,200,0.00015167026883555152,0.00030576364470264486,0.75,0.625,,,,,,,,,,results/T-sweep-nonDyck-5/distributions/baN_L128_T4_gaussian_categorical_sigma50.0.json
unconditional,baN,128,gaussian,categorical,10.0,,4,5,0.508,0.024819,1.0,0.0,0.294,0.023324,0.546,0.026533,500,0.255758,0.335384,4.026,5,False,143.85,147,False,1.0,0.0,0.16037053007101765,147,0.00021694326933506888,0.0004373735717019299,0.75,0.625,,,,,,,,,,results/T-sweep-nonDyck-5/distributions/baN_L128_T4_gaussian_categorical_sigma10.0.json
unconditional,baN,128,gaussian,categorical,20.0,,4,5,0.528,0.053442,1.0,0.0,0.346,0.050438,0.63,0.041473,500,0.305621,0.388728,3.944,5,False,134.99,173,False,1.0,0.0,0.15869079282290421,173,0.0001834862385321101,0.00036990798538863456,0.75,0.625,,,,,,,,,,results/T-sweep-nonDyck-5/distributions/baN_L128_T4_gaussian_categorical_sigma20.0.json
unconditional,baN,128,gaussian,categorical,100.0,,4,5,0.654,0.062482,0.964,0.023324,0.476,0.032,0.682,0.028566,500,0.432573,0.519793,4.012,5,False,84.87,238,False,1.0,0.0,0.15864441465451348,200,0.00013317795904777758,0.0002684834043695674,0.75,0.625,,,,,,,,,,results/T-sweep-nonDyck-5/distributions/baN_L128_T4_gaussian_categorical_sigma100.0.json
unconditional,baN,128,gaussian,categorical,256.0,,4,5,0.57,0.055857,0.914,0.018547,0.396,0.034986,0.652,0.047074,500,0.354081,0.439505,4.028,5,False,75.17,198,False,1.0,0.0,0.15865996132961965,198,0.00016,0.00032255463269091205,0.75,0.625,,,,,,,,,,results/T-sweep-nonDyck-5/distributions/baN_L128_T4_gaussian_categorical_sigma256.0.json
unconditional,baN,128,gaussian,greedy,2.0,,128,5,0.832,0.050359,1.0,0.0,0.832,0.050359,0.894,0.036111,500,0.796725,0.862212,124.592,129,False,4221.2,416,False,0.9591346153846154,0.04086538461538458,0.02528207443467337,200,7.571168988491823e-05,0.00015262515262515263,0.75,0.625,,,,,,,,,,results/T-sweep-nonDyck-5/distributions/baN_L128_T128_gaussian_greedy_sigma2.0.json
unconditional,baN,128,gaussian,categorical,10.0,,8,5,0.532,0.042615,1.0,0.0,0.358,0.046648,0.634,0.043174,500,0.317207,0.400959,7.73,9,False,184.66,179,False,1.0,0.0,0.1589763323758724,179,0.000177367860943597,0.0003575738613507353,0.75,0.625,,,,,,,,,,results/T-sweep-nonDyck-5/distributions/baN_L128_T8_gaussian_categorical_sigma10.0.json
unconditional,baN,128,gaussian,categorical,5.0,,8,5,0.528,0.051923,1.0,0.0,0.35,0.041473,0.674,0.048,500,0.309479,0.392808,7.98,9,False,291.67,175,False,1.0,0.0,0.15843152140432537,175,0.00018189259242417353,0.0003667033370003667,0.75,0.625,,,,,,,,,,results/T-sweep-nonDyck-5/distributions/baN_L128_T8_gaussian_categorical_sigma5.0.json
unconditional,baN,128,gaussian,categorical,2.0,,8,5,0.502,0.019391,1.0,0.0,0.24,0.04899,0.484,0.064684,500,0.204637,0.279328,8.002,9,False,302.97,120,False,1.0,0.0,0.1582697595167099,120,0.00026542800265428,0.0005351170568561873,0.75,0.625,,,,,,,,,,results/T-sweep-nonDyck-5/distributions/baN_L128_T8_gaussian_categorical_sigma2.0.json
unconditional,baN,128,gaussian,categorical,1.0,,8,5,0.504,0.030067,1.0,0.0,0.24,0.050596,0.482,0.064312,500,0.204637,0.279328,8.002,9,False,315.65,120,False,1.0,0.0,0.15839111485109866,120,0.0002652695802108893,0.0005347951066247743,0.75,0.625,,,,,,,,,,results/T-sweep-nonDyck-5/distributions/baN_L128_T8_gaussian_categorical_sigma1.0.json
unconditional,baN,128,gaussian,categorical,20.0,,8,5,0.662,0.033106,1.0,0.0,0.514,0.033226,0.73,0.045607,500,0.470251,0.557536,7.74,9,False,233.68,257,False,1.0,0.0,0.15948864858252787,200,0.00012326276540014174,0.0002484935081071007,0.75,0.625,,,,,,,,,,results/T-sweep-nonDyck-5/distributions/baN_L128_T8_gaussian_categorical_sigma20.0.json
unconditional,baN,128,gaussian,categorical,50.0,,8,5,0.662,0.051923,1.0,0.0,0.556,0.064684,0.792,0.047917,500,0.512186,0.59896,7.76,9,False,110.89,278,False,1.0,0.0,0.15920400271115703,200,0.0001140575990875392,0.00022993791676247414,0.75,0.625,,,,,,,,,,results/T-sweep-nonDyck-5/distributions/baN_L128_T8_gaussian_categorical_sigma50.0.json
unconditional,baN,128,gaussian,greedy,1.0,,128,5,0.812,0.039699,1.0,0.0,0.812,0.039699,0.842,0.036551,500,0.775422,0.843821,125.58,129,False,4510.04,406,False,1.0,0.0,0.03451986494974874,200,7.757650983282262e-05,0.0001563843928375948,0.75,0.625,,,,,,,,,,results/T-sweep-nonDyck-5/distributions/baN_L128_T128_gaussian_greedy_sigma1.0.json
unconditional,baN,128,gaussian,categorical,256.0,,8,5,0.652,0.057411,0.952,0.009798,0.594,0.063435,0.858,0.036551,500,0.550396,0.63617,8.26,9,False,106.78,297,False,1.0,0.0,0.15945577709576084,200,0.0001067378252168112,0.0002151810210339448,0.75,0.625,,,,,,,,,,results/T-sweep-nonDyck-5/distributions/baN_L128_T8_gaussian_categorical_sigma256.0.json
unconditional,baN,128,gaussian,categorical,100.0,,8,5,0.662,0.024819,0.982,0.016,0.57,0.05099,0.822,0.031875,500,0.526233,0.612699,7.9,9,False,133.09,285,False,1.0,0.0,0.1592626992233429,200,0.00011133687755726891,0.00022445429549408,0.75,0.625,,,,,,,,,,results/T-sweep-nonDyck-5/distributions/baN_L128_T8_gaussian_categorical_sigma100.0.json
unconditional,baN,128,gaussian,greedy,50.0,,256,5,0.904,0.044989,1.0,0.0,0.904,0.044989,0.998,0.004,500,0.875012,0.926827,245.684,256,False,4121.87,452,False,0.1415929203539823,0.8584070796460177,0.007609139447236181,200,5.226116646923559e-05,7.023458350891979e-05,0.75,0.625,,,,,,,,,,results/T-sweep-nonDyck-5/distributions/baN_L128_T256_gaussian_greedy_sigma50.0.json
unconditional,baN,128,gaussian,categorical,20.0,,16,5,0.718,0.023152,1.0,0.0,0.64,0.031623,0.798,0.033705,500,0.597006,0.680859,15.104,17,False,291.99,320,False,1.0,0.0,0.15929717308316568,200,9.89853996535511e-05,0.00019955101022698927,0.75,0.625,,,,,,,,,,results/T-sweep-nonDyck-5/distributions/baN_L128_T16_gaussian_categorical_sigma20.0.json
unconditional,baN,128,gaussian,categorical,50.0,,16,5,0.774,0.058172,0.996,0.004899,0.694,0.076837,0.856,0.047582,500,0.652254,0.732787,15.29,17,False,289.11,347,False,1.0,0.0,0.15837491273763543,200,9.148293843198243e-05,0.0001844295363902529,0.75,0.625,,,,,,,,,,results/T-sweep-nonDyck-5/distributions/baN_L128_T16_gaussian_categorical_sigma50.0.json
unconditional,baN,128,gaussian,categorical,2.0,,16,5,0.574,0.037202,1.0,0.0,0.364,0.028705,0.63,0.037417,500,0.323011,0.407063,15.88,17,False,426.38,182,False,1.0,0.0,0.15924676676830365,182,0.00017507002801120448,0.000352951557398747,0.75,0.625,,,,,,,,,,results/T-sweep-nonDyck-5/distributions/baN_L128_T16_gaussian_categorical_sigma2.0.json
unconditional,baN,128,gaussian,categorical,5.0,,16,5,0.608,0.052688,1.0,0.0,0.482,0.051536,0.674,0.036111,500,0.438506,0.525769,15.478,17,False,455.49,241,False,1.0,0.0,0.15934287366313704,200,0.00013166123564069647,0.00026542800265428,0.75,0.625,,,,,,,,,,results/T-sweep-nonDyck-5/distributions/baN_L128_T16_gaussian_categorical_sigma5.0.json
unconditional,baN,128,gaussian,categorical,100.0,,16,5,0.778,0.027857,0.984,0.013565,0.734,0.030067,0.92,0.034059,500,0.693591,0.77084,15.848,17,False,283.53,367,False,1.0,0.0,0.15910044022987255,200,8.650519031141868e-05,0.00017439452401194603,0.75,0.625,,,,,,,,,,results/T-sweep-nonDyck-5/distributions/baN_L128_T16_gaussian_categorical_sigma100.0.json
unconditional,baN,128,gaussian,categorical,256.0,,16,5,0.702,0.048744,0.964,0.020591,0.63,0.048166,0.89,0.032249,500,0.586839,0.671178,15.862,17,False,160.01,315,False,1.0,0.0,0.159879493409166,200,0.00010071507704703394,0.00020304053196619376,0.75,0.625,,,,,,,,,,results/T-sweep-nonDyck-5/distributions/baN_L128_T16_gaussian_categorical_sigma256.0.json
unconditional,baN,128,gaussian,categorical,10.0,,16,5,0.666,0.025768,1.0,0.0,0.544,0.028,0.706,0.044989,500,0.500173,0.587156,15.186,17,False,507.9,272,False,1.0,0.0,0.15867660041730916,200,0.00011648223645894001,0.00023482446870963955,0.75,0.625,,,,,,,,,,results/T-sweep-nonDyck-5/distributions/baN_L128_T16_gaussian_categorical_sigma10.0.json
unconditional,baN,128,gaussian,categorical,1.0,,16,5,0.504,0.034986,1.0,0.0,0.302,0.032496,0.566,0.033823,500,0.263391,0.343628,15.938,17,False,599.66,151,False,1.0,0.0,0.15860161406088616,151,0.00021175224986765483,0.00042691712471316505,0.75,0.625,,,,,,,,,,results/T-sweep-nonDyck-5/distributions/baN_L128_T16_gaussian_categorical_sigma1.0.json
unconditional,baN,128,gaussian,categorical,100.0,,32,5,0.842,0.03763,0.988,0.004,0.818,0.039699,0.944,0.012,500,0.781797,0.849354,31.328,33,False,438.03,409,False,1.0,0.0,0.15870353935457956,200,7.762619107686934e-05,0.00015649452269170578,0.75,0.625,,,,,,,,,,results/T-sweep-nonDyck-5/distributions/baN_L128_T32_gaussian_categorical_sigma100.0.json
unconditional,baN,128,gaussian,categorical,50.0,,32,5,0.84,0.023664,0.998,0.004,0.81,0.024495,0.938,0.022271,500,0.7733,0.841973,30.506,33,False,596.35,405,False,1.0,0.0,0.15958401422119461,200,7.84129224496197e-05,0.00015808089789950006,0.75,0.625,,,,,,,,,,results/T-sweep-nonDyck-5/distributions/baN_L128_T32_gaussian_categorical_sigma50.0.json
unconditional,baN,128,gaussian,categorical,256.0,,32,5,0.71,0.041473,0.984,0.013565,0.68,0.046043,0.956,0.024166,500,0.637872,0.719383,32.03,33,False,233.53,340,False,1.0,0.0,0.15837067644856836,200,9.332711152589827e-05,0.00018814675446848542,0.75,0.625,,,,,,,,,,results/T-sweep-nonDyck-5/distributions/baN_L128_T32_gaussian_categorical_sigma256.0.json
unconditional,baN,128,gaussian,categorical,20.0,,32,5,0.82,0.054772,1.0,0.0,0.76,0.06229,0.886,0.034409,500,0.720672,0.795363,30.074,33,False,844.46,380,False,1.0,0.0,0.15865358752199282,200,8.350207711416822e-05,0.00016833954085390232,0.75,0.625,,,,,,,,,,results/T-sweep-nonDyck-5/distributions/baN_L128_T32_gaussian_categorical_sigma20.0.json
unconditional,baN,128,gaussian,categorical,1.0,,32,5,0.696,0.02245,1.0,0.0,0.556,0.032,0.684,0.040299,500,0.512186,0.59896,31.534,32,False,1083.3,278,False,1.0,0.0,0.1578555218033013,200,0.00011415850908987129,0.0002301429763240413,0.75,0.625,,,,,,,,,,results/T-sweep-nonDyck-5/distributions/baN_L128_T32_gaussian_categorical_sigma1.0.json
unconditional,baN,128,gaussian,categorical,5.0,,32,5,0.728,0.051147,1.0,0.0,0.63,0.05099,0.766,0.025768,500,0.586839,0.671178,30.668,33,False,1002.03,315,False,1.0,0.0,0.15927896326224386,200,0.00010082677959265981,0.0002032675254719618,0.75,0.625,,,,,,,,,,results/T-sweep-nonDyck-5/distributions/baN_L128_T32_gaussian_categorical_sigma5.0.json
unconditional,baN,128,gaussian,categorical,10.0,,32,5,0.756,0.039294,1.0,0.0,0.684,0.05004,0.808,0.042615,500,0.641977,0.723217,30.234,33,False,1010.27,342,False,1.0,0.0,0.15844282125051318,200,9.267196441396566e-05,0.00018682422176035122,0.75,0.625,,,,,,,,,,results/T-sweep-nonDyck-5/distributions/baN_L128_T32_gaussian_categorical_sigma10.0.json
unconditional,baN,128,gaussian,greedy,256.0,,512,5,0.524,0.044989,1.0,0.0,0.524,0.044989,1.0,0.0,500,0.480207,0.567427,506.33,510,False,4431.66,262,False,0.40076335877862596,0.5992366412213741,0.00774497487437186,200,9.016048566448278e-05,0.00015146007512419727,0.75,0.625,,,,,,,,,,results/T-sweep-nonDyck-5/distributions/baN_L128_T512_gaussian_greedy_sigma256.0.json
unconditional,baN,128,gaussian,categorical,2.0,,32,5,0.654,0.025768,1.0,0.0,0.518,0.039699,0.7,0.033466,500,0.474231,0.561494,31.22,33,False,1121.83,259,False,1.0,0.0,0.1597238399503034,200,0.00012268057046465266,0.0002473257898967415,0.75,0.625,,,,,,,,,,results/T-sweep-nonDyck-5/distributions/baN_L128_T32_gaussian_categorical_sigma2.0.json
unconditional,baN,128,gaussian,categorical,256.0,,64,5,0.73,0.055136,0.986,0.010198,0.718,0.048332,0.974,0.016248,500,0.677011,0.755664,63.73,65,False,515.09,359,False,1.0,0.0,0.15885923790344286,200,8.842710290704101e-05,0.00017826900793297085,0.75,0.625,,,,,,,,,,results/T-sweep-nonDyck-5/distributions/baN_L128_T64_gaussian_categorical_sigma256.0.json
unconditional,baN,128,gaussian,greedy,20.0,,256,5,0.938,0.019391,1.0,0.0,0.938,0.019391,0.994,0.004899,500,0.91334,0.955981,240.752,256,False,6301.65,469,False,0.08102345415778252,0.9189765458422174,0.00743483040201005,200,5.036683847354901e-05,6.76887670491082e-05,0.75,0.625,,,,,,,,,,results/T-sweep-nonDyck-5/distributions/baN_L128_T256_gaussian_greedy_sigma20.0.json
unconditional,baN,128,gaussian,categorical,100.0,,64,5,0.858,0.004,0.996,0.004899,0.846,0.010198,0.968,0.007483,500,0.811734,0.87499,62.446,65,False,978.76,423,False,1.0,0.0,0.1591213916852982,200,7.505535332307577e-05,0.00015131168315333547,0.75,0.625,,,,,,,,,,results/T-sweep-nonDyck-5/distributions/baN_L128_T64_gaussian_categorical_sigma100.0.json
unconditional,baN,128,gaussian,categorical,50.0,,64,5,0.908,0.026382,1.0,0.0,0.894,0.025768,0.954,0.013565,500,0.863948,0.918043,61.076,65,False,1190.27,447,False,1.0,0.0,0.15943272108780215,200,7.105552989661421e-05,0.00014324851827313912,0.75,0.625,,,,,,,,,,results/T-sweep-nonDyck-5/distributions/baN_L128_T64_gaussian_categorical_sigma50.0.json
unconditional,baN,128,gaussian,greedy,100.0,,512,5,0.818,0.016,1.0,0.0,0.818,0.016,1.0,0.0,500,0.781797,0.849354,500.438,510,False,5672.29,409,False,0.2371638141809291,0.7628361858190709,0.007724167713567839,200,7.700748897830314e-05,9.702332440718748e-05,0.75,0.625,,,,,,,,,,results/T-sweep-nonDyck-5/distributions/baN_L128_T512_gaussian_greedy_sigma100.0.json
unconditional,baN,128,gaussian,greedy,10.0,,256,5,0.936,0.010198,1.0,0.0,0.936,0.010198,0.992,0.007483,500,0.911047,0.954304,241.378,256,False,6951.09,468,False,0.049145299145299144,0.9508547008547008,0.007133715452261306,200,5.047445992327882e-05,6.78334011667345e-05,0.75,0.625,,,,,,,,,,results/T-sweep-nonDyck-5/distributions/baN_L128_T256_gaussian_greedy_sigma10.0.json
unconditional,baN,128,gaussian,categorical,20.0,,64,5,0.886,0.033226,1.0,0.0,0.87,0.035214,0.948,0.020396,500,0.837678,0.89668,60.254,65,False,1524.49,435,False,1.0,0.0,0.16006547291927775,200,7.296473978949673e-05,0.00014709667929246499,0.75,0.625,,,,,,,,,,results/T-sweep-nonDyck-5/distributions/baN_L128_T64_gaussian_categorical_sigma20.0.json
unconditional,baN,128,gaussian,categorical,2.0,,64,5,0.732,0.044452,1.0,0.0,0.654,0.032619,0.762,0.019391,500,0.611272,0.694379,62.108,65,False,1790.68,327,False,1.0,0.0,0.15926484053482684,200,9.708973518774727e-05,0.00019573302016050108,0.75,0.625,,,,,,,,,,results/T-sweep-nonDyck-5/distributions/baN_L128_T64_gaussian_categorical_sigma2.0.json
unconditional,baN,128,gaussian,categorical,10.0,,64,5,0.898,0.024819,1.0,0.0,0.854,0.025768,0.92,0.022804,500,0.82035,0.882252,60.66,65,False,1609.12,427,False,1.0,0.0,0.15874025264858385,200,7.429420505200594e-05,0.00014977627169415685,0.75,0.625,,,,,,,,,,results/T-sweep-nonDyck-5/distributions/baN_L128_T64_gaussian_categorical_sigma10.0.json
unconditional,baN,128,gaussian,categorical,1.0,,64,5,0.736,0.02245,1.0,0.0,0.658,0.014697,0.79,0.014142,500,0.615355,0.698235,62.664,64,False,2166.87,329,False,1.0,0.0,0.1590485799078473,200,9.655771737556125e-05,0.00019466141080857485,0.75,0.625,,,,,,,,,,results/T-sweep-nonDyck-5/distributions/baN_L128_T64_gaussian_categorical_sigma1.0.json
unconditional,baN,128,gaussian,categorical,5.0,,64,5,0.826,0.020591,1.0,0.0,0.764,0.028705,0.848,0.009798,500,0.724855,0.799119,61.13,65,False,2168.64,382,False,1.0,0.0,0.1593261581952382,200,8.306337735692334e-05,0.0001674551011010173,0.75,0.625,,,,,,,,,,results/T-sweep-nonDyck-5/distributions/baN_L128_T64_gaussian_categorical_sigma5.0.json
unconditional,baN,128,gaussian,greedy,5.0,,256,5,0.932,0.016,1.0,0.0,0.932,0.016,0.98,0.012649,500,0.906479,0.950934,243.768,256,False,7899.65,466,False,0.17381974248927037,0.8261802575107297,0.008892509422110553,200,6.758811800885405e-05,0.00013624906328768988,0.75,0.625,,,,,,,,,,results/T-sweep-nonDyck-5/distributions/baN_L128_T256_gaussian_greedy_sigma5.0.json
unconditional,baN,128,gaussian,greedy,2.0,,256,5,0.916,0.032,1.0,0.0,0.916,0.032,0.936,0.032619,500,0.8884,0.937256,247.726,256,False,7989.51,458,False,0.9716157205240175,0.028384279475982543,0.027444448806532663,200,6.876869648935804e-05,0.0001386289595896583,0.75,0.625,,,,,,,,,,results/T-sweep-nonDyck-5/distributions/baN_L128_T256_gaussian_greedy_sigma2.0.json
unconditional,baN,128,gaussian,categorical,256.0,,128,5,0.72,0.041952,0.99,0.010954,0.706,0.044989,0.976,0.020591,500,0.664616,0.744242,126.574,129,False,1238.56,353,False,1.0,0.0,0.1599570354627581,200,8.993210126354602e-05,0.0001813031161473088,0.75,0.625,,,,,,,,,,results/T-sweep-nonDyck-5/distributions/baN_L128_T128_gaussian_categorical_sigma256.0.json
unconditional,baN,128,gaussian,greedy,50.0,,512,5,0.92,0.026077,1.0,0.0,0.92,0.026077,1.0,0.0,500,0.892893,0.940702,489.01,510,False,7481.33,460,False,0.15869565217391304,0.841304347826087,0.00762248743718593,200,5.135227661759671e-05,6.901311249137337e-05,0.75,0.625,,,,,,,,,,results/T-sweep-nonDyck-5/distributions/baN_L128_T512_gaussian_greedy_sigma50.0.json
unconditional,baN,128,gaussian,categorical,100.0,,128,5,0.878,0.017205,0.998,0.004,0.872,0.013266,0.986,0.008,500,0.839854,0.898474,125.702,129,False,1581.25,436,False,1.0,0.0,0.15884794422806037,200,7.287301876480233e-05,0.00014691299078120983,0.75,0.625,,,,,,,,,,results/T-sweep-nonDyck-5/distributions/baN_L128_T128_gaussian_categorical_sigma100.0.json
unconditional,baN,128,gaussian,greedy,1.0,,256,5,0.872,0.047497,1.0,0.0,0.872,0.047497,0.894,0.05004,500,0.839854,0.898474,249.796,255,False,8792.72,436,False,1.0,0.0,0.03774203046482412,200,7.223867658744492e-05,0.000145623998835008,0.75,0.625,,,,,,,,,,results/T-sweep-nonDyck-5/distributions/baN_L128_T256_gaussian_greedy_sigma1.0.json
unconditional,baN,128,gaussian,categorical,50.0,,128,5,0.942,0.020396,0.998,0.004,0.936,0.024166,0.982,0.011662,500,0.911047,0.954304,122.922,129,False,2159.21,468,False,1.0,0.0,0.15877374028926688,200,6.781615041622162e-05,0.00013671708109031872,0.75,0.625,,,,,,,,,,results/T-sweep-nonDyck-5/distributions/baN_L128_T128_gaussian_categorical_sigma50.0.json
unconditional,baN,128,gaussian,categorical,20.0,,128,5,0.942,0.027857,1.0,0.0,0.934,0.034986,0.974,0.02245,500,0.90876,0.952622,120.86,129,False,3220.55,467,False,1.0,0.0,0.15891487512751729,200,6.798558705554423e-05,0.00013705905532046121,0.75,0.625,,,,,,,,,,results/T-sweep-nonDyck-5/distributions/baN_L128_T128_gaussian_categorical_sigma20.0.json
unconditional,baN,128,gaussian,greedy,256.0,,1024,5,0.524,0.026533,1.0,0.0,0.524,0.026533,0.998,0.004,500,0.480207,0.567427,1010.88,1018,False,7673.37,262,False,0.41603053435114506,0.583969465648855,0.007744582286432161,200,0.00012021398088597704,0.0001817520901490367,0.75,0.625,,,,,,,,,,results/T-sweep-nonDyck-5/distributions/baN_L128_T1024_gaussian_greedy_sigma256.0.json
unconditional,baN,128,gaussian,categorical,2.0,,128,5,0.856,0.017436,1.0,0.0,0.824,0.016248,0.888,0.011662,500,0.788185,0.854874,124.156,128,False,3796.58,412,False,1.0,0.0,0.15879669982065275,200,7.710546099427491e-05,0.00015544544836296512,0.75,0.625,,,,,,,,,,results/T-sweep-nonDyck-5/distributions/baN_L128_T128_gaussian_categorical_sigma2.0.json
unconditional,baN,128,gaussian,categorical,256.0,,256,5,0.798,0.054185,0.996,0.008,0.796,0.053141,0.994,0.012,500,0.758484,0.829002,253.206,256,False,1724.86,398,False,1.0,0.0,0.1590023995908894,200,7.974004744532823e-05,0.00016075555109012357,0.75,0.625,,,,,,,,,,results/T-sweep-nonDyck-5/distributions/baN_L128_T256_gaussian_categorical_sigma256.0.json
unconditional,baN,128,gaussian,categorical,1.0,,128,5,0.862,0.01833,1.0,0.0,0.804,0.013565,0.854,0.010198,500,0.766942,0.836422,125.32,128,False,4487.69,402,False,1.0,0.0,0.15870161918079106,200,7.891725525786213e-05,0.00015909633282952827,0.75,0.625,,,,,,,,,,results/T-sweep-nonDyck-5/distributions/baN_L128_T128_gaussian_categorical_sigma1.0.json
unconditional,baN,128,gaussian,categorical,10.0,,128,5,0.926,0.019596,1.0,0.0,0.912,0.024,0.96,0.016733,500,0.883923,0.933794,121.366,129,False,3917.96,456,False,1.0,0.0,0.15989447275683505,200,6.96124327804946e-05,0.00014033856679238662,0.75,0.625,,,,,,,,,,results/T-sweep-nonDyck-5/distributions/baN_L128_T128_gaussian_categorical_sigma10.0.json
unconditional,baN,128,gaussian,categorical,5.0,,128,5,0.916,0.027276,1.0,0.0,0.876,0.02245,0.916,0.019596,500,0.844212,0.902054,122.448,129,False,4612.44,438,False,1.0,0.0,0.159890055227529,200,7.250711476063589e-05,0.0001461747885033529,0.75,0.625,,,,,,,,,,results/T-sweep-nonDyck-5/distributions/baN_L128_T128_gaussian_categorical_sigma5.0.json
unconditional,baN,128,gaussian,categorical,100.0,,256,5,0.902,0.034293,0.998,0.004,0.898,0.037094,0.99,0.008944,500,0.868365,0.921566,248.89,256,False,3219.6,449,False,1.0,0.0,0.15862129178712092,200,7.070385689539365e-05,0.00014253897550111359,0.75,0.625,,,,,,,,,,results/T-sweep-nonDyck-5/distributions/baN_L128_T256_gaussian_categorical_sigma100.0.json
unconditional,baN,128,gaussian,categorical,50.0,,256,5,0.958,0.007483,0.998,0.004,0.958,0.007483,0.996,0.004899,500,0.936648,0.972368,244.556,256,False,4065.94,479,False,1.0,0.0,0.15940439794316397,200,6.622078008078935e-05,0.00013350020859407592,0.75,0.625,,,,,,,,,,results/T-sweep-nonDyck-5/distributions/baN_L128_T256_gaussian_categorical_sigma50.0.json
unconditional,baN,128,gaussian,greedy,20.0,,512,5,0.974,0.013565,1.0,0.0,0.974,0.013565,0.996,0.004899,500,0.956028,0.984744,481.764,510,False,12495.27,487,False,0.08008213552361396,0.919917864476386,0.00737240891959799,200,4.8505230480686833e-05,6.518692350314528e-05,0.75,0.625,,,,,,,,,,results/T-sweep-nonDyck-5/distributions/baN_L128_T512_gaussian_greedy_sigma20.0.json
unconditional,baN,128,gaussian,greedy,100.0,,1024,5,0.79,0.018974,1.0,0.0,0.79,0.018974,1.0,0.0,500,0.752154,0.823423,996.754,1018,False,11078.48,395,False,0.2481012658227848,0.7518987341772152,0.007707679020100502,200,5.980265125087212e-05,0.00010046212577858148,0.75,0.625,,,,,,,,,,results/T-sweep-nonDyck-5/distributions/baN_L128_T1024_gaussian_greedy_sigma100.0.json
unconditional,baN,128,gaussian,categorical,1.0,,256,5,0.928,0.009798,1.0,0.0,0.908,0.016,0.942,0.011662,500,0.879461,0.930318,249.7,256,False,6810.8,454,False,1.0,0.0,0.1580563527000036,200,6.995208282326606e-05,0.0001410238330277817,0.75,0.625,,,,,,,,,,results/T-sweep-nonDyck-5/distributions/baN_L128_T256_gaussian_categorical_sigma1.0.json
unconditional,baN,128,gaussian,categorical,20.0,,256,5,0.972,0.011662,1.0,0.0,0.966,0.012,0.988,0.011662,500,0.946228,0.978666,240.474,256,False,6456.96,483,False,1.0,0.0,0.15889621069375084,200,6.568360208873854e-05,0.0001324174459985103,0.75,0.625,,,,,,,,,,results/T-sweep-nonDyck-5/distributions/baN_L128_T256_gaussian_categorical_sigma20.0.json
unconditional,baN,128,gaussian,categorical,256.0,,512,5,0.762,0.025612,0.998,0.004,0.758,0.027129,0.99,0.006325,500,0.718583,0.793483,504.212,510,False,3944.0,379,False,1.0,0.0,0.1587608827649892,200,8.37257980115123e-05,0.00016879061524179256,0.75,0.625,,,,,,,,,,results/T-sweep-nonDyck-5/distributions/baN_L128_T512_gaussian_categorical_sigma256.0.json
unconditional,baN,128,gaussian,categorical,10.0,,256,5,0.964,0.016248,1.0,0.0,0.958,0.013266,0.976,0.010198,500,0.936648,0.972368,241.544,256,False,7548.03,479,False,1.0,0.0,0.15905319701958065,200,6.629321488945607e-05,0.0001336474047344593,0.75,0.625,,,,,,,,,,results/T-sweep-nonDyck-5/distributions/baN_L128_T256_gaussian_categorical_sigma10.0.json
unconditional,baN,128,gaussian,categorical,2.0,,256,5,0.922,0.033106,1.0,0.0,0.898,0.039699,0.926,0.029394,500,0.868365,0.921566,247.372,256,False,8072.83,449,False,1.0,0.0,0.1594091531238346,200,7.068511548180742e-05,0.00014250089063056644,0.75,0.625,,,,,,,,,,results/T-sweep-nonDyck-5/distributions/baN_L128_T256_gaussian_categorical_sigma2.0.json
unconditional,baN,128,gaussian,greedy,10.0,,512,5,0.982,0.009798,1.0,0.0,0.982,0.009798,0.996,0.004899,500,0.966148,0.990502,482.314,510,False,14901.82,491,False,0.05702647657841141,0.9429735234215886,0.007223814384422111,200,6.414676780473723e-05,8.081983642065108e-05,0.75,0.625,,,,,,,,,,results/T-sweep-nonDyck-5/distributions/baN_L128_T512_gaussian_greedy_sigma10.0.json
unconditional,baN,128,gaussian,categorical,5.0,,256,5,0.954,0.020591,1.0,0.0,0.93,0.032863,0.95,0.033466,500,0.904202,0.949241,243.764,256,False,7847.56,465,False,1.0,0.0,0.1590090219986024,200,6.824541049614414e-05,0.00013758233442825942,0.75,0.625,,,,,,,,,,results/T-sweep-nonDyck-5/distributions/baN_L128_T256_gaussian_categorical_sigma5.0.json
unconditional,baN,128,ebsampler,greedy,,0.1,128,1,1.0,0.0,1.0,0.0,1.0,0.0,1.0,0.0,100,0.963005,1.0,128.0,128,True,282.96,100,False,0.01,0.99,0.0,100,0.00023622047244094488,0.00031746031746031746,0.75,0.5,,,,,,,,,,results/T-sweep-nonDyck-5/distributions/baN_L128_T128_ebsampler_greedy_gamma0.1.json
unconditional,baN,128,ebsampler,greedy,,0.5,128,1,1.0,0.0,1.0,0.0,1.0,0.0,1.0,0.0,100,0.963005,1.0,128.0,128,True,375.85,100,False,0.01,0.99,0.0,100,0.00023622047244094488,0.00031746031746031746,0.75,0.5,,,,,,,,,,results/T-sweep-nonDyck-5/distributions/baN_L128_T128_ebsampler_greedy_gamma0.5.json
unconditional,baN,128,ebsampler,greedy,,0.9,128,1,0.0,0.0,1.0,0.0,0.0,0.0,1.0,0.0,100,0.0,0.036995,64.0,64,True,156.19,0,True,,,,0,,,,,,,,,,,,,,results/T-sweep-nonDyck-5/distributions/baN_L128_T128_ebsampler_greedy_gamma0.9.json
unconditional,baN,128,ebsampler,greedy,,5.0,128,1,0.0,0.0,1.0,0.0,0.0,0.0,1.0,0.0,100,0.0,0.036995,16.0,16,True,67.9,0,True,,,,0,,,,,,,,,,,,,,results/T-sweep-nonDyck-5/distributions/baN_L128_T128_ebsampler_greedy_gamma5.0.json
unconditional,baN,128,ebsampler,greedy,,10.0,128,1,0.0,0.0,1.0,0.0,0.0,0.0,1.0,0.0,100,0.0,0.036995,9.0,9,True,31.53,0,True,,,,0,,,,,,,,,,,,,,results/T-sweep-nonDyck-5/distributions/baN_L128_T128_ebsampler_greedy_gamma10.0.json
unconditional,baN,128,gaussian,greedy,5.0,,512,5,0.966,0.016248,1.0,0.0,0.966,0.016248,0.976,0.013565,500,0.946228,0.978666,486.53,510,False,15463.16,483,False,0.18012422360248448,0.8198757763975155,0.008464195979899497,200,6.520924014932917e-05,0.00013145354760261594,0.75,0.625,,,,,,,,,,results/T-sweep-nonDyck-5/distributions/baN_L128_T512_gaussian_greedy_sigma5.0.json
unconditional,baN,128,ebsampler,greedy,,2.0,128,1,0.0,0.0,1.0,0.0,0.0,0.0,1.0,0.0,100,0.0,0.036995,43.0,43,True,150.14,0,True,,,,0,,,,,,,,,,,,,,results/T-sweep-nonDyck-5/distributions/baN_L128_T128_ebsampler_greedy_gamma2.0.json
unconditional,baN,128,gaussian,greedy,2.0,,512,5,0.95,0.010954,1.0,0.0,0.95,0.010954,0.96,0.014142,500,0.927231,0.965906,494.292,510,False,15624.34,475,False,0.9789473684210527,0.021052631578947323,0.02835171953517588,200,6.63075010360547e-05,0.00013366750208855473,0.75,0.625,,,,,,,,,,results/T-sweep-nonDyck-5/distributions/baN_L128_T512_gaussian_greedy_sigma2.0.json
unconditional,baN,128,gaussian,categorical,100.0,,512,5,0.89,0.022804,1.0,0.0,0.888,0.019391,0.998,0.004,500,0.857346,0.912738,497.926,510,False,5458.25,444,False,1.0,0.0,0.159291974154237,200,7.147835099444256e-05,0.0001441000054037502,0.75,0.625,,,,,,,,,,results/T-sweep-nonDyck-5/distributions/baN_L128_T512_gaussian_categorical_sigma100.0.json
unconditional,baN,128,ar,greedy,,,130,1,1.0,0.0,1.0,0.0,1.0,0.0,1.0,0.0,100,0.963005,1.0,129.0,129,True,899.51,100,False,0.01,0.99,0.0,100,0.00031496062992125983,0.0003968253968253968,0.75,0.5,,,,,,,,,,results/T-sweep-nonDyck-5/distributions/baN_L128_T130_ar_greedy_none.json
unconditional,baN,128,ebsampler,categorical,,5.0,128,5,0.504,0.038262,1.0,0.0,0.502,0.041183,0.996,0.004899,500,0.458326,0.545644,16.008,17,False,358.08,251,False,1.0,0.0,0.1596009018046181,200,0.00012644622874122778,0.0002549150814135041,0.75,0.625,,,,,,,,,,results/T-sweep-nonDyck-5/distributions/baN_L128_T128_ebsampler_categorical_gamma5.0.json
unconditional,bbaN,128,uniform,greedy,,,1,5,1.0,0.0,1.0,0.0,0.0,0.0,0.0,0.0,500,-0.0,0.007625,1.0,1,False,3.17,0,True,,,,0,,,,,,,,,,,,,,results/T-sweep-nonDyck-5/distributions/bbaN_L128_T1_uniform_greedy_none.json
unconditional,bbaN,128,uniform,greedy,,,2,5,0.692,0.021354,1.0,0.0,0.428,0.036551,0.522,0.051923,500,0.385341,0.471757,1.75,2,False,5.64,214,False,0.056074766355140186,0.9439252336448598,0.009491741085825862,200,0.00016550810989738498,0.00022331397945511388,0.8,0.5,1.2337199169355573,,1.0184118552962866,0.0028846153846153848,,,,,,results/T-sweep-nonDyck-5/distributions/bbaN_L128_T2_uniform_greedy_none.json
unconditional,bbaN,128,uniform,greedy,,,4,5,0.834,0.026533,1.0,0.0,0.664,0.051225,0.708,0.065238,500,0.621486,0.704013,3.544,4,False,5.73,332,False,0.21987951807228914,0.7801204819277109,0.025350344403375386,200,0.0001066477070742979,0.00014389524426217714,0.8,0.5,2.2966162126129217,,1.9712932839236104,0.017548076923076923,,,,,,results/T-sweep-nonDyck-5/distributions/bbaN_L128_T4_uniform_greedy_none.json
unconditional,bbaN,128,uniform,greedy,,,8,5,0.896,0.031369,1.0,0.0,0.78,0.045166,0.788,0.045343,500,0.741631,0.8141,7.288,8,False,7.46,390,False,0.46923076923076923,0.5307692307692308,0.06360593576355071,200,9.047317470370036e-05,0.0001220665873233849,0.8,0.5,2.9675854937358714,,2.7499519095725105,0.04399038461538462,,,,,,results/T-sweep-nonDyck-5/distributions/bbaN_L128_T8_uniform_greedy_none.json
unconditional,baN,128,ebsampler,categorical,,10.0,128,5,0.53,0.0502,1.0,0.0,0.528,0.051923,0.994,0.004899,500,0.484195,0.571378,9.0,9,False,171.39,264,False,1.0,0.0,0.16003343232326186,200,0.00012016703217472286,0.00024225539775308118,0.75,0.625,,,,,,,,,,results/T-sweep-nonDyck-5/distributions/baN_L128_T128_ebsampler_categorical_gamma10.0.json
unconditional,bbaN,128,uniform,greedy,,,16,5,0.95,0.026077,1.0,0.0,0.894,0.025768,0.898,0.024819,500,0.863948,0.918043,15.276,16,False,12.1,447,False,0.6957494407158836,0.3042505592841164,0.1080495653201952,200,7.875255945818238e-05,0.0001062501660158844,0.8,0.5,3.6230190131065654,,3.2807827966434084,0.07475961538461538,,,,,,results/T-sweep-nonDyck-5/distributions/bbaN_L128_T16_uniform_greedy_none.json
unconditional,bbaN,128,uniform,greedy,,,32,5,0.972,0.009798,0.998,0.004,0.93,0.022804,0.93,0.022804,500,0.904202,0.949241,31.02,32,False,21.58,465,False,0.8064516129032258,0.19354838709677424,0.14756129191768708,200,7.4360499702558e-05,0.00010030341783896286,0.8,0.5,3.852057885549099,,3.5480636298561086,0.09014423076923077,,,,,,results/T-sweep-nonDyck-5/distributions/bbaN_L128_T32_uniform_greedy_none.json
unconditional,bbaN,128,uniform,greedy,,,64,5,0.984,0.004899,1.0,0.0,0.972,0.009798,0.972,0.009798,500,0.953553,0.983249,62.802,64,False,42.64,486,False,0.8621399176954733,0.13786008230452673,0.18006046947831078,200,7.029712250445215e-05,9.480919649205973e-05,0.8,0.5,4.136878817871038,,3.684763925278027,0.10072115384615385,,,,,,results/T-sweep-nonDyck-5/distributions/bbaN_L128_T64_uniform_greedy_none.json
unconditional,bbaN,128,uniform,greedy,,,128,5,0.994,0.008,1.0,0.0,0.982,0.014697,0.982,0.014697,500,0.966148,0.990502,126.47,128,False,82.69,491,False,0.8818737270875764,0.11812627291242361,0.1802567293581879,200,6.86766018817389e-05,9.260974254491573e-05,0.8,0.5,4.236733279244194,,3.6960974990551327,0.10408653846153847,,,,,,results/T-sweep-nonDyck-5/distributions/bbaN_L128_T128_uniform_greedy_none.json
unconditional,bbaN,128,uniform,greedy,,,256,5,0.996,0.004899,1.0,0.0,0.996,0.004899,0.996,0.004899,500,0.985534,0.998902,253.08,255,False,167.15,498,False,0.8795180722891566,0.12048192771084343,0.18434435206005725,200,6.70436006883143e-05,9.039752310786685e-05,0.8,0.5,4.236384498754615,,3.771131050463876,0.10528846153846154,,,,,,results/T-sweep-nonDyck-5/distributions/bbaN_L128_T256_uniform_greedy_none.json
unconditional,baN,128,ebsampler,categorical,,2.0,128,5,0.502,0.036551,1.0,0.0,0.502,0.036551,1.0,0.0,500,0.458326,0.545644,43.0,43,False,748.11,251,False,1.0,0.0,0.15927535647059102,200,0.00012645422357106728,0.00025493132787355406,0.75,0.625,,,,,,,,,,results/T-sweep-nonDyck-5/distributions/baN_L128_T128_ebsampler_categorical_gamma2.0.json
unconditional,bbaN,128,uniform,categorical,,,1,5,0.588,0.047074,0.014,0.012,0.01,0.012649,0.072,0.033106,500,0.004279,0.023193,1.0,1,False,3.15,5,False,1.0,0.0,0.29347826086956524,5,0.024390243902439025,0.027777777777777776,0.4,0.2,1.6094379124341005,,0.0,0.001201923076923077,,,,,,results/T-sweep-nonDyck-5/distributions/bbaN_L128_T1_uniform_categorical_none.json
unconditional,bbaN,128,uniform,categorical,,,2,5,0.584,0.028705,0.01,0.012649,0.0,0.0,0.0,0.0,500,-0.0,0.007625,1.0,1,False,10.46,0,True,,,,0,,,,,,,,,,,,,,results/T-sweep-nonDyck-5/distributions/bbaN_L128_T2_uniform_categorical_none.json
unconditional,bbaN,128,uniform,categorical,,,4,5,0.526,0.042708,0.026,0.013565,0.0,0.0,0.0,0.0,500,-0.0,0.007625,1.0,1,False,7.28,0,True,,,,0,,,,,,,,,,,,,,results/T-sweep-nonDyck-5/distributions/bbaN_L128_T4_uniform_categorical_none.json
unconditional,bbaN,128,uniform,categorical,,,8,5,0.492,0.041665,0.172,0.024819,0.01,0.006325,0.01,0.006325,500,0.004279,0.023193,1.086,8,False,5.68,5,False,1.0,0.0,0.25608272506082724,5,0.007389162561576354,0.00997506234413965,0.8,0.5,1.6094379124341005,,1.6094379124341005,0.001201923076923077,,,,,,results/T-sweep-nonDyck-5/distributions/bbaN_L128_T8_uniform_categorical_none.json
unconditional,bbaN,128,uniform,categorical,,,16,5,0.572,0.052688,0.464,0.02245,0.12,0.017889,0.12,0.017889,500,0.094374,0.15142,3.092,16,False,5.41,60,False,0.9833333333333333,0.01666666666666672,0.2590538573990526,60,0.0005937067088858105,0.0008011215701982776,0.8,0.5,3.646630545471393,,3.477627509850915,0.014182692307692308,,,,,,results/T-sweep-nonDyck-5/distributions/bbaN_L128_T16_uniform_categorical_none.json
unconditional,bbaN,128,uniform,categorical,,,32,5,0.742,0.023152,0.662,0.040694,0.43,0.02,0.43,0.02,500,0.387301,0.473767,15.046,32,False,13.12,215,False,0.9534883720930233,0.046511627906976716,0.27793614603727956,200,0.0001683312759510717,0.00022718237064803771,0.8,0.5,4.324312090822229,,3.709072695748837,0.04927884615384615,,,,,,results/T-sweep-nonDyck-5/distributions/bbaN_L128_T32_uniform_categorical_none.json
unconditional,bbaN,128,uniform,categorical,,,64,5,0.806,0.036661,0.8,0.031623,0.662,0.022271,0.662,0.022271,500,0.619442,0.702088,44.262,64,False,32.05,331,False,0.9516616314199395,0.048338368580060465,0.2828216210435208,200,0.00010798358649485278,0.0001457141816327274,0.8,0.5,4.450266310024882,,3.825328704803364,0.07572115384615384,,,,,,results/T-sweep-nonDyck-5/distributions/bbaN_L128_T64_uniform_categorical_none.json
unconditional,bbaN,128,uniform,greedy,,,512,5,1.0,0.0,1.0,0.0,0.998,0.004,0.998,0.004,500,0.988759,0.999647,505.188,509,False,326.33,499,False,0.9078156312625251,0.09218436873747493,0.20538194832666118,200,6.842285323297981e-05,9.22807179439856e-05,0.8,0.5,4.2779474624398866,,3.832465400105984,0.10889423076923077,,,,,,results/T-sweep-nonDyck-5/distributions/bbaN_L128_T512_uniform_greedy_none.json
unconditional,bbaN,128,uniform,categorical,,,128,5,0.924,0.012,0.876,0.014967,0.806,0.004899,0.806,0.004899,500,0.76906,0.838274,104.758,128,False,71.94,403,False,0.9602977667493796,0.03970223325062039,0.30004500112502813,200,8.774752113252801e-05,0.0001183922334694844,0.8,0.5,4.50370025596538,,3.863325563734129,0.09302884615384616,,,,,,results/T-sweep-nonDyck-5/distributions/bbaN_L128_T128_uniform_categorical_none.json
unconditional,baN,128,ebsampler,categorical,,0.9,128,5,0.528,0.048332,1.0,0.0,0.528,0.048332,1.0,0.0,500,0.484195,0.571378,64.0,64,False,1024.52,264,False,1.0,0.0,0.16021747500551803,200,0.00012040214315814821,0.00024273317555676923,0.75,0.625,,,,,,,,,,results/T-sweep-nonDyck-5/distributions/baN_L128_T128_ebsampler_categorical_gamma0.9.json
unconditional,bbaN,128,uniform,categorical,,,256,5,0.954,0.017436,0.944,0.010198,0.904,0.008,0.904,0.008,500,0.875012,0.926827,231.058,255,False,159.93,452,False,0.9469026548672567,0.053097345132743334,0.2983743120363723,200,8.013248570970672e-05,0.00010814902936246147,0.8,0.5,4.529182768433039,,3.8475657312412,0.10288461538461538,,,,,,results/T-sweep-nonDyck-5/distributions/bbaN_L128_T256_uniform_categorical_none.json
unconditional,bbaN,128,gaussian,greedy,1.0,,1,5,1.0,0.0,1.0,0.0,0.0,0.0,0.0,0.0,500,-0.0,0.007625,1.0,1,False,3.31,0,True,,,,0,,,,,,,,,,,,,,results/T-sweep-nonDyck-5/distributions/bbaN_L128_T1_gaussian_greedy_sigma1.0.json
unconditional,bbaN,128,gaussian,greedy,2.0,,1,5,1.0,0.0,1.0,0.0,0.0,0.0,0.0,0.0,500,-0.0,0.007625,1.0,1,False,3.29,0,True,,,,0,,,,,,,,,,,,,,results/T-sweep-nonDyck-5/distributions/bbaN_L128_T1_gaussian_greedy_sigma2.0.json
unconditional,bbaN,128,gaussian,greedy,5.0,,1,5,1.0,0.0,1.0,0.0,0.0,0.0,0.0,0.0,500,-0.0,0.007625,1.0,1,False,3.29,0,True,,,,0,,,,,,,,,,,,,,results/T-sweep-nonDyck-5/distributions/bbaN_L128_T1_gaussian_greedy_sigma5.0.json
unconditional,bbaN,128,gaussian,greedy,10.0,,1,5,1.0,0.0,1.0,0.0,0.0,0.0,0.0,0.0,500,-0.0,0.007625,1.0,1,False,3.3,0,True,,,,0,,,,,,,,,,,,,,results/T-sweep-nonDyck-5/distributions/bbaN_L128_T1_gaussian_greedy_sigma10.0.json
unconditional,bbaN,128,gaussian,greedy,20.0,,1,5,1.0,0.0,1.0,0.0,0.0,0.0,0.0,0.0,500,-0.0,0.007625,1.0,1,False,3.3,0,True,,,,0,,,,,,,,,,,,,,results/T-sweep-nonDyck-5/distributions/bbaN_L128_T1_gaussian_greedy_sigma20.0.json
unconditional,bbaN,128,gaussian,greedy,50.0,,1,5,0.968,0.030594,1.0,0.0,0.0,0.0,0.0,0.0,500,-0.0,0.007625,1.0,1,False,3.33,0,True,,,,0,,,,,,,,,,,,,,results/T-sweep-nonDyck-5/distributions/bbaN_L128_T1_gaussian_greedy_sigma50.0.json
unconditional,bbaN,128,gaussian,greedy,100.0,,1,5,0.836,0.040792,1.0,0.0,0.004,0.004899,0.004,0.004899,500,0.001098,0.014466,1.004,2,False,3.34,2,True,,,,2,,,0.8,0.5,0.0,,0.0,0.0002403846153846154,,,,,,results/T-sweep-nonDyck-5/distributions/bbaN_L128_T1_gaussian_greedy_sigma100.0.json
unconditional,bbaN,128,gaussian,greedy,256.0,,1,5,0.698,0.043081,1.0,0.0,0.014,0.012,0.014,0.012,500,0.006798,0.028613,1.014,2,False,3.37,7,False,0.14285714285714285,0.8571428571428572,0.0,7,0.005042016806722689,0.006802721088435374,0.8,0.5,0.0,,0.0,0.0002403846153846154,,,,,,results/T-sweep-nonDyck-5/distributions/bbaN_L128_T1_gaussian_greedy_sigma256.0.json
unconditional,bbaN,128,gaussian,greedy,1.0,,2,5,0.594,0.030067,1.0,0.0,0.0,0.0,0.0,0.0,500,-0.0,0.007625,2.0,2,False,4.05,0,True,,,,0,,,,,,,,,,,,,,results/T-sweep-nonDyck-5/distributions/bbaN_L128_T2_gaussian_greedy_sigma1.0.json
unconditional,bbaN,128,gaussian,greedy,2.0,,2,5,0.566,0.017436,1.0,0.0,0.0,0.0,0.0,0.0,500,-0.0,0.007625,2.0,2,False,4.03,0,True,,,,0,,,,,,,,,,,,,,results/T-sweep-nonDyck-5/distributions/bbaN_L128_T2_gaussian_greedy_sigma2.0.json
unconditional,bbaN,128,gaussian,greedy,5.0,,2,5,0.49,0.067823,1.0,0.0,0.0,0.0,0.0,0.0,500,-0.0,0.007625,2.0,2,False,4.03,0,True,,,,0,,,,,,,,,,,,,,results/T-sweep-nonDyck-5/distributions/bbaN_L128_T2_gaussian_greedy_sigma5.0.json
unconditional,bbaN,128,gaussian,greedy,10.0,,2,5,0.536,0.059195,1.0,0.0,0.006,0.008,0.006,0.008,500,0.002043,0.017491,1.998,2,False,4.05,3,True,,,,3,,,0.8,0.5,0.0,,0.6365141682948128,0.0004807692307692308,,,,,,results/T-sweep-nonDyck-5/distributions/bbaN_L128_T2_gaussian_greedy_sigma10.0.json
unconditional,bbaN,128,gaussian,greedy,20.0,,2,5,0.584,0.036111,1.0,0.0,0.144,0.030067,0.146,0.028705,500,0.115938,0.177491,2.0,3,False,4.27,72,False,0.125,0.875,0.01500948668142122,72,0.0004861448711716091,0.0006558452205279554,0.8,0.5,0.3711196717817733,,1.127982086793071,0.0021634615384615386,,,,,,results/T-sweep-nonDyck-5/distributions/bbaN_L128_T2_gaussian_greedy_sigma20.0.json
unconditional,bbaN,128,gaussian,greedy,50.0,,2,5,0.664,0.026533,1.0,0.0,0.352,0.036551,0.402,0.03544,500,0.31141,0.394847,2.008,3,False,4.9,176,False,0.05113636363636364,0.9488636363636364,0.00794583758841106,176,0.0002009107956067506,0.0002710761724044456,0.8,0.5,0.8118032140321573,,0.8992188790094487,0.0021634615384615386,,,,,,results/T-sweep-nonDyck-5/distributions/bbaN_L128_T2_gaussian_greedy_sigma50.0.json
unconditional,bbaN,128,gaussian,greedy,100.0,,2,5,0.68,0.046476,1.0,0.0,0.39,0.041952,0.446,0.051225,500,0.348241,0.433437,2.054,3,False,5.32,195,False,0.06666666666666667,0.9333333333333333,0.009462860891013117,195,0.00018151016456921588,0.0002449029572032082,0.8,0.5,1.1915070774010392,,1.0063511942127357,0.003125,,,,,,results/T-sweep-nonDyck-5/distributions/bbaN_L128_T2_gaussian_greedy_sigma100.0.json
unconditional,bbaN,128,gaussian,greedy,256.0,,2,5,0.706,0.019596,1.0,0.0,0.416,0.019596,0.448,0.021354,500,0.373597,0.459684,2.124,3,False,5.74,208,False,0.07211538461538461,0.9278846153846154,0.009503047450135834,200,0.00017027073046143367,0.00022973981965424158,0.8,0.5,1.2757818657946576,,1.0311127314547481,0.003605769230769231,,,,,,results/T-sweep-nonDyck-5/distributions/bbaN_L128_T2_gaussian_greedy_sigma256.0.json
unconditional,bbaN,128,gaussian,greedy,1.0,,4,5,0.774,0.025768,1.0,0.0,0.05,0.015492,0.05,0.015492,500,0.034094,0.072769,3.738,4,False,8.02,25,False,0.12,0.88,0.002674897119341564,25,0.0012474012474012475,0.0016806722689075631,0.8,0.5,0.5929533174474745,,0.167944147734173,0.0007211538461538462,,,,,,results/T-sweep-nonDyck-5/distributions/bbaN_L128_T4_gaussian_greedy_sigma1.0.json
unconditional,bbaN,128,gaussian,greedy,2.0,,4,5,0.594,0.044989,1.0,0.0,0.178,0.038158,0.178,0.038158,500,0.146964,0.213946,3.536,5,False,8.7,89,False,0.16853932584269662,0.8314606741573034,0.008407211327611052,89,0.0003481490077753278,0.00046904315196998124,0.8,0.5,1.354503555729289,,0.9203447445922872,0.003605769230769231,,,,,,results/T-sweep-nonDyck-5/distributions/bbaN_L128_T4_gaussian_greedy_sigma2.0.json
unconditional,bbaN,128,gaussian,greedy,5.0,,4,5,0.626,0.028705,1.0,0.0,0.346,0.042237,0.346,0.042237,500,0.305621,0.388728,3.482,5,False,9.08,173,False,0.2254335260115607,0.7745664739884393,0.03249794329514216,173,0.00017429700209156402,0.0002347555607723458,0.8,0.5,2.3364256196915827,,1.8705536675315493,0.009375,,,,,,results/T-sweep-nonDyck-5/distributions/bbaN_L128_T4_gaussian_greedy_sigma5.0.json
unconditional,bbaN,128,gaussian,greedy,10.0,,4,5,0.682,0.055281,1.0,0.0,0.404,0.06375,0.404,0.06375,500,0.361878,0.447585,3.482,5,False,9.32,202,False,0.4752475247524752,0.5247524752475248,0.05377329637401181,200,0.00014441823520916576,0.0001944484954547664,0.8,0.5,3.0072284280414996,,2.605927505530418,0.023076923076923078,,,,,,results/T-sweep-nonDyck-5/distributions/bbaN_L128_T4_gaussian_greedy_sigma10.0.json
unconditional,bbaN,128,gaussian,greedy,20.0,,4,5,0.646,0.035553,1.0,0.0,0.342,0.051923,0.348,0.045782,500,0.301765,0.384645,3.392,5,False,9.64,171,False,0.7076023391812866,0.29239766081871343,0.08285833435382818,171,0.0001704351778207022,0.00022947622052664794,0.8,0.5,3.3647745134250595,,2.9385000650208926,0.029086538461538462,,,,,,results/T-sweep-nonDyck-5/distributions/bbaN_L128_T4_gaussian_greedy_sigma20.0.json
unconditional,bbaN,128,gaussian,greedy,50.0,,4,5,0.692,0.026382,1.0,0.0,0.428,0.049558,0.434,0.053516,500,0.385341,0.471757,3.502,5,False,8.8,214,False,0.7663551401869159,0.23364485981308414,0.08884676857615045,200,0.00015048154093097913,0.00020281918669506134,0.8,0.5,3.137500185262061,,3.101047342784814,0.03942307692307692,,,,,,results/T-sweep-nonDyck-5/distributions/bbaN_L128_T4_gaussian_greedy_sigma50.0.json
unconditional,bbaN,128,gaussian,greedy,100.0,,4,5,0.7,0.031623,1.0,0.0,0.438,0.038678,0.444,0.039294,500,0.395148,0.481798,3.528,5,False,8.44,219,False,0.6712328767123288,0.3287671232876712,0.08160786854854975,200,0.00015781167806417674,0.00021286786227449312,0.8,0.5,2.9315691482068518,,3.046428031635376,0.03533653846153846,,,,,,results/T-sweep-nonDyck-5/distributions/bbaN_L128_T4_gaussian_greedy_sigma100.0.json
unconditional,bbaN,128,gaussian,greedy,256.0,,4,5,0.742,0.027857,1.0,0.0,0.514,0.042708,0.518,0.047074,500,0.470251,0.557536,3.744,5,False,7.89,257,False,0.4980544747081712,0.5019455252918288,0.05954859394764163,200,0.00013642564802182812,0.00018405190263654352,0.8,0.5,2.7997103307436593,,2.6808051682730567,0.03076923076923077,,,,,,results/T-sweep-nonDyck-5/distributions/bbaN_L128_T4_gaussian_greedy_sigma256.0.json
unconditional,bbaN,128,gaussian,greedy,1.0,,8,5,0.364,0.048826,1.0,0.0,0.046,0.018547,0.046,0.018547,500,0.030845,0.068078,7.742,8,False,14.04,23,False,0.21739130434782608,0.782608695652174,0.00541001287269944,23,0.0011583011583011582,0.0015582391897156214,0.8,0.5,1.0538437102109437,,0.6145033203107282,0.001201923076923077,,,,,,results/T-sweep-nonDyck-5/distributions/bbaN_L128_T8_gaussian_greedy_sigma1.0.json
unconditional,bbaN,128,gaussian,greedy,2.0,,8,5,0.504,0.028,1.0,0.0,0.194,0.050438,0.194,0.050438,500,0.161726,0.23094,7.514,9,False,14.43,97,False,0.17525773195876287,0.8247422680412371,0.013544461836613,97,0.00027068483262654517,0.0003640997633351538,0.8,0.5,1.5439251149636606,,1.2110092281999074,0.004086538461538462,,,,,,results/T-sweep-nonDyck-5/distributions/bbaN_L128_T8_gaussian_greedy_sigma2.0.json
unconditional,bbaN,128,gaussian,greedy,5.0,,8,5,0.662,0.056356,1.0,0.0,0.372,0.049153,0.372,0.049153,500,0.33076,0.415192,7.408,8,False,14.55,186,False,0.3548387096774194,0.6451612903225806,0.04073031212366494,186,0.00013813426650704486,0.0001857700167193015,0.8,0.5,2.7167185412373307,,2.3585370859704136,0.015865384615384615,,,,,,results/T-sweep-nonDyck-5/distributions/bbaN_L128_T8_gaussian_greedy_sigma5.0.json
unconditional,bbaN,128,uniform,categorical,,,512,5,0.96,0.012649,0.964,0.017436,0.94,0.021909,0.94,0.021909,500,0.915638,0.957652,477.894,509,False,319.62,470,False,0.9319148936170213,0.06808510638297871,0.2867925195710183,200,7.322252324815113e-05,9.876299350633318e-05,0.8,0.5,4.54709061789015,,3.9158149824417716,0.10528846153846154,,,,,,results/T-sweep-nonDyck-5/distributions/bbaN_L128_T512_uniform_categorical_none.json
unconditional,bbaN,128,gaussian,greedy,10.0,,8,5,0.718,0.027857,1.0,0.0,0.426,0.056071,0.434,0.061514,500,0.383382,0.469747,7.346,9,False,13.81,213,False,0.6056338028169014,0.3943661971830986,0.069917518566906,200,0.00012441421639779372,0.00016736401673640169,0.8,0.5,3.428147128477129,,2.9414890635556086,0.031009615384615385,,,,,,results/T-sweep-nonDyck-5/distributions/bbaN_L128_T8_gaussian_greedy_sigma10.0.json
unconditional,bbaN,128,gaussian,greedy,20.0,,8,5,0.77,0.041473,1.0,0.0,0.578,0.038678,0.58,0.035777,500,0.534276,0.620534,7.222,9,False,12.33,289,False,0.8096885813148789,0.19031141868512114,0.10208209833195013,200,9.533191394705901e-05,0.0001282873636946761,0.8,0.5,4.025690526625285,,3.3925874143192822,0.05625,,,,,,results/T-sweep-nonDyck-5/distributions/bbaN_L128_T8_gaussian_greedy_sigma20.0.json
unconditional,bbaN,128,gaussian,greedy,50.0,,8,5,0.81,0.012649,1.0,0.0,0.646,0.030067,0.646,0.030067,500,0.603115,0.686658,7.238,9,False,11.08,323,False,0.8947368421052632,0.10526315789473684,0.12830606803790923,200,9.335324869305452e-05,0.0001257347625184673,0.8,0.5,3.9933480228946228,,3.479292696683051,0.06947115384615385,,,,,,results/T-sweep-nonDyck-5/distributions/bbaN_L128_T8_gaussian_greedy_sigma50.0.json
unconditional,bbaN,128,gaussian,greedy,100.0,,8,5,0.84,0.034641,1.0,0.0,0.664,0.043174,0.664,0.043174,500,0.621486,0.704013,7.334,9,False,10.11,332,False,0.8855421686746988,0.11445783132530118,0.1321561476570198,200,9.740575992727037e-05,0.0001312895920175928,0.8,0.5,3.963182959716649,,3.442667644598475,0.07067307692307692,,,,,,results/T-sweep-nonDyck-5/distributions/bbaN_L128_T8_gaussian_greedy_sigma100.0.json
unconditional,bbaN,128,gaussian,greedy,256.0,,8,5,0.88,0.026077,1.0,0.0,0.744,0.033823,0.744,0.033823,500,0.703986,0.780293,7.768,9,False,9.79,372,False,0.8306451612903226,0.16935483870967738,0.13130727913707632,200,9.214325204250876e-05,0.00012427763623935873,0.8,0.5,3.7552075512067526,,3.4564115082033924,0.07427884615384615,,,,,,results/T-sweep-nonDyck-5/distributions/bbaN_L128_T8_gaussian_greedy_sigma256.0.json
unconditional,bbaN,128,gaussian,greedy,1.0,,16,5,0.29,0.055498,1.0,0.0,0.16,0.052154,0.16,0.052154,500,0.130476,0.194709,15.732,16,False,25.77,80,False,0.1125,0.8875,0.011673501873133837,80,0.0003027856277755349,0.000407000407000407,0.8,0.5,0.9220766477101425,,0.5245880777047198,0.0021634615384615386,,,,,,results/T-sweep-nonDyck-5/distributions/bbaN_L128_T16_gaussian_greedy_sigma1.0.json
unconditional,bbaN,128,gaussian,greedy,2.0,,16,5,0.612,0.027129,1.0,0.0,0.252,0.051536,0.252,0.051536,500,0.215933,0.291849,15.38,16,False,26.61,126,False,0.29365079365079366,0.7063492063492063,0.019614497738709474,126,0.00019264110961279138,0.00025894995792063183,0.8,0.5,2.140456175068252,,1.9208778112140632,0.008894230769230769,,,,,,results/T-sweep-nonDyck-5/distributions/bbaN_L128_T16_gaussian_greedy_sigma2.0.json
unconditional,bbaN,128,gaussian,greedy,5.0,,16,5,0.726,0.045869,1.0,0.0,0.5,0.063246,0.504,0.064684,500,0.45634,0.54366,15.218,17,False,25.3,250,False,0.372,0.628,0.03523411081849594,200,9.87231802027116e-05,0.00013272280841462606,0.8,0.5,2.9479194371652744,,2.49299175522133,0.02235576923076923,,,,,,results/T-sweep-nonDyck-5/distributions/bbaN_L128_T16_gaussian_greedy_sigma5.0.json
unconditional,bbaN,128,gaussian,greedy,10.0,,16,5,0.79,0.028284,1.0,0.0,0.636,0.030067,0.646,0.030067,500,0.592937,0.676989,14.894,17,False,24.44,318,False,0.559748427672956,0.44025157232704404,0.05337573092358114,200,7.874015748031496e-05,0.00010587052035360753,0.8,0.5,3.595394088023217,,2.950221542212912,0.04278846153846154,,,,,,results/T-sweep-nonDyck-5/distributions/bbaN_L128_T16_gaussian_greedy_sigma10.0.json
unconditional,bbaN,128,uniform,greedy,,,1024,5,0.998,0.004,1.0,0.0,0.996,0.004899,0.996,0.004899,500,0.985534,0.998902,1008.32,1017,False,659.41,498,False,0.8955823293172691,0.10441767068273089,0.2065735671363812,200,6.766662907409497e-05,9.12471200127746e-05,0.8,0.5,4.342751011275911,,3.753303944385712,0.10721153846153846,,,,,,results/T-sweep-nonDyck-5/distributions/bbaN_L128_T1024_uniform_greedy_none.json
unconditional,bbaN,128,gaussian,greedy,20.0,,16,5,0.866,0.043174,1.0,0.0,0.734,0.020591,0.736,0.020591,500,0.693591,0.77084,14.688,17,False,20.53,367,False,0.7574931880108992,0.24250681198910085,0.10951481703330117,200,7.118113225454372e-05,9.574187989181168e-05,0.8,0.5,4.098744951759509,,3.4196354927175223,0.06682692307692308,,,,,,results/T-sweep-nonDyck-5/distributions/bbaN_L128_T16_gaussian_greedy_sigma20.0.json
unconditional,bbaN,128,gaussian,greedy,50.0,,16,5,0.9,0.024495,1.0,0.0,0.814,0.025768,0.814,0.025768,500,0.777545,0.845667,14.938,17,False,19.32,407,False,0.8427518427518428,0.15724815724815722,0.14830396830639106,200,7.15444052275112e-05,9.632751354605659e-05,0.8,0.5,4.25485317699162,,3.680858434215817,0.08245192307692308,,,,,,results/T-sweep-nonDyck-5/distributions/bbaN_L128_T16_gaussian_greedy_sigma50.0.json
unconditional,bbaN,128,gaussian,greedy,100.0,,16,5,0.896,0.032,1.0,0.0,0.816,0.026533,0.816,0.026533,500,0.77967,0.847511,15.234,17,False,17.71,408,False,0.8946078431372549,0.10539215686274506,0.1546700962232085,200,7.564487253838978e-05,0.0001019082316374105,0.8,0.5,4.16633636116275,,3.631035106453221,0.08774038461538461,,,,,,results/T-sweep-nonDyck-5/distributions/bbaN_L128_T16_gaussian_greedy_sigma100.0.json
unconditional,bbaN,128,gaussian,greedy,256.0,,16,5,0.91,0.020976,1.0,0.0,0.832,0.031241,0.832,0.031241,500,0.796725,0.862212,15.59,17,False,16.39,416,False,0.8774038461538461,0.12259615384615385,0.17102416899981454,200,8.069288288772931e-05,0.00010880800826940863,0.8,0.5,4.110419381826315,,3.64758878902971,0.08774038461538461,,,,,,results/T-sweep-nonDyck-5/distributions/bbaN_L128_T16_gaussian_greedy_sigma256.0.json
unconditional,bbaN,128,gaussian,greedy,1.0,,32,5,0.728,0.037094,1.0,0.0,0.59,0.055498,0.594,0.059532,500,0.546362,0.632266,31.59,32,False,51.05,295,False,0.0576271186440678,0.9423728813559322,0.010515116812269293,200,8.048937540244688e-05,0.00010817535224599074,0.8,0.5,1.5597371748831996,,1.4640034163908784,0.004086538461538462,,,,,,results/T-sweep-nonDyck-5/distributions/bbaN_L128_T32_gaussian_greedy_sigma1.0.json
unconditional,baN,128,gaussian,greedy,1.0,,512,5,0.922,0.020396,1.0,0.0,0.922,0.020396,0.926,0.020591,500,0.895146,0.942419,498.33,508,False,17011.15,461,False,1.0,0.0,0.03822177292713568,200,6.832117785710625e-05,0.0001377268188548015,0.75,0.625,,,,,,,,,,results/T-sweep-nonDyck-5/distributions/baN_L128_T512_gaussian_greedy_sigma1.0.json
unconditional,bbaN,128,gaussian,greedy,5.0,,32,5,0.868,0.033106,1.0,0.0,0.766,0.030725,0.782,0.038158,500,0.726948,0.800996,30.66,33,False,48.02,383,False,0.2819843342036554,0.7180156657963446,0.03151454141083932,200,6.311803071744161e-05,8.484102912168325e-05,0.8,0.5,3.101034608368285,,2.4345447085605127,0.025961538461538463,,,,,,results/T-sweep-nonDyck-5/distributions/bbaN_L128_T32_gaussian_greedy_sigma5.0.json
unconditional,bbaN,128,gaussian,greedy,2.0,,32,5,0.784,0.034409,1.0,0.0,0.678,0.022271,0.7,0.016733,500,0.635821,0.717465,31.256,33,False,50.81,339,False,0.12389380530973451,0.8761061946902655,0.01680556879266408,200,7.02740688685875e-05,9.444877334655616e-05,0.8,0.5,2.3379750637742367,,1.8372505834674993,0.010096153846153847,,,,,,results/T-sweep-nonDyck-5/distributions/bbaN_L128_T32_gaussian_greedy_sigma2.0.json
unconditional,bbaN,128,gaussian,greedy,20.0,,32,5,0.948,0.019391,1.0,0.0,0.87,0.034059,0.87,0.034059,500,0.837678,0.89668,29.856,33,False,28.59,435,False,0.7402298850574712,0.2597701149425288,0.09853859390891262,200,5.933544303797468e-05,7.98004987531172e-05,0.8,0.5,4.075656818492039,,3.3846938091305026,0.07740384615384616,,,,,,results/T-sweep-nonDyck-5/distributions/bbaN_L128_T32_gaussian_greedy_sigma20.0.json
unconditional,bbaN,128,gaussian,greedy,100.0,,32,5,0.952,0.027129,1.0,0.0,0.902,0.032496,0.902,0.032496,500,0.872793,0.925076,30.542,33,False,33.47,451,False,0.9068736141906873,0.09312638580931265,0.17229182996805875,200,6.792709158836183e-05,9.150386603834012e-05,0.8,0.5,4.3332326203713185,,3.755635518040174,0.09831730769230769,,,,,,results/T-sweep-nonDyck-5/distributions/bbaN_L128_T32_gaussian_greedy_sigma100.0.json
unconditional,bbaN,128,gaussian,greedy,10.0,,32,5,0.894,0.019596,1.0,0.0,0.802,0.024819,0.808,0.023152,500,0.764825,0.834569,30.01,33,False,46.81,401,False,0.48877805486284287,0.5112219451371571,0.05524370347919078,200,6.147666960388533e-05,8.264804330757469e-05,0.8,0.5,3.6033601605448373,,2.9334936189413154,0.047115384615384615,,,,,,results/T-sweep-nonDyck-5/distributions/bbaN_L128_T32_gaussian_greedy_sigma10.0.json
unconditional,bbaN,128,gaussian,greedy,50.0,,32,5,0.944,0.016248,1.0,0.0,0.898,0.019391,0.898,0.019391,500,0.868365,0.921566,30.196,33,False,35.87,449,False,0.9064587973273942,0.0935412026726058,0.1605871874650577,200,6.297890206780728e-05,8.477090662484635e-05,0.8,0.5,4.4016436073441625,,3.7423431007074837,0.09783653846153846,,,,,,results/T-sweep-nonDyck-5/distributions/bbaN_L128_T32_gaussian_greedy_sigma50.0.json
unconditional,bbaN,128,gaussian,greedy,256.0,,32,5,0.966,0.02245,1.0,0.0,0.932,0.031875,0.932,0.031875,500,0.906479,0.950934,31.68,33,False,21.53,466,False,0.927038626609442,0.07296137339055797,0.18624578953572316,200,7.065806208488389e-05,9.525623928367309e-05,0.8,0.5,4.19348242227764,,3.7296375918110813,0.10384615384615385,,,,,,results/T-sweep-nonDyck-5/distributions/bbaN_L128_T32_gaussian_greedy_sigma256.0.json
unconditional,bbaN,128,gaussian,greedy,10.0,,64,5,0.938,0.017205,1.0,0.0,0.884,0.021541,0.884,0.021541,500,0.852958,0.909187,60.272,65,False,61.52,442,False,0.4411764705882353,0.5588235294117647,0.05483779665504019,200,5.5483632328463106e-05,7.458790184232118e-05,0.8,0.5,3.5889006943859956,,2.9083130632702634,0.046875,,,,,,results/T-sweep-nonDyck-5/distributions/bbaN_L128_T64_gaussian_greedy_sigma10.0.json
unconditional,bbaN,128,gaussian,greedy,5.0,,64,5,0.928,0.016,1.0,0.0,0.868,0.028566,0.878,0.024,500,0.835505,0.894884,61.2,65,False,94.28,434,False,0.23732718894009217,0.7626728110599078,0.03292932438821207,200,5.543646980560278e-05,7.451287209865504e-05,0.8,0.5,3.0608036083886834,,2.418465385946075,0.024759615384615383,,,,,,results/T-sweep-nonDyck-5/distributions/bbaN_L128_T64_gaussian_greedy_sigma5.0.json
unconditional,bbaN,128,gaussian,greedy,1.0,,64,5,0.754,0.043174,1.0,0.0,0.744,0.045431,0.884,0.034986,500,0.703986,0.780293,62.974,64,False,100.13,372,False,0.043010752688172046,0.956989247311828,0.008592259280558413,200,6.375111564452378e-05,8.567879021548216e-05,0.8,0.5,1.9664269471436786,,1.3246901089179195,0.0038461538461538464,,,,,,results/T-sweep-nonDyck-5/distributions/bbaN_L128_T64_gaussian_greedy_sigma1.0.json
unconditional,bbaN,128,gaussian,greedy,2.0,,64,5,0.836,0.016248,1.0,0.0,0.782,0.017205,0.818,0.004,500,0.743733,0.815967,62.276,65,False,98.99,391,False,0.07161125319693094,0.928388746803069,0.013501079518193985,200,6.076933984240485e-05,8.167265599477295e-05,0.8,0.5,2.3756380241844024,,1.728295466968216,0.006730769230769231,,,,,,results/T-sweep-nonDyck-5/distributions/bbaN_L128_T64_gaussian_greedy_sigma2.0.json
unconditional,bbaN,128,gaussian,greedy,20.0,,64,5,0.962,0.013266,1.0,0.0,0.93,0.022804,0.93,0.022804,500,0.904202,0.949241,59.892,65,False,56.42,465,False,0.7032258064516129,0.2967741935483871,0.09761349492427732,200,5.472155846998522e-05,7.358622465874389e-05,0.8,0.5,4.116201592223752,,3.390453257569336,0.07860576923076923,,,,,,results/T-sweep-nonDyck-5/distributions/bbaN_L128_T64_gaussian_greedy_sigma20.0.json
unconditional,bbaN,128,uniform,categorical,,,1024,5,0.99,0.006325,0.986,0.010198,0.976,0.008,0.976,0.008,500,0.958523,0.986219,989.728,1017,False,584.33,488,False,0.930327868852459,0.069672131147541,0.3169014738552298,200,7.41839762611276e-05,0.00010012014417300761,0.8,0.5,4.531655080508281,,3.9020830256114483,0.10913461538461539,,,,,,results/T-sweep-nonDyck-5/distributions/bbaN_L128_T1024_uniform_categorical_none.json
unconditional,bbaN,128,gaussian,greedy,256.0,,64,5,0.98,0.014142,1.0,0.0,0.96,0.017889,0.96,0.017889,500,0.939026,0.973959,63.33,65,False,62.85,480,False,0.9083333333333333,0.09166666666666667,0.19986745831767916,200,6.836204539239814e-05,9.21574048474795e-05,0.8,0.5,4.281533166208088,,3.7673126222345172,0.10480769230769231,,,,,,results/T-sweep-nonDyck-5/distributions/bbaN_L128_T64_gaussian_greedy_sigma256.0.json
unconditional,bbaN,128,gaussian,greedy,50.0,,64,5,0.978,0.007483,1.0,0.0,0.95,0.02,0.95,0.02,500,0.927231,0.965906,60.694,65,False,70.3,475,False,0.8778947368421053,0.12210526315789472,0.1512793781409972,200,5.912961210974456e-05,7.958456855215774e-05,0.8,0.5,4.396386089942451,,3.703616323662441,0.10024038461538462,,,,,,results/T-sweep-nonDyck-5/distributions/bbaN_L128_T64_gaussian_greedy_sigma50.0.json
unconditional,bbaN,128,gaussian,greedy,100.0,,64,5,0.976,0.017436,1.0,0.0,0.948,0.016,0.948,0.016,500,0.924898,0.96427,62.022,65,False,66.36,474,False,0.919831223628692,0.08016877637130804,0.17426966180106884,200,6.339948012426299e-05,8.538798164158395e-05,0.8,0.5,4.379639191973545,,3.743388480827667,0.10480769230769231,,,,,,results/T-sweep-nonDyck-5/distributions/bbaN_L128_T64_gaussian_greedy_sigma100.0.json
unconditional,bbaN,128,gaussian,greedy,2.0,,128,5,0.91,0.034059,1.0,0.0,0.894,0.036111,0.908,0.029933,500,0.863948,0.918043,124.59,129,False,123.48,447,False,0.07606263982102908,0.9239373601789709,0.015310282474465111,200,5.311614730878187e-05,7.13865043813467e-05,0.8,0.5,2.416202377377162,,1.7850069246167017,0.008173076923076924,,,,,,results/T-sweep-nonDyck-5/distributions/bbaN_L128_T128_gaussian_greedy_sigma2.0.json
unconditional,bbaN,128,gaussian,greedy,1.0,,128,5,0.798,0.016,1.0,0.0,0.792,0.011662,0.844,0.028705,500,0.754263,0.825284,125.554,128,False,155.49,396,False,0.03282828282828283,0.9671717171717171,0.008976249188940553,200,5.9784774810681545e-05,8.034709946970914e-05,0.8,0.5,1.7437217932020816,,1.2475367691290007,0.003125,,,,,,results/T-sweep-nonDyck-5/distributions/bbaN_L128_T128_gaussian_greedy_sigma1.0.json
unconditional,bbaN,128,gaussian,greedy,20.0,,128,5,0.972,0.013266,1.0,0.0,0.954,0.014967,0.954,0.014967,500,0.931922,0.969155,120.282,129,False,126.84,477,False,0.6960167714884696,0.30398322851153037,0.09398331674309138,200,5.337128624799858e-05,7.17707641792116e-05,0.8,0.5,4.123470182623963,,3.394433482519447,0.0798076923076923,,,,,,results/T-sweep-nonDyck-5/distributions/bbaN_L128_T128_gaussian_greedy_sigma20.0.json
unconditional,bbaN,128,gaussian,greedy,10.0,,128,5,0.966,0.019596,1.0,0.0,0.944,0.024166,0.944,0.024166,500,0.920255,0.960975,120.872,129,False,183.66,472,False,0.4194915254237288,0.5805084745762712,0.05018518168379625,200,5.197325110010048e-05,6.986899563318777e-05,0.8,0.5,3.5482229822696145,,2.835697047523851,0.047596153846153844,,,,,,results/T-sweep-nonDyck-5/distributions/bbaN_L128_T128_gaussian_greedy_sigma10.0.json
unconditional,bbaN,128,gaussian,greedy,5.0,,128,5,0.952,0.019391,1.0,0.0,0.936,0.021541,0.938,0.019391,500,0.911047,0.954304,122.294,129,False,194.85,468,False,0.202991452991453,0.7970085470085471,0.03225366393804233,200,5.124788602470148e-05,6.888119715520656e-05,0.8,0.5,3.0484909527454525,,2.4484117828766334,0.02283653846153846,,,,,,results/T-sweep-nonDyck-5/distributions/bbaN_L128_T128_gaussian_greedy_sigma5.0.json
unconditional,bbaN,128,gaussian,greedy,50.0,,128,5,0.982,0.004,1.0,0.0,0.962,0.007483,0.962,0.007483,500,0.941415,0.97554,121.642,129,False,89.67,481,False,0.9022869022869023,0.09771309771309766,0.1612180035411649,200,5.833965346245843e-05,7.852067056652664e-05,0.8,0.5,4.443119656133406,,3.7489226432747134,0.10432692307692308,,,,,,results/T-sweep-nonDyck-5/distributions/bbaN_L128_T128_gaussian_greedy_sigma50.0.json
unconditional,bbaN,128,gaussian,greedy,256.0,,128,5,0.99,0.006325,1.0,0.0,0.988,0.004,0.988,0.004,500,0.974069,0.994489,127.334,129,False,82.61,494,False,0.9129554655870445,0.08704453441295545,0.18348306547562038,200,6.551076560248068e-05,8.830022075055188e-05,0.8,0.5,4.318727964551339,,3.7655299836636105,0.10841346153846154,,,,,,results/T-sweep-nonDyck-5/distributions/bbaN_L128_T128_gaussian_greedy_sigma256.0.json
unconditional,bbaN,128,gaussian,greedy,100.0,,128,5,0.992,0.009798,1.0,0.0,0.98,0.012649,0.98,0.012649,500,0.963579,0.989101,124.964,129,False,134.12,490,False,0.9081632653061225,0.09183673469387754,0.18174950365445597,200,6.113341348603102e-05,8.233332647222279e-05,0.8,0.5,4.447313146327592,,3.807976105776521,0.10697115384615384,,,,,,results/T-sweep-nonDyck-5/distributions/bbaN_L128_T128_gaussian_greedy_sigma100.0.json
unconditional,bbaN,128,gaussian,greedy,5.0,,256,5,0.972,0.014697,1.0,0.0,0.962,0.016,0.962,0.016,500,0.941415,0.97554,243.584,256,False,244.75,481,False,0.20166320166320167,0.7983367983367984,0.03224493860430384,200,4.9891071161297836e-05,6.705783738474434e-05,0.8,0.5,3.0765121343341155,,2.4361732338217164,0.023317307692307693,,,,,,results/T-sweep-nonDyck-5/distributions/bbaN_L128_T256_gaussian_greedy_sigma5.0.json
unconditional,bbaN,128,gaussian,greedy,10.0,,256,5,0.986,0.008,1.0,0.0,0.976,0.010198,0.976,0.010198,500,0.958523,0.986219,241.518,256,False,289.02,488,False,0.4098360655737705,0.5901639344262295,0.05139542566780955,200,5.00175061271445e-05,6.723706106806072e-05,0.8,0.5,3.600270739208769,,2.903245324498358,0.04807692307692308,,,,,,results/T-sweep-nonDyck-5/distributions/bbaN_L128_T256_gaussian_greedy_sigma10.0.json
unconditional,bbaN,128,gaussian,greedy,1.0,,256,5,0.884,0.030725,1.0,0.0,0.878,0.027857,0.902,0.007483,500,0.846395,0.903841,249.784,255,False,385.27,439,False,0.022779043280182234,0.9772209567198178,0.007424844965656034,200,5.393258426966292e-05,7.24821512702497e-05,0.8,0.5,1.6049662938304146,,1.1119322960036,0.002403846153846154,,,,,,results/T-sweep-nonDyck-5/distributions/bbaN_L128_T256_gaussian_greedy_sigma1.0.json
unconditional,bbaN,128,gaussian,greedy,2.0,,256,5,0.938,0.019391,1.0,0.0,0.926,0.018547,0.934,0.020591,500,0.899665,0.945839,247.66,256,False,392.37,463,False,0.06479481641468683,0.9352051835853131,0.01397187712922783,200,5.12610211195407e-05,6.889306074645632e-05,0.8,0.5,2.3056814702086204,,1.6889728858539526,0.007211538461538462,,,,,,results/T-sweep-nonDyck-5/distributions/bbaN_L128_T256_gaussian_greedy_sigma2.0.json
unconditional,bbaN,128,gaussian,greedy,20.0,,256,5,0.994,0.008,1.0,0.0,0.986,0.013565,0.986,0.013565,500,0.971387,0.993202,240.09,256,False,335.97,493,False,0.6855983772819473,0.3144016227180527,0.10162499665111165,200,5.1633334480740765e-05,6.943359544515614e-05,0.8,0.5,4.114061637057398,,3.4084042244078003,0.08125,,,,,,results/T-sweep-nonDyck-5/distributions/bbaN_L128_T256_gaussian_greedy_sigma20.0.json
unconditional,baN,128,ebsampler,categorical,,0.5,128,5,1.0,0.0,1.0,0.0,1.0,0.0,1.0,0.0,500,0.992375,1.0,128.0,128,False,2262.62,500,False,1.0,0.0,0.15902156824114272,200,6.350819255683983e-05,0.00012803277639075603,0.75,0.625,,,,,,,,,,results/T-sweep-nonDyck-5/distributions/baN_L128_T128_ebsampler_categorical_gamma0.5.json
unconditional,bbaN,128,gaussian,greedy,50.0,,256,5,0.992,0.007483,1.0,0.0,0.984,0.008,0.984,0.008,500,0.968749,0.991871,244.582,256,False,231.47,492,False,0.8577235772357723,0.1422764227642277,0.15948587832790795,200,5.685156057533779e-05,7.65154848212407e-05,0.8,0.5,4.454454236130543,,3.7789852189762394,0.10144230769230769,,,,,,results/T-sweep-nonDyck-5/distributions/bbaN_L128_T256_gaussian_greedy_sigma50.0.json
unconditional,bbaN,128,gaussian,greedy,100.0,,256,5,0.992,0.011662,1.0,0.0,0.982,0.014697,0.982,0.014697,500,0.966148,0.990502,248.156,256,False,262.01,491,False,0.8818737270875764,0.11812627291242361,0.16922554209369134,200,6.172966521944896e-05,8.314625426124553e-05,0.8,0.5,4.389545151129819,,3.7983123308333444,0.10408653846153847,,,,,,results/T-sweep-nonDyck-5/distributions/bbaN_L128_T256_gaussian_greedy_sigma100.0.json
unconditional,bbaN,128,gaussian,greedy,256.0,,256,5,0.994,0.008,1.0,0.0,0.986,0.014967,0.986,0.014967,500,0.971387,0.993202,253.078,256,False,239.0,493,False,0.920892494929006,0.07910750507099396,0.1934404901953941,200,6.597321487476085e-05,8.89284126278346e-05,0.8,0.5,4.376327124090937,,3.739166168403427,0.10913461538461539,,,,,,results/T-sweep-nonDyck-5/distributions/bbaN_L128_T256_gaussian_greedy_sigma256.0.json
unconditional,baN,128,ebsampler,categorical,,0.1,128,5,1.0,0.0,1.0,0.0,1.0,0.0,1.0,0.0,500,0.992375,1.0,128.0,128,False,2530.61,500,False,1.0,0.0,0.15902156824114272,200,6.350819255683983e-05,0.00012803277639075603,0.75,0.625,,,,,,,,,,results/T-sweep-nonDyck-5/distributions/baN_L128_T128_ebsampler_categorical_gamma0.1.json
unconditional,bbaN,128,gaussian,greedy,50.0,,512,5,1.0,0.0,1.0,0.0,0.994,0.004899,0.994,0.004899,500,0.982509,0.997957,487.772,510,False,354.06,497,False,0.8772635814889336,0.12273641851106643,0.15540340998468088,200,5.659950192438306e-05,7.618031881463424e-05,0.8,0.5,4.491341098380669,,3.7986931690148724,0.10480769230769231,,,,,,results/T-sweep-nonDyck-5/distributions/bbaN_L128_T512_gaussian_greedy_sigma50.0.json
unconditional,bbaN,128,gaussian,greedy,5.0,,512,5,0.992,0.007483,1.0,0.0,0.988,0.007483,0.988,0.007483,500,0.974069,0.994489,486.842,510,False,559.5,494,False,0.19230769230769232,0.8076923076923077,0.028738683892629232,200,4.852484472049689e-05,6.522093592043046e-05,0.8,0.5,3.011757913579797,,2.3800829556933927,0.02283653846153846,,,,,,results/T-sweep-nonDyck-5/distributions/bbaN_L128_T512_gaussian_greedy_sigma5.0.json
unconditional,bbaN,128,gaussian,greedy,10.0,,512,5,0.996,0.004899,1.0,0.0,0.992,0.007483,0.992,0.007483,500,0.979613,0.996885,481.82,510,False,636.71,496,False,0.3971774193548387,0.6028225806451613,0.05136935335022966,200,4.927969512295284e-05,6.624600453785131e-05,0.8,0.5,3.584121030943123,,2.90524692242372,0.04735576923076923,,,,,,results/T-sweep-nonDyck-5/distributions/bbaN_L128_T512_gaussian_greedy_sigma10.0.json
unconditional,bbaN,128,gaussian,greedy,1.0,,512,5,0.942,0.029257,1.0,0.0,0.936,0.026533,0.938,0.023152,500,0.911047,0.954304,498.34,509,False,781.91,468,False,0.02564102564102564,0.9743589743589743,0.007318140300406356,200,5.056804773623706e-05,6.796017533725237e-05,0.8,0.5,1.4781029275669313,,1.0681982833854633,0.0028846153846153848,,,,,,results/T-sweep-nonDyck-5/distributions/bbaN_L128_T512_gaussian_greedy_sigma1.0.json
unconditional,bbaN,128,gaussian,greedy,2.0,,512,5,0.968,0.004,1.0,0.0,0.966,0.004899,0.968,0.004,500,0.946228,0.978666,494.24,510,False,784.9,483,False,0.057971014492753624,0.9420289855072463,0.012985060373328871,200,4.915293115312777e-05,6.606001552410365e-05,0.8,0.5,2.2609489127263576,,1.6478159690876613,0.006730769230769231,,,,,,results/T-sweep-nonDyck-5/distributions/bbaN_L128_T512_gaussian_greedy_sigma2.0.json
unconditional,bbaN,128,gaussian,greedy,100.0,,512,5,0.996,0.004899,1.0,0.0,0.996,0.004899,0.996,0.004899,500,0.985534,0.998902,497.36,510,False,496.71,498,False,0.893574297188755,0.10642570281124497,0.17665468509154916,200,5.97538142851452e-05,8.04699444757383e-05,0.8,0.5,4.364393831278589,,3.799754356121967,0.10697115384615384,,,,,,results/T-sweep-nonDyck-5/distributions/bbaN_L128_T512_gaussian_greedy_sigma100.0.json
unconditional,bbaN,128,gaussian,greedy,20.0,,512,5,0.996,0.004899,1.0,0.0,0.994,0.004899,0.994,0.004899,500,0.982509,0.997957,479.074,510,False,664.55,497,False,0.6800804828973843,0.3199195171026157,0.09428773609571861,200,5.1246135187304626e-05,6.891323823306458e-05,0.8,0.5,4.096400129415164,,3.3767923658819208,0.08125,,,,,,results/T-sweep-nonDyck-5/distributions/bbaN_L128_T512_gaussian_greedy_sigma20.0.json
unconditional,bbaN,128,gaussian,greedy,256.0,,512,5,0.996,0.004899,1.0,0.0,0.994,0.008,0.994,0.008,500,0.982509,0.997957,505.196,510,False,457.97,497,False,0.8933601609657947,0.10663983903420526,0.19946947995843214,200,6.521739130434782e-05,8.790629189284223e-05,0.8,0.5,4.323436737978113,,3.8046880818694144,0.10673076923076923,,,,,,results/T-sweep-nonDyck-5/distributions/bbaN_L128_T512_gaussian_greedy_sigma256.0.json
unconditional,baN,128,ar,categorical,,,130,5,1.0,0.0,1.0,0.0,1.0,0.0,1.0,0.0,500,0.992375,1.0,129.0,129,False,3784.69,500,False,1.0,0.0,0.15786497864242446,200,6.344775077723494e-05,0.00012790995139421848,0.75,0.625,,,,,,,,,,results/T-sweep-nonDyck-5/distributions/baN_L128_T130_ar_categorical_none.json
unconditional,baN,128,gaussian,categorical,50.0,,512,5,0.964,0.027276,1.0,0.0,0.964,0.027276,0.996,0.004899,500,0.943815,0.977109,488.956,510,False,8906.1,482,False,1.0,0.0,0.15848781923152674,200,6.589351607801793e-05,0.00013284181860449669,0.75,0.625,,,,,,,,,,results/T-sweep-nonDyck-5/distributions/baN_L128_T512_gaussian_categorical_sigma50.0.json
unconditional,bbaN,128,gaussian,categorical,1.0,,1,5,0.588,0.047074,0.014,0.012,0.01,0.012649,0.072,0.033106,500,0.004279,0.023193,1.0,1,False,2.18,5,False,1.0,0.0,0.29347826086956524,5,0.024390243902439025,0.027777777777777776,0.4,0.2,1.6094379124341005,,0.0,0.001201923076923077,,,,,,results/T-sweep-nonDyck-5/distributions/bbaN_L128_T1_gaussian_categorical_sigma1.0.json
unconditional,bbaN,128,gaussian,categorical,2.0,,1,5,0.588,0.047074,0.014,0.012,0.01,0.012649,0.072,0.033106,500,0.004279,0.023193,1.0,1,False,2.16,5,False,1.0,0.0,0.29347826086956524,5,0.024390243902439025,0.027777777777777776,0.4,0.2,1.6094379124341005,,0.0,0.001201923076923077,,,,,,results/T-sweep-nonDyck-5/distributions/bbaN_L128_T1_gaussian_categorical_sigma2.0.json
unconditional,bbaN,128,gaussian,categorical,5.0,,1,5,0.588,0.047074,0.014,0.012,0.01,0.012649,0.072,0.033106,500,0.004279,0.023193,1.0,1,False,2.16,5,False,1.0,0.0,0.29347826086956524,5,0.024390243902439025,0.027777777777777776,0.4,0.2,1.6094379124341005,,0.0,0.001201923076923077,,,,,,results/T-sweep-nonDyck-5/distributions/bbaN_L128_T1_gaussian_categorical_sigma5.0.json
unconditional,bbaN,128,gaussian,categorical,10.0,,1,5,0.588,0.047074,0.014,0.012,0.01,0.012649,0.072,0.033106,500,0.004279,0.023193,1.0,1,False,2.16,5,False,1.0,0.0,0.29347826086956524,5,0.024390243902439025,0.027777777777777776,0.4,0.2,1.6094379124341005,,0.0,0.001201923076923077,,,,,,results/T-sweep-nonDyck-5/distributions/bbaN_L128_T1_gaussian_categorical_sigma10.0.json
unconditional,bbaN,128,gaussian,categorical,20.0,,1,5,0.586,0.044542,0.014,0.012,0.01,0.012649,0.072,0.033106,500,0.004279,0.023193,1.0,1,False,2.17,5,False,1.0,0.0,0.29347826086956524,5,0.024390243902439025,0.027777777777777776,0.4,0.2,1.6094379124341005,,0.0,0.001201923076923077,,,,,,results/T-sweep-nonDyck-5/distributions/bbaN_L128_T1_gaussian_categorical_sigma20.0.json
unconditional,bbaN,128,gaussian,categorical,50.0,,1,5,0.582,0.048332,0.014,0.012,0.01,0.012649,0.072,0.033106,500,0.004279,0.023193,1.0,1,False,2.19,5,False,1.0,0.0,0.29347826086956524,5,0.024390243902439025,0.027777777777777776,0.4,0.2,1.6094379124341005,,0.0,0.001201923076923077,,,,,,results/T-sweep-nonDyck-5/distributions/bbaN_L128_T1_gaussian_categorical_sigma50.0.json
unconditional,bbaN,128,gaussian,categorical,100.0,,1,5,0.574,0.043174,0.014,0.012,0.01,0.012649,0.072,0.033106,500,0.004279,0.023193,1.0,1,False,2.18,5,False,1.0,0.0,0.29347826086956524,5,0.024390243902439025,0.027777777777777776,0.4,0.2,1.6094379124341005,,0.0,0.001201923076923077,,,,,,results/T-sweep-nonDyck-5/distributions/bbaN_L128_T1_gaussian_categorical_sigma100.0.json
unconditional,bbaN,128,gaussian,categorical,256.0,,1,5,0.576,0.032619,0.014,0.012,0.01,0.012649,0.066,0.032619,500,0.004279,0.023193,1.0,1,False,2.18,5,False,1.0,0.0,0.29347826086956524,5,0.024390243902439025,0.027777777777777776,0.4,0.2,1.6094379124341005,,0.0,0.001201923076923077,,,,,,results/T-sweep-nonDyck-5/distributions/bbaN_L128_T1_gaussian_categorical_sigma256.0.json
unconditional,bbaN,128,gaussian,categorical,1.0,,2,5,0.63,0.024495,0.014,0.012,0.01,0.012649,0.072,0.033106,500,0.004279,0.023193,1.0,1,False,7.02,5,False,1.0,0.0,0.29347826086956524,5,0.024390243902439025,0.027777777777777776,0.4,0.2,1.6094379124341005,,0.0,0.001201923076923077,,,,,,results/T-sweep-nonDyck-5/distributions/bbaN_L128_T2_gaussian_categorical_sigma1.0.json
unconditional,bbaN,128,gaussian,categorical,2.0,,2,5,0.626,0.025768,0.014,0.012,0.01,0.012649,0.072,0.033106,500,0.004279,0.023193,1.0,1,False,7.0,5,False,1.0,0.0,0.29347826086956524,5,0.024390243902439025,0.027777777777777776,0.4,0.2,1.6094379124341005,,0.0,0.001201923076923077,,,,,,results/T-sweep-nonDyck-5/distributions/bbaN_L128_T2_gaussian_categorical_sigma2.0.json
unconditional,bbaN,128,gaussian,categorical,5.0,,2,5,0.6,0.044721,0.014,0.012,0.01,0.012649,0.072,0.033106,500,0.004279,0.023193,1.0,1,False,7.01,5,False,1.0,0.0,0.29347826086956524,5,0.024390243902439025,0.027777777777777776,0.4,0.2,1.6094379124341005,,0.0,0.001201923076923077,,,,,,results/T-sweep-nonDyck-5/distributions/bbaN_L128_T2_gaussian_categorical_sigma5.0.json
unconditional,bbaN,128,gaussian,categorical,10.0,,2,5,0.624,0.036661,0.014,0.012,0.01,0.012649,0.072,0.033106,500,0.004279,0.023193,1.0,1,False,7.06,5,False,1.0,0.0,0.29347826086956524,5,0.024390243902439025,0.027777777777777776,0.4,0.2,1.6094379124341005,,0.0,0.001201923076923077,,,,,,results/T-sweep-nonDyck-5/distributions/bbaN_L128_T2_gaussian_categorical_sigma10.0.json
unconditional,bbaN,128,gaussian,categorical,20.0,,2,5,0.552,0.026382,0.014,0.012,0.01,0.012649,0.05,0.022804,500,0.004279,0.023193,1.0,1,False,7.0,5,False,1.0,0.0,0.29347826086956524,5,0.024390243902439025,0.027777777777777776,0.4,0.2,1.6094379124341005,,0.0,0.001201923076923077,,,,,,results/T-sweep-nonDyck-5/distributions/bbaN_L128_T2_gaussian_categorical_sigma20.0.json
unconditional,bbaN,128,gaussian,categorical,50.0,,2,5,0.564,0.035553,0.014,0.014967,0.006,0.008,0.01,0.006325,500,0.002043,0.017491,1.0,1,False,7.0,3,True,,,,3,,,0.4,0.2,1.0986122886681096,,0.0,0.0007211538461538462,,,,,,results/T-sweep-nonDyck-5/distributions/bbaN_L128_T2_gaussian_categorical_sigma50.0.json
unconditional,bbaN,128,gaussian,categorical,100.0,,2,5,0.56,0.06261,0.01,0.015492,0.0,0.0,0.0,0.0,500,-0.0,0.007625,1.0,1,False,6.99,0,True,,,,0,,,,,,,,,,,,,,results/T-sweep-nonDyck-5/distributions/bbaN_L128_T2_gaussian_categorical_sigma100.0.json
unconditional,bbaN,128,gaussian,categorical,256.0,,2,5,0.534,0.059867,0.01,0.012649,0.0,0.0,0.0,0.0,500,-0.0,0.007625,1.0,1,False,6.96,0,True,,,,0,,,,,,,,,,,,,,results/T-sweep-nonDyck-5/distributions/bbaN_L128_T2_gaussian_categorical_sigma256.0.json
unconditional,bbaN,128,gaussian,categorical,1.0,,4,5,0.746,0.059867,0.014,0.012,0.01,0.012649,0.044,0.02245,500,0.004279,0.023193,1.0,1,False,4.85,5,False,1.0,0.0,0.29347826086956524,5,0.024390243902439025,0.027777777777777776,0.4,0.2,1.6094379124341005,,0.0,0.001201923076923077,,,,,,results/T-sweep-nonDyck-5/distributions/bbaN_L128_T4_gaussian_categorical_sigma1.0.json
unconditional,bbaN,128,gaussian,categorical,2.0,,4,5,0.722,0.056356,0.014,0.012,0.01,0.012649,0.038,0.022271,500,0.004279,0.023193,1.0,1,False,4.8,5,False,1.0,0.0,0.29347826086956524,5,0.024390243902439025,0.027777777777777776,0.4,0.2,1.6094379124341005,,0.0,0.001201923076923077,,,,,,results/T-sweep-nonDyck-5/distributions/bbaN_L128_T4_gaussian_categorical_sigma2.0.json
unconditional,bbaN,128,gaussian,categorical,5.0,,4,5,0.708,0.060133,0.024,0.014967,0.01,0.012649,0.026,0.012,500,0.004279,0.023193,1.01,2,False,4.59,5,False,1.0,0.0,0.29347826086956524,5,0.024390243902439025,0.027777777777777776,0.4,0.2,1.6094379124341005,,0.0,0.001201923076923077,,,,,,results/T-sweep-nonDyck-5/distributions/bbaN_L128_T4_gaussian_categorical_sigma5.0.json
unconditional,bbaN,128,gaussian,categorical,10.0,,4,5,0.75,0.055136,0.036,0.024166,0.008,0.007483,0.014,0.010198,500,0.003115,0.020387,1.044,4,False,4.32,4,True,,,,4,,,0.4,0.2,1.3862943611198906,,0.0,0.0009615384615384616,,,,,,results/T-sweep-nonDyck-5/distributions/bbaN_L128_T4_gaussian_categorical_sigma10.0.json
unconditional,bbaN,128,gaussian,categorical,20.0,,4,5,0.668,0.044,0.07,0.040497,0.004,0.008,0.004,0.008,500,0.001098,0.014466,1.098,4,False,4.09,2,True,,,,2,,,0.8,0.5,0.6931471805599453,,0.6931471805599453,0.0004807692307692308,,,,,,results/T-sweep-nonDyck-5/distributions/bbaN_L128_T4_gaussian_categorical_sigma20.0.json
unconditional,bbaN,128,gaussian,categorical,50.0,,4,5,0.562,0.063687,0.11,0.02,0.008,0.009798,0.008,0.009798,500,0.003115,0.020387,1.14,5,False,4.0,4,True,,,,4,,,0.8,0.5,1.3862943611198906,,1.3862943611198906,0.0009615384615384616,,,,,,results/T-sweep-nonDyck-5/distributions/bbaN_L128_T4_gaussian_categorical_sigma50.0.json
unconditional,bbaN,128,gaussian,categorical,100.0,,4,5,0.54,0.022804,0.16,0.030332,0.004,0.004899,0.004,0.004899,500,0.001098,0.014466,1.09,5,False,3.84,2,True,,,,2,,,0.8,0.5,0.6931471805599453,,0.6931471805599453,0.0004807692307692308,,,,,,results/T-sweep-nonDyck-5/distributions/bbaN_L128_T4_gaussian_categorical_sigma100.0.json
unconditional,bbaN,128,gaussian,categorical,256.0,,4,5,0.538,0.034293,0.154,0.025768,0.008,0.004,0.008,0.004,500,0.003115,0.020387,1.044,5,False,3.87,4,True,,,,4,,,0.8,0.5,1.3862943611198906,,1.3862943611198906,0.0009615384615384616,,,,,,results/T-sweep-nonDyck-5/distributions/bbaN_L128_T4_gaussian_categorical_sigma256.0.json
unconditional,bbaN,128,gaussian,categorical,1.0,,8,5,0.794,0.019596,0.09,0.016733,0.018,0.014697,0.02,0.014142,500,0.009498,0.033852,1.376,8,False,4.31,9,False,1.0,0.0,0.4567307692307692,9,0.01507537688442211,0.021052631578947368,0.8,0.5,1.8891591637540217,,1.5810937501718239,0.0021634615384615386,,,,,,results/T-sweep-nonDyck-5/distributions/bbaN_L128_T8_gaussian_categorical_sigma1.0.json
unconditional,bbaN,128,gaussian,categorical,2.0,,8,5,0.814,0.034409,0.12,0.026077,0.03,0.015492,0.034,0.018547,500,0.018263,0.048904,1.51,8,False,4.41,15,False,0.9333333333333333,0.06666666666666665,0.2893157262905162,15,0.008771929824561403,0.012232415902140673,0.8,0.5,1.7838539603556165,,1.8989267893363286,0.0033653846153846156,,,,,,results/T-sweep-nonDyck-5/distributions/bbaN_L128_T8_gaussian_categorical_sigma2.0.json
unconditional,bbaN,128,gaussian,categorical,5.0,,8,5,0.764,0.027276,0.16,0.032249,0.026,0.010198,0.034,0.014967,500,0.015256,0.043972,1.89,8,False,4.99,13,False,0.9230769230769231,0.07692307692307687,0.35356832027850305,13,0.008108108108108109,0.011204481792717087,0.8,0.5,2.098147389135067,,2.0317592185692717,0.0028846153846153848,,,,,,results/T-sweep-nonDyck-5/distributions/bbaN_L128_T8_gaussian_categorical_sigma5.0.json
unconditional,bbaN,128,gaussian,categorical,10.0,,8,5,0.728,0.029933,0.192,0.058788,0.026,0.010198,0.03,0.006325,500,0.015256,0.043972,2.302,9,False,5.53,13,False,1.0,0.0,0.3640469738030714,13,0.008426966292134831,0.011661807580174927,0.8,0.5,2.5649493574615376,,1.6313454208085971,0.003125,,,,,,results/T-sweep-nonDyck-5/distributions/bbaN_L128_T8_gaussian_categorical_sigma10.0.json
unconditional,bbaN,128,gaussian,categorical,20.0,,8,5,0.69,0.046904,0.214,0.041761,0.038,0.007483,0.04,0.010954,500,0.02446,0.058585,2.698,9,False,5.78,19,False,1.0,0.0,0.36804763714683897,19,0.0034965034965034965,0.004767580452920143,0.8,0.5,2.798513256943294,,2.40615957539782,0.0045673076923076926,,,,,,results/T-sweep-nonDyck-5/distributions/bbaN_L128_T8_gaussian_categorical_sigma20.0.json
unconditional,bbaN,128,gaussian,categorical,50.0,,8,5,0.646,0.039294,0.416,0.034986,0.092,0.029257,0.092,0.029257,500,0.069682,0.120539,3.002,9,False,5.4,46,False,0.9565217391304348,0.04347826086956519,0.34430505774591796,46,0.0009085402786190188,0.0012285012285012285,0.8,0.5,3.4857612635307595,,3.071232503050594,0.010576923076923078,,,,,,results/T-sweep-nonDyck-5/distributions/bbaN_L128_T8_gaussian_categorical_sigma50.0.json
unconditional,bbaN,128,gaussian,categorical,100.0,,8,5,0.62,0.047749,0.472,0.038678,0.114,0.021541,0.114,0.021541,500,0.089036,0.14485,2.886,9,False,4.87,57,False,1.0,0.0,0.295730231498619,57,0.0006048387096774194,0.0008158270446665307,0.8,0.5,3.6598773782849485,,3.3983082572546333,0.013701923076923077,,,,,,results/T-sweep-nonDyck-5/distributions/bbaN_L128_T8_gaussian_categorical_sigma100.0.json
unconditional,bbaN,128,gaussian,categorical,256.0,,8,5,0.61,0.026077,0.476,0.040299,0.11,0.022804,0.11,0.022804,500,0.085491,0.140456,2.576,9,False,4.35,55,False,1.0,0.0,0.29286223036223036,55,0.0006955715279387897,0.0009394081728511038,0.8,0.5,3.6544582569474082,,3.423016060778413,0.013221153846153846,,,,,,results/T-sweep-nonDyck-5/distributions/bbaN_L128_T8_gaussian_categorical_sigma256.0.json
unconditional,bbaN,128,gaussian,categorical,1.0,,16,5,0.82,0.041952,0.26,0.025298,0.076,0.016248,0.078,0.014697,500,0.055869,0.102597,3.58,16,False,6.71,38,False,0.9473684210526315,0.052631578947368474,0.3504415745795056,38,0.002542372881355932,0.0035026269702276708,0.8,0.5,2.6931833864184878,,2.5280231233824364,0.008653846153846154,,,,,,results/T-sweep-nonDyck-5/distributions/bbaN_L128_T16_gaussian_categorical_sigma1.0.json
unconditional,bbaN,128,gaussian,categorical,2.0,,16,5,0.82,0.026077,0.294,0.044542,0.084,0.030067,0.09,0.030332,500,0.062744,0.1116,3.914,16,False,7.11,42,False,0.9523809523809523,0.04761904761904767,0.4195028322644071,42,0.0019723865877712033,0.002704530087897228,0.8,0.5,2.9367656943018225,,2.879913705812319,0.009615384615384616,,,,,,results/T-sweep-nonDyck-5/distributions/bbaN_L128_T16_gaussian_categorical_sigma2.0.json
unconditional,bbaN,128,gaussian,categorical,5.0,,16,5,0.792,0.0449,0.324,0.043174,0.084,0.017436,0.084,0.017436,500,0.062744,0.1116,5.062,16,False,8.38,42,False,0.9761904761904762,0.023809523809523836,0.3937060515979609,42,0.0014992503748125937,0.002041858090862685,0.8,0.5,3.0812520178314435,,2.727336951959107,0.00985576923076923,,,,,,results/T-sweep-nonDyck-5/distributions/bbaN_L128_T16_gaussian_categorical_sigma5.0.json
unconditional,bbaN,128,gaussian,categorical,10.0,,16,5,0.716,0.026533,0.4,0.0498,0.09,0.02,0.09,0.02,500,0.067942,0.11831,6.064,17,False,9.22,45,False,1.0,0.0,0.3613831951181349,45,0.001048951048951049,0.0014209591474245115,0.8,0.5,3.5485824223764584,,3.172644468834425,0.010817307692307692,,,,,,results/T-sweep-nonDyck-5/distributions/bbaN_L128_T16_gaussian_categorical_sigma10.0.json
unconditional,bbaN,128,gaussian,categorical,20.0,,16,5,0.742,0.051536,0.52,0.038471,0.204,0.010198,0.204,0.010198,500,0.170998,0.241516,7.488,17,False,9.83,102,False,0.9901960784313726,0.009803921568627416,0.3161622397441007,102,0.0004,0.0005406866720735334,0.8,0.5,4.031149016408685,,3.643166107300804,0.024278846153846154,,,,,,results/T-sweep-nonDyck-5/distributions/bbaN_L128_T16_gaussian_categorical_sigma20.0.json
unconditional,bbaN,128,gaussian,categorical,50.0,,16,5,0.678,0.019391,0.634,0.048415,0.294,0.05004,0.296,0.052383,500,0.255758,0.335384,8.394,17,False,9.27,147,False,0.9795918367346939,0.020408163265306145,0.31030952386378396,147,0.0002526315789473684,0.00034106412005457026,0.8,0.5,4.218004752253762,,3.6905040236449866,0.03461538461538462,,,,,,results/T-sweep-nonDyck-5/distributions/bbaN_L128_T16_gaussian_categorical_sigma50.0.json
unconditional,bbaN,128,gaussian,categorical,100.0,,16,5,0.728,0.033705,0.68,0.071274,0.378,0.042615,0.378,0.042615,500,0.33658,0.42128,9.222,17,False,8.88,189,False,0.9841269841269841,0.015873015873015928,0.30504194505073395,189,0.00019821605550049553,0.00026763013515321824,0.8,0.5,4.309880427773064,,3.6849527283759644,0.04471153846153846,,,,,,results/T-sweep-nonDyck-5/distributions/bbaN_L128_T16_gaussian_categorical_sigma100.0.json
unconditional,bbaN,128,gaussian,categorical,256.0,,16,5,0.678,0.063372,0.644,0.066513,0.308,0.034293,0.308,0.034293,500,0.269125,0.349803,7.99,17,False,7.7,154,False,0.987012987012987,0.012987012987012991,0.30257857616751477,154,0.00023728545440164517,0.0003202818480262631,0.8,0.5,4.1553875842872285,,3.7524359794287365,0.03653846153846154,,,,,,results/T-sweep-nonDyck-5/distributions/bbaN_L128_T16_gaussian_categorical_sigma256.0.json
unconditional,bbaN,128,gaussian,categorical,1.0,,32,5,0.834,0.038781,0.42,0.024495,0.18,0.030984,0.18,0.030984,500,0.148804,0.216075,10.402,32,False,14.28,90,False,0.9333333333333333,0.06666666666666665,0.3772552454593049,90,0.0006858710562414266,0.0009337068160597573,0.8,0.5,3.3024046599469505,,3.2747979502284177,0.020192307692307693,,,,,,results/T-sweep-nonDyck-5/distributions/bbaN_L128_T32_gaussian_categorical_sigma1.0.json
unconditional,bbaN,128,gaussian,categorical,2.0,,32,5,0.852,0.029933,0.458,0.044452,0.212,0.027129,0.218,0.029257,500,0.178439,0.249953,11.906,32,False,15.29,106,False,0.9433962264150944,0.05660377358490565,0.3456998340440061,106,0.0005092514004413513,0.0006914433880726015,0.8,0.5,3.714882544288226,,3.444039554775583,0.02403846153846154,,,,,,results/T-sweep-nonDyck-5/distributions/bbaN_L128_T32_gaussian_categorical_sigma2.0.json
unconditional,baN,128,gaussian,greedy,50.0,,1024,5,0.922,0.013266,1.0,0.0,0.922,0.013266,1.0,0.0,500,0.895146,0.942419,976.732,1018,False,17141.53,461,False,0.16052060737527116,0.8394793926247288,0.007596184045226131,200,5.124088339282969e-05,6.886340942740075e-05,0.75,0.625,,,,,,,,,,results/T-sweep-nonDyck-5/distributions/baN_L128_T1024_gaussian_greedy_sigma50.0.json
unconditional,bbaN,128,gaussian,categorical,5.0,,32,5,0.782,0.014697,0.538,0.034871,0.234,0.043174,0.234,0.043174,500,0.199004,0.273052,15.444,33,False,18.53,117,False,0.9914529914529915,0.008547008547008517,0.35532342840207803,117,0.0003848620910840282,0.0005209690023443605,0.8,0.5,3.867404940786189,,3.6898279292352023,0.027884615384615386,,,,,,results/T-sweep-nonDyck-5/distributions/bbaN_L128_T32_gaussian_categorical_sigma5.0.json
unconditional,bbaN,128,gaussian,categorical,20.0,,32,5,0.804,0.044989,0.736,0.034409,0.484,0.061514,0.484,0.061514,500,0.440485,0.527759,21.228,33,False,21.04,242,False,0.9669421487603306,0.03305785123966942,0.31824597267824256,200,0.00015511892450879007,0.00020944601528955913,0.8,0.5,4.265361911174142,,3.776206693579868,0.05625,,,,,,results/T-sweep-nonDyck-5/distributions/bbaN_L128_T32_gaussian_categorical_sigma20.0.json
unconditional,bbaN,128,gaussian,categorical,10.0,,32,5,0.794,0.046303,0.626,0.024166,0.326,0.027276,0.326,0.027276,500,0.286375,0.368279,18.602,33,False,30.94,163,False,0.9631901840490797,0.036809815950920255,0.33258658215628956,163,0.0002492108323641801,0.0003368421052631579,0.8,0.5,4.15653948157222,,3.642136407108429,0.03774038461538461,,,,,,results/T-sweep-nonDyck-5/distributions/bbaN_L128_T32_gaussian_categorical_sigma10.0.json
unconditional,bbaN,128,gaussian,categorical,50.0,,32,5,0.792,0.027857,0.736,0.065299,0.502,0.051923,0.502,0.051923,500,0.458326,0.545644,20.794,33,False,18.72,251,False,0.9681274900398407,0.031872509960159334,0.3063869860016265,200,0.0001426126640045636,0.00019244647582391147,0.8,0.5,4.368702466241084,,3.8277259216026227,0.05841346153846154,,,,,,results/T-sweep-nonDyck-5/distributions/bbaN_L128_T32_gaussian_categorical_sigma50.0.json
unconditional,bbaN,128,gaussian,categorical,100.0,,32,5,0.806,0.034409,0.802,0.041183,0.596,0.008,0.596,0.008,500,0.552415,0.638122,22.938,33,False,27.14,298,False,0.9765100671140939,0.023489932885906062,0.28834751125449903,200,0.00011683152893527533,0.00015760441292356187,0.8,0.5,4.456232883486922,,3.8716750391336046,0.06995192307692308,,,,,,results/T-sweep-nonDyck-5/distributions/bbaN_L128_T32_gaussian_categorical_sigma100.0.json
unconditional,bbaN,128,gaussian,categorical,256.0,,32,5,0.806,0.039799,0.804,0.026533,0.618,0.052688,0.618,0.052688,500,0.574664,0.659536,23.384,33,False,20.22,309,False,0.9514563106796117,0.04854368932038833,0.28811984773452914,200,0.00011119759813188036,0.00014998125234345707,0.8,0.5,4.473234691301272,,3.820146457786395,0.07067307692307692,,,,,,results/T-sweep-nonDyck-5/distributions/bbaN_L128_T32_gaussian_categorical_sigma256.0.json
unconditional,bbaN,128,gaussian,categorical,1.0,,64,5,0.83,0.05099,0.634,0.030067,0.364,0.031369,0.364,0.031369,500,0.323011,0.407063,33.046,64,False,52.71,182,False,0.9615384615384616,0.038461538461538436,0.34627791389078044,182,0.00024174053182917003,0.00032711808963035657,0.8,0.5,4.047486037454103,,3.760489278384871,0.042067307692307696,,,,,,results/T-sweep-nonDyck-5/distributions/bbaN_L128_T64_gaussian_categorical_sigma1.0.json
unconditional,bbaN,128,gaussian,categorical,2.0,,64,5,0.834,0.030725,0.638,0.088408,0.358,0.051923,0.36,0.051769,500,0.317207,0.400959,37.094,65,False,60.1,179,False,0.9888268156424581,0.011173184357541888,0.33297584059285307,179,0.00024248302618816683,0.0003280570819322562,0.8,0.5,4.015716847105095,,3.773531247459915,0.042548076923076925,,,,,,results/T-sweep-nonDyck-5/distributions/bbaN_L128_T64_gaussian_categorical_sigma2.0.json
unconditional,bbaN,128,gaussian,categorical,5.0,,64,5,0.85,0.017889,0.734,0.023324,0.486,0.020591,0.488,0.021354,500,0.442464,0.529749,43.648,65,False,65.93,243,False,0.9711934156378601,0.028806584362139898,0.3192407637987044,200,0.00015838656881896415,0.0002139266231682533,0.8,0.5,4.309208296218226,,3.867627643567964,0.05673076923076923,,,,,,results/T-sweep-nonDyck-5/distributions/bbaN_L128_T64_gaussian_categorical_sigma5.0.json
unconditional,bbaN,128,gaussian,categorical,10.0,,64,5,0.812,0.033106,0.798,0.024819,0.546,0.038262,0.546,0.038262,500,0.502173,0.589125,46.142,65,False,68.05,273,False,0.9816849816849816,0.01831501831501836,0.3031270266255575,200,0.00013477088948787063,0.00018192568335834812,0.8,0.5,4.391985610422348,,3.8291523162909735,0.06442307692307692,,,,,,results/T-sweep-nonDyck-5/distributions/bbaN_L128_T64_gaussian_categorical_sigma10.0.json
unconditional,bbaN,128,gaussian,categorical,20.0,,64,5,0.884,0.024166,0.864,0.017436,0.698,0.03544,0.698,0.03544,500,0.656372,0.736609,50.158,65,False,67.5,349,False,0.9627507163323782,0.03724928366762181,0.31527028768021714,200,0.0001065681503321374,0.00014387454139989928,0.8,0.5,4.443979540088125,,3.879455601118002,0.08076923076923077,,,,,,results/T-sweep-nonDyck-5/distributions/bbaN_L128_T64_gaussian_categorical_sigma20.0.json
unconditional,bbaN,128,gaussian,categorical,50.0,,64,5,0.898,0.029257,0.886,0.012,0.736,0.032619,0.736,0.032619,500,0.695668,0.772733,51.412,65,False,62.04,368,False,0.9565217391304348,0.04347826086956519,0.3049497606969194,200,9.908511411302309e-05,0.00013373900832525326,0.8,0.5,4.42760862466083,,3.8815346076202766,0.08461538461538462,,,,,,results/T-sweep-nonDyck-5/distributions/bbaN_L128_T64_gaussian_categorical_sigma50.0.json
unconditional,bbaN,128,gaussian,categorical,100.0,,64,5,0.914,0.012,0.906,0.004899,0.794,0.010198,0.794,0.010198,500,0.756373,0.827144,54.164,65,False,58.35,397,False,0.9521410579345088,0.04785894206549124,0.2959703998035718,200,9.249267766301835e-05,0.00012485173856045944,0.8,0.5,4.511487082958982,,3.8217537283527467,0.09086538461538461,,,,,,results/T-sweep-nonDyck-5/distributions/bbaN_L128_T64_gaussian_categorical_sigma100.0.json
unconditional,bbaN,128,gaussian,categorical,256.0,,64,5,0.898,0.017205,0.882,0.020396,0.774,0.032619,0.776,0.030725,500,0.735331,0.808491,53.77,65,False,55.94,387,False,0.9483204134366925,0.05167958656330751,0.2888128907000953,200,9.25240562546262e-05,0.0001248556356712551,0.8,0.5,4.468443906355027,,3.863258545178515,0.08822115384615385,,,,,,results/T-sweep-nonDyck-5/distributions/bbaN_L128_T64_gaussian_categorical_sigma256.0.json
unconditional,bbaN,128,gaussian,greedy,256.0,,1024,5,0.996,0.004899,1.0,0.0,0.994,0.004899,0.994,0.004899,500,0.982509,0.997957,1008.382,1018,False,684.58,497,False,0.9114688128772636,0.08853118712273644,0.19412850924128877,200,6.60763843002511e-05,8.907694020710389e-05,0.8,0.5,4.309828610223275,,3.7889088787921876,0.10889423076923077,,,,,,results/T-sweep-nonDyck-5/distributions/bbaN_L128_T1024_gaussian_greedy_sigma256.0.json
unconditional,bbaN,128,gaussian,greedy,100.0,,1024,5,1.0,0.0,1.0,0.0,0.998,0.004,0.998,0.004,500,0.988759,0.999647,995.57,1018,False,742.24,499,False,0.9118236472945892,0.0881763527054108,0.17829104905078835,200,6.0906285528666556e-05,8.203950202022273e-05,0.8,0.5,4.361347254826387,,3.7869197357539983,0.109375,,,,,,results/T-sweep-nonDyck-5/distributions/bbaN_L128_T1024_gaussian_greedy_sigma100.0.json
unconditional,bbaN,128,gaussian,categorical,1.0,,128,5,0.852,0.040694,0.792,0.040694,0.606,0.06375,0.606,0.06375,500,0.562517,0.647867,89.336,128,False,127.48,303,False,0.9570957095709571,0.04290429042904287,0.31151319984800363,200,0.00013010668748373666,0.00017578554163920018,0.8,0.5,4.308495856346244,,3.8085843672331356,0.06971153846153846,,,,,,results/T-sweep-nonDyck-5/distributions/bbaN_L128_T128_gaussian_categorical_sigma1.0.json
unconditional,bbaN,128,gaussian,categorical,2.0,,128,5,0.864,0.013565,0.774,0.054259,0.582,0.064931,0.582,0.064931,500,0.538302,0.624448,91.79,128,False,132.59,291,False,0.9553264604810997,0.044673539518900296,0.32601797774405106,200,0.0001347103726986978,0.00018199190136038946,0.8,0.5,4.332329538399212,,3.8237466894453718,0.06682692307692308,,,,,,results/T-sweep-nonDyck-5/distributions/bbaN_L128_T128_gaussian_categorical_sigma2.0.json
unconditional,bbaN,128,gaussian,categorical,5.0,,128,5,0.872,0.024,0.85,0.032863,0.642,0.022271,0.642,0.022271,500,0.599041,0.682793,99.714,129,False,138.26,321,False,0.9626168224299065,0.03738317757009346,0.34316690386475474,200,0.00012039006380673381,0.00016261484673550696,0.8,0.5,4.350784618790347,,3.85718721984829,0.07427884615384615,,,,,,results/T-sweep-nonDyck-5/distributions/bbaN_L128_T128_gaussian_categorical_sigma5.0.json
unconditional,bbaN,128,gaussian,categorical,10.0,,128,5,0.898,0.034293,0.892,0.024,0.718,0.041183,0.718,0.041183,500,0.677011,0.755664,102.73,129,False,95.43,359,False,0.9498607242339833,0.05013927576601673,0.30339925786122285,200,0.00010475591870940707,0.00014144771738746066,0.8,0.5,4.418077163691433,,3.871760581353422,0.08197115384615385,,,,,,results/T-sweep-nonDyck-5/distributions/bbaN_L128_T128_gaussian_categorical_sigma10.0.json
unconditional,bbaN,128,gaussian,categorical,20.0,,128,5,0.934,0.024166,0.93,0.006325,0.842,0.024819,0.842,0.024819,500,0.807437,0.871348,110.624,129,False,140.69,421,False,0.9596199524940617,0.040380047505938266,0.2822649478434067,200,8.659508139937652e-05,0.0001168804605090144,0.8,0.5,4.473285378769358,,3.9192120736730116,0.09711538461538462,,,,,,results/T-sweep-nonDyck-5/distributions/bbaN_L128_T128_gaussian_categorical_sigma20.0.json
unconditional,bbaN,128,gaussian,categorical,50.0,,128,5,0.942,0.023152,0.944,0.014967,0.856,0.020591,0.856,0.020591,500,0.822509,0.884062,111.944,129,False,130.08,428,False,0.9509345794392523,0.0490654205607477,0.3012458455651725,200,8.177506405713351e-05,0.00011032048099729714,0.8,0.5,4.491874154592903,,3.910525755534767,0.09783653846153846,,,,,,results/T-sweep-nonDyck-5/distributions/bbaN_L128_T128_gaussian_categorical_sigma50.0.json
unconditional,bbaN,128,gaussian,categorical,256.0,,128,5,0.952,0.011662,0.952,0.011662,0.892,0.011662,0.892,0.011662,500,0.861745,0.916278,117.968,129,False,74.88,446,False,0.9417040358744395,0.058295964125560484,0.30451336060867684,200,8.097165991902834e-05,0.00010927767457108513,0.8,0.5,4.45793272623647,,3.8968929392588936,0.10096153846153846,,,,,,results/T-sweep-nonDyck-5/distributions/bbaN_L128_T128_gaussian_categorical_sigma256.0.json
unconditional,bbaN,128,gaussian,greedy,50.0,,1024,5,0.996,0.004899,1.0,0.0,0.994,0.008,0.994,0.008,500,0.982509,0.997957,973.382,1018,False,1120.38,497,False,0.8531187122736419,0.1468812877263581,0.16041320032861525,200,5.6104129263913826e-05,7.550731477111845e-05,0.8,0.5,4.458343585912119,,3.7794614690282438,0.10192307692307692,,,,,,results/T-sweep-nonDyck-5/distributions/bbaN_L128_T1024_gaussian_greedy_sigma50.0.json
unconditional,bbaN,128,gaussian,categorical,100.0,,128,5,0.954,0.012,0.948,0.025612,0.89,0.024495,0.89,0.024495,500,0.859544,0.914509,116.572,129,False,122.27,445,False,0.950561797752809,0.04943820224719098,0.28889783085853327,200,7.901182543654033e-05,0.00010659844366272253,0.8,0.5,4.5230219805036045,,3.9132419686995066,0.10168269230769231,,,,,,results/T-sweep-nonDyck-5/distributions/bbaN_L128_T128_gaussian_categorical_sigma100.0.json
unconditional,bbaN,128,gaussian,greedy,2.0,,1024,5,0.992,0.007483,1.0,0.0,0.99,0.006325,0.99,0.006325,500,0.976807,0.995721,987.41,1018,False,1296.97,495,False,0.052525252525252523,0.9474747474747475,0.013684467508699834,200,4.792332268370607e-05,6.440705257225666e-05,0.8,0.5,2.276603797122504,,1.6663966517459778,0.00625,,,,,,results/T-sweep-nonDyck-5/distributions/bbaN_L128_T1024_gaussian_greedy_sigma2.0.json
unconditional,bbaN,128,gaussian,greedy,20.0,,1024,5,0.998,0.004,1.0,0.0,0.994,0.004899,0.994,0.004899,500,0.982509,0.997957,954.91,1018,False,1243.21,497,False,0.682092555331992,0.317907444668008,0.1015064828761777,200,5.0955414012738855e-05,6.851896262290589e-05,0.8,0.5,4.14187173150074,,3.38935454638035,0.08149038461538462,,,,,,results/T-sweep-nonDyck-5/distributions/bbaN_L128_T1024_gaussian_greedy_sigma20.0.json
unconditional,bbaN,128,gaussian,greedy,1.0,,1024,5,0.982,0.009798,1.0,0.0,0.982,0.009798,0.982,0.009798,500,0.966148,0.990502,996.214,1018,False,1528.51,491,False,0.026476578411405296,0.9735234215885947,0.00700452983199947,200,4.8203612057330165e-05,6.47825734877318e-05,0.8,0.5,1.518023316916417,,1.0744533245838215,0.003125,,,,,,results/T-sweep-nonDyck-5/distributions/bbaN_L128_T1024_gaussian_greedy_sigma1.0.json
unconditional,bbaN,128,gaussian,greedy,10.0,,1024,5,0.998,0.004,1.0,0.0,0.994,0.004899,0.994,0.004899,500,0.982509,0.997957,962.248,1018,False,1388.0,497,False,0.39436619718309857,0.6056338028169015,0.05937038669869186,200,4.915534728252855e-05,6.60785674166584e-05,0.8,0.5,3.584466817609389,,2.92794354281648,0.047115384615384615,,,,,,results/T-sweep-nonDyck-5/distributions/bbaN_L128_T1024_gaussian_greedy_sigma10.0.json
unconditional,bbaN,128,gaussian,categorical,20.0,,256,5,0.956,0.019596,0.932,0.013266,0.874,0.010198,0.874,0.010198,500,0.842032,0.900265,225.266,256,False,230.32,437,False,0.9519450800915332,0.048054919908466776,0.3116178186426645,200,8.259002312520647e-05,0.00011146097472622398,0.8,0.5,4.512789337537221,,3.907972832294796,0.1,,,,,,results/T-sweep-nonDyck-5/distributions/bbaN_L128_T256_gaussian_categorical_sigma20.0.json
unconditional,bbaN,128,gaussian,categorical,1.0,,256,5,0.904,0.012,0.878,0.031241,0.746,0.044989,0.746,0.044989,500,0.706068,0.78218,209.984,255,False,280.38,373,False,0.9571045576407506,0.04289544235924936,0.30513537466034274,200,9.986684420772304e-05,0.00013482994573094684,0.8,0.5,4.402048011711037,,3.873437322259116,0.08581730769230769,,,,,,results/T-sweep-nonDyck-5/distributions/bbaN_L128_T256_gaussian_categorical_sigma1.0.json
unconditional,bbaN,128,gaussian,categorical,2.0,,256,5,0.902,0.029257,0.87,0.026077,0.754,0.044091,0.754,0.044091,500,0.714407,0.78972,212.34,256,False,285.07,377,False,0.9549071618037135,0.04509283819628651,0.29649829366202646,200,9.857072449482504e-05,0.00013307605296426908,0.8,0.5,4.4081616778349835,,3.8980181119027364,0.08653846153846154,,,,,,results/T-sweep-nonDyck-5/distributions/bbaN_L128_T256_gaussian_categorical_sigma2.0.json
unconditional,bbaN,128,gaussian,categorical,5.0,,256,5,0.946,0.016248,0.932,0.022271,0.824,0.040299,0.824,0.040299,500,0.788185,0.854874,222.576,256,False,275.18,412,False,0.9538834951456311,0.04611650485436891,0.3158913978440912,200,9.175434303890384e-05,0.00012389654638376955,0.8,0.5,4.415223289080942,,3.879582515226927,0.09447115384615384,,,,,,results/T-sweep-nonDyck-5/distributions/bbaN_L128_T256_gaussian_categorical_sigma5.0.json
unconditional,bbaN,128,gaussian,categorical,10.0,,256,5,0.958,0.019391,0.956,0.008,0.868,0.027857,0.868,0.027857,500,0.835505,0.894884,225.972,256,False,301.09,434,False,0.9377880184331797,0.062211981566820285,0.32792345068883916,200,8.419162012740999e-05,0.00011363636363636364,0.8,0.5,4.491596093031552,,3.9106586872421536,0.09783653846153846,,,,,,results/T-sweep-nonDyck-5/distributions/bbaN_L128_T256_gaussian_categorical_sigma10.0.json
unconditional,bbaN,128,gaussian,categorical,100.0,,256,5,0.968,0.014697,0.96,0.021909,0.92,0.027568,0.92,0.027568,500,0.892893,0.940702,236.236,256,False,211.35,460,False,0.9565217391304348,0.04347826086956519,0.3010801652427371,200,7.698822080221726e-05,0.00010387721712935311,0.8,0.5,4.506660534411958,,3.9528291021577586,0.10576923076923077,,,,,,results/T-sweep-nonDyck-5/distributions/bbaN_L128_T256_gaussian_categorical_sigma100.0.json
unconditional,bbaN,128,gaussian,greedy,5.0,,1024,5,0.996,0.004899,1.0,0.0,0.994,0.008,0.994,0.008,500,0.982509,0.997957,972.234,1018,False,1503.37,497,False,0.1710261569416499,0.8289738430583501,0.029877878269682936,200,4.8163370151554074e-05,6.47343464258549e-05,0.8,0.5,2.9559850502929432,,2.332198183577113,0.020432692307692308,,,,,,results/T-sweep-nonDyck-5/distributions/bbaN_L128_T1024_gaussian_greedy_sigma5.0.json
unconditional,bbaN,128,gaussian,categorical,50.0,,256,5,0.99,0.006325,0.974,0.013565,0.962,0.017205,0.962,0.017205,500,0.941415,0.97554,239.636,256,False,258.88,481,False,0.9459459459459459,0.05405405405405406,0.2944797852900868,200,7.415463713664228e-05,0.00010006253908692933,0.8,0.5,4.503098174001548,,3.8866237038924663,0.109375,,,,,,results/T-sweep-nonDyck-5/distributions/bbaN_L128_T256_gaussian_categorical_sigma50.0.json
unconditional,bbaN,128,gaussian,categorical,256.0,,256,5,0.982,0.011662,0.98,0.014142,0.96,0.021909,0.96,0.021909,500,0.939026,0.973959,246.548,256,False,179.79,480,False,0.9395833333333333,0.060416666666666674,0.29302791188265737,200,7.321358844201483e-05,9.877518767285657e-05,0.8,0.5,4.590038886731135,,3.900492786506452,0.10841346153846154,,,,,,results/T-sweep-nonDyck-5/distributions/bbaN_L128_T256_gaussian_categorical_sigma256.0.json
unconditional,bbaN,128,gaussian,categorical,100.0,,512,5,0.982,0.011662,0.994,0.008,0.974,0.016248,0.974,0.016248,500,0.956028,0.984744,490.032,510,False,492.54,487,False,0.9486652977412731,0.05133470225872694,0.29548558085830195,200,7.184596225692116e-05,9.692505270299741e-05,0.8,0.5,4.500424579866162,,3.9727395064187196,0.1110576923076923,,,,,,results/T-sweep-nonDyck-5/distributions/bbaN_L128_T512_gaussian_categorical_sigma100.0.json
unconditional,bbaN,128,gaussian,categorical,256.0,,512,5,0.988,0.009798,0.984,0.012,0.968,0.019391,0.968,0.019391,500,0.948655,0.980209,495.456,510,False,489.75,484,False,0.9566115702479339,0.04338842975206614,0.30392032477078995,200,7.370826269624825e-05,9.946042718253475e-05,0.8,0.5,4.5252112572558305,,3.875829101458428,0.11129807692307692,,,,,,results/T-sweep-nonDyck-5/distributions/bbaN_L128_T512_gaussian_categorical_sigma256.0.json
unconditional,bbaN,128,gaussian,categorical,1.0,,512,5,0.952,0.011662,0.922,0.017205,0.87,0.02,0.87,0.02,500,0.837678,0.89668,453.038,510,False,608.84,435,False,0.9448275862068966,0.05517241379310345,0.304085790397772,200,8.567022674053344e-05,0.00011566042100393245,0.8,0.5,4.488585460360366,,3.854731377124332,0.09879807692307692,,,,,,results/T-sweep-nonDyck-5/distributions/bbaN_L128_T512_gaussian_categorical_sigma1.0.json
unconditional,bbaN,128,gaussian,categorical,20.0,,512,5,0.982,0.014697,0.98,0.010954,0.954,0.016248,0.954,0.016248,500,0.931922,0.969155,466.422,510,False,571.54,477,False,0.960167714884696,0.03983228511530401,0.2957505697299085,200,7.346818827447715e-05,9.91129391942118e-05,0.8,0.5,4.519758872966981,,3.92832279688358,0.11009615384615384,,,,,,results/T-sweep-nonDyck-5/distributions/bbaN_L128_T512_gaussian_categorical_sigma20.0.json
unconditional,bbaN,128,gaussian,categorical,50.0,,512,5,0.984,0.010198,0.984,0.013565,0.962,0.013266,0.962,0.013266,500,0.941415,0.97554,475.672,510,False,538.4,481,False,0.9459459459459459,0.05405405405405406,0.2826829055545453,200,7.399916134283812e-05,9.985022466300549e-05,0.8,0.5,4.546302932917159,,3.8674599320252554,0.109375,,,,,,results/T-sweep-nonDyck-5/distributions/bbaN_L128_T512_gaussian_categorical_sigma50.0.json
unconditional,bbaN,128,gaussian,categorical,5.0,,512,5,0.968,0.021354,0.962,0.014697,0.908,0.023152,0.908,0.023152,500,0.879461,0.930318,462.078,510,False,596.82,454,False,0.947136563876652,0.052863436123347984,0.31913933909960557,200,7.984031936127745e-05,0.00010775281504229298,0.8,0.5,4.4757105936340675,,3.9233319250511927,0.10336538461538461,,,,,,results/T-sweep-nonDyck-5/distributions/bbaN_L128_T512_gaussian_categorical_sigma5.0.json
unconditional,bbaN,128,gaussian,categorical,2.0,,512,5,0.958,0.020396,0.93,0.026077,0.86,0.032863,0.86,0.032863,500,0.826832,0.887678,454.298,510,False,599.57,430,False,0.9395348837209302,0.06046511627906981,0.30695870657636004,200,8.453799983092401e-05,0.00011409989445759762,0.8,0.5,4.477877020430145,,3.925963795689962,0.09711538461538462,,,,,,results/T-sweep-nonDyck-5/distributions/bbaN_L128_T512_gaussian_categorical_sigma2.0.json
unconditional,bbaN,128,gaussian,categorical,10.0,,512,5,0.976,0.004899,0.966,0.014967,0.93,0.027568,0.93,0.027568,500,0.904202,0.949241,465.314,510,False,594.09,465,False,0.9505376344086022,0.04946236559139783,0.2852803277356761,200,7.539203860072376e-05,0.00010171129249624939,0.8,0.5,4.521635198468212,,3.90527170629253,0.10625,,,,,,results/T-sweep-nonDyck-5/distributions/bbaN_L128_T512_gaussian_categorical_sigma10.0.json
unconditional,bbaN,128,ar,greedy,,,130,1,1.0,0.0,1.0,0.0,1.0,0.0,1.0,0.0,100,0.963005,1.0,129.0,129,True,31.66,100,False,0.01,0.99,0.0,100,7.874015748031496e-05,7.936507936507937e-05,0.4,0.2,0.0,,0.0,0.0002403846153846154,,,,,,results/T-sweep-nonDyck-5/distributions/bbaN_L128_T130_ar_greedy_none.json
unconditional,bbaN,128,ebsampler,greedy,,0.1,128,1,1.0,0.0,1.0,0.0,1.0,0.0,1.0,0.0,100,0.963005,1.0,111.0,111,True,25.56,100,False,0.01,0.99,0.0,100,0.0015789473684210526,0.0016666666666666668,0.8,0.4,0.0,,0.0,0.0002403846153846154,,,,,,results/T-sweep-nonDyck-5/distributions/bbaN_L128_T128_ebsampler_greedy_gamma0.1.json
unconditional,bbaN,128,ebsampler,greedy,,0.5,128,1,1.0,0.0,1.0,0.0,1.0,0.0,1.0,0.0,100,0.963005,1.0,46.0,46,True,9.88,100,False,0.01,0.99,0.0,100,0.0004347826086956522,0.0004411764705882353,0.8,0.4,0.0,,0.0,0.0002403846153846154,,,,,,results/T-sweep-nonDyck-5/distributions/bbaN_L128_T128_ebsampler_greedy_gamma0.5.json
unconditional,bbaN,128,ebsampler,greedy,,0.9,128,1,1.0,0.0,1.0,0.0,1.0,0.0,1.0,0.0,100,0.963005,1.0,31.0,31,True,6.91,100,False,0.01,0.99,0.0,100,0.00014084507042253522,0.00014285714285714287,0.4,0.2,0.0,,0.0,0.0002403846153846154,,,,,,results/T-sweep-nonDyck-5/distributions/bbaN_L128_T128_ebsampler_greedy_gamma0.9.json
unconditional,bbaN,128,ebsampler,greedy,,2.0,128,1,0.0,0.0,1.0,0.0,0.0,0.0,1.0,0.0,100,0.0,0.036995,19.0,19,True,4.36,0,True,,,,0,,,,,,,,,,,,,,results/T-sweep-nonDyck-5/distributions/bbaN_L128_T128_ebsampler_greedy_gamma2.0.json
unconditional,bbaN,128,ebsampler,greedy,,5.0,128,1,0.0,0.0,1.0,0.0,0.0,0.0,1.0,0.0,100,0.0,0.036995,11.0,11,True,2.64,0,True,,,,0,,,,,,,,,,,,,,results/T-sweep-nonDyck-5/distributions/bbaN_L128_T128_ebsampler_greedy_gamma5.0.json
unconditional,bbaN,128,ebsampler,greedy,,10.0,128,1,1.0,0.0,1.0,0.0,1.0,0.0,1.0,0.0,100,0.963005,1.0,7.0,7,True,1.8,100,False,0.01,0.99,0.0,100,0.0004347826086956522,0.000588235294117647,0.8,0.5,0.0,,0.0,0.0002403846153846154,,,,,,results/T-sweep-nonDyck-5/distributions/bbaN_L128_T128_ebsampler_greedy_gamma10.0.json
unconditional,bbaN,128,ar,categorical,,,130,5,1.0,0.0,1.0,0.0,1.0,0.0,1.0,0.0,500,0.992375,1.0,129.0,129,False,123.76,500,False,0.928,0.07199999999999995,0.2991190520503753,200,7.048540952022932e-05,9.509771290000475e-05,0.8,0.5,4.575230526051666,,3.8472937606676436,0.11153846153846154,,,,,,results/T-sweep-nonDyck-5/distributions/bbaN_L128_T130_ar_categorical_none.json
unconditional,bbaN,128,ebsampler,categorical,,0.5,128,5,0.668,0.027129,0.69,0.054037,0.198,0.025612,0.198,0.025612,500,0.165431,0.235175,11.408,45,False,19.38,99,False,0.9191919191919192,0.08080808080808077,0.4360576874351793,99,0.0005048805116122518,0.0006844626967830253,0.8,0.5,3.352425023081849,,3.2996150376255797,0.021875,,,,,,results/T-sweep-nonDyck-5/distributions/bbaN_L128_T128_ebsampler_categorical_gamma0.5.json
unconditional,bbaN,128,ebsampler,categorical,,0.1,128,5,0.972,0.014697,0.978,0.017205,0.94,0.031623,0.94,0.031623,500,0.915638,0.957652,52.924,109,False,72.53,470,False,0.9148936170212766,0.08510638297872342,0.3020449460946149,200,7.560102817398316e-05,0.00010200958890135672,0.8,0.5,4.518667608516943,,3.8556891932944577,0.10336538461538461,,,,,,results/T-sweep-nonDyck-5/distributions/bbaN_L128_T128_ebsampler_categorical_gamma0.1.json
unconditional,bbaN,128,ebsampler,categorical,,0.9,128,5,0.684,0.043174,0.624,0.047582,0.148,0.019391,0.148,0.019391,500,0.119561,0.181807,5.946,23,False,12.41,74,False,0.972972972972973,0.027027027027026973,0.40814381345037015,74,0.000825536598789213,0.0011235955056179776,0.8,0.5,2.695714505006067,,3.278545002357277,0.01730769230769231,,,,,,results/T-sweep-nonDyck-5/distributions/bbaN_L128_T128_ebsampler_categorical_gamma0.9.json
unconditional,bbaN,128,ebsampler,categorical,,5.0,128,5,0.604,0.031369,0.304,0.056427,0.01,0.010954,0.01,0.010954,500,0.004279,0.023193,1.37,5,False,6.35,5,False,1.0,0.0,0.5725075528700906,5,0.009202453987730062,0.012461059190031152,0.8,0.5,1.3321790402101223,,1.3321790402101223,0.001201923076923077,,,,,,results/T-sweep-nonDyck-5/distributions/bbaN_L128_T128_ebsampler_categorical_gamma5.0.json
unconditional,bbaN,128,ebsampler,categorical,,2.0,128,5,0.616,0.057827,0.538,0.072222,0.058,0.033705,0.058,0.033705,500,0.040683,0.082057,3.024,13,False,8.56,29,False,0.896551724137931,0.10344827586206895,0.45960430435519406,29,0.0018105009052504525,0.002457002457002457,0.8,0.5,1.9415283035800948,,2.8351341733487994,0.00625,,,,,,results/T-sweep-nonDyck-5/distributions/bbaN_L128_T128_ebsampler_categorical_gamma2.0.json
unconditional,aNbN,128,uniform,greedy,,,1,5,0.0,0.0,1.0,0.0,0.0,0.0,0.0,0.0,500,-0.0,0.007625,1.0,1,False,2.63,0,True,,,,0,,,,,,,,,,,,,,results/T-sweep-nonDyck-5/distributions/aNbN_L128_T1_uniform_greedy_none.json
unconditional,bbaN,128,ebsampler,categorical,,10.0,128,5,0.538,0.036,0.174,0.046303,0.008,0.007483,0.016,0.010198,500,0.003115,0.020387,1.044,2,False,6.72,4,True,,,,4,,,0.8,0.5,1.0397207708399179,,1.3862943611198906,0.0009615384615384616,,,,,,results/T-sweep-nonDyck-5/distributions/bbaN_L128_T128_ebsampler_categorical_gamma10.0.json
unconditional,aNbN,128,uniform,greedy,,,2,5,0.004,0.004899,1.0,0.0,0.0,0.0,0.0,0.0,500,-0.0,0.007625,1.0,1,False,9.6,0,True,,,,0,,,,,,,,,,,,,,results/T-sweep-nonDyck-5/distributions/aNbN_L128_T2_uniform_greedy_none.json
unconditional,aNbN,128,uniform,greedy,,,4,5,0.116,0.010198,1.0,0.0,0.076,0.017436,0.076,0.017436,500,0.055869,0.102597,1.234,4,False,6.26,38,False,0.2894736842105263,0.7105263157894737,0.04156598371474404,38,0.0011432926829268292,0.0015467904098994587,,,2.032161188918524,0.171875,,,,,,,,results/T-sweep-nonDyck-5/distributions/aNbN_L128_T4_uniform_greedy_none.json
unconditional,aNbN,128,uniform,greedy,,,8,5,0.44,0.046043,1.0,0.0,0.396,0.034409,0.396,0.034409,500,0.354081,0.439505,3.826,8,False,5.6,198,False,0.10101010101010101,0.898989898989899,0.05938438700228651,198,0.00021324992891669036,0.00028839221341023794,,,2.631819085445577,0.3125,,,,,,,,results/T-sweep-nonDyck-5/distributions/aNbN_L128_T8_uniform_greedy_none.json
unconditional,aNbN,128,uniform,greedy,,,16,5,0.754,0.04128,1.0,0.0,0.722,0.051536,0.722,0.051536,500,0.681151,0.759464,11.974,16,False,8.41,361,False,0.09141274238227147,0.9085872576177285,0.08247519894823588,200,0.00011406410402646287,0.00015420200462606013,,,3.0620874680368906,0.515625,,,,,,,,results/T-sweep-nonDyck-5/distributions/aNbN_L128_T16_uniform_greedy_none.json
unconditional,aNbN,128,uniform,greedy,,,32,5,0.912,0.019391,1.0,0.0,0.896,0.023324,0.896,0.023324,500,0.866155,0.919806,28.93,32,False,17.1,448,False,0.11383928571428571,0.8861607142857143,0.123884393254212,200,9.27873314363479e-05,0.00012545477355413375,,,3.406434771400052,0.796875,,,,,,,,results/T-sweep-nonDyck-5/distributions/aNbN_L128_T32_uniform_greedy_none.json
unconditional,aNbN,128,uniform,greedy,,,64,5,0.942,0.019391,1.0,0.0,0.936,0.018547,0.936,0.018547,500,0.911047,0.954304,60.114,64,False,32.79,468,False,0.11752136752136752,0.8824786324786325,0.1674593394796621,200,8.983649757441457e-05,0.00012148454109214603,,,3.700360392942266,0.859375,,,,,,,,results/T-sweep-nonDyck-5/distributions/aNbN_L128_T64_uniform_greedy_none.json
unconditional,aNbN,128,uniform,greedy,,,128,5,0.982,0.004,1.0,0.0,0.982,0.004,0.982,0.004,500,0.966148,0.990502,125.198,128,False,68.66,491,False,0.12219959266802444,0.8778004073319756,0.19084788545947629,200,8.614006374364717e-05,0.00011649580615097856,,,3.8396180352252114,0.9375,,,,,,,,results/T-sweep-nonDyck-5/distributions/aNbN_L128_T128_uniform_greedy_none.json
unconditional,aNbN,128,uniform,greedy,,,256,5,0.996,0.004899,1.0,0.0,0.996,0.004899,0.996,0.004899,500,0.985534,0.998902,252.57,255,False,117.27,498,False,0.11847389558232932,0.8815261044176707,0.20530766619249233,200,8.527087715308965e-05,0.00011532695190866105,,,3.868803507937783,0.921875,,,,,,,,results/T-sweep-nonDyck-5/distributions/aNbN_L128_T256_uniform_greedy_none.json
unconditional,bbaN,128,gaussian,categorical,2.0,,1024,5,0.962,0.021354,0.972,0.01833,0.92,0.028983,0.922,0.026382,500,0.892893,0.940702,940.048,1018,False,960.1,460,False,0.9369565217391305,0.06304347826086953,0.29533366845329123,200,7.552679942599633e-05,0.0001018796800978045,0.8,0.5,4.520146288726122,,3.927842681439012,0.10360576923076924,,,,,,results/T-sweep-nonDyck-5/distributions/bbaN_L128_T1024_gaussian_categorical_sigma2.0.json
unconditional,aNbN,128,uniform,categorical,,,1,5,0.036,0.020591,0.116,0.037736,0.0,0.0,0.14,0.034641,500,-0.0,0.007625,1.0,1,False,2.75,0,True,,,,0,,,,,,,,,,,,,,results/T-sweep-nonDyck-5/distributions/aNbN_L128_T1_uniform_categorical_none.json
unconditional,aNbN,128,uniform,categorical,,,2,5,0.048,0.022271,0.102,0.024819,0.0,0.0,0.004,0.008,500,-0.0,0.007625,1.0,1,False,10.12,0,True,,,,0,,,,,,,,,,,,,,results/T-sweep-nonDyck-5/distributions/aNbN_L128_T2_uniform_categorical_none.json
unconditional,aNbN,128,uniform,categorical,,,4,5,0.112,0.033106,0.212,0.009798,0.0,0.0,0.0,0.0,500,-0.0,0.007625,1.0,1,False,5.91,0,True,,,,0,,,,,,,,,,,,,,results/T-sweep-nonDyck-5/distributions/aNbN_L128_T4_uniform_categorical_none.json
unconditional,aNbN,128,uniform,categorical,,,8,5,0.152,0.033106,0.544,0.05004,0.01,0.006325,0.01,0.006325,500,0.004279,0.023193,1.07,8,False,2.7,5,False,1.0,0.0,0.44565217391304346,5,0.01675977653631285,0.022988505747126436,,,1.6094379124341005,0.078125,,,,,,,,results/T-sweep-nonDyck-5/distributions/aNbN_L128_T8_uniform_categorical_none.json
unconditional,aNbN,128,uniform,categorical,,,16,5,0.272,0.017205,0.82,0.010954,0.092,0.019391,0.092,0.019391,500,0.069682,0.120539,2.526,16,False,3.24,46,False,0.5217391304347826,0.4782608695652174,0.21563962249187088,46,0.0010885341074020319,0.0014760147601476014,,,3.024227849917982,0.375,,,,,,,,results/T-sweep-nonDyck-5/distributions/aNbN_L128_T16_uniform_categorical_none.json
unconditional,aNbN,128,uniform,categorical,,,32,5,0.498,0.054553,0.916,0.021541,0.364,0.042708,0.364,0.042708,500,0.323011,0.407063,12.67,32,False,6.51,182,False,0.3241758241758242,0.6758241758241759,0.24819947476894666,182,0.0002512562814070352,0.0003401939105290015,,,3.882148903542096,0.921875,,,,,,,,results/T-sweep-nonDyck-5/distributions/aNbN_L128_T32_uniform_categorical_none.json
unconditional,aNbN,128,uniform,categorical,,,64,5,0.716,0.053141,0.962,0.022271,0.622,0.056356,0.622,0.056356,500,0.57872,0.66342,40.876,64,False,16.51,311,False,0.20257234726688103,0.797427652733119,0.2864213855308092,200,0.00014647722279185587,0.00019831432821021318,,,4.013689687654429,0.984375,,,,,,,,results/T-sweep-nonDyck-5/distributions/aNbN_L128_T64_uniform_categorical_none.json
unconditional,aNbN,128,uniform,greedy,,,512,5,0.988,0.009798,1.0,0.0,0.986,0.008,0.986,0.008,500,0.971387,0.993202,498.548,509,False,270.87,493,False,0.11967545638945233,0.8803245436105477,0.21632472208591372,200,8.399832003359933e-05,0.00011356538527056953,,,3.933694732896985,0.921875,,,,,,,,results/T-sweep-nonDyck-5/distributions/aNbN_L128_T512_uniform_greedy_none.json
unconditional,aNbN,128,uniform,categorical,,,128,5,0.858,0.026382,0.984,0.012,0.814,0.027276,0.814,0.027276,500,0.777545,0.845667,104.87,128,False,40.36,407,False,0.15724815724815724,0.8427518427518428,0.2966598965342684,200,0.00011546010853250202,0.00015639662183296842,,,4.058688045353801,1.0,,,,,,,,results/T-sweep-nonDyck-5/distributions/aNbN_L128_T128_uniform_categorical_none.json
unconditional,baN,128,gaussian,categorical,20.0,,512,5,0.982,0.009798,1.0,0.0,0.976,0.010198,0.99,0.006325,500,0.958523,0.986219,479.834,510,False,11383.15,488,False,1.0,0.0,0.15923902756686634,200,6.502267665848464e-05,0.0001310852217798096,0.75,0.625,,,,,,,,,,results/T-sweep-nonDyck-5/distributions/baN_L128_T512_gaussian_categorical_sigma20.0.json
unconditional,aNbN,128,uniform,categorical,,,256,5,0.91,0.008944,0.992,0.007483,0.876,0.017436,0.876,0.017436,500,0.844212,0.902054,223.448,255,False,136.43,438,False,0.1461187214611872,0.8538812785388128,0.3252801263675925,200,0.00010768126346015793,0.00014586828094230908,,,4.088421917403128,1.0,,,,,,,,results/T-sweep-nonDyck-5/distributions/aNbN_L128_T256_uniform_categorical_none.json
unconditional,aNbN,128,gaussian,greedy,1.0,,1,5,0.0,0.0,1.0,0.0,0.0,0.0,0.0,0.0,500,-0.0,0.007625,1.0,1,False,2.81,0,True,,,,0,,,,,,,,,,,,,,results/T-sweep-nonDyck-5/distributions/aNbN_L128_T1_gaussian_greedy_sigma1.0.json
unconditional,aNbN,128,gaussian,greedy,2.0,,1,5,0.0,0.0,1.0,0.0,0.0,0.0,0.0,0.0,500,-0.0,0.007625,1.0,1,False,2.82,0,True,,,,0,,,,,,,,,,,,,,results/T-sweep-nonDyck-5/distributions/aNbN_L128_T1_gaussian_greedy_sigma2.0.json
unconditional,aNbN,128,gaussian,greedy,5.0,,1,5,0.0,0.0,1.0,0.0,0.0,0.0,0.0,0.0,500,-0.0,0.007625,1.0,1,False,2.82,0,True,,,,0,,,,,,,,,,,,,,results/T-sweep-nonDyck-5/distributions/aNbN_L128_T1_gaussian_greedy_sigma5.0.json
unconditional,aNbN,128,gaussian,greedy,10.0,,1,5,0.0,0.0,1.0,0.0,0.0,0.0,0.0,0.0,500,-0.0,0.007625,1.0,1,False,2.83,0,True,,,,0,,,,,,,,,,,,,,results/T-sweep-nonDyck-5/distributions/aNbN_L128_T1_gaussian_greedy_sigma10.0.json
unconditional,aNbN,128,gaussian,greedy,20.0,,1,5,0.0,0.0,1.0,0.0,0.0,0.0,0.0,0.0,500,-0.0,0.007625,1.0,1,False,2.84,0,True,,,,0,,,,,,,,,,,,,,results/T-sweep-nonDyck-5/distributions/aNbN_L128_T1_gaussian_greedy_sigma20.0.json
unconditional,bbaN,128,gaussian,categorical,1.0,,1024,5,0.966,0.013565,0.968,0.021354,0.928,0.017205,0.928,0.017205,500,0.901931,0.947542,948.694,1016,False,1213.99,464,False,0.9375,0.0625,0.31577634582382497,200,7.588212975844188e-05,0.00010237772260756059,0.8,0.5,4.507331741530386,,3.917862548092204,0.1045673076923077,,,,,,results/T-sweep-nonDyck-5/distributions/bbaN_L128_T1024_gaussian_categorical_sigma1.0.json
unconditional,aNbN,128,gaussian,greedy,50.0,,1,5,0.0,0.0,1.0,0.0,0.0,0.0,0.0,0.0,500,-0.0,0.007625,1.0,1,False,2.92,0,True,,,,0,,,,,,,,,,,,,,results/T-sweep-nonDyck-5/distributions/aNbN_L128_T1_gaussian_greedy_sigma50.0.json
unconditional,aNbN,128,gaussian,greedy,100.0,,1,5,0.0,0.0,1.0,0.0,0.0,0.0,0.0,0.0,500,-0.0,0.007625,1.0,1,False,2.83,0,True,,,,0,,,,,,,,,,,,,,results/T-sweep-nonDyck-5/distributions/aNbN_L128_T1_gaussian_greedy_sigma100.0.json
unconditional,aNbN,128,gaussian,greedy,256.0,,1,5,0.0,0.0,1.0,0.0,0.0,0.0,0.0,0.0,500,-0.0,0.007625,1.0,1,False,3.0,0,True,,,,0,,,,,,,,,,,,,,results/T-sweep-nonDyck-5/distributions/aNbN_L128_T1_gaussian_greedy_sigma256.0.json
unconditional,aNbN,128,gaussian,greedy,1.0,,2,5,0.976,0.010198,1.0,0.0,0.976,0.010198,0.976,0.010198,500,0.958523,0.986219,1.978,3,False,3.54,488,False,0.0020491803278688526,0.9979508196721312,0.0,200,7.232401157184185e-05,9.75800156128025e-05,,,0.0,0.015625,,,,,,,,results/T-sweep-nonDyck-5/distributions/aNbN_L128_T2_gaussian_greedy_sigma1.0.json
unconditional,aNbN,128,gaussian,greedy,2.0,,2,5,0.766,0.036111,1.0,0.0,0.766,0.036111,0.766,0.036111,500,0.726948,0.800996,1.77,3,False,5.1,383,False,0.0026109660574412533,0.9973890339425587,0.0,200,9.215174320380894e-05,0.00012433171702101205,,,0.0,0.015625,,,,,,,,results/T-sweep-nonDyck-5/distributions/aNbN_L128_T2_gaussian_greedy_sigma2.0.json
unconditional,aNbN,128,gaussian,greedy,5.0,,2,5,0.25,0.05099,1.0,0.0,0.25,0.05099,0.25,0.05099,500,0.214048,0.289764,1.258,3,False,8.3,125,False,0.008,0.992,0.0,125,0.00028235294117647056,0.00038095238095238096,,,0.0,0.015625,,,,,,,,results/T-sweep-nonDyck-5/distributions/aNbN_L128_T2_gaussian_greedy_sigma5.0.json
unconditional,aNbN,128,gaussian,greedy,10.0,,2,5,0.028,0.016,1.0,0.0,0.028,0.016,0.028,0.016,500,0.016751,0.046447,1.03,3,False,10.28,14,False,0.07142857142857142,0.9285714285714286,0.0,14,0.0025210084033613447,0.003401360544217687,,,0.0,0.015625,,,,,,,,results/T-sweep-nonDyck-5/distributions/aNbN_L128_T2_gaussian_greedy_sigma10.0.json
unconditional,aNbN,128,gaussian,greedy,20.0,,2,5,0.004,0.004899,1.0,0.0,0.004,0.004899,0.004,0.004899,500,0.001098,0.014466,1.006,3,False,9.93,2,True,,,,2,,,,,0.6931471805599453,0.03125,,,,,,,,results/T-sweep-nonDyck-5/distributions/aNbN_L128_T2_gaussian_greedy_sigma20.0.json
unconditional,aNbN,128,gaussian,greedy,50.0,,2,5,0.0,0.0,1.0,0.0,0.0,0.0,0.0,0.0,500,-0.0,0.007625,1.0,1,False,10.38,0,True,,,,0,,,,,,,,,,,,,,results/T-sweep-nonDyck-5/distributions/aNbN_L128_T2_gaussian_greedy_sigma50.0.json
unconditional,aNbN,128,gaussian,greedy,100.0,,2,5,0.0,0.0,1.0,0.0,0.0,0.0,0.0,0.0,500,-0.0,0.007625,1.0,1,False,9.94,0,True,,,,0,,,,,,,,,,,,,,results/T-sweep-nonDyck-5/distributions/aNbN_L128_T2_gaussian_greedy_sigma100.0.json
unconditional,aNbN,128,gaussian,greedy,256.0,,2,5,0.002,0.004,1.0,0.0,0.0,0.0,0.0,0.0,500,-0.0,0.007625,1.0,1,False,10.35,0,True,,,,0,,,,,,,,,,,,,,results/T-sweep-nonDyck-5/distributions/aNbN_L128_T2_gaussian_greedy_sigma256.0.json
unconditional,aNbN,128,gaussian,greedy,1.0,,4,5,1.0,0.0,1.0,0.0,1.0,0.0,1.0,0.0,500,0.992375,1.0,4.002,5,False,5.76,500,False,0.006,0.994,0.004983179671311482,200,6.332320162107397e-05,8.53315129277242e-05,,,0.7298907617959434,0.046875,,,,,,,,results/T-sweep-nonDyck-5/distributions/aNbN_L128_T4_gaussian_greedy_sigma1.0.json
unconditional,aNbN,128,gaussian,greedy,2.0,,4,5,1.0,0.0,1.0,0.0,1.0,0.0,1.0,0.0,500,0.992375,1.0,4.008,5,False,5.93,500,False,0.01,0.99,0.0083766097705583,200,6.347325660121869e-05,8.553588230262595e-05,,,1.166437848960803,0.078125,,,,,,,,results/T-sweep-nonDyck-5/distributions/aNbN_L128_T4_gaussian_greedy_sigma2.0.json
unconditional,aNbN,128,gaussian,greedy,5.0,,4,5,1.0,0.0,1.0,0.0,1.0,0.0,1.0,0.0,500,0.992375,1.0,4.054,5,False,5.66,500,False,0.024,0.976,0.019619356790188596,200,6.310209919649994e-05,8.503039836741636e-05,,,1.9213890502599713,0.1875,,,,,,,,results/T-sweep-nonDyck-5/distributions/aNbN_L128_T4_gaussian_greedy_sigma5.0.json
unconditional,aNbN,128,gaussian,greedy,10.0,,4,5,0.996,0.004899,1.0,0.0,0.996,0.004899,0.996,0.004899,500,0.985534,0.998902,4.072,5,False,5.86,498,False,0.04417670682730924,0.9558232931726908,0.03713654980102826,200,6.290626965820927e-05,8.476012883539582e-05,,,2.4889460932276157,0.34375,,,,,,,,results/T-sweep-nonDyck-5/distributions/aNbN_L128_T4_gaussian_greedy_sigma10.0.json
unconditional,aNbN,128,gaussian,greedy,20.0,,4,5,0.84,0.028983,1.0,0.0,0.822,0.029257,0.822,0.029257,500,0.786054,0.853036,3.846,5,False,6.22,411,False,0.058394160583941604,0.9416058394160584,0.058839382724432975,200,7.810262685168312e-05,0.00010526315789473685,,,2.8805512158085156,0.375,,,,,,,,results/T-sweep-nonDyck-5/distributions/aNbN_L128_T4_gaussian_greedy_sigma20.0.json
unconditional,aNbN,128,gaussian,greedy,50.0,,4,5,0.532,0.046217,1.0,0.0,0.524,0.042237,0.524,0.042237,500,0.480207,0.567427,2.996,5,False,6.37,262,False,0.10305343511450382,0.8969465648854962,0.08160185135573639,200,0.0001380961148959676,0.00018637592023110615,,,3.0859063684715333,0.421875,,,,,,,,results/T-sweep-nonDyck-5/distributions/aNbN_L128_T4_gaussian_greedy_sigma50.0.json
unconditional,aNbN,128,gaussian,greedy,100.0,,4,5,0.41,0.039497,1.0,0.0,0.388,0.048332,0.388,0.048332,500,0.346295,0.431413,2.556,5,False,5.77,194,False,0.10824742268041238,0.8917525773195876,0.06952187315537482,194,0.00020466639377814163,0.0002765486725663717,,,2.7808737386182876,0.328125,,,,,,,,results/T-sweep-nonDyck-5/distributions/aNbN_L128_T4_gaussian_greedy_sigma100.0.json
unconditional,aNbN,128,gaussian,greedy,256.0,,4,5,0.324,0.032619,1.0,0.0,0.294,0.035553,0.294,0.035553,500,0.255758,0.335384,2.224,5,False,4.46,147,False,0.12244897959183673,0.8775510204081632,0.05970454132789961,147,0.00027992908463189323,0.0003784295175023652,,,2.6236314210738367,0.28125,,,,,,,,results/T-sweep-nonDyck-5/distributions/aNbN_L128_T4_gaussian_greedy_sigma256.0.json
unconditional,aNbN,128,gaussian,greedy,1.0,,8,5,1.0,0.0,1.0,0.0,1.0,0.0,1.0,0.0,500,0.992375,1.0,8.002,9,False,9.93,500,False,0.012,0.988,0.0366054083529933,200,5.710370031978072e-05,7.686985932815743e-05,,,1.1080700957393708,0.09375,,,,,,,,results/T-sweep-nonDyck-5/distributions/aNbN_L128_T8_gaussian_greedy_sigma1.0.json
unconditional,aNbN,128,gaussian,greedy,2.0,,8,5,1.0,0.0,1.0,0.0,1.0,0.0,1.0,0.0,500,0.992375,1.0,8.008,9,False,10.37,500,False,0.018,0.982,0.0431127918157386,200,5.8559437829396835e-05,7.88488074117879e-05,,,1.6160525221001734,0.140625,,,,,,,,results/T-sweep-nonDyck-5/distributions/aNbN_L128_T8_gaussian_greedy_sigma2.0.json
unconditional,aNbN,128,gaussian,greedy,5.0,,8,5,1.0,0.0,1.0,0.0,1.0,0.0,1.0,0.0,500,0.992375,1.0,8.034,9,False,9.88,500,False,0.034,0.966,0.043602721373078364,200,6.044487427466151e-05,8.141333550435561e-05,,,2.3859429012374855,0.265625,,,,,,,,results/T-sweep-nonDyck-5/distributions/aNbN_L128_T8_gaussian_greedy_sigma5.0.json
unconditional,aNbN,128,gaussian,greedy,10.0,,8,5,0.994,0.004899,1.0,0.0,0.994,0.004899,0.994,0.004899,500,0.982509,0.997957,8.046,9,False,10.28,497,False,0.052313883299798795,0.9476861167002012,0.049549479301603624,200,6.110601894286588e-05,8.230791390592206e-05,,,2.8103991497037772,0.40625,,,,,,,,results/T-sweep-nonDyck-5/distributions/aNbN_L128_T8_gaussian_greedy_sigma10.0.json
unconditional,aNbN,128,gaussian,greedy,20.0,,8,5,0.926,0.028705,1.0,0.0,0.926,0.028705,0.926,0.028705,500,0.899665,0.945839,7.81,9,False,9.66,463,False,0.056155507559395246,0.9438444924406048,0.06752786803038059,200,6.79671039217019e-05,9.158347834050737e-05,,,3.0789691041807106,0.40625,,,,,,,,results/T-sweep-nonDyck-5/distributions/aNbN_L128_T8_gaussian_greedy_sigma20.0.json
unconditional,bbaN,128,gaussian,categorical,100.0,,1024,5,0.992,0.004,0.994,0.008,0.986,0.010198,0.986,0.010198,500,0.971387,0.993202,982.864,1018,False,800.69,493,False,0.9594320486815415,0.04056795131845847,0.31480381768097954,200,7.314397171766427e-05,9.87093749228833e-05,0.8,0.5,4.5118432690244745,,3.925771687121526,0.11370192307692308,,,,,,results/T-sweep-nonDyck-5/distributions/bbaN_L128_T1024_gaussian_categorical_sigma100.0.json
unconditional,aNbN,128,gaussian,greedy,50.0,,8,5,0.802,0.020396,1.0,0.0,0.8,0.020976,0.8,0.020976,500,0.76271,0.832715,7.354,9,False,9.47,400,False,0.0875,0.9125,0.09233197305450942,200,8.341675008341675e-05,0.00011247328759419637,,,3.3064954675229203,0.546875,,,,,,,,results/T-sweep-nonDyck-5/distributions/aNbN_L128_T8_gaussian_greedy_sigma50.0.json
unconditional,aNbN,128,uniform,categorical,,,512,5,0.956,0.028705,1.0,0.0,0.956,0.028705,0.956,0.028705,500,0.93428,0.970766,484.442,509,False,227.28,478,False,0.13389121338912133,0.8661087866108786,0.3220488155061019,200,9.611687812379854e-05,0.00013014902062861977,,,4.082855201707671,1.0,,,,,,,,results/T-sweep-nonDyck-5/distributions/aNbN_L128_T512_uniform_categorical_none.json
unconditional,aNbN,128,gaussian,greedy,100.0,,8,5,0.752,0.022271,1.0,0.0,0.744,0.020591,0.744,0.020591,500,0.703986,0.780293,7.074,9,False,8.43,372,False,0.10752688172043011,0.8924731182795699,0.10742125186338027,200,9.9147332936744e-05,0.00013384193267750787,,,3.4139979415226636,0.625,,,,,,,,results/T-sweep-nonDyck-5/distributions/aNbN_L128_T8_gaussian_greedy_sigma100.0.json
unconditional,aNbN,128,gaussian,greedy,256.0,,8,5,0.788,0.044452,1.0,0.0,0.772,0.048332,0.772,0.048332,500,0.733233,0.806619,7.32,9,False,8.9,386,False,0.09585492227979274,0.9041450777202072,0.09990695212153214,200,0.00010538888498559685,0.00014245014245014244,,,3.28620569934846,0.578125,,,,,,,,results/T-sweep-nonDyck-5/distributions/aNbN_L128_T8_gaussian_greedy_sigma256.0.json
unconditional,aNbN,128,gaussian,greedy,1.0,,16,5,1.0,0.0,1.0,0.0,1.0,0.0,1.0,0.0,500,0.992375,1.0,16.002,17,False,19.75,500,False,0.012,0.988,0.016037916895868302,200,5.142093174728326e-05,6.915390200892085e-05,,,1.100683572811324,0.09375,,,,,,,,results/T-sweep-nonDyck-5/distributions/aNbN_L128_T16_gaussian_greedy_sigma1.0.json
unconditional,aNbN,128,gaussian,greedy,2.0,,16,5,1.0,0.0,1.0,0.0,1.0,0.0,1.0,0.0,500,0.992375,1.0,16.01,17,False,19.55,500,False,0.024,0.976,0.02214297292916194,200,5.208152494705045e-05,7.005008581135511e-05,,,1.8135497318984894,0.1875,,,,,,,,results/T-sweep-nonDyck-5/distributions/aNbN_L128_T16_gaussian_greedy_sigma2.0.json
unconditional,aNbN,128,gaussian,greedy,5.0,,16,5,1.0,0.0,1.0,0.0,1.0,0.0,1.0,0.0,500,0.992375,1.0,15.84,17,False,18.96,500,False,0.042,0.958,0.03627278846393555,200,5.377114998566103e-05,7.234319612240469e-05,,,2.557964638749808,0.328125,,,,,,,,results/T-sweep-nonDyck-5/distributions/aNbN_L128_T16_gaussian_greedy_sigma5.0.json
unconditional,aNbN,128,gaussian,greedy,10.0,,16,5,1.0,0.0,1.0,0.0,1.0,0.0,1.0,0.0,500,0.992375,1.0,15.666,17,False,20.31,500,False,0.056,0.944,0.056716572553489095,200,5.701254275940707e-05,7.674597083653108e-05,,,3.0327021007313073,0.4375,,,,,,,,results/T-sweep-nonDyck-5/distributions/aNbN_L128_T16_gaussian_greedy_sigma10.0.json
unconditional,aNbN,128,gaussian,greedy,100.0,,16,5,0.876,0.031369,1.0,0.0,0.874,0.032,0.874,0.032,500,0.842032,0.900265,14.99,17,False,15.17,437,False,0.11212814645308924,0.8878718535469108,0.12193753727509463,200,8.302200083022001e-05,0.00011205109529945655,,,3.6091255654219574,0.765625,,,,,,,,results/T-sweep-nonDyck-5/distributions/aNbN_L128_T16_gaussian_greedy_sigma100.0.json
unconditional,aNbN,128,gaussian,greedy,20.0,,16,5,0.97,0.012649,1.0,0.0,0.97,0.012649,0.97,0.012649,500,0.951096,0.981737,15.464,17,False,18.53,485,False,0.06804123711340206,0.931958762886598,0.07935092085212474,200,6.200268678309393e-05,8.350730688935282e-05,,,3.2321959091698753,0.515625,,,,,,,,results/T-sweep-nonDyck-5/distributions/aNbN_L128_T16_gaussian_greedy_sigma20.0.json
unconditional,aNbN,128,gaussian,greedy,50.0,,16,5,0.894,0.016248,1.0,0.0,0.894,0.016248,0.894,0.016248,500,0.863948,0.918043,15.01,17,False,16.79,447,False,0.10067114093959731,0.8993288590604027,0.09854316219151042,200,7.332274227056092e-05,9.884353069091628e-05,,,3.469338018455044,0.703125,,,,,,,,results/T-sweep-nonDyck-5/distributions/aNbN_L128_T16_gaussian_greedy_sigma50.0.json
unconditional,aNbN,128,gaussian,greedy,256.0,,16,5,0.876,0.028705,1.0,0.0,0.856,0.036661,0.856,0.036661,500,0.822509,0.884062,15.006,17,False,15.9,428,False,0.11214953271028037,0.8878504672897196,0.13823559504173702,200,9.306365554038963e-05,0.00012575452716297788,,,3.6304298409352014,0.75,,,,,,,,results/T-sweep-nonDyck-5/distributions/aNbN_L128_T16_gaussian_greedy_sigma256.0.json
unconditional,aNbN,128,gaussian,greedy,1.0,,32,5,1.0,0.0,1.0,0.0,1.0,0.0,1.0,0.0,500,0.992375,1.0,31.978,33,False,36.54,500,False,0.016,0.984,0.010136073993912307,200,4.918355301987015e-05,6.612007405448295e-05,,,1.3156792666257195,0.125,,,,,,,,results/T-sweep-nonDyck-5/distributions/aNbN_L128_T32_gaussian_greedy_sigma1.0.json
unconditional,aNbN,128,gaussian,greedy,5.0,,32,5,1.0,0.0,1.0,0.0,1.0,0.0,1.0,0.0,500,0.992375,1.0,31.1,33,False,36.95,500,False,0.038,0.962,0.03299949551747145,200,5.154639175257732e-05,6.932409012131716e-05,,,2.5402473166996598,0.296875,,,,,,,,results/T-sweep-nonDyck-5/distributions/aNbN_L128_T32_gaussian_greedy_sigma5.0.json
unconditional,aNbN,128,gaussian,greedy,2.0,,32,5,1.0,0.0,1.0,0.0,1.0,0.0,1.0,0.0,500,0.992375,1.0,31.552,33,False,37.8,500,False,0.022,0.978,0.015581474995744736,200,4.9544193420531116e-05,6.6608938919603e-05,,,1.8935870296738302,0.171875,,,,,,,,results/T-sweep-nonDyck-5/distributions/aNbN_L128_T32_gaussian_greedy_sigma2.0.json
unconditional,aNbN,128,gaussian,greedy,10.0,,32,5,1.0,0.0,1.0,0.0,1.0,0.0,1.0,0.0,500,0.992375,1.0,30.752,33,False,33.06,500,False,0.058,0.942,0.05192689923106156,200,5.469063331753382e-05,7.359163998969718e-05,,,3.016149554415785,0.453125,,,,,,,,results/T-sweep-nonDyck-5/distributions/aNbN_L128_T32_gaussian_greedy_sigma10.0.json
unconditional,aNbN,128,gaussian,greedy,256.0,,32,5,0.94,0.012649,1.0,0.0,0.932,0.013266,0.932,0.013266,500,0.906479,0.950934,31.062,33,False,26.5,466,False,0.12017167381974249,0.8798283261802575,0.16195590404372562,200,8.536793580331228e-05,0.00011535355865728458,,,3.823128015330213,0.875,,,,,,,,results/T-sweep-nonDyck-5/distributions/aNbN_L128_T32_gaussian_greedy_sigma256.0.json
unconditional,aNbN,128,gaussian,greedy,100.0,,32,5,0.962,0.007483,1.0,0.0,0.958,0.007483,0.958,0.007483,500,0.936648,0.972368,31.236,33,False,30.9,479,False,0.10855949895615867,0.8914405010438413,0.1496121223807385,200,7.300513469447351e-05,9.848820603732703e-05,,,3.719171287973828,0.8125,,,,,,,,results/T-sweep-nonDyck-5/distributions/aNbN_L128_T32_gaussian_greedy_sigma100.0.json
unconditional,aNbN,128,gaussian,greedy,50.0,,32,5,0.948,0.011662,1.0,0.0,0.946,0.008,0.946,0.008,500,0.922573,0.962626,30.352,33,False,32.75,473,False,0.09513742071881606,0.904862579281184,0.11197711186783507,200,6.802258349772124e-05,9.168003667201467e-05,,,3.553535548515541,0.703125,,,,,,,,results/T-sweep-nonDyck-5/distributions/aNbN_L128_T32_gaussian_greedy_sigma50.0.json
unconditional,aNbN,128,gaussian,greedy,20.0,,32,5,0.988,0.007483,1.0,0.0,0.988,0.007483,0.988,0.007483,500,0.974069,0.994489,30.518,33,False,34.14,494,False,0.06882591093117409,0.9311740890688259,0.08140427844551913,200,5.963266279716944e-05,8.029871120568515e-05,,,3.286344787672537,0.53125,,,,,,,,results/T-sweep-nonDyck-5/distributions/aNbN_L128_T32_gaussian_greedy_sigma20.0.json
unconditional,bbaN,128,gaussian,categorical,50.0,,1024,5,0.992,0.004,0.99,0.008944,0.984,0.004899,0.984,0.004899,500,0.968749,0.991871,967.702,1018,False,919.7,492,False,0.9390243902439024,0.060975609756097615,0.32047279980586085,200,7.175488531177497e-05,9.681245008108043e-05,0.8,0.5,4.530525295236321,,3.9255461784715444,0.1110576923076923,,,,,,results/T-sweep-nonDyck-5/distributions/bbaN_L128_T1024_gaussian_categorical_sigma50.0.json
unconditional,aNbN,128,uniform,greedy,,,1024,5,1.0,0.0,1.0,0.0,1.0,0.0,1.0,0.0,500,0.992375,1.0,1009.81,1017,False,589.12,500,False,0.122,0.878,0.20845475258846463,200,8.496176720475786e-05,0.00011490950876185004,,,3.9239042425057473,0.953125,,,,,,,,results/T-sweep-nonDyck-5/distributions/aNbN_L128_T1024_uniform_greedy_none.json
unconditional,aNbN,128,gaussian,greedy,20.0,,64,5,0.988,0.011662,1.0,0.0,0.988,0.011662,0.988,0.011662,500,0.974069,0.994489,60.564,65,False,44.41,494,False,0.06882591093117409,0.9311740890688259,0.08510945253090003,200,5.8733701397862095e-05,7.907638779060572e-05,,,3.329307962233124,0.53125,,,,,,,,results/T-sweep-nonDyck-5/distributions/aNbN_L128_T64_gaussian_greedy_sigma20.0.json
unconditional,bbaN,128,gaussian,categorical,256.0,,1024,5,0.996,0.004899,0.998,0.004,0.992,0.004,0.992,0.004,500,0.979613,0.996885,1005.642,1018,False,956.1,496,False,0.9354838709677419,0.06451612903225812,0.2991748118634087,200,7.286859363614283e-05,9.834292176820574e-05,0.8,0.5,4.519505679329822,,3.896673596503318,0.11153846153846154,,,,,,results/T-sweep-nonDyck-5/distributions/bbaN_L128_T1024_gaussian_categorical_sigma256.0.json
unconditional,aNbN,128,gaussian,greedy,10.0,,64,5,1.0,0.0,1.0,0.0,1.0,0.0,1.0,0.0,500,0.992375,1.0,61.006,65,False,69.18,500,False,0.056,0.944,0.05486678541996774,200,5.3800078906782394e-05,7.238246896601644e-05,,,2.9858739914803727,0.4375,,,,,,,,results/T-sweep-nonDyck-5/distributions/aNbN_L128_T64_gaussian_greedy_sigma10.0.json
unconditional,aNbN,128,gaussian,greedy,2.0,,64,5,1.0,0.0,1.0,0.0,1.0,0.0,1.0,0.0,500,0.992375,1.0,62.664,65,False,73.47,500,False,0.018,0.982,0.012635408180549618,200,4.8603460566392325e-05,6.533385600418136e-05,,,1.7146130798973829,0.140625,,,,,,,,results/T-sweep-nonDyck-5/distributions/aNbN_L128_T64_gaussian_greedy_sigma2.0.json
unconditional,aNbN,128,gaussian,greedy,1.0,,64,5,1.0,0.0,1.0,0.0,1.0,0.0,1.0,0.0,500,0.992375,1.0,63.16,65,False,76.46,500,False,0.012,0.988,0.008380272344861437,200,4.812937175126741e-05,6.469142191745374e-05,,,1.3419089199999117,0.09375,,,,,,,,results/T-sweep-nonDyck-5/distributions/aNbN_L128_T64_gaussian_greedy_sigma1.0.json
unconditional,aNbN,128,gaussian,greedy,5.0,,64,5,1.0,0.0,1.0,0.0,1.0,0.0,1.0,0.0,500,0.992375,1.0,61.716,65,False,76.09,500,False,0.038,0.962,0.030624361114645844,200,5.0644878114660004e-05,6.810133478616181e-05,,,2.462219930977198,0.296875,,,,,,,,results/T-sweep-nonDyck-5/distributions/aNbN_L128_T64_gaussian_greedy_sigma5.0.json
unconditional,aNbN,128,gaussian,greedy,100.0,,64,5,0.978,0.007483,1.0,0.0,0.976,0.010198,0.976,0.010198,500,0.958523,0.986219,62.468,65,False,39.59,488,False,0.10655737704918032,0.8934426229508197,0.15583422330139055,200,7.16708872855846e-05,9.668842156151801e-05,,,3.756951624377885,0.8125,,,,,,,,results/T-sweep-nonDyck-5/distributions/aNbN_L128_T64_gaussian_greedy_sigma100.0.json
unconditional,aNbN,128,gaussian,greedy,50.0,,64,5,0.976,0.004899,1.0,0.0,0.976,0.004899,0.976,0.004899,500,0.958523,0.986219,61.294,65,False,67.38,488,False,0.09221311475409837,0.9077868852459017,0.11284210140833845,200,6.524575902566333e-05,8.792754770069463e-05,,,3.5694664004818497,0.703125,,,,,,,,results/T-sweep-nonDyck-5/distributions/aNbN_L128_T64_gaussian_greedy_sigma50.0.json
unconditional,aNbN,128,gaussian,greedy,256.0,,64,5,0.972,0.013266,1.0,0.0,0.97,0.014142,0.97,0.014142,500,0.951096,0.981737,63.064,65,False,57.91,485,False,0.1154639175257732,0.8845360824742268,0.1903902932998982,200,8.39278220730172e-05,0.00011344299489506523,,,3.8465611638468227,0.875,,,,,,,,results/T-sweep-nonDyck-5/distributions/aNbN_L128_T64_gaussian_greedy_sigma256.0.json
unconditional,bbaN,128,gaussian,categorical,20.0,,1024,5,0.992,0.004,0.992,0.007483,0.982,0.004,0.982,0.004,500,0.966148,0.990502,947.778,1018,False,1090.8,491,False,0.9490835030549898,0.050916496945010215,0.3191333658379008,200,7.255139056831923e-05,9.789764800900659e-05,0.8,0.5,4.53040620480439,,3.8813382629586144,0.11201923076923077,,,,,,results/T-sweep-nonDyck-5/distributions/bbaN_L128_T1024_gaussian_categorical_sigma20.0.json
unconditional,aNbN,128,gaussian,greedy,20.0,,128,5,1.0,0.0,1.0,0.0,1.0,0.0,1.0,0.0,500,0.992375,1.0,121.698,129,False,88.79,500,False,0.072,0.928,0.0915947949000536,200,5.793742757821553e-05,7.800312012480499e-05,,,3.365984518036022,0.5625,,,,,,,,results/T-sweep-nonDyck-5/distributions/aNbN_L128_T128_gaussian_greedy_sigma20.0.json
unconditional,aNbN,128,gaussian,greedy,1.0,,128,5,1.0,0.0,1.0,0.0,1.0,0.0,1.0,0.0,500,0.992375,1.0,125.852,128,False,140.9,500,False,0.012,0.988,0.007399194469778708,200,4.777830864787386e-05,6.42157649703002e-05,,,1.134459939520118,0.09375,,,,,,,,results/T-sweep-nonDyck-5/distributions/aNbN_L128_T128_gaussian_greedy_sigma1.0.json
unconditional,aNbN,128,gaussian,greedy,10.0,,128,5,1.0,0.0,1.0,0.0,1.0,0.0,1.0,0.0,500,0.992375,1.0,121.884,129,False,140.28,500,False,0.06,0.94,0.06099145817899444,200,5.3746103407502955e-05,7.23091941140316e-05,,,3.0171570048194107,0.46875,,,,,,,,results/T-sweep-nonDyck-5/distributions/aNbN_L128_T128_gaussian_greedy_sigma10.0.json
unconditional,aNbN,128,gaussian,greedy,2.0,,128,5,1.0,0.0,1.0,0.0,1.0,0.0,1.0,0.0,500,0.992375,1.0,124.728,129,False,145.29,500,False,0.016,0.984,0.012705883865906629,200,4.843709635753036e-05,6.510840549514942e-05,,,1.6628042522298216,0.125,,,,,,,,results/T-sweep-nonDyck-5/distributions/aNbN_L128_T128_gaussian_greedy_sigma2.0.json
unconditional,aNbN,128,gaussian,greedy,50.0,,128,5,0.984,0.008,1.0,0.0,0.984,0.008,0.984,0.008,500,0.968749,0.991871,122.714,129,False,124.68,492,False,0.08943089430894309,0.9105691056910569,0.11991117730513282,200,6.526847097728658e-05,8.796622097114708e-05,,,3.5975361248896363,0.6875,,,,,,,,results/T-sweep-nonDyck-5/distributions/aNbN_L128_T128_gaussian_greedy_sigma50.0.json
unconditional,aNbN,128,gaussian,greedy,5.0,,128,5,1.0,0.0,1.0,0.0,1.0,0.0,1.0,0.0,500,0.992375,1.0,122.958,129,False,150.18,500,False,0.034,0.966,0.030043266687160314,200,5.035753852351697e-05,6.771168365101398e-05,,,2.413839930604223,0.265625,,,,,,,,results/T-sweep-nonDyck-5/distributions/aNbN_L128_T128_gaussian_greedy_sigma5.0.json
unconditional,aNbN,128,gaussian,greedy,100.0,,128,5,0.99,0.008944,1.0,0.0,0.99,0.008944,0.99,0.008944,500,0.976807,0.995721,125.194,129,False,118.92,495,False,0.11313131313131314,0.8868686868686868,0.1646414105313319,200,7.183736021646992e-05,9.693209906460525e-05,,,3.793571483837609,0.875,,,,,,,,results/T-sweep-nonDyck-5/distributions/aNbN_L128_T128_gaussian_greedy_sigma100.0.json
unconditional,aNbN,128,gaussian,greedy,256.0,,128,5,0.982,0.009798,1.0,0.0,0.98,0.008944,0.98,0.008944,500,0.963579,0.989101,126.142,129,False,118.16,490,False,0.11836734693877551,0.8816326530612245,0.1972902216873,200,8.062782197376908e-05,0.00010893839533743668,,,3.860141115673582,0.90625,,,,,,,,results/T-sweep-nonDyck-5/distributions/aNbN_L128_T128_gaussian_greedy_sigma256.0.json
unconditional,bbaN,128,gaussian,categorical,5.0,,1024,5,0.982,0.016,0.982,0.007483,0.936,0.019596,0.936,0.019596,500,0.911047,0.954304,941.042,1018,False,1234.14,468,False,0.9465811965811965,0.05341880341880345,0.2847431692507461,200,7.796865660004678e-05,0.00010523823305006709,0.8,0.5,4.5501958783696335,,3.8638131249010517,0.10649038461538461,,,,,,results/T-sweep-nonDyck-5/distributions/bbaN_L128_T1024_gaussian_categorical_sigma5.0.json
unconditional,bbaN,128,gaussian,categorical,10.0,,1024,5,0.99,0.010954,0.988,0.004,0.972,0.011662,0.972,0.011662,500,0.953553,0.983249,946.392,1018,False,1248.4,486,False,0.9423868312757202,0.057613168724279795,0.2992596968688736,200,7.383888355608063e-05,9.964377350970282e-05,0.8,0.5,4.559875487336319,,3.8550217355812966,0.11009615384615384,,,,,,results/T-sweep-nonDyck-5/distributions/bbaN_L128_T1024_gaussian_categorical_sigma10.0.json
unconditional,aNbN,128,uniform,categorical,,,1024,5,0.98,0.016733,0.998,0.004,0.978,0.014697,0.978,0.014697,500,0.961039,0.987672,988.78,1017,False,631.42,489,False,0.130879345603272,0.869120654396728,0.317382124192608,200,9.557488292076843e-05,0.00012944983818770226,,,4.098119612991828,1.0,,,,,,,,results/T-sweep-nonDyck-5/distributions/aNbN_L128_T1024_uniform_categorical_none.json
unconditional,aNbN,128,gaussian,greedy,20.0,,256,5,1.0,0.0,1.0,0.0,1.0,0.0,1.0,0.0,500,0.992375,1.0,241.54,256,False,181.35,500,False,0.07,0.9299999999999999,0.08397179224401004,200,5.739869130983814e-05,7.72707955028397e-05,,,3.3069206450514637,0.546875,,,,,,,,results/T-sweep-nonDyck-5/distributions/aNbN_L128_T256_gaussian_greedy_sigma20.0.json
unconditional,aNbN,128,gaussian,greedy,256.0,,256,5,0.98,0.006325,1.0,0.0,0.98,0.006325,0.98,0.006325,500,0.963579,0.989101,250.154,256,False,159.3,490,False,0.11836734693877551,0.8816326530612245,0.18043176662600363,200,8.041170794467674e-05,0.00010864251181487317,,,3.846591584780783,0.90625,,,,,,,,results/T-sweep-nonDyck-5/distributions/aNbN_L128_T256_gaussian_greedy_sigma256.0.json
unconditional,aNbN,128,gaussian,greedy,1.0,,256,5,1.0,0.0,1.0,0.0,1.0,0.0,1.0,0.0,500,0.992375,1.0,250.092,256,False,268.98,500,False,0.01,0.99,0.005197546716821694,200,4.759487244574184e-05,6.396724876863046e-05,,,0.902242976919729,0.078125,,,,,,,,results/T-sweep-nonDyck-5/distributions/aNbN_L128_T256_gaussian_greedy_sigma1.0.json
unconditional,aNbN,128,gaussian,greedy,100.0,,256,5,0.988,0.007483,1.0,0.0,0.986,0.008,0.986,0.008,500,0.971387,0.993202,248.296,256,False,235.9,493,False,0.11359026369168357,0.8864097363083164,0.17868695230847018,200,7.187178074315421e-05,9.69743987587277e-05,,,3.832613204583743,0.875,,,,,,,,results/T-sweep-nonDyck-5/distributions/aNbN_L128_T256_gaussian_greedy_sigma100.0.json
unconditional,aNbN,128,gaussian,greedy,50.0,,256,5,0.994,0.004899,1.0,0.0,0.994,0.004899,0.994,0.004899,500,0.982509,0.997957,244.18,256,False,257.08,497,False,0.096579476861167,0.903420523138833,0.12172523209488358,200,6.517347005279051e-05,8.78464444151623e-05,,,3.6320451527638005,0.75,,,,,,,,results/T-sweep-nonDyck-5/distributions/aNbN_L128_T256_gaussian_greedy_sigma50.0.json
unconditional,aNbN,128,gaussian,greedy,5.0,,256,5,1.0,0.0,1.0,0.0,1.0,0.0,1.0,0.0,500,0.992375,1.0,244.422,256,False,273.47,500,False,0.038,0.962,0.02905390314315869,200,5.010689470871192e-05,6.737182510274203e-05,,,2.364149504170709,0.296875,,,,,,,,results/T-sweep-nonDyck-5/distributions/aNbN_L128_T256_gaussian_greedy_sigma5.0.json
unconditional,aNbN,128,gaussian,greedy,2.0,,256,5,1.0,0.0,1.0,0.0,1.0,0.0,1.0,0.0,500,0.992375,1.0,248.196,256,False,287.16,500,False,0.018,0.982,0.012756088132972555,200,4.8270313757039423e-05,6.4882400648824e-05,,,1.5817709964096056,0.140625,,,,,,,,results/T-sweep-nonDyck-5/distributions/aNbN_L128_T256_gaussian_greedy_sigma2.0.json
unconditional,aNbN,128,gaussian,greedy,10.0,,256,5,1.0,0.0,1.0,0.0,1.0,0.0,1.0,0.0,500,0.992375,1.0,241.56,256,False,280.35,500,False,0.06,0.94,0.05241227070453454,200,5.316132690671959e-05,7.15154115711936e-05,,,2.953611956246288,0.46875,,,,,,,,results/T-sweep-nonDyck-5/distributions/aNbN_L128_T256_gaussian_greedy_sigma10.0.json
unconditional,aNbN,128,gaussian,greedy,10.0,,512,5,1.0,0.0,1.0,0.0,1.0,0.0,1.0,0.0,500,0.992375,1.0,482.198,510,False,398.83,500,False,0.056,0.944,0.0528322993550485,200,5.283178360101437e-05,7.106815436003127e-05,,,2.8878487613000154,0.4375,,,,,,,,results/T-sweep-nonDyck-5/distributions/aNbN_L128_T512_gaussian_greedy_sigma10.0.json
unconditional,aNbN,128,gaussian,greedy,1.0,,512,5,1.0,0.0,1.0,0.0,1.0,0.0,1.0,0.0,500,0.992375,1.0,498.868,508,False,543.85,500,False,0.01,0.99,0.004633198226370472,200,4.759487244574184e-05,6.396724876863046e-05,,,0.9030984355531066,0.078125,,,,,,,,results/T-sweep-nonDyck-5/distributions/aNbN_L128_T512_gaussian_greedy_sigma1.0.json
unconditional,aNbN,128,gaussian,greedy,2.0,,512,5,1.0,0.0,1.0,0.0,1.0,0.0,1.0,0.0,500,0.992375,1.0,494.772,510,False,575.63,500,False,0.02,0.98,0.012345035920372133,200,4.8211358596085236e-05,6.48025143375563e-05,,,1.546553577719068,0.15625,,,,,,,,results/T-sweep-nonDyck-5/distributions/aNbN_L128_T512_gaussian_greedy_sigma2.0.json
unconditional,aNbN,128,gaussian,greedy,50.0,,512,5,0.998,0.004,1.0,0.0,0.998,0.004,0.998,0.004,500,0.988759,0.999647,487.862,510,False,446.65,499,False,0.09418837675350701,0.905811623246493,0.12728368696792128,200,6.292342219518846e-05,8.478528127517063e-05,,,3.5701717560082598,0.734375,,,,,,,,results/T-sweep-nonDyck-5/distributions/aNbN_L128_T512_gaussian_greedy_sigma50.0.json
unconditional,aNbN,128,gaussian,greedy,100.0,,512,5,0.992,0.004,1.0,0.0,0.992,0.004,0.992,0.004,500,0.979613,0.996885,496.326,510,False,472.4,496,False,0.11088709677419355,0.8891129032258065,0.15784222150395527,200,7.033008252063015e-05,9.487666034155598e-05,,,3.8093172342368176,0.859375,,,,,,,,results/T-sweep-nonDyck-5/distributions/aNbN_L128_T512_gaussian_greedy_sigma100.0.json
unconditional,aNbN,128,gaussian,greedy,5.0,,512,5,1.0,0.0,1.0,0.0,1.0,0.0,1.0,0.0,500,0.992375,1.0,488.504,510,False,585.73,500,False,0.04,0.96,0.026802733384422316,200,4.989356040447046e-05,6.708257865432348e-05,,,2.3202731508222394,0.3125,,,,,,,,results/T-sweep-nonDyck-5/distributions/aNbN_L128_T512_gaussian_greedy_sigma5.0.json
unconditional,aNbN,128,gaussian,categorical,1.0,,1,5,0.036,0.020591,0.116,0.037736,0.0,0.0,0.14,0.034641,500,-0.0,0.007625,1.0,1,False,3.02,0,True,,,,0,,,,,,,,,,,,,,results/T-sweep-nonDyck-5/distributions/aNbN_L128_T1_gaussian_categorical_sigma1.0.json
unconditional,aNbN,128,gaussian,categorical,2.0,,1,5,0.036,0.020591,0.116,0.037736,0.0,0.0,0.14,0.034641,500,-0.0,0.007625,1.0,1,False,3.0,0,True,,,,0,,,,,,,,,,,,,,results/T-sweep-nonDyck-5/distributions/aNbN_L128_T1_gaussian_categorical_sigma2.0.json
unconditional,aNbN,128,gaussian,greedy,256.0,,512,5,0.994,0.004899,1.0,0.0,0.992,0.004,0.992,0.004,500,0.979613,0.996885,503.156,510,False,467.18,496,False,0.12298387096774194,0.877016129032258,0.20751138062745803,200,8.118640398354622e-05,0.00010972130787798991,,,3.9352732280481657,0.953125,,,,,,,,results/T-sweep-nonDyck-5/distributions/aNbN_L128_T512_gaussian_greedy_sigma256.0.json
unconditional,aNbN,128,gaussian,categorical,5.0,,1,5,0.036,0.020591,0.116,0.037736,0.0,0.0,0.14,0.034641,500,-0.0,0.007625,1.0,1,False,3.06,0,True,,,,0,,,,,,,,,,,,,,results/T-sweep-nonDyck-5/distributions/aNbN_L128_T1_gaussian_categorical_sigma5.0.json
unconditional,aNbN,128,gaussian,categorical,10.0,,1,5,0.038,0.023152,0.116,0.037736,0.0,0.0,0.14,0.034641,500,-0.0,0.007625,1.0,1,False,2.9,0,True,,,,0,,,,,,,,,,,,,,results/T-sweep-nonDyck-5/distributions/aNbN_L128_T1_gaussian_categorical_sigma10.0.json
unconditional,aNbN,128,gaussian,categorical,20.0,,1,5,0.038,0.023152,0.116,0.037736,0.0,0.0,0.14,0.034641,500,-0.0,0.007625,1.0,1,False,3.01,0,True,,,,0,,,,,,,,,,,,,,results/T-sweep-nonDyck-5/distributions/aNbN_L128_T1_gaussian_categorical_sigma20.0.json
unconditional,aNbN,128,gaussian,categorical,50.0,,1,5,0.038,0.023152,0.116,0.037736,0.0,0.0,0.14,0.034641,500,-0.0,0.007625,1.0,1,False,2.92,0,True,,,,0,,,,,,,,,,,,,,results/T-sweep-nonDyck-5/distributions/aNbN_L128_T1_gaussian_categorical_sigma50.0.json
unconditional,aNbN,128,gaussian,categorical,100.0,,1,5,0.036,0.028705,0.116,0.037736,0.0,0.0,0.14,0.034641,500,-0.0,0.007625,1.0,1,False,3.04,0,True,,,,0,,,,,,,,,,,,,,results/T-sweep-nonDyck-5/distributions/aNbN_L128_T1_gaussian_categorical_sigma100.0.json
unconditional,aNbN,128,gaussian,categorical,256.0,,1,5,0.032,0.021354,0.116,0.037736,0.0,0.0,0.128,0.027857,500,-0.0,0.007625,1.0,1,False,2.98,0,True,,,,0,,,,,,,,,,,,,,results/T-sweep-nonDyck-5/distributions/aNbN_L128_T1_gaussian_categorical_sigma256.0.json
unconditional,aNbN,128,gaussian,greedy,20.0,,512,5,0.998,0.004,1.0,0.0,0.998,0.004,0.998,0.004,500,0.988759,0.999647,480.682,510,False,516.42,499,False,0.07214428857715431,0.9278557114228457,0.08459401390487918,200,5.776228892696921e-05,7.776352113223687e-05,,,3.3235050294606534,0.5625,,,,,,,,results/T-sweep-nonDyck-5/distributions/aNbN_L128_T512_gaussian_greedy_sigma20.0.json
unconditional,aNbN,128,gaussian,categorical,2.0,,2,5,0.0,0.0,0.116,0.037736,0.0,0.0,0.14,0.034641,500,-0.0,0.007625,1.0,1,False,10.24,0,True,,,,0,,,,,,,,,,,,,,results/T-sweep-nonDyck-5/distributions/aNbN_L128_T2_gaussian_categorical_sigma2.0.json
unconditional,aNbN,128,gaussian,categorical,1.0,,2,5,0.0,0.0,0.116,0.037736,0.0,0.0,0.14,0.034641,500,-0.0,0.007625,1.0,1,False,11.38,0,True,,,,0,,,,,,,,,,,,,,results/T-sweep-nonDyck-5/distributions/aNbN_L128_T2_gaussian_categorical_sigma1.0.json
unconditional,aNbN,128,gaussian,categorical,5.0,,2,5,0.0,0.0,0.116,0.037736,0.0,0.0,0.14,0.034641,500,-0.0,0.007625,1.0,1,False,10.1,0,True,,,,0,,,,,,,,,,,,,,results/T-sweep-nonDyck-5/distributions/aNbN_L128_T2_gaussian_categorical_sigma5.0.json
unconditional,aNbN,128,gaussian,categorical,10.0,,2,5,0.0,0.0,0.116,0.037736,0.0,0.0,0.14,0.034641,500,-0.0,0.007625,1.0,1,False,10.42,0,True,,,,0,,,,,,,,,,,,,,results/T-sweep-nonDyck-5/distributions/aNbN_L128_T2_gaussian_categorical_sigma10.0.json
unconditional,aNbN,128,gaussian,categorical,20.0,,2,5,0.0,0.0,0.116,0.037736,0.0,0.0,0.136,0.032,500,-0.0,0.007625,1.0,1,False,11.44,0,True,,,,0,,,,,,,,,,,,,,results/T-sweep-nonDyck-5/distributions/aNbN_L128_T2_gaussian_categorical_sigma20.0.json
unconditional,aNbN,128,gaussian,categorical,50.0,,2,5,0.02,0.010954,0.114,0.031369,0.0,0.0,0.05,0.018974,500,-0.0,0.007625,1.0,1,False,10.13,0,True,,,,0,,,,,,,,,,,,,,results/T-sweep-nonDyck-5/distributions/aNbN_L128_T2_gaussian_categorical_sigma50.0.json
unconditional,aNbN,128,gaussian,categorical,1.0,,4,5,0.0,0.0,0.138,0.033705,0.0,0.0,0.136,0.032619,500,-0.0,0.007625,1.0,1,False,6.72,0,True,,,,0,,,,,,,,,,,,,,results/T-sweep-nonDyck-5/distributions/aNbN_L128_T4_gaussian_categorical_sigma1.0.json
unconditional,aNbN,128,gaussian,categorical,100.0,,2,5,0.034,0.025768,0.114,0.028705,0.0,0.0,0.026,0.016248,500,-0.0,0.007625,1.0,1,False,10.26,0,True,,,,0,,,,,,,,,,,,,,results/T-sweep-nonDyck-5/distributions/aNbN_L128_T2_gaussian_categorical_sigma100.0.json
unconditional,aNbN,128,gaussian,categorical,256.0,,2,5,0.058,0.007483,0.106,0.028705,0.0,0.0,0.008,0.007483,500,-0.0,0.007625,1.0,1,False,11.41,0,True,,,,0,,,,,,,,,,,,,,results/T-sweep-nonDyck-5/distributions/aNbN_L128_T2_gaussian_categorical_sigma256.0.json
unconditional,aNbN,128,gaussian,categorical,2.0,,4,5,0.0,0.0,0.154,0.036661,0.0,0.0,0.136,0.032619,500,-0.0,0.007625,1.0,1,False,6.74,0,True,,,,0,,,,,,,,,,,,,,results/T-sweep-nonDyck-5/distributions/aNbN_L128_T4_gaussian_categorical_sigma2.0.json
unconditional,aNbN,128,gaussian,categorical,5.0,,4,5,0.0,0.0,0.188,0.031241,0.0,0.0,0.13,0.030332,500,-0.0,0.007625,1.004,2,False,6.59,0,True,,,,0,,,,,,,,,,,,,,results/T-sweep-nonDyck-5/distributions/aNbN_L128_T4_gaussian_categorical_sigma5.0.json
unconditional,aNbN,128,gaussian,categorical,10.0,,4,5,0.002,0.004,0.262,0.026382,0.002,0.004,0.082,0.034871,500,0.000353,0.011241,1.028,4,False,6.5,1,True,1.0,0.0,,1,0.07317073170731707,0.1,,,0.0,0.015625,,,,,,,,results/T-sweep-nonDyck-5/distributions/aNbN_L128_T4_gaussian_categorical_sigma10.0.json
unconditional,aNbN,128,gaussian,categorical,20.0,,4,5,0.01,0.010954,0.326,0.031369,0.008,0.007483,0.024,0.016248,500,0.003115,0.020387,1.078,4,False,5.44,4,True,,,,4,,,,,1.3862943611198906,0.0625,,,,,,,,results/T-sweep-nonDyck-5/distributions/aNbN_L128_T4_gaussian_categorical_sigma20.0.json
unconditional,aNbN,128,gaussian,categorical,50.0,,4,5,0.054,0.02245,0.448,0.020396,0.02,0.015492,0.02,0.015492,500,0.010899,0.036421,1.108,5,False,5.18,10,False,0.8,0.19999999999999996,0.26778577138289367,10,0.005494505494505495,0.007462686567164179,,,2.0253262207700673,0.125,,,,,,,,results/T-sweep-nonDyck-5/distributions/aNbN_L128_T4_gaussian_categorical_sigma50.0.json
unconditional,aNbN,128,gaussian,categorical,100.0,,4,5,0.084,0.014967,0.474,0.031369,0.006,0.004899,0.006,0.004899,500,0.002043,0.017491,1.038,5,False,5.5,3,True,,,,3,,,,,1.0986122886681096,0.046875,,,,,,,,results/T-sweep-nonDyck-5/distributions/aNbN_L128_T4_gaussian_categorical_sigma100.0.json
unconditional,aNbN,128,gaussian,categorical,256.0,,4,5,0.138,0.013266,0.49,0.026077,0.002,0.004,0.002,0.004,500,0.000353,0.011241,1.012,5,False,5.37,1,True,1.0,0.0,,1,0.42857142857142855,0.6666666666666666,,,0.0,0.015625,,,,,,,,results/T-sweep-nonDyck-5/distributions/aNbN_L128_T4_gaussian_categorical_sigma256.0.json
unconditional,aNbN,128,gaussian,categorical,1.0,,8,5,0.022,0.007483,0.302,0.055642,0.022,0.007483,0.124,0.029394,500,0.012328,0.038961,1.392,8,False,4.99,11,False,0.36363636363636365,0.6363636363636364,0.12839506172839507,11,0.009584664536741214,0.013245033112582781,,,1.2636544318820966,0.0625,,,,,,,,results/T-sweep-nonDyck-5/distributions/aNbN_L128_T8_gaussian_categorical_sigma1.0.json
unconditional,aNbN,128,gaussian,categorical,2.0,,8,5,0.03,0.006325,0.36,0.043359,0.028,0.007483,0.138,0.031875,500,0.016751,0.046447,1.492,9,False,6.38,14,False,0.5,0.5,0.24384926814076613,14,0.00625,0.008583690987124463,,,1.7671949977916748,0.109375,,,,,,,,results/T-sweep-nonDyck-5/distributions/aNbN_L128_T8_gaussian_categorical_sigma2.0.json
unconditional,aNbN,128,gaussian,categorical,5.0,,8,5,0.054,0.020591,0.276,0.048415,0.046,0.021541,0.076,0.026533,500,0.030845,0.068078,1.936,9,False,6.59,23,False,0.5652173913043478,0.4347826086956522,0.30232063018948263,23,0.0036101083032490976,0.0049504950495049506,,,2.4872576985931496,0.203125,,,,,,,,results/T-sweep-nonDyck-5/distributions/aNbN_L128_T8_gaussian_categorical_sigma5.0.json
unconditional,aNbN,128,gaussian,categorical,10.0,,8,5,0.09,0.02,0.298,0.045343,0.08,0.016733,0.086,0.02245,500,0.059298,0.107107,2.442,9,False,7.44,40,False,0.7,0.30000000000000004,0.3282138053711658,40,0.0012908777969018934,0.0017513134851138354,,,3.246828738589744,0.4375,,,,,,,,results/T-sweep-nonDyck-5/distributions/aNbN_L128_T8_gaussian_categorical_sigma10.0.json
unconditional,aNbN,128,gaussian,categorical,20.0,,8,5,0.156,0.028705,0.474,0.044989,0.128,0.027857,0.13,0.024495,500,0.101526,0.160146,2.862,9,False,7.94,64,False,0.640625,0.359375,0.35405339335238434,64,0.0008103727714748784,0.0010995052226498076,,,3.622671193447072,0.640625,,,,,,,,results/T-sweep-nonDyck-5/distributions/aNbN_L128_T8_gaussian_categorical_sigma20.0.json
unconditional,aNbN,128,gaussian,categorical,50.0,,8,5,0.254,0.038262,0.652,0.045782,0.172,0.027857,0.172,0.027857,500,0.141454,0.207548,3.08,9,False,6.84,86,False,0.5697674418604651,0.43023255813953487,0.29873172275973964,86,0.0005119453924914676,0.0006927606511950121,,,3.7709203965144744,0.765625,,,,,,,,results/T-sweep-nonDyck-5/distributions/aNbN_L128_T8_gaussian_categorical_sigma50.0.json
unconditional,aNbN,128,gaussian,categorical,100.0,,8,5,0.32,0.043818,0.774,0.02245,0.206,0.027276,0.206,0.027276,500,0.172856,0.243627,3.18,9,False,6.56,103,False,0.5048543689320388,0.49514563106796117,0.3172642016461651,103,0.00046941010796432484,0.0006361323155216285,,,3.8019523152132932,0.8125,,,,,,,,results/T-sweep-nonDyck-5/distributions/aNbN_L128_T8_gaussian_categorical_sigma100.0.json
unconditional,aNbN,128,gaussian,categorical,256.0,,8,5,0.324,0.048415,0.826,0.02245,0.16,0.025298,0.16,0.025298,500,0.130476,0.194709,2.68,9,False,6.28,80,False,0.5125,0.48750000000000004,0.296080049408089,80,0.0006252605252188412,0.000847816871555744,,,3.591333016309207,0.640625,,,,,,,,results/T-sweep-nonDyck-5/distributions/aNbN_L128_T8_gaussian_categorical_sigma256.0.json
unconditional,aNbN,128,gaussian,categorical,1.0,,16,5,0.18,0.050596,0.29,0.040497,0.18,0.050596,0.234,0.04128,500,0.148804,0.216075,4.844,17,False,9.33,90,False,0.2222222222222222,0.7777777777777778,0.3111671634946113,90,0.0010176390773405698,0.0013995801259622112,,,2.6074082959073546,0.3125,,,,,,,,results/T-sweep-nonDyck-5/distributions/aNbN_L128_T16_gaussian_categorical_sigma1.0.json
unconditional,aNbN,128,gaussian,categorical,2.0,,16,5,0.194,0.028705,0.31,0.032863,0.194,0.028705,0.246,0.036111,500,0.161726,0.23094,5.274,16,False,10.26,97,False,0.29896907216494845,0.7010309278350515,0.28085648148148146,97,0.0008564087924636027,0.0011743981209630064,,,3.0839488231226717,0.453125,,,,,,,,results/T-sweep-nonDyck-5/distributions/aNbN_L128_T16_gaussian_categorical_sigma2.0.json
unconditional,aNbN,128,gaussian,categorical,5.0,,16,5,0.252,0.042143,0.394,0.058856,0.25,0.043359,0.26,0.047749,500,0.214048,0.289764,6.438,17,False,12.45,125,False,0.384,0.616,0.33137371382456454,125,0.0005327650506126798,0.000726480203414457,,,3.6414833964010525,0.75,,,,,,,,results/T-sweep-nonDyck-5/distributions/aNbN_L128_T16_gaussian_categorical_sigma5.0.json
unconditional,aNbN,128,gaussian,categorical,10.0,,16,5,0.32,0.033466,0.518,0.023152,0.294,0.04128,0.298,0.039699,500,0.255758,0.335384,7.206,17,False,12.33,147,False,0.3877551020408163,0.6122448979591837,0.33670214191888054,147,0.0003736455349358575,0.0005074854097944684,,,3.8907634120997883,0.890625,,,,,,,,results/T-sweep-nonDyck-5/distributions/aNbN_L128_T16_gaussian_categorical_sigma10.0.json
unconditional,aNbN,128,gaussian,categorical,20.0,,16,5,0.4,0.045607,0.668,0.049558,0.368,0.036,0.368,0.036,500,0.326884,0.411129,8.314,17,False,13.22,184,False,0.33152173913043476,0.6684782608695652,0.29788169725469704,184,0.00024260067928190198,0.0003283533081595797,,,4.001680930381236,0.953125,,,,,,,,results/T-sweep-nonDyck-5/distributions/aNbN_L128_T16_gaussian_categorical_sigma20.0.json
unconditional,aNbN,128,gaussian,categorical,50.0,,16,5,0.488,0.049153,0.834,0.026533,0.426,0.057131,0.426,0.057131,500,0.383382,0.469747,9.044,17,False,13.36,213,False,0.2863849765258216,0.7136150234741784,0.305344059704838,200,0.00022815423226100844,0.00030921459492888067,,,4.002090550137586,0.953125,,,,,,,,results/T-sweep-nonDyck-5/distributions/aNbN_L128_T16_gaussian_categorical_sigma50.0.json
unconditional,aNbN,128,gaussian,categorical,100.0,,16,5,0.518,0.042143,0.88,0.038471,0.436,0.035553,0.436,0.035553,500,0.393185,0.479791,8.988,17,False,11.63,218,False,0.27522935779816515,0.7247706422018348,0.3166299921510314,200,0.00021821355833575792,0.00029563932002956393,,,3.989079896675159,0.9375,,,,,,,,results/T-sweep-nonDyck-5/distributions/aNbN_L128_T16_gaussian_categorical_sigma100.0.json
unconditional,aNbN,128,gaussian,categorical,256.0,,16,5,0.566,0.048415,0.924,0.028,0.47,0.046904,0.47,0.046904,500,0.426647,0.51381,9.424,17,False,11.62,235,False,0.251063829787234,0.7489361702127659,0.2913303819533079,200,0.00018623129927369795,0.00025198437696862794,,,3.9696762884165055,0.921875,,,,,,,,results/T-sweep-nonDyck-5/distributions/aNbN_L128_T16_gaussian_categorical_sigma256.0.json
unconditional,aNbN,128,gaussian,categorical,1.0,,32,5,0.354,0.044989,0.42,0.0498,0.354,0.044989,0.392,0.042615,500,0.313342,0.396885,14.794,32,False,22.28,177,False,0.2768361581920904,0.7231638418079096,0.34530004365106715,177,0.00038774718883288094,0.0005291005291005291,,,3.615305915266064,0.765625,,,,,,,,results/T-sweep-nonDyck-5/distributions/aNbN_L128_T32_gaussian_categorical_sigma1.0.json
unconditional,aNbN,128,gaussian,categorical,2.0,,32,5,0.428,0.030594,0.496,0.035553,0.428,0.030594,0.448,0.024819,500,0.385341,0.471757,17.008,32,False,23.29,214,False,0.2570093457943925,0.7429906542056075,0.3401138533998405,200,0.00029342723004694836,0.0003996003996003996,,,3.777556530108833,0.859375,,,,,,,,results/T-sweep-nonDyck-5/distributions/aNbN_L128_T32_gaussian_categorical_sigma2.0.json
unconditional,aNbN,128,gaussian,categorical,5.0,,32,5,0.482,0.047074,0.558,0.044452,0.47,0.049396,0.478,0.042615,500,0.426647,0.51381,18.286,33,False,25.94,235,False,0.251063829787234,0.7489361702127659,0.31428953457079944,200,0.00021889821233126596,0.0002969561989606533,,,3.965039199591816,0.921875,,,,,,,,results/T-sweep-nonDyck-5/distributions/aNbN_L128_T32_gaussian_categorical_sigma5.0.json
unconditional,aNbN,128,gaussian,categorical,10.0,,32,5,0.574,0.051225,0.69,0.035214,0.552,0.0402,0.552,0.0402,500,0.508179,0.595028,20.416,33,False,29.1,276,False,0.2246376811594203,0.7753623188405797,0.2928921895613762,200,0.0001663524453809471,0.00022525059128280213,,,4.033371987787037,0.96875,,,,,,,,results/T-sweep-nonDyck-5/distributions/aNbN_L128_T32_gaussian_categorical_sigma10.0.json
unconditional,aNbN,128,gaussian,categorical,20.0,,32,5,0.674,0.020591,0.808,0.016,0.662,0.020396,0.662,0.020396,500,0.619442,0.702088,23.124,33,False,28.71,331,False,0.1903323262839879,0.8096676737160121,0.3150629287244567,200,0.00013422218245268667,0.00018165304268846503,,,4.018037923381344,0.984375,,,,,,,,results/T-sweep-nonDyck-5/distributions/aNbN_L128_T32_gaussian_categorical_sigma20.0.json
unconditional,aNbN,128,gaussian,categorical,50.0,,32,5,0.648,0.038158,0.9,0.028983,0.62,0.043359,0.62,0.043359,500,0.576692,0.661478,22.588,33,False,26.96,310,False,0.2064516129032258,0.7935483870967742,0.3224137879676986,200,0.00014508172937421413,0.00019638648860958367,,,4.084975166554882,1.0,,,,,,,,results/T-sweep-nonDyck-5/distributions/aNbN_L128_T32_gaussian_categorical_sigma50.0.json
unconditional,aNbN,128,gaussian,categorical,256.0,,32,5,0.726,0.031369,0.964,0.004899,0.682,0.038678,0.682,0.038678,500,0.639924,0.7213,24.282,33,False,24.36,341,False,0.187683284457478,0.8123167155425219,0.30905493291121283,200,0.00013266704992703312,0.00017959770114942528,,,4.058887662398519,1.0,,,,,,,,results/T-sweep-nonDyck-5/distributions/aNbN_L128_T32_gaussian_categorical_sigma256.0.json
unconditional,aNbN,128,gaussian,categorical,100.0,,32,5,0.73,0.031623,0.956,0.018547,0.696,0.043635,0.696,0.043635,500,0.654313,0.734699,24.482,33,False,27.76,348,False,0.1810344827586207,0.8189655172413793,0.3259041396902449,200,0.00013504996848834067,0.00018293240647580719,,,4.059509760831229,0.984375,,,,,,,,results/T-sweep-nonDyck-5/distributions/aNbN_L128_T32_gaussian_categorical_sigma100.0.json
unconditional,aNbN,128,gaussian,categorical,1.0,,64,5,0.576,0.043635,0.588,0.0402,0.576,0.043635,0.58,0.042426,500,0.532264,0.618577,41.802,64,False,52.36,288,False,0.21875,0.78125,0.3573559932795597,200,0.00020410940263981494,0.0002775850104094379,,,3.9812768676662045,0.984375,,,,,,,,results/T-sweep-nonDyck-5/distributions/aNbN_L128_T64_gaussian_categorical_sigma1.0.json
unconditional,aNbN,128,gaussian,categorical,2.0,,64,5,0.654,0.089577,0.67,0.087636,0.652,0.09239,0.66,0.087636,500,0.609232,0.69245,45.624,65,False,55.48,326,False,0.1901840490797546,0.8098159509202454,0.33593580752452035,200,0.0001625311518040958,0.00022060445621001543,,,3.9828177721302223,0.96875,,,,,,,,results/T-sweep-nonDyck-5/distributions/aNbN_L128_T64_gaussian_categorical_sigma2.0.json
unconditional,aNbN,128,gaussian,categorical,5.0,,64,5,0.672,0.050754,0.726,0.042237,0.666,0.05678,0.668,0.056356,500,0.623532,0.705937,45.958,65,False,61.07,333,False,0.1921921921921922,0.8078078078078078,0.338534864337792,200,0.0001442238353925292,0.00019542700801250732,,,4.05886729434925,1.0,,,,,,,,results/T-sweep-nonDyck-5/distributions/aNbN_L128_T64_gaussian_categorical_sigma5.0.json
unconditional,aNbN,128,gaussian,categorical,10.0,,64,5,0.78,0.025298,0.84,0.018974,0.772,0.024819,0.772,0.024819,500,0.733233,0.806619,50.486,65,False,61.28,386,False,0.16580310880829016,0.8341968911917098,0.3558956682083905,200,0.00012320328542094456,0.00016691704223001168,,,4.0614975575930945,1.0,,,,,,,,results/T-sweep-nonDyck-5/distributions/aNbN_L128_T64_gaussian_categorical_sigma10.0.json
unconditional,aNbN,128,gaussian,categorical,20.0,,64,5,0.798,0.029257,0.896,0.023324,0.78,0.025298,0.78,0.025298,500,0.741631,0.8141,50.938,65,False,59.04,390,False,0.1641025641025641,0.8358974358974359,0.3210887849349619,200,0.00011834319526627219,0.00016025641025641026,,,4.096167912385503,1.0,,,,,,,,results/T-sweep-nonDyck-5/distributions/aNbN_L128_T64_gaussian_categorical_sigma20.0.json
unconditional,aNbN,128,gaussian,categorical,50.0,,64,5,0.848,0.019391,0.962,0.014697,0.826,0.008,0.826,0.008,500,0.790318,0.856711,54.244,65,False,62.18,413,False,0.1549636803874092,0.8450363196125907,0.3439092568954095,200,0.00011382175513146413,0.0001541782300339192,,,4.0767889603576934,1.0,,,,,,,,results/T-sweep-nonDyck-5/distributions/aNbN_L128_T64_gaussian_categorical_sigma50.0.json
unconditional,aNbN,128,gaussian,categorical,100.0,,64,5,0.89,0.029665,0.986,0.010198,0.87,0.031623,0.87,0.031623,500,0.837678,0.89668,56.926,65,False,57.88,435,False,0.14482758620689656,0.8551724137931034,0.35429722615652265,200,0.00011178596713492567,0.00015150367396409362,,,4.092397536819621,0.984375,,,,,,,,results/T-sweep-nonDyck-5/distributions/aNbN_L128_T64_gaussian_categorical_sigma100.0.json
unconditional,aNbN,128,gaussian,categorical,256.0,,64,5,0.854,0.031369,0.992,0.011662,0.834,0.027276,0.834,0.027276,500,0.798864,0.864043,55.716,65,False,53.25,417,False,0.1510791366906475,0.8489208633093526,0.30514257455896343,200,0.00010992634934593822,0.00014884274763712137,,,4.052295062388705,0.984375,,,,,,,,results/T-sweep-nonDyck-5/distributions/aNbN_L128_T64_gaussian_categorical_sigma256.0.json
unconditional,aNbN,128,gaussian,categorical,1.0,,128,5,0.794,0.030725,0.802,0.030594,0.794,0.030725,0.8,0.032863,500,0.756373,0.827144,105.64,129,False,129.1,397,False,0.16120906801007556,0.8387909319899245,0.31088236883341436,200,0.00012699487787325912,0.0001722207870489968,,,4.080719250853038,1.0,,,,,,,,results/T-sweep-nonDyck-5/distributions/aNbN_L128_T128_gaussian_categorical_sigma1.0.json
unconditional,aNbN,128,gaussian,categorical,2.0,,128,5,0.822,0.042615,0.836,0.041761,0.822,0.042615,0.828,0.043081,500,0.786054,0.853036,107.492,129,False,126.41,411,False,0.15571776155717762,0.8442822384428224,0.3460168127999949,200,0.00011605864830360942,0.00015724506643604056,,,4.102046901943392,1.0,,,,,,,,results/T-sweep-nonDyck-5/distributions/aNbN_L128_T128_gaussian_categorical_sigma2.0.json
unconditional,aNbN,128,gaussian,greedy,1.0,,1024,5,1.0,0.0,1.0,0.0,1.0,0.0,1.0,0.0,500,0.992375,1.0,996.364,1016,False,919.98,500,False,0.01,0.99,0.005092322305304545,200,4.7534541767017366e-05,6.388551715326135e-05,,,0.8189014525162638,0.078125,,,,,,,,results/T-sweep-nonDyck-5/distributions/aNbN_L128_T1024_gaussian_greedy_sigma1.0.json
unconditional,aNbN,128,gaussian,categorical,5.0,,128,5,0.842,0.046648,0.856,0.039799,0.84,0.047749,0.84,0.047749,500,0.805291,0.869524,108.502,129,False,125.39,420,False,0.1523809523809524,0.8476190476190476,0.34438119949367174,200,0.0001166044776119403,0.000158052789631737,,,4.077986584413438,1.0,,,,,,,,results/T-sweep-nonDyck-5/distributions/aNbN_L128_T128_gaussian_categorical_sigma5.0.json
unconditional,aNbN,128,gaussian,greedy,10.0,,1024,5,1.0,0.0,1.0,0.0,1.0,0.0,1.0,0.0,500,0.992375,1.0,961.018,1018,False,712.62,500,False,0.06,0.94,0.06745537586090179,200,5.332764505119454e-05,7.174115790228854e-05,,,2.975108414177074,0.46875,,,,,,,,results/T-sweep-nonDyck-5/distributions/aNbN_L128_T1024_gaussian_greedy_sigma10.0.json
unconditional,aNbN,128,gaussian,categorical,10.0,,128,5,0.876,0.024166,0.916,0.034986,0.87,0.021909,0.87,0.021909,500,0.837678,0.89668,109.486,129,False,129.42,435,False,0.1471264367816092,0.8528735632183908,0.33561356696746625,200,0.0001111646348241746,0.00015064778547755348,,,4.094535969915699,1.0,,,,,,,,results/T-sweep-nonDyck-5/distributions/aNbN_L128_T128_gaussian_categorical_sigma10.0.json
unconditional,aNbN,128,gaussian,categorical,50.0,,128,5,0.934,0.016248,0.982,0.009798,0.926,0.018547,0.926,0.018547,500,0.899665,0.945839,116.486,129,False,118.23,463,False,0.13822894168466524,0.8617710583153347,0.32914610801250704,200,0.0001029901472759106,0.00013953812879369286,,,4.081610291651267,1.0,,,,,,,,results/T-sweep-nonDyck-5/distributions/aNbN_L128_T128_gaussian_categorical_sigma50.0.json
unconditional,aNbN,128,gaussian,categorical,20.0,,128,5,0.88,0.016733,0.936,0.010198,0.874,0.014967,0.874,0.014967,500,0.842032,0.900265,110.126,129,False,127.09,437,False,0.14645308924485126,0.8535469107551488,0.31700763604499366,200,0.00010360904852357106,0.0001402622904832036,,,4.095322150183607,1.0,,,,,,,,results/T-sweep-nonDyck-5/distributions/aNbN_L128_T128_gaussian_categorical_sigma20.0.json
unconditional,aNbN,128,gaussian,categorical,100.0,,128,5,0.914,0.026533,0.99,0.006325,0.906,0.019596,0.906,0.019596,500,0.877235,0.928574,116.81,129,False,119.71,453,False,0.141280353200883,0.8587196467991169,0.32965033534397425,200,0.00010344470880314473,0.00014011489421325487,,,4.098117542673719,1.0,,,,,,,,results/T-sweep-nonDyck-5/distributions/aNbN_L128_T128_gaussian_categorical_sigma100.0.json
unconditional,aNbN,128,gaussian,categorical,256.0,,128,5,0.922,0.027129,0.998,0.004,0.906,0.02245,0.906,0.02245,500,0.877235,0.928574,118.428,129,False,75.31,453,False,0.141280353200883,0.8587196467991169,0.32379855840843863,200,0.0001029336078229542,0.00013941168269901018,,,4.10178955714354,1.0,,,,,,,,results/T-sweep-nonDyck-5/distributions/aNbN_L128_T128_gaussian_categorical_sigma256.0.json
unconditional,aNbN,128,gaussian,greedy,5.0,,1024,5,1.0,0.0,1.0,0.0,1.0,0.0,1.0,0.0,500,0.992375,1.0,971.928,1018,False,1104.4,500,False,0.038,0.962,0.02883527367687298,200,4.988692297459093e-05,6.70735797169495e-05,,,2.298825765448323,0.296875,,,,,,,,results/T-sweep-nonDyck-5/distributions/aNbN_L128_T1024_gaussian_greedy_sigma5.0.json
unconditional,aNbN,128,gaussian,greedy,2.0,,1024,5,1.0,0.0,1.0,0.0,1.0,0.0,1.0,0.0,500,0.992375,1.0,988.388,1018,False,1106.12,500,False,0.018,0.982,0.011642881232049908,200,4.8160277403197845e-05,6.47332988089073e-05,,,1.4999540978498969,0.140625,,,,,,,,results/T-sweep-nonDyck-5/distributions/aNbN_L128_T1024_gaussian_greedy_sigma2.0.json
unconditional,aNbN,128,gaussian,categorical,20.0,,256,5,0.948,0.023152,0.972,0.011662,0.942,0.016,0.942,0.016,500,0.917943,0.959317,231.108,256,False,169.55,471,False,0.13588110403397027,0.8641188959660298,0.3302112246890767,200,0.00010089799212995662,0.0001366960563187752,,,4.089115470913321,1.0,,,,,,,,results/T-sweep-nonDyck-5/distributions/aNbN_L128_T256_gaussian_categorical_sigma20.0.json
unconditional,aNbN,128,gaussian,categorical,1.0,,256,5,0.886,0.02245,0.89,0.024495,0.886,0.02245,0.89,0.024495,500,0.85515,0.910964,227.636,255,False,249.88,443,False,0.14446952595936793,0.8555304740406321,0.3489321608040201,200,0.00011598685482312004,0.0001573440327275588,,,4.078148569245626,1.0,,,,,,,,results/T-sweep-nonDyck-5/distributions/aNbN_L128_T256_gaussian_categorical_sigma1.0.json
unconditional,aNbN,128,gaussian,categorical,2.0,,256,5,0.864,0.023324,0.874,0.027276,0.864,0.023324,0.866,0.025768,500,0.831164,0.891285,222.282,256,False,248.04,432,False,0.14814814814814814,0.8518518518518519,0.33468882875918055,200,0.00011066027296200664,0.00014993627708224006,,,4.085992774821101,1.0,,,,,,,,results/T-sweep-nonDyck-5/distributions/aNbN_L128_T256_gaussian_categorical_sigma2.0.json
unconditional,aNbN,128,gaussian,categorical,5.0,,256,5,0.928,0.023152,0.938,0.01833,0.926,0.020591,0.926,0.020591,500,0.899665,0.945839,229.578,256,False,263.42,463,False,0.13822894168466524,0.8617710583153347,0.32465669032208,200,0.00010019705420660633,0.00013569441617477442,,,4.072870819859523,1.0,,,,,,,,results/T-sweep-nonDyck-5/distributions/aNbN_L128_T256_gaussian_categorical_sigma5.0.json
unconditional,aNbN,128,gaussian,categorical,10.0,,256,5,0.934,0.027276,0.944,0.024166,0.932,0.030594,0.932,0.030594,500,0.906479,0.950934,229.408,256,False,270.56,466,False,0.13733905579399142,0.8626609442060086,0.34307944487935077,200,9.887284951552304e-05,0.00013388673182487614,,,4.060342968033853,1.0,,,,,,,,results/T-sweep-nonDyck-5/distributions/aNbN_L128_T256_gaussian_categorical_sigma10.0.json
unconditional,aNbN,128,gaussian,greedy,256.0,,1024,5,1.0,0.0,1.0,0.0,1.0,0.0,1.0,0.0,500,0.992375,1.0,1011.432,1018,False,880.32,500,False,0.118,0.882,0.1922068730335416,200,7.749935417204857e-05,0.00010468463752944256,,,3.918137240898667,0.921875,,,,,,,,results/T-sweep-nonDyck-5/distributions/aNbN_L128_T1024_gaussian_greedy_sigma256.0.json
unconditional,aNbN,128,gaussian,categorical,100.0,,256,5,0.956,0.013565,0.99,0.006325,0.952,0.016,0.952,0.016,500,0.929572,0.967535,241.458,256,False,229.45,476,False,0.13445378151260504,0.865546218487395,0.3179999614932902,200,9.963467286615742e-05,0.0001349800904366606,,,4.079211733079803,1.0,,,,,,,,results/T-sweep-nonDyck-5/distributions/aNbN_L128_T256_gaussian_categorical_sigma100.0.json
unconditional,aNbN,128,gaussian,categorical,50.0,,256,5,0.962,0.026382,0.994,0.004899,0.96,0.026077,0.96,0.026077,500,0.939026,0.973959,237.438,256,False,237.98,480,False,0.13333333333333333,0.8666666666666667,0.33681341725566544,200,9.647543092359146e-05,0.0001306506401881369,,,4.08759116405167,1.0,,,,,,,,results/T-sweep-nonDyck-5/distributions/aNbN_L128_T256_gaussian_categorical_sigma50.0.json
unconditional,aNbN,128,gaussian,greedy,100.0,,1024,5,0.998,0.004,1.0,0.0,0.998,0.004,0.998,0.004,500,0.988759,0.999647,995.088,1018,False,983.2,499,False,0.11422845691382766,0.8857715430861723,0.14823685953698837,200,7.124706105873133e-05,9.613535858488752e-05,,,3.7936297482570662,0.890625,,,,,,,,results/T-sweep-nonDyck-5/distributions/aNbN_L128_T1024_gaussian_greedy_sigma100.0.json
unconditional,aNbN,128,gaussian,greedy,50.0,,1024,5,0.998,0.004,1.0,0.0,0.998,0.004,0.998,0.004,500,0.988759,0.999647,974.538,1018,False,1000.56,499,False,0.09418837675350701,0.905811623246493,0.1213174152357071,200,6.282327811865223e-05,8.464891861006476e-05,,,3.6041188291985566,0.734375,,,,,,,,results/T-sweep-nonDyck-5/distributions/aNbN_L128_T1024_gaussian_greedy_sigma50.0.json
unconditional,aNbN,128,gaussian,categorical,256.0,,256,5,0.966,0.016248,0.998,0.004,0.96,0.017889,0.96,0.017889,500,0.939026,0.973959,245.812,256,False,145.57,480,False,0.13333333333333333,0.8666666666666667,0.3382742784037552,200,0.00010140616549486209,0.00013743815283122595,,,4.081033976880301,1.0,,,,,,,,results/T-sweep-nonDyck-5/distributions/aNbN_L128_T256_gaussian_categorical_sigma256.0.json
unconditional,aNbN,128,gaussian,greedy,20.0,,1024,5,1.0,0.0,1.0,0.0,1.0,0.0,1.0,0.0,500,0.992375,1.0,960.68,1018,False,1081.44,500,False,0.072,0.928,0.08471832134949726,200,5.801585766776252e-05,7.810974419058778e-05,,,3.3589629146963613,0.5625,,,,,,,,results/T-sweep-nonDyck-5/distributions/aNbN_L128_T1024_gaussian_greedy_sigma20.0.json
unconditional,baN,128,gaussian,categorical,256.0,,1024,5,0.728,0.051923,1.0,0.0,0.726,0.048826,0.998,0.004,500,0.685294,0.76326,1009.834,1018,False,9223.4,363,False,1.0,0.0,0.159438225856426,200,8.740876709934006e-05,0.00017621533513954052,0.75,0.625,,,,,,,,,,results/T-sweep-nonDyck-5/distributions/baN_L128_T1024_gaussian_categorical_sigma256.0.json
unconditional,baN,128,gaussian,categorical,1.0,,512,5,0.96,0.020976,1.0,0.0,0.948,0.024,0.962,0.01833,500,0.924898,0.96427,498.444,508,False,15353.54,474,False,1.0,0.0,0.1589625168952969,200,6.704884508364343e-05,0.00013517166801838335,0.75,0.625,,,,,,,,,,results/T-sweep-nonDyck-5/distributions/baN_L128_T512_gaussian_categorical_sigma1.0.json
unconditional,aNbN,128,gaussian,categorical,20.0,,512,5,0.972,0.014697,0.986,0.010198,0.968,0.019391,0.968,0.019391,500,0.948655,0.980209,468.426,510,False,430.19,484,False,0.128099173553719,0.871900826446281,0.3480136609520605,200,0.0001004352192835621,0.00013611924045463827,,,4.07822042867032,0.96875,,,,,,,,results/T-sweep-nonDyck-5/distributions/aNbN_L128_T512_gaussian_categorical_sigma20.0.json
unconditional,aNbN,128,gaussian,categorical,5.0,,512,5,0.954,0.012,0.96,0.014142,0.954,0.012,0.954,0.012,500,0.931922,0.969155,470.974,510,False,474.08,477,False,0.13417190775681342,0.8658280922431866,0.3273377007412041,200,9.790803172220228e-05,0.00013260840737302744,,,4.089572211548506,1.0,,,,,,,,results/T-sweep-nonDyck-5/distributions/aNbN_L128_T512_gaussian_categorical_sigma5.0.json
unconditional,aNbN,128,gaussian,categorical,1.0,,512,5,0.94,0.0,0.944,0.004899,0.94,0.0,0.94,0.0,500,0.915638,0.957652,476.162,509,False,511.78,470,False,0.13617021276595745,0.8638297872340426,0.3238903464445814,200,0.00010547039797496836,0.00014298991921069565,,,4.104126830443977,1.0,,,,,,,,results/T-sweep-nonDyck-5/distributions/aNbN_L128_T512_gaussian_categorical_sigma1.0.json
unconditional,aNbN,128,gaussian,categorical,2.0,,512,5,0.936,0.025768,0.94,0.025298,0.936,0.025768,0.936,0.025768,500,0.911047,0.954304,471.07,510,False,500.19,468,False,0.13675213675213677,0.8632478632478633,0.32857503751343026,200,0.00010069817400644469,0.00013640703860319192,,,4.097608989731602,1.0,,,,,,,,results/T-sweep-nonDyck-5/distributions/aNbN_L128_T512_gaussian_categorical_sigma2.0.json
unconditional,aNbN,128,gaussian,categorical,100.0,,512,5,0.972,0.011662,0.998,0.004,0.972,0.011662,0.972,0.011662,500,0.953553,0.983249,486.836,510,False,439.67,486,False,0.13168724279835392,0.868312757201646,0.32793618241595823,200,9.379689844922461e-05,0.0001269921899803162,,,4.062303448775828,1.0,,,,,,,,results/T-sweep-nonDyck-5/distributions/aNbN_L128_T512_gaussian_categorical_sigma100.0.json
unconditional,aNbN,128,gaussian,categorical,50.0,,512,5,0.982,0.009798,0.996,0.004899,0.98,0.010954,0.98,0.010954,500,0.963579,0.989101,481.916,510,False,462.25,490,False,0.1306122448979592,0.8693877551020408,0.31294718011514644,200,9.4631253548672e-05,0.00012815583749839805,,,4.099110582934913,1.0,,,,,,,,results/T-sweep-nonDyck-5/distributions/aNbN_L128_T512_gaussian_categorical_sigma50.0.json
unconditional,aNbN,128,ar,greedy,,,130,1,1.0,0.0,1.0,0.0,1.0,0.0,1.0,0.0,100,0.963005,1.0,129.0,129,True,19.84,100,False,0.01,0.99,0.0,100,0.00023622047244094488,0.00031746031746031746,,,0.0,0.015625,,,,,,,,results/T-sweep-nonDyck-5/distributions/aNbN_L128_T130_ar_greedy_none.json
unconditional,aNbN,128,ebsampler,greedy,,0.5,128,1,1.0,0.0,1.0,0.0,1.0,0.0,1.0,0.0,100,0.963005,1.0,29.0,29,True,6.79,100,False,0.01,0.99,0.0,100,0.00046153846153846153,0.000625,,,0.0,0.015625,,,,,,,,results/T-sweep-nonDyck-5/distributions/aNbN_L128_T128_ebsampler_greedy_gamma0.5.json
unconditional,aNbN,128,ebsampler,greedy,,0.9,128,1,1.0,0.0,1.0,0.0,1.0,0.0,1.0,0.0,100,0.963005,1.0,22.0,22,True,5.12,100,False,0.01,0.99,0.0,100,0.0004761904761904762,0.0006451612903225806,,,0.0,0.015625,,,,,,,,results/T-sweep-nonDyck-5/distributions/aNbN_L128_T128_ebsampler_greedy_gamma0.9.json
unconditional,aNbN,128,ebsampler,greedy,,2.0,128,1,1.0,0.0,1.0,0.0,1.0,0.0,1.0,0.0,100,0.963005,1.0,14.0,14,True,3.27,100,False,0.01,0.99,0.0,100,0.0004918032786885246,0.0006666666666666666,,,0.0,0.015625,,,,,,,,results/T-sweep-nonDyck-5/distributions/aNbN_L128_T128_ebsampler_greedy_gamma2.0.json
unconditional,aNbN,128,ebsampler,greedy,,0.1,128,1,1.0,0.0,1.0,0.0,1.0,0.0,1.0,0.0,100,0.963005,1.0,62.0,62,True,16.93,100,False,0.01,0.99,0.0,100,0.0027272727272727275,0.004,,,0.0,0.015625,,,,,,,,results/T-sweep-nonDyck-5/distributions/aNbN_L128_T128_ebsampler_greedy_gamma0.1.json
unconditional,aNbN,128,ebsampler,greedy,,5.0,128,1,1.0,0.0,1.0,0.0,1.0,0.0,1.0,0.0,100,0.963005,1.0,8.0,8,True,1.94,100,False,0.01,0.99,0.0,100,0.0004761904761904762,0.0006451612903225806,,,0.0,0.015625,,,,,,,,results/T-sweep-nonDyck-5/distributions/aNbN_L128_T128_ebsampler_greedy_gamma5.0.json
unconditional,aNbN,128,ebsampler,greedy,,10.0,128,1,0.0,0.0,1.0,0.0,0.0,0.0,0.0,0.0,100,0.0,0.036995,5.0,5,True,1.3,0,True,,,,0,,,,,,,,,,,,,,results/T-sweep-nonDyck-5/distributions/aNbN_L128_T128_ebsampler_greedy_gamma10.0.json
unconditional,aNbN,128,ebsampler,categorical,,0.5,128,5,0.456,0.030725,0.896,0.035553,0.454,0.028705,0.476,0.023324,500,0.410875,0.497827,8.31,29,False,15.4,227,False,0.14977973568281938,0.8502202643171806,0.3823729317638859,200,0.00020095116886596556,0.00027207182696231805,,,3.1396169017870994,0.53125,,,,,,,,results/T-sweep-nonDyck-5/distributions/aNbN_L128_T128_ebsampler_categorical_gamma0.5.json
unconditional,aNbN,128,gaussian,categorical,256.0,,512,5,0.984,0.010198,0.996,0.004899,0.978,0.011662,0.978,0.011662,500,0.961039,0.987672,497.494,510,False,458.68,489,False,0.130879345603272,0.869120654396728,0.3803565136779883,200,9.451498062442897e-05,0.00012799180852425445,,,4.1014994198621455,1.0,,,,,,,,results/T-sweep-nonDyck-5/distributions/aNbN_L128_T512_gaussian_categorical_sigma256.0.json
unconditional,aNbN,128,ebsampler,categorical,,2.0,128,5,0.202,0.034871,0.848,0.034293,0.198,0.031875,0.212,0.026382,500,0.165431,0.235175,2.634,11,False,7.55,99,False,0.13131313131313133,0.8686868686868687,0.3905192298049441,99,0.0004677997816934352,0.0006335128286347799,,,2.170026407670564,0.203125,,,,,,,,results/T-sweep-nonDyck-5/distributions/aNbN_L128_T128_ebsampler_categorical_gamma2.0.json
unconditional,aNbN,128,ebsampler,categorical,,0.9,128,5,0.268,0.030594,0.862,0.029933,0.266,0.028,0.282,0.027129,500,0.22916,0.306409,5.19,21,False,10.71,133,False,0.18045112781954886,0.8195488721804511,0.4434473376452899,133,0.0004008016032064128,0.000544069640914037,,,2.701698282616693,0.375,,,,,,,,results/T-sweep-nonDyck-5/distributions/aNbN_L128_T128_ebsampler_categorical_gamma0.9.json
unconditional,aNbN,128,gaussian,categorical,10.0,,512,5,0.958,0.009798,0.968,0.014697,0.958,0.009798,0.958,0.009798,500,0.936648,0.972368,467.248,510,False,529.31,479,False,0.1336116910229645,0.8663883089770354,0.33525905820327523,200,9.704654999514767e-05,0.00013143195110731419,,,4.101487564793899,1.0,,,,,,,,results/T-sweep-nonDyck-5/distributions/aNbN_L128_T512_gaussian_categorical_sigma10.0.json
unconditional,aNbN,128,ebsampler,categorical,,5.0,128,5,0.088,0.039699,0.75,0.063246,0.088,0.039699,0.136,0.04128,500,0.066206,0.116077,1.414,4,False,6.16,44,False,0.11363636363636363,0.8863636363636364,0.31061835226248424,44,0.0009063444108761329,0.001224739742804654,,,1.3189122873323487,0.078125,,,,,,,,results/T-sweep-nonDyck-5/distributions/aNbN_L128_T128_ebsampler_categorical_gamma5.0.json
unconditional,aNbN,128,ebsampler,categorical,,10.0,128,5,0.012,0.011662,0.718,0.073593,0.012,0.011662,0.082,0.011662,500,0.005511,0.025931,1.056,3,False,6.21,6,False,0.5,0.5,0.036303630363036306,6,0.005,0.006734006734006734,,,0.8675632284814612,0.046875,,,,,,,,results/T-sweep-nonDyck-5/distributions/aNbN_L128_T128_ebsampler_categorical_gamma10.0.json
unconditional,aNbNcN,128,uniform,greedy,,,1,5,0.0,0.0,1.0,0.0,0.0,0.0,0.0,0.0,500,-0.0,0.007625,1.0,1,False,8.69,0,True,,,,0,,,,,,,,,,,,,,results/T-sweep-nonDyck-5/distributions/aNbNcN_L128_T1_uniform_greedy_none.json
unconditional,aNbN,128,ebsampler,categorical,,0.1,128,5,0.63,0.022804,1.0,0.0,0.62,0.017889,0.62,0.017889,500,0.576692,0.661478,25.568,62,False,49.02,310,False,0.16774193548387098,0.832258064516129,0.31739725576169264,200,0.0001800288046087374,0.00024458847988259754,,,3.8799622317560427,0.8125,,,,,,,,results/T-sweep-nonDyck-5/distributions/aNbN_L128_T128_ebsampler_categorical_gamma0.1.json
unconditional,aNbNcN,128,uniform,greedy,,,4,5,0.002,0.004,1.0,0.0,0.002,0.004,0.002,0.004,500,0.000353,0.011241,1.006,4,False,16.32,1,True,1.0,0.0,,1,0.07042253521126761,0.1,,,0.0,0.023809523809523808,,,,,,,,results/T-sweep-nonDyck-5/distributions/aNbNcN_L128_T4_uniform_greedy_none.json
unconditional,aNbNcN,128,uniform,greedy,,,2,5,0.0,0.0,1.0,0.0,0.0,0.0,0.0,0.0,500,-0.0,0.007625,1.0,1,False,20.34,0,True,,,,0,,,,,,,,,,,,,,results/T-sweep-nonDyck-5/distributions/aNbNcN_L128_T2_uniform_greedy_none.json
unconditional,aNbNcN,128,uniform,greedy,,,8,5,0.058,0.013266,1.0,0.0,0.058,0.013266,0.058,0.013266,500,0.040683,0.082057,1.436,8,False,17.48,29,False,0.4827586206896552,0.5172413793103448,0.12626728110599078,29,0.002730748225013654,0.00388457269700333,,,2.4346651032548796,0.3333333333333333,,,,,,,,results/T-sweep-nonDyck-5/distributions/aNbNcN_L128_T8_uniform_greedy_none.json
unconditional,aNbN,128,ar,categorical,,,130,5,1.0,0.0,1.0,0.0,1.0,0.0,1.0,0.0,500,0.992375,1.0,129.0,129,False,94.36,500,False,0.128,0.872,0.3352361047301881,200,9.333582228859437e-05,0.00012641425952847481,,,4.100305426902594,1.0,,,,,,,,results/T-sweep-nonDyck-5/distributions/aNbN_L128_T130_ar_categorical_none.json
unconditional,aNbNcN,128,uniform,greedy,,,16,5,0.314,0.043174,1.0,0.0,0.308,0.045782,0.308,0.045782,500,0.269125,0.349803,5.782,16,False,22.4,154,False,0.16233766233766234,0.8376623376623377,0.1276128940777914,154,0.0004960809604127393,0.0007052896725440807,,,2.9246677869395974,0.5952380952380952,,,,,,,,results/T-sweep-nonDyck-5/distributions/aNbNcN_L128_T16_uniform_greedy_none.json
unconditional,aNbNcN,128,uniform,greedy,,,32,5,0.624,0.040792,1.0,0.0,0.618,0.038678,0.618,0.038678,500,0.574664,0.659536,20.646,32,False,42.3,309,False,0.11974110032362459,0.8802588996763754,0.20066756808253236,200,0.00025002500250025,0.00035552846767230434,,,3.336844232791581,0.8809523809523809,,,,,,,,results/T-sweep-nonDyck-5/distributions/aNbNcN_L128_T32_uniform_greedy_none.json
unconditional,aNbNcN,128,uniform,greedy,,,64,5,0.816,0.039799,1.0,0.0,0.814,0.04128,0.814,0.04128,500,0.777545,0.845667,52.818,64,False,107.83,407,False,0.09828009828009827,0.9017199017199017,0.25484531205499156,200,0.00020356648481394024,0.00033119436969571516,,,3.5025058763604897,0.9523809523809523,,,,,,,,results/T-sweep-nonDyck-5/distributions/aNbNcN_L128_T64_uniform_greedy_none.json
unconditional,aNbNcN,128,uniform,categorical,,,1,5,0.0,0.0,0.096,0.014967,0.0,0.0,0.122,0.023152,500,-0.0,0.007625,1.0,1,False,9.85,0,True,,,,0,,,,,,,,,,,,,,results/T-sweep-nonDyck-5/distributions/aNbNcN_L128_T1_uniform_categorical_none.json
unconditional,aNbNcN,128,uniform,categorical,,,2,5,0.006,0.004899,0.074,0.008,0.0,0.0,0.002,0.004,500,-0.0,0.007625,1.0,1,False,17.1,0,True,,,,0,,,,,,,,,,,,,,results/T-sweep-nonDyck-5/distributions/aNbNcN_L128_T2_uniform_categorical_none.json
unconditional,aNbNcN,128,uniform,categorical,,,4,5,0.034,0.020591,0.094,0.030067,0.0,0.0,0.0,0.0,500,-0.0,0.007625,1.0,1,False,15.08,0,True,,,,0,,,,,,,,,,,,,,results/T-sweep-nonDyck-5/distributions/aNbNcN_L128_T4_uniform_categorical_none.json
unconditional,aNbNcN,128,uniform,categorical,,,8,5,0.054,0.020591,0.374,0.030067,0.002,0.004,0.002,0.004,500,0.000353,0.011241,1.016,8,False,14.73,1,True,1.0,0.0,,1,0.07042253521126761,0.1,,,0.0,0.023809523809523808,,,,,,,,results/T-sweep-nonDyck-5/distributions/aNbNcN_L128_T8_uniform_categorical_none.json
unconditional,aNbNcN,128,uniform,categorical,,,16,5,0.138,0.020396,0.704,0.025768,0.08,0.021909,0.08,0.021909,500,0.059298,0.107107,2.28,16,False,18.0,40,False,0.575,0.42500000000000004,0.18522124851238775,40,0.001783166904422254,0.002894356005788712,,,3.038884584421759,0.5476190476190477,,,,,,,,results/T-sweep-nonDyck-5/distributions/aNbNcN_L128_T16_uniform_categorical_none.json
unconditional,aNbNcN,128,uniform,greedy,,,128,5,0.91,0.021909,1.0,0.0,0.91,0.021909,0.91,0.021909,500,0.88169,0.932058,116.872,128,False,207.59,455,False,0.08791208791208792,0.9120879120879121,0.28694332179778936,200,0.00018298261665141812,0.000297729810197246,,,3.5623076776665408,0.9523809523809523,,,,,,,,results/T-sweep-nonDyck-5/distributions/aNbNcN_L128_T128_uniform_greedy_none.json
unconditional,aNbNcN,128,uniform,categorical,,,32,5,0.392,0.074673,0.894,0.019596,0.33,0.066633,0.33,0.066633,500,0.290217,0.372375,11.574,32,False,34.17,165,False,0.23636363636363636,0.7636363636363637,0.2610700671322066,165,0.00046816479400749064,0.0007608178792201616,,,3.5150945447018875,0.9285714285714286,,,,,,,,results/T-sweep-nonDyck-5/distributions/aNbNcN_L128_T32_uniform_categorical_none.json
unconditional,aNbNcN,128,uniform,categorical,,,64,5,0.64,0.033466,0.968,0.020396,0.628,0.027129,0.628,0.027129,500,0.584808,0.66924,40.898,64,False,76.06,314,False,0.1337579617834395,0.8662420382165605,0.29907354702630595,200,0.00024287171516005246,0.00039461352537858237,,,3.652534835257662,1.0,,,,,,,,results/T-sweep-nonDyck-5/distributions/aNbNcN_L128_T64_uniform_categorical_none.json
unconditional,aNbN,128,gaussian,categorical,1.0,,1024,5,0.966,0.020591,0.97,0.014142,0.966,0.020591,0.968,0.017205,500,0.946228,0.978666,971.492,1018,False,791.13,483,False,0.13250517598343686,0.8674948240165632,0.32356346952152065,200,9.751340809361287e-05,0.00013209167162010435,,,4.103759166837608,1.0,,,,,,,,results/T-sweep-nonDyck-5/distributions/aNbN_L128_T1024_gaussian_categorical_sigma1.0.json
unconditional,baN,128,gaussian,categorical,2.0,,512,5,0.97,0.008944,1.0,0.0,0.96,0.012649,0.968,0.016,500,0.939026,0.973959,494.24,510,False,15456.62,480,False,1.0,0.0,0.15830104231781475,200,6.615069127472382e-05,0.00013336000533440022,0.75,0.625,,,,,,,,,,results/T-sweep-nonDyck-5/distributions/baN_L128_T512_gaussian_categorical_sigma2.0.json
unconditional,aNbNcN,128,uniform,categorical,,,128,5,0.806,0.031369,0.98,0.008944,0.8,0.031623,0.8,0.031623,500,0.76271,0.832715,102.994,128,False,193.7,400,False,0.105,0.895,0.30192021815064435,200,0.00019820819789106476,0.0003222428099573028,,,3.694385264918018,1.0,,,,,,,,results/T-sweep-nonDyck-5/distributions/aNbNcN_L128_T128_uniform_categorical_none.json
unconditional,aNbNcN,128,uniform,greedy,,,256,5,0.974,0.008,1.0,0.0,0.974,0.008,0.974,0.008,500,0.956028,0.984744,247.24,255,False,413.06,487,False,0.08418891170431211,0.9158110882956879,0.26502793111699713,200,0.00017071838295547664,0.00027776813305093573,,,3.6123559051766803,0.9761904761904762,,,,,,,,results/T-sweep-nonDyck-5/distributions/aNbNcN_L128_T256_uniform_greedy_none.json
unconditional,aNbNcN,128,gaussian,greedy,1.0,,1,5,0.0,0.0,1.0,0.0,0.0,0.0,0.0,0.0,500,-0.0,0.007625,1.0,1,False,9.96,0,True,,,,0,,,,,,,,,,,,,,results/T-sweep-nonDyck-5/distributions/aNbNcN_L128_T1_gaussian_greedy_sigma1.0.json
unconditional,aNbNcN,128,gaussian,greedy,2.0,,1,5,0.0,0.0,1.0,0.0,0.0,0.0,0.0,0.0,500,-0.0,0.007625,1.0,1,False,8.53,0,True,,,,0,,,,,,,,,,,,,,results/T-sweep-nonDyck-5/distributions/aNbNcN_L128_T1_gaussian_greedy_sigma2.0.json
unconditional,aNbN,128,gaussian,categorical,10.0,,1024,5,0.988,0.009798,0.996,0.004899,0.986,0.012,0.986,0.012,500,0.971387,0.993202,951.422,1018,False,847.41,493,False,0.12981744421906694,0.8701825557809331,0.3245979309232144,200,9.610764055742432e-05,0.00013019985678015754,,,4.103929068279277,1.0,,,,,,,,results/T-sweep-nonDyck-5/distributions/aNbN_L128_T1024_gaussian_categorical_sigma10.0.json
unconditional,aNbNcN,128,gaussian,greedy,5.0,,1,5,0.0,0.0,1.0,0.0,0.0,0.0,0.0,0.0,500,-0.0,0.007625,1.0,1,False,9.82,0,True,,,,0,,,,,,,,,,,,,,results/T-sweep-nonDyck-5/distributions/aNbNcN_L128_T1_gaussian_greedy_sigma5.0.json
unconditional,aNbNcN,128,gaussian,greedy,10.0,,1,5,0.0,0.0,1.0,0.0,0.0,0.0,0.0,0.0,500,-0.0,0.007625,1.0,1,False,8.53,0,True,,,,0,,,,,,,,,,,,,,results/T-sweep-nonDyck-5/distributions/aNbNcN_L128_T1_gaussian_greedy_sigma10.0.json
unconditional,aNbNcN,128,gaussian,greedy,20.0,,1,5,0.0,0.0,1.0,0.0,0.0,0.0,0.0,0.0,500,-0.0,0.007625,1.0,1,False,8.67,0,True,,,,0,,,,,,,,,,,,,,results/T-sweep-nonDyck-5/distributions/aNbNcN_L128_T1_gaussian_greedy_sigma20.0.json
unconditional,aNbNcN,128,gaussian,greedy,50.0,,1,5,0.0,0.0,1.0,0.0,0.0,0.0,0.0,0.0,500,-0.0,0.007625,1.0,1,False,10.06,0,True,,,,0,,,,,,,,,,,,,,results/T-sweep-nonDyck-5/distributions/aNbNcN_L128_T1_gaussian_greedy_sigma50.0.json
unconditional,aNbNcN,128,gaussian,greedy,100.0,,1,5,0.0,0.0,1.0,0.0,0.0,0.0,0.0,0.0,500,-0.0,0.007625,1.0,1,False,8.56,0,True,,,,0,,,,,,,,,,,,,,results/T-sweep-nonDyck-5/distributions/aNbNcN_L128_T1_gaussian_greedy_sigma100.0.json
unconditional,aNbNcN,128,gaussian,greedy,256.0,,1,5,0.0,0.0,1.0,0.0,0.0,0.0,0.0,0.0,500,-0.0,0.007625,1.0,1,False,8.81,0,True,,,,0,,,,,,,,,,,,,,results/T-sweep-nonDyck-5/distributions/aNbNcN_L128_T1_gaussian_greedy_sigma256.0.json
unconditional,aNbNcN,128,gaussian,greedy,1.0,,2,5,0.0,0.0,1.0,0.0,0.0,0.0,0.0,0.0,500,-0.0,0.007625,1.0,1,False,22.14,0,True,,,,0,,,,,,,,,,,,,,results/T-sweep-nonDyck-5/distributions/aNbNcN_L128_T2_gaussian_greedy_sigma1.0.json
unconditional,aNbNcN,128,gaussian,greedy,2.0,,2,5,0.0,0.0,1.0,0.0,0.0,0.0,0.0,0.0,500,-0.0,0.007625,1.0,1,False,20.09,0,True,,,,0,,,,,,,,,,,,,,results/T-sweep-nonDyck-5/distributions/aNbNcN_L128_T2_gaussian_greedy_sigma2.0.json
unconditional,aNbNcN,128,gaussian,greedy,5.0,,2,5,0.0,0.0,1.0,0.0,0.0,0.0,0.0,0.0,500,-0.0,0.007625,1.0,1,False,18.54,0,True,,,,0,,,,,,,,,,,,,,results/T-sweep-nonDyck-5/distributions/aNbNcN_L128_T2_gaussian_greedy_sigma5.0.json
unconditional,aNbNcN,128,gaussian,greedy,10.0,,2,5,0.0,0.0,1.0,0.0,0.0,0.0,0.0,0.0,500,-0.0,0.007625,1.0,1,False,21.85,0,True,,,,0,,,,,,,,,,,,,,results/T-sweep-nonDyck-5/distributions/aNbNcN_L128_T2_gaussian_greedy_sigma10.0.json
unconditional,aNbNcN,128,gaussian,greedy,50.0,,2,5,0.0,0.0,1.0,0.0,0.0,0.0,0.0,0.0,500,-0.0,0.007625,1.0,1,False,19.23,0,True,,,,0,,,,,,,,,,,,,,results/T-sweep-nonDyck-5/distributions/aNbNcN_L128_T2_gaussian_greedy_sigma50.0.json
unconditional,aNbNcN,128,gaussian,greedy,20.0,,2,5,0.0,0.0,1.0,0.0,0.0,0.0,0.0,0.0,500,-0.0,0.007625,1.0,1,False,20.06,0,True,,,,0,,,,,,,,,,,,,,results/T-sweep-nonDyck-5/distributions/aNbNcN_L128_T2_gaussian_greedy_sigma20.0.json
unconditional,aNbNcN,128,gaussian,greedy,1.0,,4,5,1.0,0.0,1.0,0.0,1.0,0.0,1.0,0.0,500,0.992375,1.0,4.004,5,False,16.19,500,False,0.008,0.992,0.005464490289610231,200,0.000115738061618944,0.0001639305871056884,,,0.2942052538894401,0.09523809523809523,,,,,,,,results/T-sweep-nonDyck-5/distributions/aNbNcN_L128_T4_gaussian_greedy_sigma1.0.json
unconditional,aNbNcN,128,gaussian,greedy,256.0,,2,5,0.0,0.0,1.0,0.0,0.0,0.0,0.0,0.0,500,-0.0,0.007625,1.0,1,False,18.79,0,True,,,,0,,,,,,,,,,,,,,results/T-sweep-nonDyck-5/distributions/aNbNcN_L128_T2_gaussian_greedy_sigma256.0.json
unconditional,aNbNcN,128,gaussian,greedy,100.0,,2,5,0.0,0.0,1.0,0.0,0.0,0.0,0.0,0.0,500,-0.0,0.007625,1.0,1,False,20.9,0,True,,,,0,,,,,,,,,,,,,,results/T-sweep-nonDyck-5/distributions/aNbNcN_L128_T2_gaussian_greedy_sigma100.0.json
unconditional,aNbN,128,gaussian,categorical,2.0,,1024,5,0.966,0.014967,0.974,0.008,0.966,0.014967,0.966,0.014967,500,0.946228,0.978666,961.616,1018,False,976.36,483,False,0.13250517598343686,0.8674948240165632,0.30393307402181113,200,9.742473938882214e-05,0.00013196964698119432,,,4.095307265433886,1.0,,,,,,,,results/T-sweep-nonDyck-5/distributions/aNbN_L128_T1024_gaussian_categorical_sigma2.0.json
unconditional,aNbNcN,128,gaussian,greedy,2.0,,4,5,1.0,0.0,1.0,0.0,1.0,0.0,1.0,0.0,500,0.992375,1.0,4.008,5,False,16.69,500,False,0.014,0.986,0.03523539725275497,200,0.0001110790216159776,0.00015725743041358704,,,1.1700590864106095,0.16666666666666666,,,,,,,,results/T-sweep-nonDyck-5/distributions/aNbNcN_L128_T4_gaussian_greedy_sigma2.0.json
unconditional,aNbNcN,128,gaussian,greedy,5.0,,4,5,1.0,0.0,1.0,0.0,1.0,0.0,1.0,0.0,500,0.992375,1.0,4.028,5,False,17.1,500,False,0.022,0.978,0.05042492283042862,200,0.00010802635843145727,0.0001528885006006334,,,1.9255722776291644,0.2619047619047619,,,,,,,,results/T-sweep-nonDyck-5/distributions/aNbNcN_L128_T4_gaussian_greedy_sigma5.0.json
unconditional,aNbNcN,128,gaussian,greedy,10.0,,4,5,0.964,0.016248,1.0,0.0,0.964,0.016248,0.964,0.016248,500,0.943815,0.977109,3.99,5,False,19.1,482,False,0.024896265560165973,0.975103734439834,0.05100633545825608,200,0.00011361570623522995,0.0001608234158893535,,,2.2241516772289898,0.2857142857142857,,,,,,,,results/T-sweep-nonDyck-5/distributions/aNbNcN_L128_T4_gaussian_greedy_sigma10.0.json
unconditional,aNbNcN,128,gaussian,greedy,20.0,,4,5,0.664,0.047159,1.0,0.0,0.664,0.047159,0.666,0.048415,500,0.621486,0.704013,3.28,5,False,18.52,332,False,0.04216867469879518,0.9578313253012049,0.04775654250103981,200,0.00016636167027116953,0.0002355078558691922,,,2.2944445038518477,0.3333333333333333,,,,,,,,results/T-sweep-nonDyck-5/distributions/aNbNcN_L128_T4_gaussian_greedy_sigma20.0.json
unconditional,aNbNcN,128,gaussian,greedy,50.0,,4,5,0.152,0.034871,1.0,0.0,0.152,0.034871,0.152,0.034871,500,0.123192,0.186115,1.644,5,False,17.29,76,False,0.23684210526315788,0.7631578947368421,0.07521590556073314,76,0.0007859163784973279,0.0011135857461024498,,,2.5631474409873394,0.42857142857142855,,,,,,,,results/T-sweep-nonDyck-5/distributions/aNbNcN_L128_T4_gaussian_greedy_sigma50.0.json
unconditional,aNbNcN,128,gaussian,greedy,100.0,,4,5,0.056,0.012,1.0,0.0,0.056,0.012,0.056,0.012,500,0.039025,0.079745,1.244,5,False,17.07,28,False,0.5,0.5,0.0977672708169162,28,0.0023957834211787254,0.003399708596406022,,,2.462814373674547,0.3333333333333333,,,,,,,,results/T-sweep-nonDyck-5/distributions/aNbNcN_L128_T4_gaussian_greedy_sigma100.0.json
unconditional,aNbNcN,128,gaussian,greedy,256.0,,4,5,0.026,0.010198,1.0,0.0,0.026,0.010198,0.026,0.010198,500,0.015256,0.043972,1.13,5,False,19.68,13,False,0.7692307692307693,0.23076923076923073,0.09075907590759076,13,0.005580357142857143,0.007927519818799546,,,2.245035274126178,0.23809523809523808,,,,,,,,results/T-sweep-nonDyck-5/distributions/aNbNcN_L128_T4_gaussian_greedy_sigma256.0.json
unconditional,aNbNcN,128,gaussian,greedy,1.0,,8,5,1.0,0.0,1.0,0.0,1.0,0.0,1.0,0.0,500,0.992375,1.0,8.006,9,False,33.03,500,False,0.008,0.992,0.00254366744313037,200,0.0001155615133935794,0.00016367760188930718,,,0.32770145675274587,0.09523809523809523,,,,,,,,results/T-sweep-nonDyck-5/distributions/aNbNcN_L128_T8_gaussian_greedy_sigma1.0.json
unconditional,aNbNcN,128,gaussian,greedy,2.0,,8,5,1.0,0.0,1.0,0.0,1.0,0.0,1.0,0.0,500,0.992375,1.0,8.01,9,False,29.59,500,False,0.014,0.986,0.03624596858759786,200,0.00011059255490920351,0.00015656102525105677,,,1.1878532503570116,0.16666666666666666,,,,,,,,results/T-sweep-nonDyck-5/distributions/aNbNcN_L128_T8_gaussian_greedy_sigma2.0.json
unconditional,aNbNcN,128,gaussian,greedy,5.0,,8,5,1.0,0.0,1.0,0.0,1.0,0.0,1.0,0.0,500,0.992375,1.0,8.022,9,False,30.35,500,False,0.022,0.978,0.051093200037634165,200,0.00010762872395384881,0.00015231961006179824,,,2.056383959874442,0.2619047619047619,,,,,,,,results/T-sweep-nonDyck-5/distributions/aNbNcN_L128_T8_gaussian_greedy_sigma5.0.json
unconditional,aNbNcN,128,gaussian,greedy,10.0,,8,5,0.996,0.008,1.0,0.0,0.996,0.008,0.996,0.008,500,0.985534,0.998902,8.048,9,False,33.93,498,False,0.030120481927710843,0.9698795180722891,0.05416235119618448,200,0.00010830246713020123,0.00015327683986949571,,,2.39557965967822,0.35714285714285715,,,,,,,,results/T-sweep-nonDyck-5/distributions/aNbNcN_L128_T8_gaussian_greedy_sigma10.0.json
unconditional,aNbNcN,128,gaussian,greedy,50.0,,8,5,0.542,0.024819,1.0,0.0,0.542,0.024819,0.542,0.024819,500,0.498173,0.585186,5.656,9,False,23.76,271,False,0.1033210332103321,0.8966789667896679,0.10639045243182318,200,0.00021189134211976098,0.0003000943153562548,,,3.0332999510637673,0.6666666666666666,,,,,,,,results/T-sweep-nonDyck-5/distributions/aNbNcN_L128_T8_gaussian_greedy_sigma50.0.json
unconditional,aNbNcN,128,gaussian,greedy,100.0,,8,5,0.468,0.046217,1.0,0.0,0.468,0.046217,0.468,0.046217,500,0.424673,0.511815,5.12,9,False,22.5,234,False,0.13247863247863248,0.8675213675213675,0.1416513793576122,200,0.00027731558513588466,0.00039334681951000227,,,3.1354214598544607,0.7380952380952381,,,,,,,,results/T-sweep-nonDyck-5/distributions/aNbNcN_L128_T8_gaussian_greedy_sigma100.0.json
unconditional,aNbNcN,128,gaussian,greedy,20.0,,8,5,0.838,0.034293,1.0,0.0,0.838,0.034293,0.838,0.034293,500,0.803147,0.867699,7.362,9,False,30.83,419,False,0.045346062052505964,0.9546539379474941,0.06537164388802619,200,0.00012764219340345145,0.00018063117694114004,,,2.6169130199002115,0.4523809523809524,,,,,,,,results/T-sweep-nonDyck-5/distributions/aNbNcN_L128_T8_gaussian_greedy_sigma20.0.json
unconditional,aNbN,128,gaussian,categorical,5.0,,1024,5,0.98,0.012649,0.988,0.011662,0.98,0.012649,0.98,0.012649,500,0.963579,0.989101,957.856,1018,False,1049.63,490,False,0.1306122448979592,0.8693877551020408,0.3012439220922565,200,9.609224855861628e-05,0.00013016596160104132,,,4.098668578646528,1.0,,,,,,,,results/T-sweep-nonDyck-5/distributions/aNbN_L128_T1024_gaussian_categorical_sigma5.0.json
unconditional,aNbNcN,128,gaussian,greedy,256.0,,8,5,0.41,0.024495,1.0,0.0,0.41,0.024495,0.41,0.024495,500,0.367734,0.453638,4.654,9,False,24.66,205,False,0.13658536585365855,0.8634146341463415,0.13749989335471927,200,0.00035075412136092597,0.000498220640569395,,,3.110917732669904,0.6666666666666666,,,,,,,,results/T-sweep-nonDyck-5/distributions/aNbNcN_L128_T8_gaussian_greedy_sigma256.0.json
unconditional,aNbN,128,gaussian,categorical,20.0,,1024,5,0.994,0.004899,0.996,0.004899,0.992,0.004,0.992,0.004,500,0.979613,0.996885,952.998,1018,False,852.48,496,False,0.12903225806451613,0.8709677419354839,0.31831476355194854,200,9.315612967333251e-05,0.00012615112905260502,,,4.081897687234853,1.0,,,,,,,,results/T-sweep-nonDyck-5/distributions/aNbN_L128_T1024_gaussian_categorical_sigma20.0.json
unconditional,aNbNcN,128,gaussian,greedy,1.0,,16,5,1.0,0.0,1.0,0.0,1.0,0.0,1.0,0.0,500,0.992375,1.0,16.0,16,False,58.44,500,False,0.014,0.986,0.008917308872346503,200,9.161871953677576e-05,0.0001294522321263454,,,0.8979556918855134,0.16666666666666666,,,,,,,,results/T-sweep-nonDyck-5/distributions/aNbNcN_L128_T16_gaussian_greedy_sigma1.0.json
unconditional,aNbNcN,128,gaussian,greedy,10.0,,16,5,1.0,0.0,1.0,0.0,1.0,0.0,1.0,0.0,500,0.992375,1.0,15.71,17,False,55.87,500,False,0.042,0.958,0.06733757916140416,200,0.00010027877499448466,0.00014181236198618344,,,2.747584655083644,0.5,,,,,,,,results/T-sweep-nonDyck-5/distributions/aNbNcN_L128_T16_gaussian_greedy_sigma10.0.json
unconditional,aNbNcN,128,gaussian,greedy,2.0,,16,5,1.0,0.0,1.0,0.0,1.0,0.0,1.0,0.0,500,0.992375,1.0,16.004,17,False,59.46,500,False,0.02,0.98,0.028847327143443485,200,9.292643943054678e-05,0.00013131730011630961,,,1.7510496779482227,0.23809523809523808,,,,,,,,results/T-sweep-nonDyck-5/distributions/aNbNcN_L128_T16_gaussian_greedy_sigma2.0.json
unconditional,aNbNcN,128,gaussian,greedy,5.0,,16,5,1.0,0.0,1.0,0.0,1.0,0.0,1.0,0.0,500,0.992375,1.0,15.848,17,False,64.18,500,False,0.034,0.966,0.05253658659942415,200,9.718550769709221e-05,0.00013739499097118631,,,2.4773424896206917,0.40476190476190477,,,,,,,,results/T-sweep-nonDyck-5/distributions/aNbNcN_L128_T16_gaussian_greedy_sigma5.0.json
unconditional,aNbNcN,128,gaussian,greedy,20.0,,16,5,0.96,0.010954,1.0,0.0,0.96,0.010954,0.96,0.010954,500,0.939026,0.973959,15.304,17,False,57.61,480,False,0.05,0.95,0.08084873932074005,200,0.00010638750585131282,0.00015047938432434757,,,2.8973583579994058,0.5714285714285714,,,,,,,,results/T-sweep-nonDyck-5/distributions/aNbNcN_L128_T16_gaussian_greedy_sigma20.0.json
unconditional,aNbNcN,128,uniform,categorical,,,256,5,0.894,0.014967,0.988,0.007483,0.888,0.007483,0.888,0.007483,500,0.857346,0.912738,226.212,255,False,379.81,444,False,0.0945945945945946,0.9054054054054054,0.29875080732817694,200,0.00017415534656913968,0.00028302554305526076,,,3.7052273202521864,1.0,,,,,,,,results/T-sweep-nonDyck-5/distributions/aNbNcN_L128_T256_uniform_categorical_none.json
unconditional,aNbNcN,128,gaussian,greedy,50.0,,16,5,0.736,0.024166,1.0,0.0,0.736,0.024166,0.736,0.024166,500,0.695668,0.772733,13.184,17,False,42.18,368,False,0.09782608695652174,0.9021739130434783,0.127415901457278,200,0.00015214679122417307,0.00021541775657793507,,,3.185465531559476,0.8571428571428571,,,,,,,,results/T-sweep-nonDyck-5/distributions/aNbNcN_L128_T16_gaussian_greedy_sigma50.0.json
unconditional,aNbNcN,128,gaussian,greedy,100.0,,16,5,0.674,0.070029,1.0,0.0,0.674,0.070029,0.674,0.070029,500,0.631721,0.713625,12.336,17,False,38.16,337,False,0.10979228486646884,0.8902077151335311,0.17167860924192363,200,0.0001858736059479554,0.000263524451304446,,,3.3698580446105337,0.8809523809523809,,,,,,,,results/T-sweep-nonDyck-5/distributions/aNbNcN_L128_T16_gaussian_greedy_sigma100.0.json
unconditional,aNbNcN,128,gaussian,greedy,256.0,,16,5,0.678,0.042143,1.0,0.0,0.676,0.04128,0.676,0.04128,500,0.633771,0.715545,12.556,17,False,38.17,338,False,0.10946745562130178,0.8905325443786982,0.20437049640151764,200,0.0002145738563213458,0.0003048249433896534,,,3.425168298128333,0.8809523809523809,,,,,,,,results/T-sweep-nonDyck-5/distributions/aNbNcN_L128_T16_gaussian_greedy_sigma256.0.json
unconditional,aNbN,128,gaussian,categorical,50.0,,1024,5,0.988,0.007483,0.998,0.004,0.984,0.010198,0.984,0.010198,500,0.968749,0.991871,965.278,1018,False,847.81,492,False,0.13008130081300814,0.8699186991869918,0.32714119068511843,200,9.429218003520242e-05,0.00012769761205465457,,,4.10037398742185,1.0,,,,,,,,results/T-sweep-nonDyck-5/distributions/aNbN_L128_T1024_gaussian_categorical_sigma50.0.json
unconditional,aNbNcN,128,gaussian,greedy,100.0,,32,5,0.84,0.056921,1.0,0.0,0.838,0.054918,0.838,0.054918,500,0.803147,0.867699,28.396,33,False,76.85,419,False,0.09307875894988067,0.9069212410501193,0.1928436783725765,200,0.00015441630636195183,0.00021901692687963456,,,3.4595368938008306,0.9285714285714286,,,,,,,,results/T-sweep-nonDyck-5/distributions/aNbNcN_L128_T32_gaussian_greedy_sigma100.0.json
unconditional,aNbN,128,gaussian,categorical,256.0,,1024,5,0.988,0.014697,1.0,0.0,0.988,0.014697,0.988,0.014697,500,0.974069,0.994489,1000.08,1018,False,862.95,494,False,0.12955465587044535,0.8704453441295547,0.36354008047928094,200,0.00010178462373617426,0.00013802622498274673,,,4.090867220896228,1.0,,,,,,,,results/T-sweep-nonDyck-5/distributions/aNbN_L128_T1024_gaussian_categorical_sigma256.0.json
unconditional,aNbNcN,128,gaussian,greedy,50.0,,32,5,0.862,0.016,1.0,0.0,0.862,0.016,0.862,0.016,500,0.828997,0.889482,28.456,33,False,80.24,431,False,0.08584686774941995,0.91415313225058,0.13736629561793612,200,0.00012712618545167932,0.00017994858611825192,,,3.2741622097202008,0.8809523809523809,,,,,,,,results/T-sweep-nonDyck-5/distributions/aNbNcN_L128_T32_gaussian_greedy_sigma50.0.json
unconditional,aNbNcN,128,gaussian,greedy,20.0,,32,5,0.97,0.016733,1.0,0.0,0.97,0.016733,0.97,0.016733,500,0.951096,0.981737,30.284,33,False,96.35,485,False,0.049484536082474224,0.9505154639175257,0.07851499384829753,200,0.00010446482669285251,0.00014774789986913759,,,2.948656853862188,0.5714285714285714,,,,,,,,results/T-sweep-nonDyck-5/distributions/aNbNcN_L128_T32_gaussian_greedy_sigma20.0.json
unconditional,aNbNcN,128,gaussian,greedy,1.0,,32,5,1.0,0.0,1.0,0.0,1.0,0.0,1.0,0.0,500,0.992375,1.0,31.964,33,False,117.57,500,False,0.016,0.984,0.01473531177902089,200,8.473427331887202e-05,0.00011964175839201477,,,1.3816161921865804,0.19047619047619047,,,,,,,,results/T-sweep-nonDyck-5/distributions/aNbNcN_L128_T32_gaussian_greedy_sigma1.0.json
unconditional,aNbNcN,128,gaussian,greedy,10.0,,32,5,1.0,0.0,1.0,0.0,1.0,0.0,1.0,0.0,500,0.992375,1.0,30.762,33,False,107.99,500,False,0.046,0.954,0.07395135830292283,200,9.749819628336876e-05,0.00013784140361932143,,,2.8339919900113877,0.5476190476190477,,,,,,,,results/T-sweep-nonDyck-5/distributions/aNbNcN_L128_T32_gaussian_greedy_sigma10.0.json
unconditional,aNbN,128,gaussian,categorical,100.0,,1024,5,0.984,0.008,0.994,0.008,0.98,0.010954,0.98,0.010954,500,0.963579,0.989101,980.338,1018,False,882.49,490,False,0.1306122448979592,0.8693877551020408,0.3347036800920023,200,9.909493294576204e-05,0.00013430029546065002,,,4.089026502026567,1.0,,,,,,,,results/T-sweep-nonDyck-5/distributions/aNbN_L128_T1024_gaussian_categorical_sigma100.0.json
unconditional,baN,128,gaussian,categorical,10.0,,512,5,0.98,0.006325,1.0,0.0,0.976,0.010198,0.992,0.004,500,0.958523,0.986219,481.29,510,False,14855.57,488,False,1.0,0.0,0.15870526444459496,200,6.503007641033979e-05,0.00013110025892301138,0.75,0.625,,,,,,,,,,results/T-sweep-nonDyck-5/distributions/baN_L128_T512_gaussian_categorical_sigma10.0.json
unconditional,aNbNcN,128,gaussian,greedy,2.0,,32,5,1.0,0.0,1.0,0.0,1.0,0.0,1.0,0.0,500,0.992375,1.0,31.55,33,False,128.37,500,False,0.022,0.978,0.024956662160907205,200,8.63453468492583e-05,0.00012193634922570419,,,1.9075750356382524,0.2619047619047619,,,,,,,,results/T-sweep-nonDyck-5/distributions/aNbNcN_L128_T32_gaussian_greedy_sigma2.0.json
unconditional,aNbNcN,128,gaussian,greedy,5.0,,32,5,1.0,0.0,1.0,0.0,1.0,0.0,1.0,0.0,500,0.992375,1.0,31.092,33,False,128.91,500,False,0.036,0.964,0.05002598494584929,200,9.083477155054956e-05,0.0001283344027866899,,,2.469885998970678,0.42857142857142855,,,,,,,,results/T-sweep-nonDyck-5/distributions/aNbNcN_L128_T32_gaussian_greedy_sigma5.0.json
unconditional,aNbNcN,128,gaussian,greedy,256.0,,32,5,0.816,0.040792,1.0,0.0,0.814,0.040299,0.814,0.040299,500,0.777545,0.845667,27.94,33,False,77.41,407,False,0.10073710073710074,0.8992628992628993,0.2376673172002465,200,0.00017928215425436553,0.00025471217524197657,,,3.5522162578838254,0.9761904761904762,,,,,,,,results/T-sweep-nonDyck-5/distributions/aNbNcN_L128_T32_gaussian_greedy_sigma256.0.json
unconditional,aNbNcN,128,uniform,greedy,,,512,5,0.974,0.014967,1.0,0.0,0.974,0.014967,0.974,0.014967,500,0.956028,0.984744,493.12,509,False,849.18,487,False,0.08624229979466119,0.9137577002053388,0.3034131731096835,200,0.0001714207350521119,0.0002789303022907151,,,3.6433184974337514,1.0,,,,,,,,results/T-sweep-nonDyck-5/distributions/aNbNcN_L128_T512_uniform_greedy_none.json
unconditional,aNbNcN,128,gaussian,greedy,100.0,,64,5,0.89,0.022804,1.0,0.0,0.89,0.022804,0.89,0.022804,500,0.859544,0.914509,58.36,65,False,147.37,445,False,0.0898876404494382,0.9101123595505618,0.19312218403687567,200,0.00014410467763783613,0.00020436762816769823,,,3.5160561750171566,0.9523809523809523,,,,,,,,results/T-sweep-nonDyck-5/distributions/aNbNcN_L128_T64_gaussian_greedy_sigma100.0.json
unconditional,aNbNcN,128,gaussian,greedy,256.0,,64,5,0.904,0.023324,1.0,0.0,0.9,0.024495,0.9,0.024495,500,0.870577,0.923323,59.62,65,False,148.37,450,False,0.09111111111111111,0.9088888888888889,0.2621888408172771,200,0.00016706762897620957,0.00027138883234954883,,,3.601288852671589,0.9761904761904762,,,,,,,,results/T-sweep-nonDyck-5/distributions/aNbNcN_L128_T64_gaussian_greedy_sigma256.0.json
unconditional,aNbNcN,128,gaussian,greedy,50.0,,64,5,0.92,0.016733,1.0,0.0,0.92,0.016733,0.92,0.016733,500,0.892893,0.940702,58.764,65,False,164.92,460,False,0.0782608695652174,0.9217391304347826,0.13456353525362164,200,0.0001197346679757657,0.00016949562943412673,,,3.2777238070946675,0.8571428571428571,,,,,,,,results/T-sweep-nonDyck-5/distributions/aNbNcN_L128_T64_gaussian_greedy_sigma50.0.json
unconditional,aNbNcN,128,gaussian,greedy,20.0,,64,5,0.984,0.012,1.0,0.0,0.984,0.012,0.984,0.012,500,0.968749,0.991871,60.472,65,False,192.48,492,False,0.0508130081300813,0.9491869918699187,0.0981248955776324,200,0.00010245061880173756,0.00014489153833416128,,,3.0232645594472833,0.5952380952380952,,,,,,,,results/T-sweep-nonDyck-5/distributions/aNbNcN_L128_T64_gaussian_greedy_sigma20.0.json
unconditional,aNbNcN,128,uniform,categorical,,,512,5,0.934,0.020591,0.996,0.004899,0.93,0.021909,0.93,0.021909,500,0.904202,0.949241,471.618,509,False,658.77,465,False,0.09032258064516129,0.9096774193548387,0.3071094287524382,200,0.0001726400110489607,0.00028073130504965437,,,3.698914720340074,1.0,,,,,,,,results/T-sweep-nonDyck-5/distributions/aNbNcN_L128_T512_uniform_categorical_none.json
unconditional,aNbNcN,128,gaussian,greedy,10.0,,64,5,1.0,0.0,1.0,0.0,1.0,0.0,1.0,0.0,500,0.992375,1.0,61.094,65,False,204.27,500,False,0.046,0.954,0.07056740506598493,200,9.592694204094162e-05,0.00013559847354861206,,,2.8322343273500787,0.5476190476190477,,,,,,,,results/T-sweep-nonDyck-5/distributions/aNbNcN_L128_T64_gaussian_greedy_sigma10.0.json
unconditional,aNbNcN,128,gaussian,greedy,5.0,,64,5,1.0,0.0,1.0,0.0,1.0,0.0,1.0,0.0,500,0.992375,1.0,61.762,65,False,218.18,500,False,0.034,0.966,0.04361617763679619,200,8.922039221284417e-05,0.00012603302065141068,,,2.425947612459567,0.40476190476190477,,,,,,,,results/T-sweep-nonDyck-5/distributions/aNbNcN_L128_T64_gaussian_greedy_sigma5.0.json
unconditional,aNbNcN,128,gaussian,greedy,2.0,,64,5,1.0,0.0,1.0,0.0,1.0,0.0,1.0,0.0,500,0.992375,1.0,62.658,65,False,228.74,500,False,0.018,0.982,0.020849671198187977,200,8.377173876620984e-05,0.00011827121278680768,,,1.7529401322629046,0.21428571428571427,,,,,,,,results/T-sweep-nonDyck-5/distributions/aNbNcN_L128_T64_gaussian_greedy_sigma2.0.json
unconditional,aNbNcN,128,gaussian,greedy,1.0,,64,5,1.0,0.0,1.0,0.0,1.0,0.0,1.0,0.0,500,0.992375,1.0,63.132,64,False,233.34,500,False,0.012,0.988,0.013926811913560945,200,8.227067050596462e-05,0.00011613438407299876,,,1.3410465549444004,0.14285714285714285,,,,,,,,results/T-sweep-nonDyck-5/distributions/aNbNcN_L128_T64_gaussian_greedy_sigma1.0.json
unconditional,aNbNcN,128,gaussian,greedy,100.0,,128,5,0.946,0.013565,1.0,0.0,0.946,0.013565,0.946,0.013565,500,0.922573,0.962626,121.134,129,False,289.32,473,False,0.08879492600422834,0.9112050739957717,0.2263899132166598,200,0.00013719303059404582,0.0002223951962637607,,,3.568645133975015,1.0,,,,,,,,results/T-sweep-nonDyck-5/distributions/aNbNcN_L128_T128_gaussian_greedy_sigma100.0.json
unconditional,aNbNcN,128,gaussian,greedy,256.0,,128,5,0.956,0.02245,1.0,0.0,0.956,0.02245,0.956,0.02245,500,0.93428,0.970766,123.94,129,False,292.16,478,False,0.08786610878661087,0.9121338912133892,0.2595495032087443,200,0.00015226725949386364,0.0002472264285052072,,,3.6279294726333604,1.0,,,,,,,,results/T-sweep-nonDyck-5/distributions/aNbNcN_L128_T128_gaussian_greedy_sigma256.0.json
unconditional,aNbNcN,128,gaussian,greedy,50.0,,128,5,0.956,0.023324,1.0,0.0,0.956,0.023324,0.956,0.023324,500,0.93428,0.970766,120.338,129,False,329.93,478,False,0.08368200836820083,0.9163179916317992,0.1558505391679885,200,0.00011464471602503841,0.00016228121015416714,,,3.3420178555569415,0.9523809523809523,,,,,,,,results/T-sweep-nonDyck-5/distributions/aNbNcN_L128_T128_gaussian_greedy_sigma50.0.json
unconditional,aNbNcN,128,gaussian,greedy,5.0,,128,5,1.0,0.0,1.0,0.0,1.0,0.0,1.0,0.0,500,0.992375,1.0,122.98,129,False,458.69,500,False,0.034,0.966,0.04440175761065926,200,8.794920054176708e-05,0.00012422139802310519,,,2.3932479277580883,0.40476190476190477,,,,,,,,results/T-sweep-nonDyck-5/distributions/aNbNcN_L128_T128_gaussian_greedy_sigma5.0.json
unconditional,aNbNcN,128,gaussian,greedy,1.0,,128,5,1.0,0.0,1.0,0.0,1.0,0.0,1.0,0.0,500,0.992375,1.0,125.914,128,False,498.13,500,False,0.01,0.99,0.010257196836897667,200,8.133916806298905e-05,0.00011480867953617294,,,1.0911340966119136,0.11904761904761904,,,,,,,,results/T-sweep-nonDyck-5/distributions/aNbNcN_L128_T128_gaussian_greedy_sigma1.0.json
unconditional,aNbNcN,128,gaussian,greedy,2.0,,128,5,1.0,0.0,1.0,0.0,1.0,0.0,1.0,0.0,500,0.992375,1.0,124.71,129,False,497.13,500,False,0.018,0.982,0.01965078793224466,200,8.2904990880451e-05,0.00011703728473499415,,,1.5901044295668378,0.21428571428571427,,,,,,,,results/T-sweep-nonDyck-5/distributions/aNbNcN_L128_T128_gaussian_greedy_sigma2.0.json
unconditional,aNbNcN,128,gaussian,greedy,10.0,,128,5,1.0,0.0,1.0,0.0,1.0,0.0,1.0,0.0,500,0.992375,1.0,121.706,129,False,423.91,500,False,0.044,0.956,0.07034193587316645,200,9.488386215272506e-05,0.00013410989347842746,,,2.8308996000100866,0.5238095238095238,,,,,,,,results/T-sweep-nonDyck-5/distributions/aNbNcN_L128_T128_gaussian_greedy_sigma10.0.json
unconditional,aNbNcN,128,gaussian,greedy,20.0,,128,5,0.992,0.011662,1.0,0.0,0.992,0.011662,0.992,0.011662,500,0.979613,0.996885,121.238,129,False,374.87,496,False,0.05443548387096774,0.9455645161290323,0.08462011681928731,200,0.00010044598015187433,0.00014203968994764822,,,2.9949971112649703,0.6428571428571429,,,,,,,,results/T-sweep-nonDyck-5/distributions/aNbNcN_L128_T128_gaussian_greedy_sigma20.0.json
unconditional,aNbNcN,128,uniform,categorical,,,1024,5,0.974,0.014967,0.996,0.004899,0.974,0.014967,0.974,0.014967,500,0.956028,0.984744,983.166,1017,False,1066.71,487,False,0.08624229979466119,0.9137577002053388,0.3178522561935979,200,0.00015805778592653473,0.000256846566282467,,,3.6956958090017964,1.0,,,,,,,,results/T-sweep-nonDyck-5/distributions/aNbNcN_L128_T1024_uniform_categorical_none.json
unconditional,aNbNcN,128,gaussian,greedy,5.0,,256,5,1.0,0.0,1.0,0.0,1.0,0.0,1.0,0.0,500,0.992375,1.0,243.984,256,False,588.49,500,False,0.034,0.966,0.05020069641294149,200,8.741870060843415e-05,0.00012346550021165515,,,2.3638419272545694,0.40476190476190477,,,,,,,,results/T-sweep-nonDyck-5/distributions/aNbNcN_L128_T256_gaussian_greedy_sigma5.0.json
unconditional,aNbNcN,128,gaussian,greedy,50.0,,256,5,0.982,0.009798,1.0,0.0,0.982,0.009798,0.982,0.009798,500,0.966148,0.990502,242.784,256,False,410.92,491,False,0.07739307535641547,0.9226069246435845,0.1420941804212426,200,0.0001112272818276867,0.00015743781206423464,,,3.2811768887061903,0.9047619047619048,,,,,,,,results/T-sweep-nonDyck-5/distributions/aNbNcN_L128_T256_gaussian_greedy_sigma50.0.json
unconditional,aNbNcN,128,uniform,greedy,,,1024,5,0.984,0.012,1.0,0.0,0.984,0.012,0.984,0.012,500,0.968749,0.991871,995.77,1017,False,1689.66,492,False,0.08536585365853659,0.9146341463414634,0.28823963644479106,200,0.00016433313613356998,0.00026725462684572726,,,3.6241837702781767,1.0,,,,,,,,results/T-sweep-nonDyck-5/distributions/aNbNcN_L128_T1024_uniform_greedy_none.json
unconditional,aNbNcN,128,gaussian,greedy,20.0,,256,5,0.994,0.008,1.0,0.0,0.994,0.008,0.994,0.008,500,0.982509,0.997957,240.866,256,False,755.81,497,False,0.052313883299798795,0.9476861167002012,0.08771274788862729,200,0.00010023655827753498,0.00014174344436569808,,,2.9787375047280285,0.6190476190476191,,,,,,,,results/T-sweep-nonDyck-5/distributions/aNbNcN_L128_T256_gaussian_greedy_sigma20.0.json
unconditional,baN,128,gaussian,categorical,5.0,,512,5,0.974,0.010198,1.0,0.0,0.958,0.01833,0.974,0.013565,500,0.936648,0.972368,486.532,510,False,16060.89,479,False,1.0,0.0,0.15824249391518833,200,6.630640188310181e-05,0.0001336742025498354,0.75,0.625,,,,,,,,,,results/T-sweep-nonDyck-5/distributions/baN_L128_T512_gaussian_categorical_sigma5.0.json
unconditional,aNbNcN,128,gaussian,greedy,10.0,,256,5,1.0,0.0,1.0,0.0,1.0,0.0,1.0,0.0,500,0.992375,1.0,242.504,256,False,813.56,500,False,0.044,0.956,0.06698136590918218,200,9.421873822265772e-05,0.00013316085831684675,,,2.8232914808034932,0.5238095238095238,,,,,,,,results/T-sweep-nonDyck-5/distributions/aNbNcN_L128_T256_gaussian_greedy_sigma10.0.json
unconditional,aNbNcN,128,gaussian,greedy,2.0,,256,5,1.0,0.0,1.0,0.0,1.0,0.0,1.0,0.0,500,0.992375,1.0,248.096,256,False,869.69,500,False,0.018,0.982,0.018468341708542713,200,8.265829062654984e-05,0.00011668611435239207,,,1.5627827769866247,0.21428571428571427,,,,,,,,results/T-sweep-nonDyck-5/distributions/aNbNcN_L128_T256_gaussian_greedy_sigma2.0.json
unconditional,aNbNcN,128,gaussian,greedy,1.0,,256,5,1.0,0.0,1.0,0.0,1.0,0.0,1.0,0.0,500,0.992375,1.0,250.056,256,False,883.11,500,False,0.01,0.99,0.009017824070285072,200,8.109773899503682e-05,0.00011446512084246328,,,1.0128981451176313,0.11904761904761904,,,,,,,,results/T-sweep-nonDyck-5/distributions/aNbNcN_L128_T256_gaussian_greedy_sigma1.0.json
unconditional,aNbNcN,128,gaussian,greedy,100.0,,256,5,0.974,0.010198,1.0,0.0,0.974,0.010198,0.974,0.010198,500,0.956028,0.984744,245.372,256,False,601.27,487,False,0.08213552361396304,0.917864476386037,0.20715899675433605,200,0.0001280901754835404,0.00020753346477119436,,,3.5125531993183894,0.9523809523809523,,,,,,,,results/T-sweep-nonDyck-5/distributions/aNbNcN_L128_T256_gaussian_greedy_sigma100.0.json
unconditional,aNbNcN,128,gaussian,greedy,256.0,,256,5,0.974,0.010198,1.0,0.0,0.974,0.010198,0.974,0.010198,500,0.956028,0.984744,249.038,256,False,600.2,487,False,0.08624229979466119,0.9137577002053388,0.28204302208662924,200,0.00015861434508136917,0.0002577651759247326,,,3.6347029525946297,1.0,,,,,,,,results/T-sweep-nonDyck-5/distributions/aNbNcN_L128_T256_gaussian_greedy_sigma256.0.json
unconditional,baN,128,gaussian,categorical,100.0,,1024,5,0.908,0.009798,1.0,0.0,0.908,0.009798,1.0,0.0,500,0.879461,0.930318,992.77,1018,False,11898.07,454,False,1.0,0.0,0.15854450479187066,200,6.996676578625154e-05,0.00014105367092178575,0.75,0.625,,,,,,,,,,results/T-sweep-nonDyck-5/distributions/baN_L128_T1024_gaussian_categorical_sigma100.0.json
unconditional,aNbNcN,128,gaussian,categorical,1.0,,1,5,0.0,0.0,0.096,0.014967,0.0,0.0,0.122,0.023152,500,-0.0,0.007625,1.0,1,False,8.6,0,True,,,,0,,,,,,,,,,,,,,results/T-sweep-nonDyck-5/distributions/aNbNcN_L128_T1_gaussian_categorical_sigma1.0.json
unconditional,aNbNcN,128,gaussian,categorical,2.0,,1,5,0.0,0.0,0.096,0.014967,0.0,0.0,0.122,0.023152,500,-0.0,0.007625,1.0,1,False,8.58,0,True,,,,0,,,,,,,,,,,,,,results/T-sweep-nonDyck-5/distributions/aNbNcN_L128_T1_gaussian_categorical_sigma2.0.json
unconditional,aNbNcN,128,gaussian,categorical,5.0,,1,5,0.0,0.0,0.096,0.014967,0.0,0.0,0.122,0.023152,500,-0.0,0.007625,1.0,1,False,8.57,0,True,,,,0,,,,,,,,,,,,,,results/T-sweep-nonDyck-5/distributions/aNbNcN_L128_T1_gaussian_categorical_sigma5.0.json
unconditional,aNbNcN,128,gaussian,categorical,10.0,,1,5,0.0,0.0,0.096,0.014967,0.0,0.0,0.122,0.023152,500,-0.0,0.007625,1.0,1,False,8.58,0,True,,,,0,,,,,,,,,,,,,,results/T-sweep-nonDyck-5/distributions/aNbNcN_L128_T1_gaussian_categorical_sigma10.0.json
unconditional,aNbNcN,128,gaussian,categorical,20.0,,1,5,0.0,0.0,0.096,0.014967,0.0,0.0,0.122,0.023152,500,-0.0,0.007625,1.0,1,False,8.59,0,True,,,,0,,,,,,,,,,,,,,results/T-sweep-nonDyck-5/distributions/aNbNcN_L128_T1_gaussian_categorical_sigma20.0.json
unconditional,aNbNcN,128,gaussian,categorical,50.0,,1,5,0.0,0.0,0.096,0.014967,0.0,0.0,0.122,0.023152,500,-0.0,0.007625,1.0,1,False,8.6,0,True,,,,0,,,,,,,,,,,,,,results/T-sweep-nonDyck-5/distributions/aNbNcN_L128_T1_gaussian_categorical_sigma50.0.json
unconditional,aNbNcN,128,gaussian,categorical,100.0,,1,5,0.0,0.0,0.096,0.014967,0.0,0.0,0.12,0.020976,500,-0.0,0.007625,1.0,1,False,8.59,0,True,,,,0,,,,,,,,,,,,,,results/T-sweep-nonDyck-5/distributions/aNbNcN_L128_T1_gaussian_categorical_sigma100.0.json
unconditional,aNbNcN,128,gaussian,categorical,256.0,,1,5,0.0,0.0,0.096,0.014967,0.0,0.0,0.116,0.021541,500,-0.0,0.007625,1.0,1,False,8.6,0,True,,,,0,,,,,,,,,,,,,,results/T-sweep-nonDyck-5/distributions/aNbNcN_L128_T1_gaussian_categorical_sigma256.0.json
unconditional,aNbNcN,128,gaussian,categorical,1.0,,2,5,0.0,0.0,0.096,0.014967,0.0,0.0,0.122,0.023152,500,-0.0,0.007625,1.0,1,False,17.77,0,True,,,,0,,,,,,,,,,,,,,results/T-sweep-nonDyck-5/distributions/aNbNcN_L128_T2_gaussian_categorical_sigma1.0.json
unconditional,aNbNcN,128,gaussian,categorical,2.0,,2,5,0.0,0.0,0.096,0.014967,0.0,0.0,0.122,0.023152,500,-0.0,0.007625,1.0,1,False,17.81,0,True,,,,0,,,,,,,,,,,,,,results/T-sweep-nonDyck-5/distributions/aNbNcN_L128_T2_gaussian_categorical_sigma2.0.json
unconditional,aNbNcN,128,gaussian,categorical,5.0,,2,5,0.0,0.0,0.096,0.014967,0.0,0.0,0.122,0.023152,500,-0.0,0.007625,1.0,1,False,17.76,0,True,,,,0,,,,,,,,,,,,,,results/T-sweep-nonDyck-5/distributions/aNbNcN_L128_T2_gaussian_categorical_sigma5.0.json
unconditional,aNbNcN,128,gaussian,categorical,10.0,,2,5,0.0,0.0,0.096,0.014967,0.0,0.0,0.122,0.023152,500,-0.0,0.007625,1.0,1,False,17.65,0,True,,,,0,,,,,,,,,,,,,,results/T-sweep-nonDyck-5/distributions/aNbNcN_L128_T2_gaussian_categorical_sigma10.0.json
unconditional,aNbNcN,128,gaussian,categorical,20.0,,2,5,0.0,0.0,0.096,0.014967,0.0,0.0,0.12,0.020976,500,-0.0,0.007625,1.0,1,False,17.17,0,True,,,,0,,,,,,,,,,,,,,results/T-sweep-nonDyck-5/distributions/aNbNcN_L128_T2_gaussian_categorical_sigma20.0.json
unconditional,aNbNcN,128,gaussian,categorical,50.0,,2,5,0.0,0.0,0.082,0.011662,0.0,0.0,0.048,0.007483,500,-0.0,0.007625,1.0,1,False,16.71,0,True,,,,0,,,,,,,,,,,,,,results/T-sweep-nonDyck-5/distributions/aNbNcN_L128_T2_gaussian_categorical_sigma50.0.json
unconditional,aNbNcN,128,gaussian,categorical,100.0,,2,5,0.006,0.004899,0.076,0.014967,0.0,0.0,0.014,0.004899,500,-0.0,0.007625,1.0,1,False,16.53,0,True,,,,0,,,,,,,,,,,,,,results/T-sweep-nonDyck-5/distributions/aNbNcN_L128_T2_gaussian_categorical_sigma100.0.json
unconditional,aNbNcN,128,gaussian,categorical,256.0,,2,5,0.004,0.004899,0.078,0.009798,0.0,0.0,0.002,0.004,500,-0.0,0.007625,1.0,1,False,16.33,0,True,,,,0,,,,,,,,,,,,,,results/T-sweep-nonDyck-5/distributions/aNbNcN_L128_T2_gaussian_categorical_sigma256.0.json
unconditional,aNbNcN,128,gaussian,categorical,1.0,,4,5,0.0,0.0,0.096,0.014967,0.0,0.0,0.12,0.020976,500,-0.0,0.007625,1.0,1,False,16.72,0,True,,,,0,,,,,,,,,,,,,,results/T-sweep-nonDyck-5/distributions/aNbNcN_L128_T4_gaussian_categorical_sigma1.0.json
unconditional,aNbNcN,128,gaussian,greedy,50.0,,512,5,0.988,0.011662,1.0,0.0,0.988,0.011662,0.988,0.011662,500,0.974069,0.994489,484.814,510,False,817.41,494,False,0.08097165991902834,0.9190283400809717,0.14142092629788539,200,0.00011198208286674133,0.0001585288522511097,,,3.3355491779416804,0.9523809523809523,,,,,,,,results/T-sweep-nonDyck-5/distributions/aNbNcN_L128_T512_gaussian_greedy_sigma50.0.json
unconditional,aNbNcN,128,gaussian,categorical,5.0,,4,5,0.0,0.0,0.096,0.014967,0.0,0.0,0.118,0.023152,500,-0.0,0.007625,1.0,1,False,10.61,0,True,,,,0,,,,,,,,,,,,,,results/T-sweep-nonDyck-5/distributions/aNbNcN_L128_T4_gaussian_categorical_sigma5.0.json
unconditional,aNbNcN,128,gaussian,categorical,2.0,,4,5,0.0,0.0,0.096,0.014967,0.0,0.0,0.12,0.020976,500,-0.0,0.007625,1.0,1,False,16.79,0,True,,,,0,,,,,,,,,,,,,,results/T-sweep-nonDyck-5/distributions/aNbNcN_L128_T4_gaussian_categorical_sigma2.0.json
unconditional,aNbNcN,128,gaussian,categorical,10.0,,4,5,0.0,0.0,0.11,0.024495,0.0,0.0,0.076,0.017436,500,-0.0,0.007625,1.0,1,False,10.23,0,True,,,,0,,,,,,,,,,,,,,results/T-sweep-nonDyck-5/distributions/aNbNcN_L128_T4_gaussian_categorical_sigma10.0.json
unconditional,aNbNcN,128,gaussian,categorical,20.0,,4,5,0.002,0.004,0.172,0.019391,0.002,0.004,0.006,0.004899,500,0.000353,0.011241,1.014,4,False,15.25,1,True,1.0,0.0,,1,0.045454545454545456,0.06422018348623854,,,0.0,0.023809523809523808,,,,,,,,results/T-sweep-nonDyck-5/distributions/aNbNcN_L128_T4_gaussian_categorical_sigma20.0.json
unconditional,aNbNcN,128,gaussian,categorical,50.0,,4,5,0.02,0.008944,0.252,0.023152,0.004,0.004899,0.004,0.004899,500,0.001098,0.014466,1.02,5,False,9.09,2,True,,,,2,,,,,0.6931471805599453,0.047619047619047616,,,,,,,,results/T-sweep-nonDyck-5/distributions/aNbNcN_L128_T4_gaussian_categorical_sigma50.0.json
unconditional,aNbNcN,128,gaussian,categorical,256.0,,4,5,0.054,0.014967,0.318,0.041183,0.0,0.0,0.0,0.0,500,-0.0,0.007625,1.0,1,False,8.52,0,True,,,,0,,,,,,,,,,,,,,results/T-sweep-nonDyck-5/distributions/aNbNcN_L128_T4_gaussian_categorical_sigma256.0.json
unconditional,aNbNcN,128,gaussian,categorical,100.0,,4,5,0.03,0.006325,0.304,0.028705,0.002,0.004,0.002,0.004,500,0.000353,0.011241,1.006,4,False,13.55,1,True,1.0,0.0,,1,0.04310344827586207,0.06086956521739131,,,0.0,0.023809523809523808,,,,,,,,results/T-sweep-nonDyck-5/distributions/aNbNcN_L128_T4_gaussian_categorical_sigma100.0.json
unconditional,aNbNcN,128,gaussian,categorical,1.0,,8,5,0.024,0.013565,0.234,0.031369,0.024,0.013565,0.116,0.021541,500,0.013781,0.041477,1.26,8,False,11.38,12,False,0.3333333333333333,0.6666666666666667,0.1293054771315641,12,0.010615711252653927,0.015250544662309368,,,1.1988493129136213,0.09523809523809523,,,,,,,,results/T-sweep-nonDyck-5/distributions/aNbNcN_L128_T8_gaussian_categorical_sigma1.0.json
unconditional,aNbNcN,128,gaussian,categorical,2.0,,8,5,0.032,0.004,0.248,0.029257,0.032,0.004,0.122,0.014697,500,0.019791,0.051345,1.38,8,False,18.14,16,False,0.3125,0.6875,0.12430555555555556,16,0.008928571428571428,0.012867647058823529,,,1.4075317407193153,0.11904761904761904,,,,,,,,results/T-sweep-nonDyck-5/distributions/aNbNcN_L128_T8_gaussian_categorical_sigma2.0.json
unconditional,aNbNcN,128,gaussian,categorical,5.0,,8,5,0.046,0.028705,0.276,0.040299,0.046,0.028705,0.08,0.021909,500,0.030845,0.068078,1.722,8,False,12.62,23,False,0.6086956521739131,0.3913043478260869,0.34077461000537923,23,0.005045408678102927,0.007231404958677686,,,2.532757537181371,0.3333333333333333,,,,,,,,results/T-sweep-nonDyck-5/distributions/aNbNcN_L128_T8_gaussian_categorical_sigma5.0.json
unconditional,aNbNcN,128,gaussian,categorical,20.0,,8,5,0.116,0.038781,0.394,0.019596,0.104,0.037202,0.106,0.037202,500,0.080194,0.133845,2.556,9,False,14.15,52,False,0.6346153846153846,0.3653846153846154,0.3733700858209685,52,0.0016909029421711193,0.0024096385542168677,,,3.3677412581733415,0.7857142857142857,,,,,,,,results/T-sweep-nonDyck-5/distributions/aNbNcN_L128_T8_gaussian_categorical_sigma20.0.json
unconditional,aNbNcN,128,gaussian,categorical,10.0,,8,5,0.064,0.033823,0.29,0.021909,0.06,0.035214,0.064,0.037202,500,0.042348,0.084362,2.112,9,False,21.62,30,False,0.7666666666666667,0.23333333333333328,0.37696856155962766,30,0.0028785261945883708,0.0046865846514352666,,,3.060287092608695,0.5476190476190477,,,,,,,,results/T-sweep-nonDyck-5/distributions/aNbNcN_L128_T8_gaussian_categorical_sigma10.0.json
unconditional,aNbNcN,128,gaussian,greedy,100.0,,512,5,0.986,0.008,1.0,0.0,0.986,0.008,0.986,0.008,500,0.971387,0.993202,493.702,510,False,738.28,493,False,0.08519269776876268,0.9148073022312373,0.19615350862131462,200,0.00013251000450534016,0.00021482277121374866,,,3.5255130003203177,1.0,,,,,,,,results/T-sweep-nonDyck-5/distributions/aNbNcN_L128_T512_gaussian_greedy_sigma100.0.json
unconditional,aNbNcN,128,gaussian,categorical,50.0,,8,5,0.206,0.05678,0.648,0.03544,0.17,0.043359,0.17,0.043359,500,0.13962,0.205412,2.872,9,False,12.77,85,False,0.4,0.6,0.2869460317460317,85,0.0009025270758122744,0.001466544454628781,,,3.3792523496813143,0.8095238095238095,,,,,,,,results/T-sweep-nonDyck-5/distributions/aNbNcN_L128_T8_gaussian_categorical_sigma50.0.json
unconditional,aNbNcN,128,gaussian,categorical,256.0,,8,5,0.204,0.05004,0.79,0.038471,0.154,0.042237,0.154,0.042237,500,0.12501,0.188266,2.488,9,False,11.08,77,False,0.44155844155844154,0.5584415584415585,0.25563052931473984,77,0.0009637625289128759,0.0013695949911954608,,,3.3865538944090483,0.8095238095238095,,,,,,,,results/T-sweep-nonDyck-5/distributions/aNbNcN_L128_T8_gaussian_categorical_sigma256.0.json
unconditional,aNbNcN,128,gaussian,categorical,100.0,,8,5,0.176,0.034986,0.734,0.032,0.14,0.041473,0.14,0.041473,500,0.112322,0.173168,2.572,9,False,18.7,70,False,0.4857142857142857,0.5142857142857142,0.3460975934051323,70,0.0012973533990659055,0.0021141649048625794,,,3.3607842175836042,0.8095238095238095,,,,,,,,results/T-sweep-nonDyck-5/distributions/aNbNcN_L128_T8_gaussian_categorical_sigma100.0.json
unconditional,aNbNcN,128,gaussian,categorical,1.0,,16,5,0.146,0.036111,0.242,0.029933,0.146,0.036111,0.168,0.036551,500,0.117748,0.17965,4.056,16,False,17.37,73,False,0.2602739726027397,0.7397260273972603,0.27260113139075676,73,0.001639344262295082,0.0023513604299630502,,,2.532194683300804,0.4523809523809524,,,,,,,,results/T-sweep-nonDyck-5/distributions/aNbNcN_L128_T16_gaussian_categorical_sigma1.0.json
unconditional,aNbNcN,128,gaussian,categorical,2.0,,16,5,0.14,0.040497,0.246,0.055714,0.14,0.040497,0.176,0.045869,500,0.112322,0.173168,4.166,16,False,17.92,70,False,0.3,0.7,0.30096669586733676,70,0.001812250815512867,0.0026031982149497955,,,2.7830233543347394,0.5,,,,,,,,results/T-sweep-nonDyck-5/distributions/aNbNcN_L128_T16_gaussian_categorical_sigma2.0.json
unconditional,aNbNcN,128,gaussian,categorical,10.0,,16,5,0.306,0.034409,0.518,0.023152,0.304,0.035553,0.304,0.035553,500,0.265301,0.345687,7.016,17,False,23.37,152,False,0.26973684210526316,0.7302631578947368,0.3098469558848641,152,0.0005260389268805891,0.0008553405324494814,,,3.58024365149416,0.9761904761904762,,,,,,,,results/T-sweep-nonDyck-5/distributions/aNbNcN_L128_T16_gaussian_categorical_sigma10.0.json
unconditional,aNbNcN,128,gaussian,categorical,5.0,,16,5,0.218,0.027857,0.346,0.028,0.214,0.027276,0.22,0.021909,500,0.180302,0.252059,5.53,17,False,32.85,107,False,0.308411214953271,0.691588785046729,0.37212828950761834,107,0.0009293680297397769,0.0015171629053669638,,,3.3264029880823145,0.7857142857142857,,,,,,,,results/T-sweep-nonDyck-5/distributions/aNbNcN_L128_T16_gaussian_categorical_sigma5.0.json
unconditional,aNbNcN,128,gaussian,categorical,20.0,,16,5,0.364,0.053141,0.656,0.027276,0.354,0.056427,0.354,0.056427,500,0.313342,0.396885,7.858,17,False,23.85,177,False,0.23728813559322035,0.7627118644067796,0.3208053529737406,177,0.0004482696790389098,0.0007287965746560992,,,3.5847886264491535,1.0,,,,,,,,results/T-sweep-nonDyck-5/distributions/aNbNcN_L128_T16_gaussian_categorical_sigma20.0.json
unconditional,aNbNcN,128,gaussian,greedy,256.0,,512,5,0.99,0.010954,1.0,0.0,0.99,0.010954,0.99,0.010954,500,0.976807,0.995721,503.01,510,False,743.71,495,False,0.08484848484848485,0.9151515151515152,0.23785100110421362,200,0.00014520532032293664,0.00023571702171543062,,,3.639598478305691,1.0,,,,,,,,results/T-sweep-nonDyck-5/distributions/aNbNcN_L128_T512_gaussian_greedy_sigma256.0.json
unconditional,aNbNcN,128,gaussian,categorical,50.0,,16,5,0.446,0.025768,0.82,0.043359,0.426,0.031369,0.426,0.031369,500,0.383382,0.469747,8.79,17,False,22.52,213,False,0.19248826291079812,0.8075117370892019,0.2941228846335776,200,0.0003474393718296157,0.0005642544787699252,,,3.5788186538440474,0.9761904761904762,,,,,,,,results/T-sweep-nonDyck-5/distributions/aNbNcN_L128_T16_gaussian_categorical_sigma50.0.json
unconditional,aNbNcN,128,gaussian,categorical,256.0,,16,5,0.49,0.051769,0.904,0.032619,0.454,0.057827,0.454,0.057827,500,0.410875,0.497827,9.128,17,False,20.27,227,False,0.18502202643171806,0.8149779735682819,0.2810416968243136,200,0.00033654169751632225,0.0005468215994531784,,,3.6126519628067015,1.0,,,,,,,,results/T-sweep-nonDyck-5/distributions/aNbNcN_L128_T16_gaussian_categorical_sigma256.0.json
unconditional,aNbNcN,128,gaussian,categorical,100.0,,16,5,0.432,0.03544,0.886,0.040299,0.404,0.039294,0.404,0.039294,500,0.361878,0.447585,8.492,17,False,32.41,202,False,0.20297029702970298,0.7970297029702971,0.3053881588153582,200,0.0003771876885938443,0.0005362341044890455,,,3.5880403279848836,0.9761904761904762,,,,,,,,results/T-sweep-nonDyck-5/distributions/aNbNcN_L128_T16_gaussian_categorical_sigma100.0.json
unconditional,aNbNcN,128,gaussian,categorical,1.0,,32,5,0.356,0.017436,0.418,0.027129,0.356,0.017436,0.37,0.010954,500,0.315274,0.398922,14.08,32,False,35.26,178,False,0.20224719101123595,0.797752808988764,0.33004652227591225,178,0.0006162188809465122,0.0010080645161290322,,,3.243666064691539,0.8571428571428571,,,,,,,,results/T-sweep-nonDyck-5/distributions/aNbNcN_L128_T32_gaussian_categorical_sigma1.0.json
unconditional,aNbNcN,128,gaussian,categorical,2.0,,32,5,0.398,0.079347,0.472,0.070257,0.398,0.079347,0.406,0.075525,500,0.356029,0.441526,15.292,32,False,38.06,199,False,0.19597989949748743,0.8040201005025126,0.3453279022899276,199,0.0005125576627370579,0.0008371703641691084,,,3.482600893602438,0.9285714285714286,,,,,,,,results/T-sweep-nonDyck-5/distributions/aNbNcN_L128_T32_gaussian_categorical_sigma2.0.json
unconditional,aNbNcN,128,gaussian,categorical,5.0,,32,5,0.496,0.034409,0.586,0.037736,0.494,0.032,0.494,0.032,500,0.450389,0.537702,18.214,33,False,44.92,247,False,0.1659919028340081,0.8340080971659919,0.3200907324158859,200,0.0003315649867374005,0.0005393379626508461,,,3.6562398669693716,0.9761904761904762,,,,,,,,results/T-sweep-nonDyck-5/distributions/aNbNcN_L128_T32_gaussian_categorical_sigma5.0.json
unconditional,aNbNcN,128,gaussian,categorical,20.0,,32,5,0.636,0.040299,0.858,0.051147,0.634,0.043174,0.634,0.043174,500,0.590903,0.675053,22.08,33,False,48.38,317,False,0.13249211356466878,0.8675078864353312,0.35099459337017236,200,0.00024952590078850185,0.0004056589422443081,,,3.6662478843824533,1.0,,,,,,,,results/T-sweep-nonDyck-5/distributions/aNbNcN_L128_T32_gaussian_categorical_sigma20.0.json
unconditional,aNbNcN,128,gaussian,categorical,50.0,,32,5,0.68,0.029665,0.918,0.027129,0.662,0.017205,0.662,0.017205,500,0.619442,0.702088,23.112,33,False,46.04,331,False,0.1268882175226586,0.8731117824773413,0.3376891781337736,200,0.0002442121715346293,0.0003971603038276324,,,3.662002864358383,1.0,,,,,,,,results/T-sweep-nonDyck-5/distributions/aNbNcN_L128_T32_gaussian_categorical_sigma50.0.json
unconditional,aNbNcN,128,gaussian,categorical,10.0,,32,5,0.604,0.034409,0.744,0.017436,0.598,0.030594,0.598,0.030594,500,0.554434,0.640072,20.906,33,False,76.29,299,False,0.14046822742474915,0.8595317725752508,0.3152296321532332,200,0.0002705920554172529,0.00044006821057263876,,,3.6755772107046294,1.0,,,,,,,,results/T-sweep-nonDyck-5/distributions/aNbNcN_L128_T32_gaussian_categorical_sigma10.0.json
unconditional,aNbNcN,128,gaussian,categorical,100.0,,32,5,0.642,0.044,0.946,0.027276,0.624,0.056427,0.624,0.056427,500,0.580748,0.665361,22.338,33,False,42.07,312,False,0.1346153846153846,0.8653846153846154,0.33024954259764217,200,0.00025329280648429586,0.00041177681696520483,,,3.6749227283440415,1.0,,,,,,,,results/T-sweep-nonDyck-5/distributions/aNbNcN_L128_T32_gaussian_categorical_sigma100.0.json
unconditional,aNbNcN,128,gaussian,categorical,256.0,,32,5,0.666,0.043635,0.942,0.026382,0.634,0.052764,0.634,0.052764,500,0.590903,0.675053,22.634,33,False,40.58,317,False,0.13249211356466878,0.8675078864353312,0.3362736480957259,200,0.00026040310400499974,0.00042363905952128787,,,3.6597036328848627,1.0,,,,,,,,results/T-sweep-nonDyck-5/distributions/aNbNcN_L128_T32_gaussian_categorical_sigma256.0.json
unconditional,baN,128,gaussian,greedy,20.0,,1024,5,0.978,0.007483,1.0,0.0,0.978,0.007483,0.996,0.004899,500,0.961039,0.987672,959.818,1018,False,24713.77,489,False,0.07157464212678936,0.9284253578732107,0.007350816582914573,200,4.830684507994783e-05,6.492031031908333e-05,0.75,0.625,,,,,,,,,,results/T-sweep-nonDyck-5/distributions/baN_L128_T1024_gaussian_greedy_sigma20.0.json
unconditional,aNbNcN,128,gaussian,categorical,1.0,,64,5,0.608,0.033106,0.626,0.029394,0.608,0.033106,0.612,0.034293,500,0.56454,0.649813,42.066,64,False,84.32,304,False,0.13815789473684212,0.8618421052631579,0.35932106717540735,200,0.0003169371196754564,0.000517063081695967,,,3.6085484323113945,1.0,,,,,,,,results/T-sweep-nonDyck-5/distributions/aNbNcN_L128_T64_gaussian_categorical_sigma1.0.json
unconditional,aNbNcN,128,gaussian,categorical,5.0,,64,5,0.692,0.01833,0.75,0.024495,0.692,0.01833,0.692,0.01833,500,0.650197,0.730875,45.968,65,False,95.84,346,False,0.12138728323699421,0.8786127167630058,0.31804274145078043,200,0.00023661918508352658,0.00038489295164782295,,,3.6572194060558223,1.0,,,,,,,,results/T-sweep-nonDyck-5/distributions/aNbNcN_L128_T64_gaussian_categorical_sigma5.0.json
unconditional,aNbNcN,128,gaussian,categorical,10.0,,64,5,0.76,0.054772,0.862,0.028566,0.754,0.058515,0.754,0.058515,500,0.714407,0.78972,49.256,65,False,100.17,377,False,0.11140583554376658,0.8885941644562334,0.32542404031708105,200,0.00021265736645117387,0.00034579641236222173,,,3.688065107403692,1.0,,,,,,,,results/T-sweep-nonDyck-5/distributions/aNbNcN_L128_T64_gaussian_categorical_sigma10.0.json
unconditional,aNbNcN,128,gaussian,categorical,2.0,,64,5,0.664,0.028705,0.692,0.030594,0.664,0.028705,0.666,0.028,500,0.621486,0.704013,44.854,65,False,145.05,332,False,0.12349397590361445,0.8765060240963856,0.34082677790332067,200,0.0002677232812165346,0.0004361098996947231,,,3.6409932969991607,0.9761904761904762,,,,,,,,results/T-sweep-nonDyck-5/distributions/aNbNcN_L128_T64_gaussian_categorical_sigma2.0.json
unconditional,aNbNcN,128,gaussian,categorical,50.0,,64,5,0.816,0.042708,0.968,0.004,0.814,0.042237,0.814,0.042237,500,0.777545,0.845667,53.14,65,False,93.93,407,False,0.10319410319410319,0.8968058968058968,0.3196002283130575,200,0.0001872378669862193,0.0003042172110887173,,,3.6824435739955703,1.0,,,,,,,,results/T-sweep-nonDyck-5/distributions/aNbNcN_L128_T64_gaussian_categorical_sigma50.0.json
unconditional,aNbNcN,128,gaussian,categorical,100.0,,64,5,0.828,0.034871,0.962,0.019391,0.82,0.028284,0.82,0.028284,500,0.783925,0.851196,53.936,65,False,89.41,410,False,0.1024390243902439,0.8975609756097561,0.3267783803660577,200,0.00019313967861557478,0.000313996389041526,,,3.6837609171989554,1.0,,,,,,,,results/T-sweep-nonDyck-5/distributions/aNbNcN_L128_T64_gaussian_categorical_sigma100.0.json
unconditional,aNbNcN,128,gaussian,categorical,256.0,,64,5,0.802,0.03544,0.978,0.011662,0.788,0.032496,0.788,0.032496,500,0.750047,0.821561,53.44,65,False,85.04,394,False,0.1065989847715736,0.8934010152284264,0.31210927131101773,200,0.00019806686737442562,0.00032193158953722336,,,3.7091391838404233,1.0,,,,,,,,results/T-sweep-nonDyck-5/distributions/aNbNcN_L128_T64_gaussian_categorical_sigma256.0.json
unconditional,aNbNcN,128,gaussian,categorical,20.0,,64,5,0.806,0.021541,0.926,0.016248,0.8,0.017889,0.8,0.017889,500,0.76271,0.832715,51.562,65,False,174.14,400,False,0.105,0.895,0.32899958143439395,200,0.00019755037534571315,0.0003211561621838619,,,3.6928445596046027,1.0,,,,,,,,results/T-sweep-nonDyck-5/distributions/aNbNcN_L128_T64_gaussian_categorical_sigma20.0.json
unconditional,aNbNcN,128,gaussian,greedy,20.0,,512,5,0.996,0.004899,1.0,0.0,0.996,0.004899,0.996,0.004899,500,0.985534,0.998902,480.334,510,False,1462.49,498,False,0.05220883534136546,0.9477911646586346,0.09139582430484022,200,0.00010005803365952253,0.00014149131849695794,,,3.003440064499923,0.6190476190476191,,,,,,,,results/T-sweep-nonDyck-5/distributions/aNbNcN_L128_T512_gaussian_greedy_sigma20.0.json
unconditional,aNbNcN,128,gaussian,categorical,2.0,,128,5,0.826,0.046733,0.844,0.042237,0.826,0.046733,0.826,0.046733,500,0.790318,0.856711,106.604,129,False,206.35,413,False,0.1016949152542373,0.8983050847457628,0.3061522618692567,200,0.00018882888326598438,0.0003069132202869639,,,3.679365580486156,1.0,,,,,,,,results/T-sweep-nonDyck-5/distributions/aNbNcN_L128_T128_gaussian_categorical_sigma2.0.json
unconditional,aNbNcN,128,gaussian,greedy,2.0,,512,5,1.0,0.0,1.0,0.0,1.0,0.0,1.0,0.0,500,0.992375,1.0,494.71,510,False,1613.37,500,False,0.018,0.982,0.015240898894864711,200,8.236011135087055e-05,0.00011626168845189257,,,1.4962138875806013,0.21428571428571427,,,,,,,,results/T-sweep-nonDyck-5/distributions/aNbNcN_L128_T512_gaussian_greedy_sigma2.0.json
unconditional,aNbNcN,128,gaussian,greedy,10.0,,512,5,1.0,0.0,1.0,0.0,1.0,0.0,1.0,0.0,500,0.992375,1.0,481.794,510,False,1618.49,500,False,0.046,0.954,0.0666840951174009,200,9.37681675824691e-05,0.00013251803191791455,,,2.782228345350494,0.5476190476190477,,,,,,,,results/T-sweep-nonDyck-5/distributions/aNbNcN_L128_T512_gaussian_greedy_sigma10.0.json
unconditional,aNbNcN,128,gaussian,categorical,1.0,,128,5,0.776,0.058172,0.782,0.054185,0.776,0.058172,0.776,0.058172,500,0.73743,0.810362,102.056,128,False,303.42,388,False,0.10824742268041238,0.8917525773195876,0.3274303086193018,200,0.0002256317689530686,0.00036744442403086535,,,3.653557057760169,1.0,,,,,,,,results/T-sweep-nonDyck-5/distributions/aNbNcN_L128_T128_gaussian_categorical_sigma1.0.json
unconditional,aNbNcN,128,gaussian,greedy,5.0,,512,5,1.0,0.0,1.0,0.0,1.0,0.0,1.0,0.0,500,0.992375,1.0,488.518,510,False,1638.63,500,False,0.036,0.964,0.04400696702306273,200,8.745539774714896e-05,0.00012351778656126481,,,2.3517409212450655,0.42857142857142855,,,,,,,,results/T-sweep-nonDyck-5/distributions/aNbNcN_L128_T512_gaussian_greedy_sigma5.0.json
unconditional,aNbNcN,128,gaussian,categorical,5.0,,128,5,0.828,0.039192,0.866,0.016248,0.828,0.039192,0.828,0.039192,500,0.792452,0.858546,105.588,129,False,314.33,414,False,0.10144927536231885,0.8985507246376812,0.34901620779956116,200,0.0001986491855383393,0.0003231539828728389,,,3.6791649949765115,1.0,,,,,,,,results/T-sweep-nonDyck-5/distributions/aNbNcN_L128_T128_gaussian_categorical_sigma5.0.json
unconditional,aNbNcN,128,gaussian,categorical,50.0,,128,5,0.882,0.020396,0.98,0.014142,0.878,0.020396,0.878,0.020396,500,0.846395,0.903841,111.432,129,False,216.64,439,False,0.09567198177676538,0.9043280182232346,0.3044974818275346,200,0.00017514975303884822,0.00028461647929415115,,,3.7124872249523233,1.0,,,,,,,,results/T-sweep-nonDyck-5/distributions/aNbNcN_L128_T128_gaussian_categorical_sigma50.0.json
unconditional,aNbNcN,128,gaussian,categorical,10.0,,128,5,0.878,0.041665,0.922,0.036551,0.876,0.043174,0.876,0.043174,500,0.844212,0.902054,109.58,129,False,319.97,438,False,0.0958904109589041,0.904109589041096,0.330323265314034,200,0.00018568033273915627,0.00030200075500188753,,,3.7015070648530592,1.0,,,,,,,,results/T-sweep-nonDyck-5/distributions/aNbNcN_L128_T128_gaussian_categorical_sigma10.0.json
unconditional,aNbNcN,128,gaussian,greedy,1.0,,512,5,1.0,0.0,1.0,0.0,1.0,0.0,1.0,0.0,500,0.992375,1.0,498.752,508,False,1759.14,500,False,0.01,0.99,0.008057132836263145,200,8.086166186887473e-05,0.00011412919424788861,,,0.8788595938209242,0.11904761904761904,,,,,,,,results/T-sweep-nonDyck-5/distributions/aNbNcN_L128_T512_gaussian_greedy_sigma1.0.json
unconditional,aNbNcN,128,gaussian,categorical,100.0,,128,5,0.93,0.032863,0.988,0.004,0.92,0.035214,0.92,0.035214,500,0.892893,0.940702,118.3,129,False,185.18,460,False,0.09130434782608696,0.908695652173913,0.3216868254017189,200,0.0001639344262295082,0.0002663115845539281,,,3.671653208395634,1.0,,,,,,,,results/T-sweep-nonDyck-5/distributions/aNbNcN_L128_T128_gaussian_categorical_sigma100.0.json
unconditional,aNbNcN,128,gaussian,categorical,20.0,,128,5,0.888,0.027129,0.95,0.016733,0.886,0.027276,0.886,0.027276,500,0.85515,0.910964,110.794,129,False,356.91,443,False,0.09480812641083522,0.9051918735891648,0.2919290974188101,200,0.00017292062943109114,0.0002809778027535825,,,3.693516253717862,1.0,,,,,,,,results/T-sweep-nonDyck-5/distributions/aNbNcN_L128_T128_gaussian_categorical_sigma20.0.json
unconditional,aNbNcN,128,gaussian,categorical,256.0,,128,5,0.928,0.031875,0.988,0.007483,0.928,0.031875,0.928,0.031875,500,0.901931,0.947542,120.408,129,False,272.13,464,False,0.09051724137931035,0.9094827586206896,0.32461886500170023,200,0.0001706892431638958,0.0002774983523535329,,,3.7001486225493436,1.0,,,,,,,,results/T-sweep-nonDyck-5/distributions/aNbNcN_L128_T128_gaussian_categorical_sigma256.0.json
unconditional,aNbNcN,128,gaussian,categorical,256.0,,256,5,0.96,0.008944,0.994,0.004899,0.96,0.008944,0.96,0.008944,500,0.939026,0.973959,245.578,256,False,355.05,480,False,0.0875,0.9125,0.3395752236722681,200,0.00016799381782750395,0.000273196052317044,,,3.687732402286659,1.0,,,,,,,,results/T-sweep-nonDyck-5/distributions/aNbNcN_L128_T256_gaussian_categorical_sigma256.0.json
unconditional,aNbNcN,128,gaussian,categorical,5.0,,256,5,0.934,0.004899,0.956,0.010198,0.934,0.004899,0.934,0.004899,500,0.90876,0.952622,230.938,256,False,548.65,467,False,0.08993576017130621,0.9100642398286938,0.31779203782962373,200,0.00016763335233177992,0.00027247956403269756,,,3.704100699224754,1.0,,,,,,,,results/T-sweep-nonDyck-5/distributions/aNbNcN_L128_T256_gaussian_categorical_sigma5.0.json
unconditional,aNbNcN,128,gaussian,categorical,1.0,,256,5,0.866,0.021541,0.876,0.018547,0.866,0.021541,0.866,0.021541,500,0.833333,0.893085,221.592,255,False,622.58,433,False,0.09699769053117784,0.9030023094688222,0.3310861612850145,200,0.00019039640531586763,0.0003097413659594239,,,3.6881286006345007,1.0,,,,,,,,results/T-sweep-nonDyck-5/distributions/aNbNcN_L128_T256_gaussian_categorical_sigma1.0.json
unconditional,aNbNcN,128,gaussian,categorical,20.0,,256,5,0.936,0.012,0.97,0.012649,0.936,0.012,0.936,0.012,500,0.911047,0.954304,229.456,256,False,546.1,468,False,0.08974358974358974,0.9102564102564102,0.3548197335885778,200,0.00017741821020509545,0.0002886627697192755,,,3.6783851765080753,1.0,,,,,,,,results/T-sweep-nonDyck-5/distributions/aNbNcN_L128_T256_gaussian_categorical_sigma20.0.json
unconditional,aNbNcN,128,gaussian,categorical,2.0,,256,5,0.886,0.036661,0.898,0.038678,0.886,0.036661,0.886,0.036661,500,0.85515,0.910964,224.854,256,False,657.55,443,False,0.09480812641083522,0.9051918735891648,0.3168749488049746,200,0.0001853018567246044,0.0003014318010550113,,,3.6846184063403378,1.0,,,,,,,,results/T-sweep-nonDyck-5/distributions/aNbNcN_L128_T256_gaussian_categorical_sigma2.0.json
unconditional,aNbNcN,128,gaussian,categorical,100.0,,256,5,0.944,0.008,0.99,0.008944,0.94,0.008944,0.94,0.008944,500,0.915638,0.957652,238.388,256,False,564.27,470,False,0.08936170212765958,0.9106382978723404,0.3141221804087703,200,0.0001621849557235071,0.00026351329095161235,,,3.6882436941725314,1.0,,,,,,,,results/T-sweep-nonDyck-5/distributions/aNbNcN_L128_T256_gaussian_categorical_sigma100.0.json
unconditional,aNbNcN,128,gaussian,categorical,50.0,,256,5,0.952,0.007483,0.986,0.004899,0.952,0.007483,0.952,0.007483,500,0.929572,0.967535,236.36,256,False,620.63,476,False,0.08823529411764706,0.9117647058823529,0.31573297080932666,200,0.0001641982200912942,0.00026688907422852374,,,3.6980677041112955,1.0,,,,,,,,results/T-sweep-nonDyck-5/distributions/aNbNcN_L128_T256_gaussian_categorical_sigma50.0.json
unconditional,aNbNcN,128,gaussian,categorical,10.0,,256,5,0.934,0.019596,0.956,0.02245,0.932,0.023152,0.932,0.023152,500,0.906479,0.950934,228.988,256,False,760.01,466,False,0.09012875536480687,0.9098712446351931,0.3063378566843026,200,0.00016549715344896067,0.0002689437235258522,,,3.688919703189652,1.0,,,,,,,,results/T-sweep-nonDyck-5/distributions/aNbNcN_L128_T256_gaussian_categorical_sigma10.0.json
unconditional,aNbNcN,128,gaussian,greedy,20.0,,1024,5,1.0,0.0,1.0,0.0,1.0,0.0,1.0,0.0,500,0.992375,1.0,962.972,1018,False,2016.49,500,False,0.05,0.95,0.09651099167563174,200,9.973271632026169e-05,0.0001410323568521578,,,3.0196205476216442,0.5952380952380952,,,,,,,,results/T-sweep-nonDyck-5/distributions/aNbNcN_L128_T1024_gaussian_greedy_sigma20.0.json
unconditional,aNbNcN,128,gaussian,categorical,1.0,,512,5,0.948,0.024,0.952,0.020396,0.948,0.024,0.948,0.024,500,0.924898,0.96427,476.83,510,False,1052.85,474,False,0.08860759493670886,0.9113924050632911,0.30118188837477977,200,0.00016816332021659435,0.00027342014422912606,,,3.7043480222028977,1.0,,,,,,,,results/T-sweep-nonDyck-5/distributions/aNbNcN_L128_T512_gaussian_categorical_sigma1.0.json
unconditional,aNbNcN,128,gaussian,greedy,100.0,,1024,5,0.996,0.004899,1.0,0.0,0.996,0.004899,0.996,0.004899,500,0.985534,0.998902,992.68,1018,False,2315.42,498,False,0.08433734939759036,0.9156626506024097,0.2195593351372246,200,0.0001294598933250479,0.00020984156961494072,,,3.571625161279064,1.0,,,,,,,,results/T-sweep-nonDyck-5/distributions/aNbNcN_L128_T1024_gaussian_greedy_sigma100.0.json
unconditional,aNbNcN,128,gaussian,greedy,256.0,,1024,5,0.996,0.004899,1.0,0.0,0.996,0.004899,0.996,0.004899,500,0.985534,0.998902,1006.764,1018,False,2495.77,498,False,0.08433734939759036,0.9156626506024097,0.2691757359795685,200,0.00014636573870788325,0.00023764964501084277,,,3.644891417308715,1.0,,,,,,,,results/T-sweep-nonDyck-5/distributions/aNbNcN_L128_T1024_gaussian_greedy_sigma256.0.json
unconditional,aNbNcN,128,gaussian,greedy,50.0,,1024,5,1.0,0.0,1.0,0.0,1.0,0.0,1.0,0.0,500,0.992375,1.0,980.978,1018,False,2587.86,500,False,0.08,0.92,0.14332952999338822,200,0.00011195199498455063,0.0001585073139803451,,,3.3239694118701264,0.9523809523809523,,,,,,,,results/T-sweep-nonDyck-5/distributions/aNbNcN_L128_T1024_gaussian_greedy_sigma50.0.json
unconditional,aNbNcN,128,gaussian,categorical,2.0,,512,5,0.95,0.018974,0.954,0.014967,0.95,0.018974,0.95,0.018974,500,0.927231,0.965906,473.406,510,False,1315.06,475,False,0.08842105263157894,0.911578947368421,0.30150526284660056,200,0.00016427374576995105,0.00026700487283892933,,,3.701991248922235,1.0,,,,,,,,results/T-sweep-nonDyck-5/distributions/aNbNcN_L128_T512_gaussian_categorical_sigma2.0.json
unconditional,aNbNcN,128,gaussian,categorical,20.0,,512,5,0.984,0.008,0.996,0.008,0.984,0.008,0.984,0.008,500,0.968749,0.991871,473.422,510,False,1041.17,492,False,0.08536585365853659,0.9146341463414634,0.3056288956936694,200,0.00015500992063492063,0.0002518574486840448,,,3.703923051445985,1.0,,,,,,,,results/T-sweep-nonDyck-5/distributions/aNbNcN_L128_T512_gaussian_categorical_sigma20.0.json
unconditional,aNbNcN,128,gaussian,categorical,50.0,,512,5,0.972,0.011662,0.994,0.008,0.97,0.010954,0.97,0.010954,500,0.951096,0.981737,477.556,510,False,1085.42,485,False,0.0865979381443299,0.9134020618556701,0.32344394204844684,200,0.00015798786653185035,0.0002567146937072811,,,3.6982441774691384,1.0,,,,,,,,results/T-sweep-nonDyck-5/distributions/aNbNcN_L128_T512_gaussian_categorical_sigma50.0.json
unconditional,aNbNcN,128,ar,greedy,,,130,1,1.0,0.0,1.0,0.0,1.0,0.0,1.0,0.0,100,0.963005,1.0,129.0,129,True,51.57,100,False,0.01,0.99,0.0,100,0.0004,0.0005645161290322581,,,0.0,0.023809523809523808,,,,,,,,results/T-sweep-nonDyck-5/distributions/aNbNcN_L128_T130_ar_greedy_none.json
unconditional,baN,128,gaussian,greedy,10.0,,1024,5,0.978,0.014697,1.0,0.0,0.978,0.014697,0.998,0.004,500,0.961039,0.987672,964.024,1018,False,27215.95,489,False,0.04703476482617587,0.9529652351738241,0.0071211526381909545,200,6.440912677326377e-05,0.00011361054305839582,0.75,0.625,,,,,,,,,,results/T-sweep-nonDyck-5/distributions/baN_L128_T1024_gaussian_greedy_sigma10.0.json
unconditional,aNbNcN,128,ebsampler,greedy,,0.1,128,1,1.0,0.0,1.0,0.0,1.0,0.0,1.0,0.0,100,0.963005,1.0,42.0,42,True,24.85,100,False,0.01,0.99,0.0,100,0.0029411764705882353,0.004375,,,0.0,0.023809523809523808,,,,,,,,results/T-sweep-nonDyck-5/distributions/aNbNcN_L128_T128_ebsampler_greedy_gamma0.1.json
unconditional,aNbNcN,128,ebsampler,greedy,,0.5,128,1,1.0,0.0,1.0,0.0,1.0,0.0,1.0,0.0,100,0.963005,1.0,28.0,28,True,15.29,100,False,0.01,0.99,0.0,100,0.0010638297872340426,0.0015217391304347826,,,0.0,0.023809523809523808,,,,,,,,results/T-sweep-nonDyck-5/distributions/aNbNcN_L128_T128_ebsampler_greedy_gamma0.5.json
unconditional,aNbNcN,128,ebsampler,greedy,,2.0,128,1,1.0,0.0,1.0,0.0,1.0,0.0,1.0,0.0,100,0.963005,1.0,13.0,13,True,6.37,100,False,0.01,0.99,0.0,100,0.0008064516129032258,0.0011475409836065574,,,0.0,0.023809523809523808,,,,,,,,results/T-sweep-nonDyck-5/distributions/aNbNcN_L128_T128_ebsampler_greedy_gamma2.0.json
unconditional,aNbNcN,128,ebsampler,greedy,,0.9,128,1,1.0,0.0,1.0,0.0,1.0,0.0,1.0,0.0,100,0.963005,1.0,19.0,19,True,9.92,100,False,0.01,0.99,0.0,100,0.001,0.0014285714285714286,,,0.0,0.023809523809523808,,,,,,,,results/T-sweep-nonDyck-5/distributions/aNbNcN_L128_T128_ebsampler_greedy_gamma0.9.json
unconditional,aNbNcN,128,ebsampler,greedy,,10.0,128,1,0.0,0.0,1.0,0.0,0.0,0.0,1.0,0.0,100,0.0,0.036995,5.0,5,True,2.92,0,True,,,,0,,,,,,,,,,,,,,results/T-sweep-nonDyck-5/distributions/aNbNcN_L128_T128_ebsampler_greedy_gamma10.0.json
unconditional,aNbNcN,128,ebsampler,greedy,,5.0,128,1,0.0,0.0,1.0,0.0,0.0,0.0,1.0,0.0,100,0.0,0.036995,8.0,8,True,3.98,0,True,,,,0,,,,,,,,,,,,,,results/T-sweep-nonDyck-5/distributions/aNbNcN_L128_T128_ebsampler_greedy_gamma5.0.json
unconditional,aNbNcN,128,gaussian,categorical,256.0,,512,5,0.984,0.004899,1.0,0.0,0.974,0.008,0.974,0.008,500,0.956028,0.984744,496.172,510,False,1097.08,487,False,0.08624229979466119,0.9137577002053388,0.32945828467312455,200,0.000166472448809722,0.0002707459049681874,,,3.700125713867316,1.0,,,,,,,,results/T-sweep-nonDyck-5/distributions/aNbNcN_L128_T512_gaussian_categorical_sigma256.0.json
unconditional,aNbNcN,128,ebsampler,categorical,,0.5,128,5,0.26,0.024495,0.984,0.008,0.258,0.026382,0.258,0.026382,500,0.221596,0.298095,8.116,28,False,33.78,129,False,0.17829457364341086,0.8217054263565892,0.5283805031446541,129,0.0010773540185304892,0.0017730496453900709,,,2.6714825184153232,0.5476190476190477,,,,,,,,results/T-sweep-nonDyck-5/distributions/aNbNcN_L128_T128_ebsampler_categorical_gamma0.5.json
unconditional,aNbNcN,128,ebsampler,categorical,,2.0,128,5,0.146,0.019596,0.826,0.024166,0.146,0.019596,0.172,0.020396,500,0.117748,0.17965,2.48,12,False,14.08,73,False,0.1506849315068493,0.8493150684931507,0.42589612943595245,73,0.0013676148796498905,0.0019536701088473346,,,2.094246347396355,0.2619047619047619,,,,,,,,results/T-sweep-nonDyck-5/distributions/aNbNcN_L128_T128_ebsampler_categorical_gamma2.0.json
unconditional,aNbNcN,128,ebsampler,categorical,,5.0,128,5,0.026,0.023324,0.804,0.044989,0.026,0.023324,0.048,0.024819,500,0.015256,0.043972,1.318,7,False,10.67,13,False,0.46153846153846156,0.5384615384615384,0.502906976744186,13,0.009940357852882704,0.014285714285714285,,,1.5247073930301436,0.14285714285714285,,,,,,,,results/T-sweep-nonDyck-5/distributions/aNbNcN_L128_T128_ebsampler_categorical_gamma5.0.json
unconditional,aNbNcN,128,ebsampler,categorical,,0.9,128,5,0.296,0.023324,0.94,0.014142,0.296,0.023324,0.296,0.023324,500,0.257665,0.337446,4.596,17,False,34.5,148,False,0.12837837837837837,0.8716216216216216,0.41431513286523947,148,0.000650110518788194,0.000928012727031685,,,2.6770413723108866,0.4523809523809524,,,,,,,,results/T-sweep-nonDyck-5/distributions/aNbNcN_L128_T128_ebsampler_categorical_gamma0.9.json
unconditional,aNbNcN,128,ebsampler,categorical,,10.0,128,5,0.002,0.004,0.796,0.054259,0.002,0.004,0.024,0.008,500,0.000353,0.011241,1.036,2,False,9.82,1,True,1.0,0.0,,1,0.04950495049504951,0.07,,,0.0,0.023809523809523808,,,,,,,,results/T-sweep-nonDyck-5/distributions/aNbNcN_L128_T128_ebsampler_categorical_gamma10.0.json
unconditional,aNbNcN,128,ebsampler,categorical,,0.1,128,5,1.0,0.0,1.0,0.0,1.0,0.0,1.0,0.0,500,0.992375,1.0,23.09,42,False,87.03,500,False,0.084,0.916,0.32632775847446677,200,0.0001565484204264379,0.00025446101975253667,,,3.6832352850986423,1.0,,,,,,,,results/T-sweep-nonDyck-5/distributions/aNbNcN_L128_T128_ebsampler_categorical_gamma0.1.json
unconditional,aNbNcN,128,gaussian,categorical,5.0,,512,5,0.96,0.032863,0.966,0.025768,0.958,0.036551,0.958,0.036551,500,0.936648,0.972368,471.562,510,False,1364.74,479,False,0.08768267223382047,0.9123173277661796,0.3253075412906828,200,0.0001620430386310604,0.00026335714520854596,,,3.6994822108495677,1.0,,,,,,,,results/T-sweep-nonDyck-5/distributions/aNbNcN_L128_T512_gaussian_categorical_sigma5.0.json
unconditional,aNbNcN,128,gaussian,categorical,10.0,,512,5,0.972,0.024,0.98,0.014142,0.972,0.024,0.972,0.024,500,0.953553,0.983249,470.242,510,False,1284.79,486,False,0.08641975308641975,0.9135802469135803,0.3261941321106772,200,0.0001585942208265931,0.00025772365581005764,,,3.693382141714333,1.0,,,,,,,,results/T-sweep-nonDyck-5/distributions/aNbNcN_L128_T512_gaussian_categorical_sigma10.0.json
unconditional,aNbNcN,128,gaussian,categorical,100.0,,512,5,0.974,0.004899,0.998,0.004,0.974,0.004899,0.974,0.004899,500,0.956028,0.984744,488.186,510,False,1189.07,487,False,0.08624229979466119,0.9137577002053388,0.32414429008690265,200,0.00016233766233766234,0.0002639131725662257,,,3.695105461650166,1.0,,,,,,,,results/T-sweep-nonDyck-5/distributions/aNbNcN_L128_T512_gaussian_categorical_sigma100.0.json
unconditional,aNbNcN,128,ar,categorical,,,130,5,1.0,0.0,1.0,0.0,1.0,0.0,1.0,0.0,500,0.992375,1.0,129.0,129,False,244.27,500,False,0.084,0.916,0.33602847806778857,200,0.00015724259387382854,0.00025560738705348587,,,3.6808947534675154,1.0,,,,,,,,results/T-sweep-nonDyck-5/distributions/aNbNcN_L128_T130_ar_categorical_none.json
unconditional,aNbNcN,128,gaussian,greedy,10.0,,1024,5,1.0,0.0,1.0,0.0,1.0,0.0,1.0,0.0,500,0.992375,1.0,964.182,1018,False,3157.35,500,False,0.048,0.952,0.07966135179112144,200,9.505703422053231e-05,0.0001343570057581574,,,2.8545748080918125,0.5714285714285714,,,,,,,,results/T-sweep-nonDyck-5/distributions/aNbNcN_L128_T1024_gaussian_greedy_sigma10.0.json
unconditional,aNbNcN,128,gaussian,greedy,5.0,,1024,5,1.0,0.0,1.0,0.0,1.0,0.0,1.0,0.0,500,0.992375,1.0,973.47,1018,False,3281.4,500,False,0.036,0.964,0.04540807711388409,200,8.78379565377791e-05,0.00012406288215798523,,,2.395600583861809,0.42857142857142855,,,,,,,,results/T-sweep-nonDyck-5/distributions/aNbNcN_L128_T1024_gaussian_greedy_sigma5.0.json
unconditional,aNbNcN,128,gaussian,greedy,2.0,,1024,5,1.0,0.0,1.0,0.0,1.0,0.0,1.0,0.0,500,0.992375,1.0,988.27,1018,False,3329.91,500,False,0.016,0.984,0.016860392112448573,200,8.220979940808945e-05,0.00011604774535809019,,,1.4491428080871311,0.19047619047619047,,,,,,,,results/T-sweep-nonDyck-5/distributions/aNbNcN_L128_T1024_gaussian_greedy_sigma2.0.json
unconditional,aNbNcN,128,gaussian,greedy,1.0,,1024,5,1.0,0.0,1.0,0.0,1.0,0.0,1.0,0.0,500,0.992375,1.0,996.436,1018,False,3554.0,500,False,0.01,0.99,0.006975751247524729,200,8.083420903726457e-05,0.00011409013120365089,,,0.8621781663221296,0.11904761904761904,,,,,,,,results/T-sweep-nonDyck-5/distributions/aNbNcN_L128_T1024_gaussian_greedy_sigma1.0.json
unconditional,aNbNcN,128,gaussian,categorical,5.0,,1024,5,0.972,0.011662,0.98,0.010954,0.972,0.011662,0.972,0.011662,500,0.953553,0.983249,948.368,1018,False,1690.91,486,False,0.08641975308641975,0.9135802469135803,0.32644257364528473,200,0.0001605342580106595,0.0002609262883235486,,,3.694147775381947,1.0,,,,,,,,results/T-sweep-nonDyck-5/distributions/aNbNcN_L128_T1024_gaussian_categorical_sigma5.0.json
unconditional,aNbNcN,128,gaussian,categorical,1.0,,1024,5,0.982,0.011662,0.982,0.011662,0.982,0.011662,0.982,0.011662,500,0.966148,0.990502,981.224,1015,False,2029.57,491,False,0.0855397148676171,0.9144602851323829,0.32376065390361863,200,0.00016003584802995872,0.00026014568158168577,,,3.6906811526302503,1.0,,,,,,,,results/T-sweep-nonDyck-5/distributions/aNbNcN_L128_T1024_gaussian_categorical_sigma1.0.json
unconditional,baN,128,gaussian,categorical,50.0,,1024,5,0.97,0.008944,1.0,0.0,0.968,0.011662,0.998,0.004,500,0.948655,0.980209,980.028,1018,False,16043.31,484,False,1.0,0.0,0.15854911292280005,200,6.558882366444758e-05,0.0001322270338170639,0.75,0.625,,,,,,,,,,results/T-sweep-nonDyck-5/distributions/baN_L128_T1024_gaussian_categorical_sigma50.0.json
unconditional,aNbNcN,128,gaussian,categorical,2.0,,1024,5,0.972,0.007483,0.972,0.007483,0.972,0.007483,0.972,0.007483,500,0.953553,0.983249,964.534,1018,False,2028.62,486,False,0.08641975308641975,0.9135802469135803,0.3003382380790896,200,0.00015624511734008313,0.0002538473742662224,,,3.714520424163684,1.0,,,,,,,,results/T-sweep-nonDyck-5/distributions/aNbNcN_L128_T1024_gaussian_categorical_sigma2.0.json
unconditional,aNbNcN,128,gaussian,categorical,256.0,,1024,5,0.98,0.014142,0.998,0.004,0.978,0.017205,0.978,0.017205,500,0.961039,0.987672,994.096,1018,False,1383.36,489,False,0.08588957055214724,0.9141104294478528,0.30791393338743694,200,0.0001602255976414792,0.00026044210046554024,,,3.697764397000612,1.0,,,,,,,,results/T-sweep-nonDyck-5/distributions/aNbNcN_L128_T1024_gaussian_categorical_sigma256.0.json
unconditional,aNbNcN,128,gaussian,categorical,20.0,,1024,5,0.988,0.011662,0.99,0.010954,0.988,0.011662,0.988,0.011662,500,0.974069,0.994489,950.792,1018,False,1732.88,494,False,0.08502024291497975,0.9149797570850202,0.3049763369167544,200,0.00015863447444398616,0.00025785656728444803,,,3.6970174653370864,1.0,,,,,,,,results/T-sweep-nonDyck-5/distributions/aNbNcN_L128_T1024_gaussian_categorical_sigma20.0.json
unconditional,aNbNcN,128,gaussian,categorical,10.0,,1024,5,0.994,0.008,0.998,0.004,0.994,0.008,0.994,0.008,500,0.982509,0.997957,959.0,1018,False,1784.8,497,False,0.08450704225352113,0.9154929577464789,0.3358817291679573,200,0.00016177564952923285,0.00026307135810588623,,,3.6856815906425684,1.0,,,,,,,,results/T-sweep-nonDyck-5/distributions/aNbNcN_L128_T1024_gaussian_categorical_sigma10.0.json
unconditional,aNbNcN,128,gaussian,categorical,50.0,,1024,5,0.99,0.010954,0.998,0.004,0.986,0.013565,0.986,0.013565,500,0.971387,0.993202,965.28,1018,False,1570.5,493,False,0.08519269776876268,0.9148073022312373,0.3204938824061242,200,0.0001545833977430824,0.0002511616225040814,,,3.7019936950422214,1.0,,,,,,,,results/T-sweep-nonDyck-5/distributions/aNbNcN_L128_T1024_gaussian_categorical_sigma50.0.json
unconditional,aNbNcN,128,gaussian,categorical,100.0,,1024,5,0.982,0.011662,0.996,0.004899,0.98,0.012649,0.98,0.012649,500,0.963579,0.989101,979.766,1018,False,1506.9,490,False,0.08571428571428572,0.9142857142857143,0.3136227011947076,200,0.00015934223525287613,0.00025899187412994917,,,3.697624256936454,1.0,,,,,,,,results/T-sweep-nonDyck-5/distributions/aNbNcN_L128_T1024_gaussian_categorical_sigma100.0.json
unconditional,baN,128,gaussian,greedy,5.0,,1024,5,0.984,0.004899,1.0,0.0,0.984,0.004899,0.992,0.007483,500,0.968749,0.991871,973.682,1018,False,29959.04,492,False,0.17886178861788618,0.8211382113821138,0.00923975345477387,200,6.401638819537802e-05,0.0001290489095367144,0.75,0.625,,,,,,,,,,results/T-sweep-nonDyck-5/distributions/baN_L128_T1024_gaussian_greedy_sigma5.0.json
unconditional,baN,128,gaussian,greedy,2.0,,1024,5,0.974,0.004899,1.0,0.0,0.974,0.004899,0.98,0.008944,500,0.956028,0.984744,987.544,1018,False,30553.74,487,False,0.9835728952772074,0.01642710472279263,0.02955480527638191,200,6.467364064091577e-05,0.00013037384700629055,0.75,0.625,,,,,,,,,,results/T-sweep-nonDyck-5/distributions/baN_L128_T1024_gaussian_greedy_sigma2.0.json
unconditional,baN,128,gaussian,greedy,1.0,,1024,5,0.962,0.009798,1.0,0.0,0.962,0.009798,0.962,0.009798,500,0.941415,0.97554,995.686,1018,False,31311.87,481,False,1.0,0.0,0.037946568781407036,200,6.548038044101036e-05,0.000132000132000132,0.75,0.625,,,,,,,,,,results/T-sweep-nonDyck-5/distributions/baN_L128_T1024_gaussian_greedy_sigma1.0.json
unconditional,baN,128,gaussian,categorical,20.0,,1024,5,0.996,0.008,1.0,0.0,0.996,0.008,1.0,0.0,500,0.985534,0.998902,957.43,1018,False,19632.81,498,False,1.0,0.0,0.15862953277907554,200,6.377042646472698e-05,0.00012856155688045382,0.75,0.625,,,,,,,,,,results/T-sweep-nonDyck-5/distributions/baN_L128_T1024_gaussian_categorical_sigma20.0.json
unconditional,baN,128,gaussian,categorical,10.0,,1024,5,0.984,0.012,1.0,0.0,0.984,0.012,0.994,0.008,500,0.968749,0.991871,962.68,1018,False,21235.19,492,False,1.0,0.0,0.15914626506305507,200,6.448804552856014e-05,0.00013000731291135125,0.75,0.625,,,,,,,,,,results/T-sweep-nonDyck-5/distributions/baN_L128_T1024_gaussian_categorical_sigma10.0.json
unconditional,baN,128,gaussian,categorical,5.0,,1024,5,0.992,0.007483,1.0,0.0,0.992,0.007483,0.996,0.004899,500,0.979613,0.996885,972.078,1018,False,23910.33,496,False,1.0,0.0,0.15962300070429397,200,6.40450877417702e-05,0.0001291155584247902,0.75,0.625,,,,,,,,,,results/T-sweep-nonDyck-5/distributions/baN_L128_T1024_gaussian_categorical_sigma5.0.json
unconditional,baN,128,gaussian,categorical,2.0,,1024,5,0.984,0.010198,1.0,0.0,0.976,0.013565,0.986,0.010198,500,0.958523,0.986219,987.67,1018,False,24821.47,488,False,1.0,0.0,0.1594631560984397,200,6.504593869420278e-05,0.0001311324929926074,0.75,0.625,,,,,,,,,,results/T-sweep-nonDyck-5/distributions/baN_L128_T1024_gaussian_categorical_sigma2.0.json
unconditional,baN,128,gaussian,categorical,1.0,,1024,5,0.97,0.014142,1.0,0.0,0.958,0.025612,0.972,0.021354,500,0.936648,0.972368,995.302,1015,False,25845.87,479,False,1.0,0.0,0.15869497210243494,200,6.628991896057407e-05,0.0001336407069593398,0.75,0.625,,,,,,,,,,results/T-sweep-nonDyck-5/distributions/baN_L128_T1024_gaussian_categorical_sigma1.0.json
