dataset,grammar,L,strategy,sampling_strategy,sigma,eb_gamma,T,n_reps,mean_rule1,std_rule1,mean_rule2,std_rule2,mean_both_rules,std_both_rules,mean_format,std_format,n_steps_mean,n_steps_max,deterministic,elapsed_s,n_correct,n_correct_too_low,uniqueness,duplication_rate,mean_lev_dist_normalized,lev_n_used,bigram_diversity,trigram_diversity,dfa_state_coverage,dfa_transition_coverage,n_entropy,n_coverage,m_entropy,nm_joint_coverage,max_depth_ratio_mean,max_depth_ratio_std,brackets_parens_ratio_mean,brackets_parens_ratio_std,n_zero_paren_sequences,distribution_path
unconditional,baN,128,uniform,greedy,,,4,4,0.0,0.0,1.0,0.0,0.0,0.0,1.0,0.0,4.0,4,False,2.76,0,True,,,,0,,,,,,,,,,,,,,results/T-sweep-nonDyck-2/distributions/baN_L128_T4_uniform_greedy_none.json
unconditional,baN,128,uniform,categorical,,,4,4,0.475,0.043301,0.9,0.1,0.425,0.082916,0.8,0.122474,3.6,4,False,3.07,15,False,1.0,0.0,0.15612618673843165,15,0.002109704641350211,0.004253056884635832,0.75,0.625,,,,,,,,,,results/T-sweep-nonDyck-2/distributions/baN_L128_T4_uniform_categorical_none.json
unconditional,baN,128,uniform,greedy,,,8,4,0.0,0.0,1.0,0.0,0.0,0.0,1.0,0.0,8.0,8,False,3.4,0,True,,,,0,,,,,,,,,,,,,,results/T-sweep-nonDyck-2/distributions/baN_L128_T8_uniform_greedy_none.json
unconditional,baN,128,uniform,categorical,,,8,4,0.45,0.05,0.9,0.070711,0.425,0.082916,0.875,0.082916,7.35,8,False,3.46,17,False,1.0,0.0,0.15965461288827074,17,0.001869158878504673,0.0037682524729156855,0.75,0.625,,,,,,,,,,results/T-sweep-nonDyck-2/distributions/baN_L128_T8_uniform_categorical_none.json
unconditional,baN,128,uniform,greedy,,,16,4,0.0,0.0,1.0,0.0,0.0,0.0,1.0,0.0,16.0,16,False,4.62,0,True,,,,0,,,,,,,,,,,,,,results/T-sweep-nonDyck-2/distributions/baN_L128_T16_uniform_greedy_none.json
unconditional,baN,128,uniform,categorical,,,16,4,0.55,0.05,0.975,0.043301,0.525,0.082916,0.975,0.043301,15.8,16,False,4.61,21,False,1.0,0.0,0.15785232383808095,21,0.001511144692104269,0.0030464584920030465,0.75,0.625,,,,,,,,,,results/T-sweep-nonDyck-2/distributions/baN_L128_T16_uniform_categorical_none.json
unconditional,baN,128,uniform,greedy,,,32,4,0.05,0.05,1.0,0.0,0.05,0.05,1.0,0.0,31.975,32,False,7.43,2,True,,,,2,,,0.75,0.5,,,,,,,,,,results/T-sweep-nonDyck-2/distributions/baN_L128_T32_uniform_greedy_none.json
unconditional,baN,128,uniform,greedy,,,4,4,0.0,0.0,1.0,0.0,0.0,0.0,1.0,0.0,4.0,4,False,11.63,0,True,,,,0,,,,,,,,,,,,,,results/T-sweep-nonDyck-2/distributions/baN_L128_T4_uniform_greedy_none.json
unconditional,baN,128,uniform,categorical,,,4,4,0.475,0.043301,0.9,0.1,0.425,0.082916,0.8,0.122474,3.6,4,False,11.34,15,False,1.0,0.0,0.15612618673843165,15,0.002109704641350211,0.004253056884635832,0.75,0.625,,,,,,,,,,results/T-sweep-nonDyck-2/distributions/baN_L128_T4_uniform_categorical_none.json
unconditional,baN,128,uniform,greedy,,,8,4,0.0,0.0,1.0,0.0,0.0,0.0,1.0,0.0,8.0,8,False,13.11,0,True,,,,0,,,,,,,,,,,,,,results/T-sweep-nonDyck-2/distributions/baN_L128_T8_uniform_greedy_none.json
unconditional,baN,128,uniform,categorical,,,8,4,0.45,0.05,0.9,0.070711,0.425,0.082916,0.875,0.082916,7.35,8,False,13.3,17,False,1.0,0.0,0.15965461288827074,17,0.001869158878504673,0.0037682524729156855,0.75,0.625,,,,,,,,,,results/T-sweep-nonDyck-2/distributions/baN_L128_T8_uniform_categorical_none.json
unconditional,baN,128,uniform,greedy,,,16,4,0.0,0.0,1.0,0.0,0.0,0.0,1.0,0.0,16.0,16,False,18.08,0,True,,,,0,,,,,,,,,,,,,,results/T-sweep-nonDyck-2/distributions/baN_L128_T16_uniform_greedy_none.json
unconditional,baN,128,uniform,categorical,,,16,4,0.55,0.05,0.975,0.043301,0.525,0.082916,0.975,0.043301,15.8,16,False,18.41,21,False,1.0,0.0,0.15785232383808095,21,0.001511144692104269,0.0030464584920030465,0.75,0.625,,,,,,,,,,results/T-sweep-nonDyck-2/distributions/baN_L128_T16_uniform_categorical_none.json
unconditional,baN,128,gaussian,greedy,50.0,,4,4,0.4,0.070711,1.0,0.0,0.4,0.070711,1.0,0.0,4.475,5,False,19.68,16,False,0.75,0.25,0.007486979166666667,16,0.0014763779527559055,0.001984126984126984,0.75,0.625,,,,,,,,,,results/T-sweep-nonDyck-2/distributions/baN_L128_T4_gaussian_greedy_sigma50.0.json
unconditional,baN,128,gaussian,greedy,20.0,,4,4,0.225,0.082916,1.0,0.0,0.225,0.082916,1.0,0.0,4.225,5,False,25.96,9,False,0.5555555555555556,0.4444444444444444,0.006293402777777778,9,0.0026246719160104987,0.003527336860670194,0.75,0.625,,,,,,,,,,results/T-sweep-nonDyck-2/distributions/baN_L128_T4_gaussian_greedy_sigma20.0.json
unconditional,baN,128,gaussian,greedy,10.0,,4,4,0.05,0.05,1.0,0.0,0.05,0.05,1.0,0.0,4.075,5,False,26.14,2,True,,,,2,,,0.75,0.625,,,,,,,,,,results/T-sweep-nonDyck-2/distributions/baN_L128_T4_gaussian_greedy_sigma10.0.json
unconditional,baN,128,uniform,greedy,,,32,4,0.05,0.05,1.0,0.0,0.05,0.05,1.0,0.0,31.975,32,False,26.54,2,True,,,,2,,,0.75,0.5,,,,,,,,,,results/T-sweep-nonDyck-2/distributions/baN_L128_T32_uniform_greedy_none.json
unconditional,baN,128,gaussian,greedy,2.0,,4,4,0.0,0.0,1.0,0.0,0.0,0.0,1.0,0.0,4.0,4,False,27.25,0,True,,,,0,,,,,,,,,,,,,,results/T-sweep-nonDyck-2/distributions/baN_L128_T4_gaussian_greedy_sigma2.0.json
unconditional,baN,128,gaussian,greedy,5.0,,4,4,0.1,0.122474,1.0,0.0,0.1,0.122474,1.0,0.0,4.025,5,False,27.97,4,True,,,,4,,,0.75,0.625,,,,,,,,,,results/T-sweep-nonDyck-2/distributions/baN_L128_T4_gaussian_greedy_sigma5.0.json
unconditional,baN,128,uniform,categorical,,,32,4,0.6,0.158114,0.975,0.043301,0.575,0.147902,0.925,0.043301,30.925,32,False,28.47,21,False,1.0,0.0,0.15629238884702337,21,0.0015191796429927839,0.0030627871362940277,0.75,0.625,,,,,,,,,,results/T-sweep-nonDyck-2/distributions/baN_L128_T32_uniform_categorical_none.json
unconditional,baN,128,gaussian,greedy,1.0,,4,4,0.0,0.0,1.0,0.0,0.0,0.0,1.0,0.0,4.0,4,False,31.42,0,True,,,,0,,,,,,,,,,,,,,results/T-sweep-nonDyck-2/distributions/baN_L128_T4_gaussian_greedy_sigma1.0.json
unconditional,baN,128,gaussian,greedy,50.0,,8,4,0.5,0.070711,1.0,0.0,0.5,0.070711,1.0,0.0,8.425,9,False,33.36,20,False,0.8,0.19999999999999996,0.007648026315789474,20,0.0011811023622047244,0.0015873015873015873,0.75,0.625,,,,,,,,,,results/T-sweep-nonDyck-2/distributions/baN_L128_T8_gaussian_greedy_sigma50.0.json
unconditional,baN,128,uniform,greedy,,,4,4,0.0,0.0,1.0,0.0,0.0,0.0,1.0,0.0,4.0,4,False,10.72,0,True,,,,0,,,,,,,,,,,,,,results/T-sweep-nonDyck-2/distributions/baN_L128_T4_uniform_greedy_none.json
unconditional,baN,128,uniform,categorical,,,4,4,0.475,0.043301,0.9,0.1,0.425,0.082916,0.8,0.122474,3.6,4,False,10.68,15,False,1.0,0.0,0.15612618673843165,15,0.002109704641350211,0.004253056884635832,0.75,0.625,,,,,,,,,,results/T-sweep-nonDyck-2/distributions/baN_L128_T4_uniform_categorical_none.json
unconditional,baN,128,uniform,categorical,,,8,4,0.45,0.05,0.9,0.070711,0.425,0.082916,0.875,0.082916,7.35,8,False,12.71,17,False,1.0,0.0,0.15965461288827074,17,0.001869158878504673,0.0037682524729156855,0.75,0.625,,,,,,,,,,results/T-sweep-nonDyck-2/distributions/baN_L128_T8_uniform_categorical_none.json
unconditional,baN,128,uniform,greedy,,,8,4,0.0,0.0,1.0,0.0,0.0,0.0,1.0,0.0,8.0,8,False,12.88,0,True,,,,0,,,,,,,,,,,,,,results/T-sweep-nonDyck-2/distributions/baN_L128_T8_uniform_greedy_none.json
unconditional,baN,128,uniform,greedy,,,16,4,0.0,0.0,1.0,0.0,0.0,0.0,1.0,0.0,16.0,16,False,16.82,0,True,,,,0,,,,,,,,,,,,,,results/T-sweep-nonDyck-2/distributions/baN_L128_T16_uniform_greedy_none.json
unconditional,baN,128,gaussian,greedy,50.0,,4,4,0.4,0.070711,1.0,0.0,0.4,0.070711,1.0,0.0,4.475,5,False,17.33,16,False,0.75,0.25,0.007486979166666667,16,0.0014763779527559055,0.001984126984126984,0.75,0.625,,,,,,,,,,results/T-sweep-nonDyck-2/distributions/baN_L128_T4_gaussian_greedy_sigma50.0.json
unconditional,baN,128,uniform,categorical,,,16,4,0.55,0.05,0.975,0.043301,0.525,0.082916,0.975,0.043301,15.8,16,False,17.76,21,False,1.0,0.0,0.15785232383808095,21,0.001511144692104269,0.0030464584920030465,0.75,0.625,,,,,,,,,,results/T-sweep-nonDyck-2/distributions/baN_L128_T16_uniform_categorical_none.json
unconditional,baN,128,gaussian,greedy,20.0,,4,4,0.225,0.082916,1.0,0.0,0.225,0.082916,1.0,0.0,4.225,5,False,21.48,9,False,0.5555555555555556,0.4444444444444444,0.006293402777777778,9,0.0026246719160104987,0.003527336860670194,0.75,0.625,,,,,,,,,,results/T-sweep-nonDyck-2/distributions/baN_L128_T4_gaussian_greedy_sigma20.0.json
unconditional,baN,128,uniform,greedy,,,32,4,0.05,0.05,1.0,0.0,0.05,0.05,1.0,0.0,31.975,32,False,26.87,2,True,,,,2,,,0.75,0.5,,,,,,,,,,results/T-sweep-nonDyck-2/distributions/baN_L128_T32_uniform_greedy_none.json
unconditional,baN,128,gaussian,greedy,5.0,,4,4,0.1,0.122474,1.0,0.0,0.1,0.122474,1.0,0.0,4.025,5,False,26.75,4,True,,,,4,,,0.75,0.625,,,,,,,,,,results/T-sweep-nonDyck-2/distributions/baN_L128_T4_gaussian_greedy_sigma5.0.json
unconditional,baN,128,gaussian,greedy,50.0,,8,4,0.5,0.070711,1.0,0.0,0.5,0.070711,1.0,0.0,8.425,9,False,27.31,20,False,0.8,0.19999999999999996,0.007648026315789474,20,0.0011811023622047244,0.0015873015873015873,0.75,0.625,,,,,,,,,,results/T-sweep-nonDyck-2/distributions/baN_L128_T8_gaussian_greedy_sigma50.0.json
unconditional,baN,128,gaussian,greedy,10.0,,4,4,0.05,0.05,1.0,0.0,0.05,0.05,1.0,0.0,4.075,5,False,27.65,2,True,,,,2,,,0.75,0.625,,,,,,,,,,results/T-sweep-nonDyck-2/distributions/baN_L128_T4_gaussian_greedy_sigma10.0.json
unconditional,baN,128,uniform,categorical,,,32,4,0.6,0.158114,0.975,0.043301,0.575,0.147902,0.925,0.043301,30.925,32,False,28.03,21,False,1.0,0.0,0.15629238884702337,21,0.0015191796429927839,0.0030627871362940277,0.75,0.625,,,,,,,,,,results/T-sweep-nonDyck-2/distributions/baN_L128_T32_uniform_categorical_none.json
unconditional,baN,128,gaussian,greedy,1.0,,4,4,0.0,0.0,1.0,0.0,0.0,0.0,1.0,0.0,4.0,4,False,28.25,0,True,,,,0,,,,,,,,,,,,,,results/T-sweep-nonDyck-2/distributions/baN_L128_T4_gaussian_greedy_sigma1.0.json
unconditional,baN,128,gaussian,greedy,2.0,,4,4,0.0,0.0,1.0,0.0,0.0,0.0,1.0,0.0,4.0,4,False,31.12,0,True,,,,0,,,,,,,,,,,,,,results/T-sweep-nonDyck-2/distributions/baN_L128_T4_gaussian_greedy_sigma2.0.json
unconditional,baN,128,gaussian,greedy,20.0,,8,4,0.4,0.158114,1.0,0.0,0.4,0.158114,0.975,0.043301,8.2,9,False,38.13,16,False,0.75,0.25,0.007486979166666667,16,0.0014763779527559055,0.001984126984126984,0.75,0.625,,,,,,,,,,results/T-sweep-nonDyck-2/distributions/baN_L128_T8_gaussian_greedy_sigma20.0.json
unconditional,baN,128,uniform,categorical,,,64,4,0.575,0.082916,1.0,0.0,0.575,0.082916,0.975,0.043301,63.8,64,False,47.54,23,False,1.0,0.0,0.1556934533043748,23,0.0013759889920880633,0.0027739251040221915,0.75,0.625,,,,,,,,,,results/T-sweep-nonDyck-2/distributions/baN_L128_T64_uniform_categorical_none.json
unconditional,baN,128,gaussian,greedy,2.0,,8,4,0.2,0.070711,1.0,0.0,0.2,0.070711,1.0,0.0,8.0,8,False,47.46,8,False,0.375,0.625,0.004743303571428571,8,0.002952755905511811,0.003968253968253968,0.75,0.5,,,,,,,,,,results/T-sweep-nonDyck-2/distributions/baN_L128_T8_gaussian_greedy_sigma2.0.json
unconditional,baN,128,gaussian,greedy,10.0,,8,4,0.15,0.111803,1.0,0.0,0.15,0.111803,0.975,0.043301,8.125,9,False,47.67,6,False,0.6666666666666666,0.33333333333333337,0.00625,6,0.003937007874015748,0.005291005291005291,0.75,0.625,,,,,,,,,,results/T-sweep-nonDyck-2/distributions/baN_L128_T8_gaussian_greedy_sigma10.0.json
unconditional,baN,128,gaussian,greedy,1.0,,8,4,0.575,0.043301,1.0,0.0,0.575,0.043301,1.0,0.0,8.0,8,False,47.83,23,False,0.13043478260869565,0.8695652173913043,0.003767292490118577,23,0.0010270455323519343,0.0013802622498274672,0.75,0.625,,,,,,,,,,results/T-sweep-nonDyck-2/distributions/baN_L128_T8_gaussian_greedy_sigma1.0.json
unconditional,baN,128,gaussian,greedy,5.0,,8,4,0.075,0.043301,1.0,0.0,0.075,0.043301,0.975,0.043301,8.05,9,False,49.28,3,True,,,,3,,,0.75,0.625,,,,,,,,,,results/T-sweep-nonDyck-2/distributions/baN_L128_T8_gaussian_greedy_sigma5.0.json
unconditional,baN,128,uniform,greedy,,,64,4,0.175,0.147902,1.0,0.0,0.175,0.147902,1.0,0.0,63.875,64,False,55.26,7,False,1.0,0.0,0.0078125,7,0.003374578177727784,0.0045351473922902496,0.75,0.625,,,,,,,,,,results/T-sweep-nonDyck-2/distributions/baN_L128_T64_uniform_greedy_none.json
unconditional,baN,128,gaussian,greedy,50.0,,16,4,0.7,0.212132,1.0,0.0,0.7,0.212132,0.975,0.043301,16.075,17,False,51.22,28,False,0.7142857142857143,0.2857142857142857,0.007626488095238095,28,0.000843644544431946,0.0011337868480725624,0.75,0.625,,,,,,,,,,results/T-sweep-nonDyck-2/distributions/baN_L128_T16_gaussian_greedy_sigma50.0.json
unconditional,baN,128,gaussian,categorical,1.0,,4,4,0.6,0.070711,1.0,0.0,0.6,0.070711,0.575,0.204634,4.0,4,False,25.75,13,False,1.0,0.0,0.1585402786190188,13,0.003663003663003663,0.006153846153846154,0.75,0.625,,,,,,,,,,results/T-sweep-nonDyck-2/distributions/baN_L128_T4_gaussian_categorical_sigma1.0.json
unconditional,baN,128,uniform,categorical,,,128,4,0.775,0.147902,1.0,0.0,0.775,0.147902,0.975,0.043301,127.35,128,False,77.4,30,False,1.0,0.0,0.1577039220295463,30,0.0010570824524312897,0.002131060202450719,0.75,0.625,,,,,,,,,,results/T-sweep-nonDyck-2/distributions/baN_L128_T128_uniform_categorical_none.json
unconditional,baN,128,gaussian,greedy,10.0,,16,4,0.425,0.216506,1.0,0.0,0.425,0.216506,0.9,0.070711,15.575,17,False,79.46,17,False,0.5294117647058824,0.47058823529411764,0.007123161764705882,17,0.0013895321908290875,0.0018674136321195146,0.75,0.625,,,,,,,,,,results/T-sweep-nonDyck-2/distributions/baN_L128_T16_gaussian_greedy_sigma10.0.json
unconditional,baN,128,gaussian,greedy,20.0,,16,4,0.7,0.212132,1.0,0.0,0.7,0.212132,1.0,0.0,15.875,17,False,69.83,28,False,0.5,0.5,0.007316468253968254,28,0.000843644544431946,0.0011337868480725624,0.75,0.625,,,,,,,,,,results/T-sweep-nonDyck-2/distributions/baN_L128_T16_gaussian_greedy_sigma20.0.json
unconditional,baN,128,gaussian,categorical,2.0,,4,4,0.575,0.147902,1.0,0.0,0.575,0.147902,0.575,0.204634,4.0,4,False,30.8,11,False,1.0,0.0,0.15793991416309014,11,0.004325883201153569,0.007267441860465116,0.75,0.625,,,,,,,,,,results/T-sweep-nonDyck-2/distributions/baN_L128_T4_gaussian_categorical_sigma2.0.json
unconditional,baN,128,gaussian,categorical,5.0,,4,4,0.475,0.108972,1.0,0.0,0.475,0.108972,0.475,0.082916,4.025,5,False,24.1,10,False,1.0,0.0,0.1555730258560447,10,0.004754358161648178,0.007987220447284345,0.75,0.625,,,,,,,,,,results/T-sweep-nonDyck-2/distributions/baN_L128_T4_gaussian_categorical_sigma5.0.json
unconditional,baN,128,uniform,greedy,,,128,4,0.6,0.234521,1.0,0.0,0.6,0.234521,1.0,0.0,127.275,128,False,87.82,24,False,0.9166666666666666,0.08333333333333337,0.00775588768115942,24,0.000984251968503937,0.0013227513227513227,0.75,0.625,,,,,,,,,,results/T-sweep-nonDyck-2/distributions/baN_L128_T128_uniform_greedy_none.json
unconditional,baN,128,gaussian,greedy,5.0,,16,4,0.475,0.082916,1.0,0.0,0.475,0.082916,0.925,0.082916,15.75,16,False,87.92,19,False,0.5789473684210527,0.42105263157894735,0.00735562865497076,19,0.0012432656444260257,0.001670843776106934,0.75,0.625,,,,,,,,,,results/T-sweep-nonDyck-2/distributions/baN_L128_T16_gaussian_greedy_sigma5.0.json
unconditional,baN,128,gaussian,greedy,1.0,,16,4,0.625,0.204634,1.0,0.0,0.625,0.204634,1.0,0.0,16.0,16,False,92.34,25,False,0.52,0.48,0.008919270833333333,25,0.0009448818897637795,0.0012698412698412698,0.75,0.625,,,,,,,,,,results/T-sweep-nonDyck-2/distributions/baN_L128_T16_gaussian_greedy_sigma1.0.json
unconditional,baN,128,gaussian,categorical,50.0,,4,4,0.45,0.05,1.0,0.0,0.45,0.05,0.525,0.082916,3.725,5,False,15.9,11,False,1.0,0.0,0.16159368269921034,11,0.002894356005788712,0.005835156819839533,0.75,0.625,,,,,,,,,,results/T-sweep-nonDyck-2/distributions/baN_L128_T4_gaussian_categorical_sigma50.0.json
unconditional,baN,128,gaussian,categorical,20.0,,4,4,0.525,0.082916,1.0,0.0,0.525,0.082916,0.675,0.082916,4.0,5,False,20.81,13,False,1.0,0.0,0.15566989507667472,13,0.0024405125076266015,0.004920049200492005,0.75,0.625,,,,,,,,,,results/T-sweep-nonDyck-2/distributions/baN_L128_T4_gaussian_categorical_sigma20.0.json
unconditional,baN,128,gaussian,categorical,10.0,,4,4,0.6,0.070711,1.0,0.0,0.6,0.070711,0.475,0.082916,4.025,5,False,24.21,14,False,1.0,0.0,0.1609927234927235,14,0.00340522133938706,0.006292906178489702,0.75,0.625,,,,,,,,,,results/T-sweep-nonDyck-2/distributions/baN_L128_T4_gaussian_categorical_sigma10.0.json
unconditional,baN,128,gaussian,greedy,2.0,,16,4,0.475,0.082916,1.0,0.0,0.475,0.082916,1.0,0.0,16.0,16,False,105.11,19,False,0.5789473684210527,0.42105263157894735,0.007789656432748538,19,0.0012432656444260257,0.001670843776106934,0.75,0.625,,,,,,,,,,results/T-sweep-nonDyck-2/distributions/baN_L128_T16_gaussian_greedy_sigma2.0.json
unconditional,baN,128,gaussian,greedy,50.0,,32,4,0.675,0.082916,1.0,0.0,0.675,0.082916,0.975,0.043301,31.325,33,False,91.69,27,False,0.6296296296296297,0.37037037037037035,0.007478632478632479,27,0.0008748906386701663,0.0011757789535567313,0.75,0.625,,,,,,,,,,results/T-sweep-nonDyck-2/distributions/baN_L128_T32_gaussian_greedy_sigma50.0.json
unconditional,baN,128,gaussian,categorical,50.0,,8,4,0.7,0.141421,1.0,0.0,0.7,0.141421,0.925,0.043301,7.975,9,False,27.61,27,False,1.0,0.0,0.16135852451641924,27,0.0011788977306218685,0.0023767082590612004,0.75,0.625,,,,,,,,,,results/T-sweep-nonDyck-2/distributions/baN_L128_T8_gaussian_categorical_sigma50.0.json
unconditional,baN,128,gaussian,categorical,20.0,,8,4,0.825,0.108972,1.0,0.0,0.825,0.108972,0.775,0.108972,7.85,9,False,37.74,26,False,1.0,0.0,0.15866383237169754,26,0.001224364860728497,0.002468373958654736,0.75,0.625,,,,,,,,,,results/T-sweep-nonDyck-2/distributions/baN_L128_T8_gaussian_categorical_sigma20.0.json
unconditional,baN,128,gaussian,categorical,1.0,,8,4,0.4,0.070711,1.0,0.0,0.4,0.070711,0.525,0.178536,8.025,9,False,48.7,6,False,1.0,0.0,0.156078431372549,6,0.007905138339920948,0.014608233731739707,0.75,0.625,,,,,,,,,,results/T-sweep-nonDyck-2/distributions/baN_L128_T8_gaussian_categorical_sigma1.0.json
unconditional,baN,128,gaussian,categorical,5.0,,8,4,0.5,0.1,1.0,0.0,0.5,0.1,0.65,0.086603,7.975,9,False,47.22,15,False,1.0,0.0,0.15834903882397286,15,0.0031914893617021275,0.005898123324396783,0.75,0.625,,,,,,,,,,results/T-sweep-nonDyck-2/distributions/baN_L128_T8_gaussian_categorical_sigma5.0.json
unconditional,baN,128,gaussian,categorical,10.0,,8,4,0.425,0.147902,1.0,0.0,0.425,0.147902,0.475,0.192029,7.725,9,False,45.64,10,False,1.0,0.0,0.1605230823240302,10,0.0031847133757961785,0.006420545746388443,0.75,0.625,,,,,,,,,,results/T-sweep-nonDyck-2/distributions/baN_L128_T8_gaussian_categorical_sigma10.0.json
unconditional,baN,128,gaussian,categorical,2.0,,8,4,0.475,0.178536,1.0,0.0,0.475,0.178536,0.525,0.178536,8.025,9,False,61.02,9,False,1.0,0.0,0.15499124343257442,9,0.00529567519858782,0.009786476868327402,0.75,0.625,,,,,,,,,,results/T-sweep-nonDyck-2/distributions/baN_L128_T8_gaussian_categorical_sigma2.0.json
unconditional,baN,128,gaussian,greedy,20.0,,32,4,0.65,0.111803,1.0,0.0,0.65,0.111803,0.9,0.070711,30.925,33,False,139.52,26,False,0.5384615384615384,0.46153846153846156,0.007451923076923077,26,0.0009085402786190188,0.001221001221001221,0.75,0.625,,,,,,,,,,results/T-sweep-nonDyck-2/distributions/baN_L128_T32_gaussian_greedy_sigma20.0.json
unconditional,baN,128,gaussian,categorical,50.0,,16,4,0.825,0.043301,0.975,0.043301,0.825,0.043301,0.725,0.147902,14.55,17,False,51.7,26,False,1.0,0.0,0.15878934624697336,26,0.0012202562538133007,0.0024600246002460025,0.75,0.625,,,,,,,,,,results/T-sweep-nonDyck-2/distributions/baN_L128_T16_gaussian_categorical_sigma50.0.json
unconditional,baN,128,gaussian,categorical,20.0,,16,4,0.85,0.05,1.0,0.0,0.85,0.05,0.85,0.086603,15.25,17,False,74.82,31,False,1.0,0.0,0.16070914783786072,31,0.0010235414534288639,0.0020634511220015478,0.75,0.625,,,,,,,,,,results/T-sweep-nonDyck-2/distributions/baN_L128_T16_gaussian_categorical_sigma20.0.json
unconditional,baN,128,gaussian,categorical,1.0,,16,4,0.525,0.043301,1.0,0.0,0.525,0.043301,0.425,0.258602,15.925,17,False,96.02,7,False,1.0,0.0,0.16141732283464566,7,0.006802721088435374,0.012571428571428572,0.75,0.625,,,,,,,,,,results/T-sweep-nonDyck-2/distributions/baN_L128_T16_gaussian_categorical_sigma1.0.json
unconditional,baN,128,gaussian,categorical,5.0,,16,4,0.6,0.070711,1.0,0.0,0.6,0.070711,0.475,0.108972,15.425,16,False,94.5,15,False,1.0,0.0,0.15951882845188284,15,0.0021085925144965737,0.004250797024442083,0.75,0.625,,,,,,,,,,results/T-sweep-nonDyck-2/distributions/baN_L128_T16_gaussian_categorical_sigma5.0.json
unconditional,baN,128,gaussian,categorical,2.0,,16,4,0.55,0.15,1.0,0.0,0.55,0.15,0.5,0.223607,15.875,17,False,95.85,14,False,1.0,0.0,0.15969334719334718,14,0.0022701475595913734,0.004576659038901602,0.75,0.625,,,,,,,,,,results/T-sweep-nonDyck-2/distributions/baN_L128_T16_gaussian_categorical_sigma2.0.json
unconditional,baN,128,gaussian,greedy,2.0,,32,4,0.45,0.269258,1.0,0.0,0.45,0.269258,0.925,0.129904,31.425,32,False,182.04,18,False,0.8888888888888888,0.11111111111111116,0.015063316993464053,18,0.0017497812773403325,0.0026455026455026454,0.75,0.625,,,,,,,,,,results/T-sweep-nonDyck-2/distributions/baN_L128_T32_gaussian_greedy_sigma2.0.json
unconditional,baN,128,gaussian,greedy,10.0,,32,4,0.625,0.082916,1.0,0.0,0.625,0.082916,0.975,0.043301,30.675,33,False,177.32,25,False,0.4,0.6,0.00703125,25,0.0009448818897637795,0.0012698412698412698,0.75,0.625,,,,,,,,,,results/T-sweep-nonDyck-2/distributions/baN_L128_T32_gaussian_greedy_sigma10.0.json
unconditional,baN,128,gaussian,greedy,5.0,,32,4,0.675,0.082916,1.0,0.0,0.675,0.082916,0.875,0.108972,30.95,32,False,182.15,27,False,0.5185185185185185,0.4814814814814815,0.007868144586894587,27,0.0011665208515602217,0.001763668430335097,0.75,0.625,,,,,,,,,,results/T-sweep-nonDyck-2/distributions/baN_L128_T32_gaussian_greedy_sigma5.0.json
unconditional,baN,128,gaussian,categorical,10.0,,16,4,0.65,0.111803,1.0,0.0,0.65,0.111803,0.725,0.163936,15.225,17,False,97.23,22,False,1.0,0.0,0.15974489795918367,22,0.0014398848092152627,0.002902757619738752,0.75,0.625,,,,,,,,,,results/T-sweep-nonDyck-2/distributions/baN_L128_T16_gaussian_categorical_sigma10.0.json
unconditional,baN,128,gaussian,greedy,1.0,,32,4,0.8,0.1,1.0,0.0,0.8,0.1,0.925,0.082916,31.9,32,False,194.98,32,False,0.96875,0.03125,0.01656218497983871,32,0.000984251968503937,0.001736111111111111,0.75,0.625,,,,,,,,,,results/T-sweep-nonDyck-2/distributions/baN_L128_T32_gaussian_greedy_sigma1.0.json
unconditional,baN,128,gaussian,greedy,50.0,,64,4,0.875,0.082916,1.0,0.0,0.875,0.082916,0.975,0.043301,61.675,65,False,184.83,35,False,0.7142857142857143,0.2857142857142857,0.007641806722689075,35,0.0006749156355455568,0.0009070294784580499,0.75,0.625,,,,,,,,,,results/T-sweep-nonDyck-2/distributions/baN_L128_T64_gaussian_greedy_sigma50.0.json
unconditional,baN,128,gaussian,categorical,50.0,,32,4,0.85,0.086603,1.0,0.0,0.85,0.086603,0.975,0.043301,30.85,33,False,103.74,33,False,1.0,0.0,0.1586664677804296,33,0.0009622323791195574,0.0019398642095053346,0.75,0.625,,,,,,,,,,results/T-sweep-nonDyck-2/distributions/baN_L128_T32_gaussian_categorical_sigma50.0.json
unconditional,baN,128,gaussian,greedy,20.0,,64,4,0.775,0.108972,1.0,0.0,0.775,0.108972,0.975,0.043301,61.575,65,False,279.82,31,False,0.4838709677419355,0.5161290322580645,0.007358870967741935,31,0.000762001524003048,0.0010240655401945725,0.75,0.625,,,,,,,,,,results/T-sweep-nonDyck-2/distributions/baN_L128_T64_gaussian_greedy_sigma20.0.json
unconditional,baN,128,gaussian,categorical,10.0,,32,4,0.675,0.129904,1.0,0.0,0.675,0.129904,0.7,0.122474,30.1,33,False,175.04,23,False,1.0,0.0,0.15841306448094244,23,0.00138217000691085,0.002786485545106235,0.75,0.625,,,,,,,,,,results/T-sweep-nonDyck-2/distributions/baN_L128_T32_gaussian_categorical_sigma10.0.json
unconditional,baN,128,gaussian,categorical,5.0,,32,4,0.7,0.158114,1.0,0.0,0.7,0.158114,0.6,0.158114,30.625,33,False,181.1,21,False,1.0,0.0,0.1603798420458819,21,0.001516300227445034,0.003056935422239205,0.75,0.625,,,,,,,,,,results/T-sweep-nonDyck-2/distributions/baN_L128_T32_gaussian_categorical_sigma5.0.json
unconditional,baN,128,gaussian,categorical,2.0,,32,4,0.6,0.187083,1.0,0.0,0.6,0.187083,0.55,0.15,31.175,32,False,189.08,15,False,1.0,0.0,0.1554930633670791,15,0.0021164021164021165,0.004266666666666667,0.75,0.625,,,,,,,,,,results/T-sweep-nonDyck-2/distributions/baN_L128_T32_gaussian_categorical_sigma2.0.json
unconditional,baN,128,gaussian,categorical,20.0,,32,4,0.825,0.192029,1.0,0.0,0.825,0.192029,0.9,0.173205,30.025,33,False,172.02,32,False,1.0,0.0,0.159888142467837,32,0.0009900990099009901,0.001996007984031936,0.75,0.625,,,,,,,,,,results/T-sweep-nonDyck-2/distributions/baN_L128_T32_gaussian_categorical_sigma20.0.json
unconditional,baN,128,gaussian,categorical,1.0,,32,4,0.6,0.244949,1.0,0.0,0.6,0.244949,0.4,0.070711,31.475,32,False,194.85,15,False,1.0,0.0,0.15851476289889652,15,0.0021041557075223566,0.0042417815482502655,0.75,0.625,,,,,,,,,,results/T-sweep-nonDyck-2/distributions/baN_L128_T32_gaussian_categorical_sigma1.0.json
unconditional,baN,128,ebsampler,greedy,,0.1,4,1,1.0,0.0,1.0,0.0,1.0,0.0,1.0,0.0,128.0,128,True,7.8,10,False,0.1,0.9,0.0,10,0.002362204724409449,0.0031746031746031746,0.75,0.5,,,,,,,,,,results/T-sweep-nonDyck-2/distributions/baN_L128_T4_ebsampler_greedy_gamma0.1.json
unconditional,baN,128,ebsampler,greedy,,0.9,4,1,0.0,0.0,1.0,0.0,0.0,0.0,1.0,0.0,64.0,64,True,6.09,0,True,,,,0,,,,,,,,,,,,,,results/T-sweep-nonDyck-2/distributions/baN_L128_T4_ebsampler_greedy_gamma0.9.json
unconditional,baN,128,ebsampler,greedy,,5.0,4,1,0.0,0.0,1.0,0.0,0.0,0.0,1.0,0.0,16.0,16,True,2.95,0,True,,,,0,,,,,,,,,,,,,,results/T-sweep-nonDyck-2/distributions/baN_L128_T4_ebsampler_greedy_gamma5.0.json
unconditional,baN,128,ebsampler,greedy,,2.0,4,1,0.0,0.0,1.0,0.0,0.0,0.0,1.0,0.0,43.0,43,True,4.2,0,True,,,,0,,,,,,,,,,,,,,results/T-sweep-nonDyck-2/distributions/baN_L128_T4_ebsampler_greedy_gamma2.0.json
unconditional,baN,128,ebsampler,greedy,,0.5,4,1,1.0,0.0,1.0,0.0,1.0,0.0,1.0,0.0,128.0,128,True,8.07,10,False,0.1,0.9,0.0,10,0.002362204724409449,0.0031746031746031746,0.75,0.5,,,,,,,,,,results/T-sweep-nonDyck-2/distributions/baN_L128_T4_ebsampler_greedy_gamma0.5.json
unconditional,baN,128,ebsampler,greedy,,10.0,4,1,0.0,0.0,1.0,0.0,0.0,0.0,1.0,0.0,9.0,9,True,3.33,0,True,,,,0,,,,,,,,,,,,,,results/T-sweep-nonDyck-2/distributions/baN_L128_T4_ebsampler_greedy_gamma10.0.json
unconditional,baN,128,ebsampler,greedy,,0.9,8,1,0.0,0.0,1.0,0.0,0.0,0.0,1.0,0.0,64.0,64,True,5.04,0,True,,,,0,,,,,,,,,,,,,,results/T-sweep-nonDyck-2/distributions/baN_L128_T8_ebsampler_greedy_gamma0.9.json
unconditional,baN,128,ebsampler,greedy,,0.1,8,1,1.0,0.0,1.0,0.0,1.0,0.0,1.0,0.0,128.0,128,True,7.93,10,False,0.1,0.9,0.0,10,0.002362204724409449,0.0031746031746031746,0.75,0.5,,,,,,,,,,results/T-sweep-nonDyck-2/distributions/baN_L128_T8_ebsampler_greedy_gamma0.1.json
unconditional,baN,128,ebsampler,greedy,,0.5,8,1,1.0,0.0,1.0,0.0,1.0,0.0,1.0,0.0,128.0,128,True,8.2,10,False,0.1,0.9,0.0,10,0.002362204724409449,0.0031746031746031746,0.75,0.5,,,,,,,,,,results/T-sweep-nonDyck-2/distributions/baN_L128_T8_ebsampler_greedy_gamma0.5.json
unconditional,baN,128,ebsampler,greedy,,2.0,8,1,0.0,0.0,1.0,0.0,0.0,0.0,1.0,0.0,43.0,43,True,5.29,0,True,,,,0,,,,,,,,,,,,,,results/T-sweep-nonDyck-2/distributions/baN_L128_T8_ebsampler_greedy_gamma2.0.json
unconditional,baN,128,ebsampler,greedy,,5.0,8,1,0.0,0.0,1.0,0.0,0.0,0.0,1.0,0.0,16.0,16,True,3.41,0,True,,,,0,,,,,,,,,,,,,,results/T-sweep-nonDyck-2/distributions/baN_L128_T8_ebsampler_greedy_gamma5.0.json
unconditional,baN,128,ebsampler,greedy,,10.0,8,1,0.0,0.0,1.0,0.0,0.0,0.0,1.0,0.0,9.0,9,True,3.71,0,True,,,,0,,,,,,,,,,,,,,results/T-sweep-nonDyck-2/distributions/baN_L128_T8_ebsampler_greedy_gamma10.0.json
unconditional,baN,128,ebsampler,greedy,,0.9,16,1,0.0,0.0,1.0,0.0,0.0,0.0,1.0,0.0,64.0,64,True,7.53,0,True,,,,0,,,,,,,,,,,,,,results/T-sweep-nonDyck-2/distributions/baN_L128_T16_ebsampler_greedy_gamma0.9.json
unconditional,baN,128,ebsampler,greedy,,2.0,16,1,0.0,0.0,1.0,0.0,0.0,0.0,1.0,0.0,43.0,43,True,7.5,0,True,,,,0,,,,,,,,,,,,,,results/T-sweep-nonDyck-2/distributions/baN_L128_T16_ebsampler_greedy_gamma2.0.json
unconditional,baN,128,ebsampler,greedy,,0.1,16,1,1.0,0.0,1.0,0.0,1.0,0.0,1.0,0.0,128.0,128,True,12.16,10,False,0.1,0.9,0.0,10,0.002362204724409449,0.0031746031746031746,0.75,0.5,,,,,,,,,,results/T-sweep-nonDyck-2/distributions/baN_L128_T16_ebsampler_greedy_gamma0.1.json
unconditional,baN,128,ebsampler,greedy,,5.0,16,1,0.0,0.0,1.0,0.0,0.0,0.0,1.0,0.0,16.0,16,True,5.31,0,True,,,,0,,,,,,,,,,,,,,results/T-sweep-nonDyck-2/distributions/baN_L128_T16_ebsampler_greedy_gamma5.0.json
unconditional,baN,128,ebsampler,greedy,,10.0,16,1,0.0,0.0,1.0,0.0,0.0,0.0,1.0,0.0,9.0,9,True,3.55,0,True,,,,0,,,,,,,,,,,,,,results/T-sweep-nonDyck-2/distributions/baN_L128_T16_ebsampler_greedy_gamma10.0.json
unconditional,baN,128,ebsampler,greedy,,0.5,16,1,1.0,0.0,1.0,0.0,1.0,0.0,1.0,0.0,128.0,128,True,14.4,10,False,0.1,0.9,0.0,10,0.002362204724409449,0.0031746031746031746,0.75,0.5,,,,,,,,,,results/T-sweep-nonDyck-2/distributions/baN_L128_T16_ebsampler_greedy_gamma0.5.json
unconditional,baN,128,ebsampler,greedy,,0.9,32,1,0.0,0.0,1.0,0.0,0.0,0.0,1.0,0.0,64.0,64,True,9.46,0,True,,,,0,,,,,,,,,,,,,,results/T-sweep-nonDyck-2/distributions/baN_L128_T32_ebsampler_greedy_gamma0.9.json
unconditional,baN,128,ebsampler,greedy,,2.0,32,1,0.0,0.0,1.0,0.0,0.0,0.0,1.0,0.0,43.0,43,True,9.07,0,True,,,,0,,,,,,,,,,,,,,results/T-sweep-nonDyck-2/distributions/baN_L128_T32_ebsampler_greedy_gamma2.0.json
unconditional,baN,128,ebsampler,greedy,,0.1,32,1,1.0,0.0,1.0,0.0,1.0,0.0,1.0,0.0,128.0,128,True,12.79,10,False,0.1,0.9,0.0,10,0.002362204724409449,0.0031746031746031746,0.75,0.5,,,,,,,,,,results/T-sweep-nonDyck-2/distributions/baN_L128_T32_ebsampler_greedy_gamma0.1.json
unconditional,baN,128,ebsampler,greedy,,0.5,32,1,1.0,0.0,1.0,0.0,1.0,0.0,1.0,0.0,128.0,128,True,12.65,10,False,0.1,0.9,0.0,10,0.002362204724409449,0.0031746031746031746,0.75,0.5,,,,,,,,,,results/T-sweep-nonDyck-2/distributions/baN_L128_T32_ebsampler_greedy_gamma0.5.json
unconditional,baN,128,ebsampler,greedy,,5.0,32,1,0.0,0.0,1.0,0.0,0.0,0.0,1.0,0.0,16.0,16,True,3.48,0,True,,,,0,,,,,,,,,,,,,,results/T-sweep-nonDyck-2/distributions/baN_L128_T32_ebsampler_greedy_gamma5.0.json
unconditional,baN,128,ebsampler,greedy,,10.0,32,1,0.0,0.0,1.0,0.0,0.0,0.0,1.0,0.0,9.0,9,True,3.8,0,True,,,,0,,,,,,,,,,,,,,results/T-sweep-nonDyck-2/distributions/baN_L128_T32_ebsampler_greedy_gamma10.0.json
unconditional,baN,128,ebsampler,greedy,,0.9,64,1,0.0,0.0,1.0,0.0,0.0,0.0,1.0,0.0,64.0,64,True,5.58,0,True,,,,0,,,,,,,,,,,,,,results/T-sweep-nonDyck-2/distributions/baN_L128_T64_ebsampler_greedy_gamma0.9.json
unconditional,baN,128,ebsampler,greedy,,2.0,64,1,0.0,0.0,1.0,0.0,0.0,0.0,1.0,0.0,43.0,43,True,5.47,0,True,,,,0,,,,,,,,,,,,,,results/T-sweep-nonDyck-2/distributions/baN_L128_T64_ebsampler_greedy_gamma2.0.json
unconditional,baN,128,ebsampler,greedy,,0.1,64,1,1.0,0.0,1.0,0.0,1.0,0.0,1.0,0.0,128.0,128,True,8.78,10,False,0.1,0.9,0.0,10,0.002362204724409449,0.0031746031746031746,0.75,0.5,,,,,,,,,,results/T-sweep-nonDyck-2/distributions/baN_L128_T64_ebsampler_greedy_gamma0.1.json
unconditional,baN,128,ebsampler,greedy,,0.5,64,1,1.0,0.0,1.0,0.0,1.0,0.0,1.0,0.0,128.0,128,True,8.62,10,False,0.1,0.9,0.0,10,0.002362204724409449,0.0031746031746031746,0.75,0.5,,,,,,,,,,results/T-sweep-nonDyck-2/distributions/baN_L128_T64_ebsampler_greedy_gamma0.5.json
unconditional,baN,128,ebsampler,greedy,,5.0,64,1,0.0,0.0,1.0,0.0,0.0,0.0,1.0,0.0,16.0,16,True,3.26,0,True,,,,0,,,,,,,,,,,,,,results/T-sweep-nonDyck-2/distributions/baN_L128_T64_ebsampler_greedy_gamma5.0.json
unconditional,baN,128,ebsampler,greedy,,10.0,64,1,0.0,0.0,1.0,0.0,0.0,0.0,1.0,0.0,9.0,9,True,3.44,0,True,,,,0,,,,,,,,,,,,,,results/T-sweep-nonDyck-2/distributions/baN_L128_T64_ebsampler_greedy_gamma10.0.json
unconditional,baN,128,ebsampler,greedy,,0.9,128,1,0.0,0.0,1.0,0.0,0.0,0.0,1.0,0.0,64.0,64,True,5.92,0,True,,,,0,,,,,,,,,,,,,,results/T-sweep-nonDyck-2/distributions/baN_L128_T128_ebsampler_greedy_gamma0.9.json
unconditional,baN,128,ebsampler,greedy,,2.0,128,1,0.0,0.0,1.0,0.0,0.0,0.0,1.0,0.0,43.0,43,True,5.61,0,True,,,,0,,,,,,,,,,,,,,results/T-sweep-nonDyck-2/distributions/baN_L128_T128_ebsampler_greedy_gamma2.0.json
unconditional,baN,128,ebsampler,greedy,,0.1,128,1,1.0,0.0,1.0,0.0,1.0,0.0,1.0,0.0,128.0,128,True,8.81,10,False,0.1,0.9,0.0,10,0.002362204724409449,0.0031746031746031746,0.75,0.5,,,,,,,,,,results/T-sweep-nonDyck-2/distributions/baN_L128_T128_ebsampler_greedy_gamma0.1.json
unconditional,baN,128,ebsampler,greedy,,0.5,128,1,1.0,0.0,1.0,0.0,1.0,0.0,1.0,0.0,128.0,128,True,9.0,10,False,0.1,0.9,0.0,10,0.002362204724409449,0.0031746031746031746,0.75,0.5,,,,,,,,,,results/T-sweep-nonDyck-2/distributions/baN_L128_T128_ebsampler_greedy_gamma0.5.json
unconditional,baN,128,ebsampler,greedy,,5.0,128,1,0.0,0.0,1.0,0.0,0.0,0.0,1.0,0.0,16.0,16,True,3.36,0,True,,,,0,,,,,,,,,,,,,,results/T-sweep-nonDyck-2/distributions/baN_L128_T128_ebsampler_greedy_gamma5.0.json
unconditional,baN,128,ebsampler,greedy,,10.0,128,1,0.0,0.0,1.0,0.0,0.0,0.0,1.0,0.0,9.0,9,True,3.72,0,True,,,,0,,,,,,,,,,,,,,results/T-sweep-nonDyck-2/distributions/baN_L128_T128_ebsampler_greedy_gamma10.0.json
unconditional,baN,128,gaussian,greedy,5.0,,64,4,0.675,0.082916,1.0,0.0,0.675,0.082916,0.85,0.111803,61.4,65,False,352.26,27,False,0.5185185185185185,0.4814814814814815,0.007823628917378917,27,0.0008748906386701663,0.0011757789535567313,0.75,0.625,,,,,,,,,,results/T-sweep-nonDyck-2/distributions/baN_L128_T64_gaussian_greedy_sigma5.0.json
unconditional,baN,128,gaussian,greedy,10.0,,64,4,0.8,0.122474,1.0,0.0,0.8,0.122474,0.95,0.05,61.35,65,False,376.35,32,False,0.375,0.625,0.00711945564516129,32,0.0007381889763779527,0.000992063492063492,0.75,0.625,,,,,,,,,,results/T-sweep-nonDyck-2/distributions/baN_L128_T64_gaussian_greedy_sigma10.0.json
unconditional,baN,128,ebsampler,categorical,,5.0,4,4,0.575,0.178536,1.0,0.0,0.575,0.178536,1.0,0.0,16.0,16,False,25.48,23,False,1.0,0.0,0.15905977584059774,23,0.001380738695201933,0.0027835768963117608,0.75,0.625,,,,,,,,,,results/T-sweep-nonDyck-2/distributions/baN_L128_T4_ebsampler_categorical_gamma5.0.json
unconditional,baN,128,gaussian,greedy,2.0,,64,4,0.675,0.108972,1.0,0.0,0.675,0.108972,0.8,0.070711,62.45,64,False,383.06,27,False,1.0,0.0,0.018140135327635327,27,0.0011665208515602217,0.0023515579071134627,0.75,0.625,,,,,,,,,,results/T-sweep-nonDyck-2/distributions/baN_L128_T64_gaussian_greedy_sigma2.0.json
unconditional,baN,128,gaussian,categorical,50.0,,64,4,0.85,0.15,1.0,0.0,0.85,0.15,0.925,0.082916,60.925,65,False,216.76,34,False,1.0,0.0,0.1606468018150911,34,0.0009345794392523365,0.0018841262364578427,0.75,0.625,,,,,,,,,,results/T-sweep-nonDyck-2/distributions/baN_L128_T64_gaussian_categorical_sigma50.0.json
unconditional,baN,128,ebsampler,categorical,,2.0,4,4,0.55,0.15,1.0,0.0,0.55,0.15,1.0,0.0,43.0,43,False,34.51,22,False,1.0,0.0,0.15790728161125014,22,0.0014414414414414415,0.002905920813657828,0.75,0.625,,,,,,,,,,results/T-sweep-nonDyck-2/distributions/baN_L128_T4_ebsampler_categorical_gamma2.0.json
unconditional,baN,128,gaussian,greedy,1.0,,64,4,0.725,0.129904,1.0,0.0,0.725,0.129904,0.825,0.043301,63.05,64,False,387.91,29,False,1.0,0.0,0.02645858990147783,29,0.0010860711376595167,0.0021893814997263274,0.75,0.625,,,,,,,,,,results/T-sweep-nonDyck-2/distributions/baN_L128_T64_gaussian_greedy_sigma1.0.json
unconditional,baN,128,ebsampler,categorical,,0.9,4,4,0.525,0.192029,1.0,0.0,0.525,0.192029,1.0,0.0,64.0,64,False,37.33,21,False,1.0,0.0,0.16070089955022487,21,0.001511144692104269,0.0030464584920030465,0.75,0.625,,,,,,,,,,results/T-sweep-nonDyck-2/distributions/baN_L128_T4_ebsampler_categorical_gamma0.9.json
unconditional,baN,128,ebsampler,categorical,,10.0,4,4,0.45,0.206155,1.0,0.0,0.45,0.206155,1.0,0.0,9.0,9,False,24.3,18,False,1.0,0.0,0.16219227779217413,18,0.0017761989342806395,0.0035810205908683975,0.75,0.625,,,,,,,,,,results/T-sweep-nonDyck-2/distributions/baN_L128_T4_ebsampler_categorical_gamma10.0.json
unconditional,baN,128,gaussian,greedy,50.0,,128,4,0.9,0.070711,1.0,0.0,0.9,0.070711,0.975,0.043301,122.35,129,False,384.62,36,False,0.6388888888888888,0.36111111111111116,0.007564484126984127,36,0.0006561679790026247,0.0008818342151675485,0.75,0.625,,,,,,,,,,results/T-sweep-nonDyck-2/distributions/baN_L128_T128_gaussian_greedy_sigma50.0.json
unconditional,baN,128,ebsampler,categorical,,5.0,8,4,0.575,0.178536,1.0,0.0,0.575,0.178536,1.0,0.0,16.0,16,False,21.23,23,False,1.0,0.0,0.15905977584059774,23,0.001380738695201933,0.0027835768963117608,0.75,0.625,,,,,,,,,,results/T-sweep-nonDyck-2/distributions/baN_L128_T8_ebsampler_categorical_gamma5.0.json
unconditional,baN,128,ebsampler,categorical,,10.0,8,4,0.45,0.206155,1.0,0.0,0.45,0.206155,1.0,0.0,9.0,9,False,21.58,18,False,1.0,0.0,0.16219227779217413,18,0.0017761989342806395,0.0035810205908683975,0.75,0.625,,,,,,,,,,results/T-sweep-nonDyck-2/distributions/baN_L128_T8_ebsampler_categorical_gamma10.0.json
unconditional,baN,128,ebsampler,categorical,,2.0,8,4,0.55,0.15,1.0,0.0,0.55,0.15,1.0,0.0,43.0,43,False,29.6,22,False,1.0,0.0,0.15790728161125014,22,0.0014414414414414415,0.002905920813657828,0.75,0.625,,,,,,,,,,results/T-sweep-nonDyck-2/distributions/baN_L128_T8_ebsampler_categorical_gamma2.0.json
unconditional,baN,128,ebsampler,categorical,,0.9,8,4,0.525,0.192029,1.0,0.0,0.525,0.192029,1.0,0.0,64.0,64,False,32.37,21,False,1.0,0.0,0.16070089955022487,21,0.001511144692104269,0.0030464584920030465,0.75,0.625,,,,,,,,,,results/T-sweep-nonDyck-2/distributions/baN_L128_T8_ebsampler_categorical_gamma0.9.json
unconditional,baN,128,ebsampler,categorical,,2.0,16,4,0.55,0.15,1.0,0.0,0.55,0.15,1.0,0.0,43.0,43,False,26.44,22,False,1.0,0.0,0.15790728161125014,22,0.0014414414414414415,0.002905920813657828,0.75,0.625,,,,,,,,,,results/T-sweep-nonDyck-2/distributions/baN_L128_T16_ebsampler_categorical_gamma2.0.json
unconditional,baN,128,ebsampler,categorical,,10.0,16,4,0.45,0.206155,1.0,0.0,0.45,0.206155,1.0,0.0,9.0,9,False,23.04,18,False,1.0,0.0,0.16219227779217413,18,0.0017761989342806395,0.0035810205908683975,0.75,0.625,,,,,,,,,,results/T-sweep-nonDyck-2/distributions/baN_L128_T16_ebsampler_categorical_gamma10.0.json
unconditional,baN,128,ebsampler,categorical,,0.9,16,4,0.525,0.192029,1.0,0.0,0.525,0.192029,1.0,0.0,64.0,64,False,33.54,21,False,1.0,0.0,0.16070089955022487,21,0.001511144692104269,0.0030464584920030465,0.75,0.625,,,,,,,,,,results/T-sweep-nonDyck-2/distributions/baN_L128_T16_ebsampler_categorical_gamma0.9.json
unconditional,baN,128,ebsampler,categorical,,5.0,16,4,0.575,0.178536,1.0,0.0,0.575,0.178536,1.0,0.0,16.0,16,False,26.99,23,False,1.0,0.0,0.15905977584059774,23,0.001380738695201933,0.0027835768963117608,0.75,0.625,,,,,,,,,,results/T-sweep-nonDyck-2/distributions/baN_L128_T16_ebsampler_categorical_gamma5.0.json
unconditional,baN,128,ebsampler,categorical,,0.1,4,4,1.0,0.0,1.0,0.0,1.0,0.0,1.0,0.0,128.0,128,False,111.98,40,False,1.0,0.0,0.1605563789991631,40,0.0007927070947284979,0.0015980823012385138,0.75,0.625,,,,,,,,,,results/T-sweep-nonDyck-2/distributions/baN_L128_T4_ebsampler_categorical_gamma0.1.json
unconditional,baN,128,ebsampler,categorical,,0.5,4,4,1.0,0.0,1.0,0.0,1.0,0.0,1.0,0.0,128.0,128,False,110.75,40,False,1.0,0.0,0.1605563789991631,40,0.0007927070947284979,0.0015980823012385138,0.75,0.625,,,,,,,,,,results/T-sweep-nonDyck-2/distributions/baN_L128_T4_ebsampler_categorical_gamma0.5.json
unconditional,baN,128,gaussian,categorical,20.0,,64,4,0.875,0.082916,1.0,0.0,0.875,0.082916,0.875,0.082916,59.275,65,False,300.56,31,False,1.0,0.0,0.1593916349809886,31,0.001021972406745018,0.0020602626834921455,0.75,0.625,,,,,,,,,,results/T-sweep-nonDyck-2/distributions/baN_L128_T64_gaussian_categorical_sigma20.0.json
unconditional,baN,128,ebsampler,categorical,,2.0,32,4,0.55,0.15,1.0,0.0,0.55,0.15,1.0,0.0,43.0,43,False,40.75,22,False,1.0,0.0,0.15790728161125014,22,0.0014414414414414415,0.002905920813657828,0.75,0.625,,,,,,,,,,results/T-sweep-nonDyck-2/distributions/baN_L128_T32_ebsampler_categorical_gamma2.0.json
unconditional,baN,128,ebsampler,categorical,,0.9,32,4,0.525,0.192029,1.0,0.0,0.525,0.192029,1.0,0.0,64.0,64,False,43.93,21,False,1.0,0.0,0.16070089955022487,21,0.001511144692104269,0.0030464584920030465,0.75,0.625,,,,,,,,,,results/T-sweep-nonDyck-2/distributions/baN_L128_T32_ebsampler_categorical_gamma0.9.json
unconditional,baN,128,ebsampler,categorical,,5.0,32,4,0.575,0.178536,1.0,0.0,0.575,0.178536,1.0,0.0,16.0,16,False,50.33,23,False,1.0,0.0,0.15905977584059774,23,0.001380738695201933,0.0027835768963117608,0.75,0.625,,,,,,,,,,results/T-sweep-nonDyck-2/distributions/baN_L128_T32_ebsampler_categorical_gamma5.0.json
unconditional,baN,128,ebsampler,categorical,,10.0,32,4,0.45,0.206155,1.0,0.0,0.45,0.206155,1.0,0.0,9.0,9,False,51.68,18,False,1.0,0.0,0.16219227779217413,18,0.0017761989342806395,0.0035810205908683975,0.75,0.625,,,,,,,,,,results/T-sweep-nonDyck-2/distributions/baN_L128_T32_ebsampler_categorical_gamma10.0.json
unconditional,baN,128,ebsampler,categorical,,0.1,8,4,1.0,0.0,1.0,0.0,1.0,0.0,1.0,0.0,128.0,128,False,136.15,40,False,1.0,0.0,0.1605563789991631,40,0.0007927070947284979,0.0015980823012385138,0.75,0.625,,,,,,,,,,results/T-sweep-nonDyck-2/distributions/baN_L128_T8_ebsampler_categorical_gamma0.1.json
unconditional,baN,128,ebsampler,categorical,,0.5,8,4,1.0,0.0,1.0,0.0,1.0,0.0,1.0,0.0,128.0,128,False,153.22,40,False,1.0,0.0,0.1605563789991631,40,0.0007927070947284979,0.0015980823012385138,0.75,0.625,,,,,,,,,,results/T-sweep-nonDyck-2/distributions/baN_L128_T8_ebsampler_categorical_gamma0.5.json
unconditional,baN,128,ar,greedy,,,130,1,1.0,0.0,1.0,0.0,1.0,0.0,1.0,0.0,129.0,129,True,274.67,10,False,0.1,0.9,0.0,10,0.0031496062992125984,0.003968253968253968,0.75,0.5,,,,,,,,,,results/T-sweep-nonDyck-2/distributions/baN_L128_T130_ar_greedy_none.json
unconditional,baN,128,ebsampler,categorical,,5.0,64,4,0.575,0.178536,1.0,0.0,0.575,0.178536,1.0,0.0,16.0,16,False,79.55,23,False,1.0,0.0,0.15905977584059774,23,0.001380738695201933,0.0027835768963117608,0.75,0.625,,,,,,,,,,results/T-sweep-nonDyck-2/distributions/baN_L128_T64_ebsampler_categorical_gamma5.0.json
unconditional,baN,128,ebsampler,categorical,,10.0,64,4,0.45,0.206155,1.0,0.0,0.45,0.206155,1.0,0.0,9.0,9,False,78.84,18,False,1.0,0.0,0.16219227779217413,18,0.0017761989342806395,0.0035810205908683975,0.75,0.625,,,,,,,,,,results/T-sweep-nonDyck-2/distributions/baN_L128_T64_ebsampler_categorical_gamma10.0.json
unconditional,baN,128,ebsampler,categorical,,0.9,64,4,0.525,0.192029,1.0,0.0,0.525,0.192029,1.0,0.0,64.0,64,False,117.53,21,False,1.0,0.0,0.16070089955022487,21,0.001511144692104269,0.0030464584920030465,0.75,0.625,,,,,,,,,,results/T-sweep-nonDyck-2/distributions/baN_L128_T64_ebsampler_categorical_gamma0.9.json
unconditional,baN,128,ebsampler,categorical,,2.0,64,4,0.55,0.15,1.0,0.0,0.55,0.15,1.0,0.0,43.0,43,False,94.2,22,False,1.0,0.0,0.15790728161125014,22,0.0014414414414414415,0.002905920813657828,0.75,0.625,,,,,,,,,,results/T-sweep-nonDyck-2/distributions/baN_L128_T64_ebsampler_categorical_gamma2.0.json
unconditional,baN,128,ebsampler,categorical,,0.5,16,4,1.0,0.0,1.0,0.0,1.0,0.0,1.0,0.0,128.0,128,False,204.12,40,False,1.0,0.0,0.1605563789991631,40,0.0007927070947284979,0.0015980823012385138,0.75,0.625,,,,,,,,,,results/T-sweep-nonDyck-2/distributions/baN_L128_T16_ebsampler_categorical_gamma0.5.json
unconditional,bbaN,128,uniform,greedy,,,4,4,0.85,0.086603,1.0,0.0,0.85,0.086603,0.75,0.05,3.6,4,False,2.98,28,False,0.5714285714285714,0.4285714285714286,0.019084857794535216,28,0.001271725307333616,0.001716001716001716,0.8,0.5,1.73948358054238,,1.4996244589035264,0.0038461538461538464,,,,,,results/T-sweep-nonDyck-2/distributions/bbaN_L128_T4_uniform_greedy_none.json
unconditional,bbaN,128,uniform,greedy,,,8,4,0.875,0.082916,1.0,0.0,0.875,0.082916,0.825,0.129904,7.35,8,False,3.08,32,False,0.8125,0.1875,0.06021037359448676,32,0.0011009174311926607,0.0014853323431117712,0.8,0.5,2.626272121392149,,2.2469955221268925,0.00625,,,,,,results/T-sweep-nonDyck-2/distributions/bbaN_L128_T8_uniform_greedy_none.json
unconditional,bbaN,128,uniform,greedy,,,16,4,0.925,0.043301,1.0,0.0,0.925,0.043301,0.875,0.043301,15.325,16,False,4.55,35,False,0.9714285714285714,0.02857142857142858,0.12483395785007632,35,0.0010231923601637107,0.001380738695201933,0.8,0.5,2.867566712418855,,2.9709304231120544,0.008173076923076924,,,,,,results/T-sweep-nonDyck-2/distributions/bbaN_L128_T16_uniform_greedy_none.json
unconditional,baN,128,ebsampler,categorical,,0.1,16,4,1.0,0.0,1.0,0.0,1.0,0.0,1.0,0.0,128.0,128,False,227.34,40,False,1.0,0.0,0.1605563789991631,40,0.0007927070947284979,0.0015980823012385138,0.75,0.625,,,,,,,,,,results/T-sweep-nonDyck-2/distributions/baN_L128_T16_ebsampler_categorical_gamma0.1.json
unconditional,bbaN,128,uniform,greedy,,,32,4,0.95,0.086603,1.0,0.0,0.95,0.086603,0.925,0.129904,31.075,32,False,8.64,37,False,1.0,0.0,0.13400654155155442,37,0.0008665511265164644,0.0011678832116788322,0.8,0.5,3.2737111761556035,,3.0347648434398224,0.008894230769230769,,,,,,results/T-sweep-nonDyck-2/distributions/bbaN_L128_T32_uniform_greedy_none.json
unconditional,bbaN,128,uniform,greedy,,,64,4,0.975,0.043301,1.0,0.0,0.975,0.043301,0.975,0.043301,62.825,64,False,17.64,39,False,1.0,0.0,0.15348584666618403,39,0.0008342602892102336,0.001124543154343548,0.8,0.5,3.3791935720537682,,3.0592794887184103,0.009375,,,,,,results/T-sweep-nonDyck-2/distributions/bbaN_L128_T64_uniform_greedy_none.json
unconditional,bbaN,128,uniform,categorical,,,4,4,0.45,0.165831,0.025,0.043301,0.025,0.043301,0.0,0.0,1.0,1,False,2.76,0,True,,,,0,,,,,,,,,,,,,,results/T-sweep-nonDyck-2/distributions/bbaN_L128_T4_uniform_categorical_none.json
unconditional,baN,128,gaussian,categorical,10.0,,64,4,0.9,0.070711,1.0,0.0,0.9,0.070711,0.925,0.082916,60.95,65,False,484.07,33,False,1.0,0.0,0.15799522673031027,33,0.0009622323791195574,0.0019398642095053346,0.75,0.625,,,,,,,,,,results/T-sweep-nonDyck-2/distributions/baN_L128_T64_gaussian_categorical_sigma10.0.json
unconditional,bbaN,128,uniform,categorical,,,8,4,0.525,0.147902,0.175,0.043301,0.125,0.043301,0.0,0.0,1.0,1,False,2.3,0,True,,,,0,,,,,,,,,,,,,,results/T-sweep-nonDyck-2/distributions/bbaN_L128_T8_uniform_categorical_none.json
unconditional,bbaN,128,uniform,categorical,,,16,4,0.6,0.122474,0.625,0.129904,0.375,0.082916,0.175,0.043301,4.375,16,False,2.75,7,False,1.0,0.0,0.30444038929440387,7,0.005545286506469501,0.00749063670411985,0.8,0.5,1.945910149055313,,1.945910149055313,0.0016826923076923078,,,,,,results/T-sweep-nonDyck-2/distributions/bbaN_L128_T16_uniform_categorical_none.json
unconditional,baN,128,ebsampler,categorical,,5.0,128,4,0.575,0.178536,1.0,0.0,0.575,0.178536,1.0,0.0,16.0,16,False,49.72,23,False,1.0,0.0,0.15905977584059774,23,0.001380738695201933,0.0027835768963117608,0.75,0.625,,,,,,,,,,results/T-sweep-nonDyck-2/distributions/baN_L128_T128_ebsampler_categorical_gamma5.0.json
unconditional,baN,128,ebsampler,categorical,,10.0,128,4,0.45,0.206155,1.0,0.0,0.45,0.206155,1.0,0.0,9.0,9,False,50.22,18,False,1.0,0.0,0.16219227779217413,18,0.0017761989342806395,0.0035810205908683975,0.75,0.625,,,,,,,,,,results/T-sweep-nonDyck-2/distributions/baN_L128_T128_ebsampler_categorical_gamma10.0.json
unconditional,baN,128,ebsampler,categorical,,2.0,128,4,0.55,0.15,1.0,0.0,0.55,0.15,1.0,0.0,43.0,43,False,62.51,22,False,1.0,0.0,0.15790728161125014,22,0.0014414414414414415,0.002905920813657828,0.75,0.625,,,,,,,,,,results/T-sweep-nonDyck-2/distributions/baN_L128_T128_ebsampler_categorical_gamma2.0.json
unconditional,bbaN,128,uniform,categorical,,,32,4,0.7,0.070711,0.625,0.043301,0.525,0.043301,0.475,0.043301,15.925,32,False,4.56,19,False,1.0,0.0,0.2693112055589287,19,0.0018427518427518428,0.002486016159105034,0.8,0.5,2.871476118054867,,2.5520852976209665,0.0045673076923076926,,,,,,results/T-sweep-nonDyck-2/distributions/bbaN_L128_T32_uniform_categorical_none.json
unconditional,bbaN,128,gaussian,greedy,1.0,,4,4,0.625,0.082916,1.0,0.0,0.625,0.082916,0.05,0.05,3.775,4,False,3.03,2,True,,,,2,,,0.8,0.5,0.6931471805599453,,0.0,0.0004807692307692308,,,,,,results/T-sweep-nonDyck-2/distributions/bbaN_L128_T4_gaussian_greedy_sigma1.0.json
unconditional,bbaN,128,gaussian,greedy,2.0,,4,4,0.55,0.229129,1.0,0.0,0.55,0.229129,0.125,0.163936,3.575,4,False,3.13,5,False,0.6,0.4,0.005623721881390593,5,0.006198347107438017,0.008350730688935281,0.8,0.5,0.9502705392332347,,0.5004024235381879,0.0007211538461538462,,,,,,results/T-sweep-nonDyck-2/distributions/bbaN_L128_T4_gaussian_greedy_sigma2.0.json
unconditional,bbaN,128,uniform,greedy,,,128,4,1.0,0.0,1.0,0.0,1.0,0.0,0.975,0.043301,125.525,128,False,29.46,39,False,1.0,0.0,0.19274247901476627,39,0.0008831321754489255,0.0011911852293031567,0.8,0.5,3.485831599832222,,3.1122510402133208,0.009375,,,,,,results/T-sweep-nonDyck-2/distributions/bbaN_L128_T128_uniform_greedy_none.json
unconditional,bbaN,128,gaussian,greedy,5.0,,4,4,0.6,0.158114,1.0,0.0,0.6,0.158114,0.25,0.15,3.525,4,False,3.28,10,False,0.8,0.19999999999999996,0.03659872890642121,10,0.00298804780876494,0.004024144869215292,0.8,0.5,1.4978661367769952,,1.5047882836811908,0.0019230769230769232,,,,,,results/T-sweep-nonDyck-2/distributions/bbaN_L128_T4_gaussian_greedy_sigma5.0.json
unconditional,bbaN,128,gaussian,greedy,10.0,,4,4,0.675,0.043301,1.0,0.0,0.675,0.043301,0.425,0.147902,3.475,5,False,3.31,17,False,0.9411764705882353,0.05882352941176472,0.04937359234234234,17,0.0017055144968732233,0.002296211251435132,0.8,0.5,2.3947004058583334,,1.843861437961367,0.0038461538461538464,,,,,,results/T-sweep-nonDyck-2/distributions/bbaN_L128_T4_gaussian_greedy_sigma10.0.json
unconditional,bbaN,128,uniform,categorical,,,64,4,0.725,0.129904,0.675,0.082916,0.6,0.070711,0.525,0.043301,36.075,64,False,8.66,21,False,1.0,0.0,0.28320290665176073,21,0.0016968325791855204,0.0022896393817973667,0.8,0.5,2.9124944033310514,,2.846480386134866,0.005048076923076923,,,,,,results/T-sweep-nonDyck-2/distributions/bbaN_L128_T64_uniform_categorical_none.json
unconditional,bbaN,128,gaussian,greedy,20.0,,4,4,0.6,0.070711,1.0,0.0,0.6,0.070711,0.35,0.111803,3.45,5,False,3.41,14,False,0.9285714285714286,0.0714285714285714,0.08411359991723139,14,0.002036659877800407,0.0027416038382453737,0.8,0.5,2.2055983590263932,,2.4036404106149494,0.003125,,,,,,results/T-sweep-nonDyck-2/distributions/bbaN_L128_T4_gaussian_greedy_sigma20.0.json
unconditional,bbaN,128,gaussian,greedy,50.0,,4,4,0.675,0.108972,1.0,0.0,0.675,0.108972,0.475,0.082916,3.65,5,False,3.02,18,False,1.0,0.0,0.07934567085261071,18,0.00170261066969353,0.0022935779816513763,0.8,0.5,2.447151308277912,,2.4282736375228677,0.004326923076923077,,,,,,results/T-sweep-nonDyck-2/distributions/bbaN_L128_T4_gaussian_greedy_sigma50.0.json
unconditional,bbaN,128,gaussian,greedy,1.0,,8,4,0.475,0.192029,1.0,0.0,0.475,0.192029,0.075,0.082916,7.7,8,False,5.4,3,True,,,,3,,,0.8,0.5,0.6365141682948128,,0.6365141682948128,0.0007211538461538462,,,,,,results/T-sweep-nonDyck-2/distributions/bbaN_L128_T8_gaussian_greedy_sigma1.0.json
unconditional,bbaN,128,gaussian,greedy,20.0,,8,4,0.8,0.1,1.0,0.0,0.8,0.1,0.6,0.070711,7.225,9,False,4.77,24,False,1.0,0.0,0.07896971874693758,24,0.0011372251705837756,0.001530221882172915,0.8,0.5,2.867440499124446,,2.7737179750213112,0.0057692307692307696,,,,,,results/T-sweep-nonDyck-2/distributions/bbaN_L128_T8_gaussian_greedy_sigma20.0.json
unconditional,bbaN,128,gaussian,greedy,10.0,,8,4,0.75,0.086603,1.0,0.0,0.75,0.086603,0.425,0.082916,7.275,8,False,5.34,17,False,0.9411764705882353,0.05882352941176472,0.06313873275421564,17,0.0015463917525773195,0.0020800832033281333,0.8,0.5,2.588573162682118,,2.3131536787336344,0.0038461538461538464,,,,,,results/T-sweep-nonDyck-2/distributions/bbaN_L128_T8_gaussian_greedy_sigma10.0.json
unconditional,bbaN,128,gaussian,greedy,2.0,,8,4,0.5,0.158114,1.0,0.0,0.5,0.158114,0.225,0.108972,7.475,9,False,5.78,9,False,0.7777777777777778,0.2222222222222222,0.015355086372360844,9,0.002904162633107454,0.00390625,0.8,0.5,1.5229550675313182,,0.9649629230074277,0.0016826923076923078,,,,,,results/T-sweep-nonDyck-2/distributions/bbaN_L128_T8_gaussian_greedy_sigma2.0.json
unconditional,bbaN,128,gaussian,greedy,5.0,,8,4,0.575,0.082916,1.0,0.0,0.575,0.082916,0.4,0.173205,7.475,8,False,5.65,16,False,0.8125,0.1875,0.03719447396386823,16,0.001607717041800643,0.002162162162162162,0.8,0.5,2.0467385326945515,,1.754105330999288,0.003125,,,,,,results/T-sweep-nonDyck-2/distributions/bbaN_L128_T8_gaussian_greedy_sigma5.0.json
unconditional,baN,128,ebsampler,categorical,,0.9,128,4,0.525,0.192029,1.0,0.0,0.525,0.192029,1.0,0.0,64.0,64,False,77.9,21,False,1.0,0.0,0.16070089955022487,21,0.001511144692104269,0.0030464584920030465,0.75,0.625,,,,,,,,,,results/T-sweep-nonDyck-2/distributions/baN_L128_T128_ebsampler_categorical_gamma0.9.json
unconditional,bbaN,128,gaussian,greedy,50.0,,8,4,0.85,0.086603,1.0,0.0,0.85,0.086603,0.75,0.111803,7.625,9,False,4.08,30,False,0.9666666666666667,0.033333333333333326,0.13176936122102884,30,0.0009933774834437086,0.0013377926421404682,0.8,0.5,3.1527067166833547,,2.932984258949733,0.0069711538461538465,,,,,,results/T-sweep-nonDyck-2/distributions/bbaN_L128_T8_gaussian_greedy_sigma50.0.json
unconditional,baN,128,gaussian,categorical,5.0,,64,4,0.825,0.082916,1.0,0.0,0.825,0.082916,0.825,0.082916,60.825,64,False,509.48,32,False,1.0,0.0,0.1611713184075655,32,0.0009915716410510659,0.001999000499750125,0.75,0.625,,,,,,,,,,results/T-sweep-nonDyck-2/distributions/baN_L128_T64_gaussian_categorical_sigma5.0.json
unconditional,bbaN,128,uniform,categorical,,,128,4,0.975,0.043301,0.85,0.086603,0.825,0.082916,0.725,0.043301,95.875,128,False,21.17,29,False,1.0,0.0,0.3091077302631579,29,0.0012484394506866417,0.0016849199663016006,0.8,0.5,3.1760828146595914,,2.98486979933271,0.0069711538461538465,,,,,,results/T-sweep-nonDyck-2/distributions/bbaN_L128_T128_uniform_categorical_none.json
unconditional,bbaN,128,gaussian,greedy,50.0,,16,4,0.95,0.05,1.0,0.0,0.95,0.05,0.85,0.05,15.1,17,False,6.51,34,False,0.9705882352941176,0.02941176470588236,0.13666556102705416,34,0.000850099178237461,0.0011444921316165952,0.8,0.5,3.04707422285593,,3.0370801618679657,0.007932692307692307,,,,,,results/T-sweep-nonDyck-2/distributions/bbaN_L128_T16_gaussian_greedy_sigma50.0.json
unconditional,bbaN,128,gaussian,greedy,10.0,,16,4,0.875,0.163936,1.0,0.0,0.875,0.163936,0.575,0.163936,14.9,17,False,9.12,23,False,1.0,0.0,0.0694821551244725,23,0.0010885341074020319,0.0014635931211123307,0.8,0.5,2.7886260379670387,,2.6680787022174832,0.005528846153846154,,,,,,results/T-sweep-nonDyck-2/distributions/bbaN_L128_T16_gaussian_greedy_sigma10.0.json
unconditional,bbaN,128,gaussian,greedy,1.0,,16,4,0.3,0.1,1.0,0.0,0.3,0.1,0.075,0.043301,15.65,16,False,9.89,3,True,,,,3,,,0.8,0.5,1.0986122886681096,,0.0,0.0007211538461538462,,,,,,results/T-sweep-nonDyck-2/distributions/bbaN_L128_T16_gaussian_greedy_sigma1.0.json
unconditional,bbaN,128,gaussian,greedy,20.0,,16,4,0.8,0.0,1.0,0.0,0.8,0.0,0.675,0.108972,14.3,17,False,7.96,27,False,1.0,0.0,0.09783724248416731,27,0.000984898227183191,0.001324942033786022,0.8,0.5,2.9170476559449297,,2.8143591847508636,0.006490384615384616,,,,,,results/T-sweep-nonDyck-2/distributions/bbaN_L128_T16_gaussian_greedy_sigma20.0.json
unconditional,bbaN,128,gaussian,greedy,5.0,,16,4,0.725,0.248747,1.0,0.0,0.725,0.248747,0.525,0.258602,15.325,16,False,9.64,21,False,0.9047619047619048,0.09523809523809523,0.037064291247095274,21,0.0011714174150722373,0.0015748031496062992,0.8,0.5,2.350729969859746,,2.0704930404278246,0.0045673076923076926,,,,,,results/T-sweep-nonDyck-2/distributions/bbaN_L128_T16_gaussian_greedy_sigma5.0.json
unconditional,baN,128,ebsampler,categorical,,0.1,32,4,1.0,0.0,1.0,0.0,1.0,0.0,1.0,0.0,128.0,128,False,241.87,40,False,1.0,0.0,0.1605563789991631,40,0.0007927070947284979,0.0015980823012385138,0.75,0.625,,,,,,,,,,results/T-sweep-nonDyck-2/distributions/baN_L128_T32_ebsampler_categorical_gamma0.1.json
unconditional,bbaN,128,gaussian,greedy,2.0,,16,4,0.575,0.108972,1.0,0.0,0.575,0.108972,0.175,0.082916,15.325,16,False,10.02,7,False,1.0,0.0,0.024838832006067502,7,0.0034403669724770644,0.004624277456647399,0.8,0.5,1.7478680974667573,,1.7478680974667573,0.0016826923076923078,,,,,,results/T-sweep-nonDyck-2/distributions/bbaN_L128_T16_gaussian_greedy_sigma2.0.json
unconditional,baN,128,gaussian,categorical,1.0,,64,4,0.65,0.111803,1.0,0.0,0.65,0.111803,0.6,0.158114,62.575,64,False,541.43,23,False,1.0,0.0,0.1596732614839892,23,0.0013774104683195593,0.0027768136063866713,0.75,0.625,,,,,,,,,,results/T-sweep-nonDyck-2/distributions/baN_L128_T64_gaussian_categorical_sigma1.0.json
unconditional,baN,128,ebsampler,categorical,,0.5,32,4,1.0,0.0,1.0,0.0,1.0,0.0,1.0,0.0,128.0,128,False,247.03,40,False,1.0,0.0,0.1605563789991631,40,0.0007927070947284979,0.0015980823012385138,0.75,0.625,,,,,,,,,,results/T-sweep-nonDyck-2/distributions/baN_L128_T32_ebsampler_categorical_gamma0.5.json
unconditional,bbaN,128,gaussian,greedy,50.0,,32,4,0.975,0.043301,1.0,0.0,0.975,0.043301,0.95,0.05,30.7,33,False,13.26,38,False,1.0,0.0,0.16895662952445287,38,0.0007347538574577516,0.000988875154511743,0.8,0.5,3.3684464578420763,,3.099306755957766,0.009134615384615385,,,,,,results/T-sweep-nonDyck-2/distributions/bbaN_L128_T32_gaussian_greedy_sigma50.0.json
unconditional,bbaN,128,gaussian,greedy,1.0,,32,4,0.875,0.082916,1.0,0.0,0.875,0.082916,0.775,0.043301,31.75,32,False,19.4,31,False,0.2903225806451613,0.7096774193548387,0.01376224248564674,31,0.0007658922644881287,0.001029336078229542,0.8,0.5,1.7228231443914899,,1.6814307337014227,0.0021634615384615386,,,,,,results/T-sweep-nonDyck-2/distributions/bbaN_L128_T32_gaussian_greedy_sigma1.0.json
unconditional,bbaN,128,gaussian,greedy,20.0,,32,4,0.975,0.043301,1.0,0.0,0.975,0.043301,0.875,0.108972,29.425,33,False,15.57,35,False,0.9714285714285714,0.02857142857142858,0.11135927164094174,35,0.0007317073170731707,0.0009840098400984009,0.8,0.5,3.2235308319830227,,2.9559804761473534,0.008173076923076924,,,,,,results/T-sweep-nonDyck-2/distributions/bbaN_L128_T32_gaussian_greedy_sigma20.0.json
unconditional,bbaN,128,gaussian,greedy,10.0,,32,4,0.875,0.082916,1.0,0.0,0.875,0.082916,0.8,0.122474,29.925,33,False,17.66,32,False,0.90625,0.09375,0.057576703238946196,32,0.0007700205338809035,0.0010351966873706005,0.8,0.5,3.0758406137347563,,2.593569112406865,0.0069711538461538465,,,,,,results/T-sweep-nonDyck-2/distributions/bbaN_L128_T32_gaussian_greedy_sigma10.0.json
unconditional,bbaN,128,gaussian,greedy,2.0,,32,4,0.975,0.043301,1.0,0.0,0.975,0.043301,0.825,0.147902,31.425,32,False,19.45,33,False,0.45454545454545453,0.5454545454545454,0.014080408309455587,33,0.0007220216606498195,0.0009704027171276079,0.8,0.5,2.025182895479455,,1.5805855884477953,0.003605769230769231,,,,,,results/T-sweep-nonDyck-2/distributions/bbaN_L128_T32_gaussian_greedy_sigma2.0.json
unconditional,bbaN,128,gaussian,greedy,5.0,,32,4,0.9,0.122474,1.0,0.0,0.9,0.122474,0.85,0.111803,30.925,33,False,18.83,34,False,0.7941176470588235,0.20588235294117652,0.030708588586024602,34,0.0007100591715976331,0.000954426151276545,0.8,0.5,2.730881375345097,,2.1905071477111737,0.006490384615384616,,,,,,results/T-sweep-nonDyck-2/distributions/bbaN_L128_T32_gaussian_greedy_sigma5.0.json
unconditional,baN,128,gaussian,categorical,2.0,,64,4,0.65,0.05,1.0,0.0,0.65,0.05,0.575,0.129904,61.9,64,False,558.21,21,False,1.0,0.0,0.15935386927122464,21,0.0015145778114350624,0.0030534351145038168,0.75,0.625,,,,,,,,,,results/T-sweep-nonDyck-2/distributions/baN_L128_T64_gaussian_categorical_sigma2.0.json
unconditional,bbaN,128,gaussian,greedy,5.0,,64,4,0.925,0.043301,1.0,0.0,0.925,0.043301,0.825,0.043301,60.725,63,False,55.46,33,False,0.7272727272727273,0.2727272727272727,0.035375362669245645,33,0.00073117231294175,0.0009828009828009828,0.8,0.5,2.6087611477182544,,2.2457155970191276,0.0057692307692307696,,,,,,results/T-sweep-nonDyck-2/distributions/bbaN_L128_T64_gaussian_greedy_sigma5.0.json
unconditional,bbaN,128,gaussian,greedy,1.0,,64,4,0.85,0.111803,1.0,0.0,0.85,0.111803,0.875,0.082916,63.025,64,False,55.93,34,False,0.3235294117647059,0.6764705882352942,0.009135009135009135,34,0.0006984866123399302,0.0009387467730579676,0.8,0.5,1.898515146819473,,1.2761235127857713,0.0026442307692307694,,,,,,results/T-sweep-nonDyck-2/distributions/bbaN_L128_T64_gaussian_greedy_sigma1.0.json
unconditional,bbaN,128,gaussian,greedy,2.0,,64,4,0.925,0.043301,1.0,0.0,0.925,0.043301,0.875,0.043301,62.375,65,False,56.39,35,False,0.4857142857142857,0.5142857142857142,0.01586861159558163,35,0.0006791940230925968,0.0009128251939753537,0.8,0.5,2.322757484359207,,1.810337479782536,0.004086538461538462,,,,,,results/T-sweep-nonDyck-2/distributions/bbaN_L128_T64_gaussian_greedy_sigma2.0.json
unconditional,bbaN,128,gaussian,greedy,50.0,,64,4,0.95,0.05,1.0,0.0,0.95,0.05,0.925,0.043301,60.45,65,False,51.69,37,False,1.0,0.0,0.15628640372774172,37,0.0007558578987150416,0.001017293997965412,0.8,0.5,3.2454274927088718,,3.1096996737706277,0.008894230769230769,,,,,,results/T-sweep-nonDyck-2/distributions/bbaN_L128_T64_gaussian_greedy_sigma50.0.json
unconditional,bbaN,128,gaussian,greedy,20.0,,64,4,0.95,0.086603,1.0,0.0,0.95,0.086603,0.925,0.082916,59.425,65,False,58.93,37,False,0.9459459459459459,0.05405405405405406,0.08435675839587597,37,0.0006880733944954129,0.0009252833680314596,0.8,0.5,3.2079600775434685,,2.835640697088771,0.008413461538461538,,,,,,results/T-sweep-nonDyck-2/distributions/bbaN_L128_T64_gaussian_greedy_sigma20.0.json
unconditional,bbaN,128,gaussian,categorical,2.0,,4,4,0.725,0.043301,0.0,0.0,0.0,0.0,0.0,0.0,1.0,1,False,13.67,0,True,,,,0,,,,,,,,,,,,,,results/T-sweep-nonDyck-2/distributions/bbaN_L128_T4_gaussian_categorical_sigma2.0.json
unconditional,bbaN,128,gaussian,categorical,1.0,,4,4,0.825,0.082916,0.0,0.0,0.0,0.0,0.0,0.0,1.0,1,False,13.98,0,True,,,,0,,,,,,,,,,,,,,results/T-sweep-nonDyck-2/distributions/bbaN_L128_T4_gaussian_categorical_sigma1.0.json
unconditional,bbaN,128,gaussian,categorical,5.0,,4,4,0.775,0.082916,0.0,0.0,0.0,0.0,0.0,0.0,1.0,1,False,8.05,0,True,,,,0,,,,,,,,,,,,,,results/T-sweep-nonDyck-2/distributions/bbaN_L128_T4_gaussian_categorical_sigma5.0.json
unconditional,bbaN,128,gaussian,categorical,10.0,,4,4,0.8,0.122474,0.05,0.05,0.05,0.05,0.025,0.043301,1.1,4,False,7.58,1,True,1.0,0.0,,1,0.04,0.041666666666666664,0.4,0.2,0.0,,0.0,0.0002403846153846154,,,,,,results/T-sweep-nonDyck-2/distributions/bbaN_L128_T4_gaussian_categorical_sigma10.0.json
unconditional,bbaN,128,gaussian,greedy,10.0,,64,4,0.95,0.086603,1.0,0.0,0.95,0.086603,0.875,0.082916,60.0,64,False,66.7,35,False,0.8571428571428571,0.1428571428571429,0.052622622758892956,35,0.0006999533364442371,0.0009409550693954364,0.8,0.5,2.9066635494413338,,2.5429686697471987,0.007211538461538462,,,,,,results/T-sweep-nonDyck-2/distributions/bbaN_L128_T64_gaussian_greedy_sigma10.0.json
unconditional,bbaN,128,gaussian,categorical,20.0,,4,4,0.625,0.238485,0.05,0.05,0.025,0.043301,0.0,0.0,1.125,2,False,6.76,0,True,,,,0,,,,,,,,,,,,,,results/T-sweep-nonDyck-2/distributions/bbaN_L128_T4_gaussian_categorical_sigma20.0.json
unconditional,bbaN,128,gaussian,categorical,50.0,,4,4,0.5,0.141421,0.1,0.1,0.1,0.1,0.025,0.043301,1.25,4,False,5.51,1,True,1.0,0.0,,1,0.039473684210526314,0.04,0.8,0.4,0.0,,0.0,0.0002403846153846154,,,,,,results/T-sweep-nonDyck-2/distributions/bbaN_L128_T4_gaussian_categorical_sigma50.0.json
unconditional,bbaN,128,gaussian,categorical,1.0,,8,4,0.75,0.111803,0.15,0.15,0.05,0.086603,0.0,0.0,1.425,4,False,5.69,0,True,,,,0,,,,,,,,,,,,,,results/T-sweep-nonDyck-2/distributions/bbaN_L128_T8_gaussian_categorical_sigma1.0.json
unconditional,bbaN,128,gaussian,categorical,2.0,,8,4,0.85,0.111803,0.225,0.147902,0.175,0.147902,0.0,0.0,1.675,4,False,3.5,0,True,,,,0,,,,,,,,,,,,,,results/T-sweep-nonDyck-2/distributions/bbaN_L128_T8_gaussian_categorical_sigma2.0.json
unconditional,bbaN,128,gaussian,categorical,5.0,,8,4,0.775,0.082916,0.225,0.082916,0.125,0.082916,0.0,0.0,1.85,3,False,3.37,0,True,,,,0,,,,,,,,,,,,,,results/T-sweep-nonDyck-2/distributions/bbaN_L128_T8_gaussian_categorical_sigma5.0.json
unconditional,bbaN,128,gaussian,categorical,10.0,,8,4,0.725,0.082916,0.2,0.070711,0.075,0.082916,0.025,0.043301,2.425,8,False,4.49,1,True,1.0,0.0,,1,0.04,0.041666666666666664,0.4,0.2,0.0,,0.0,0.0002403846153846154,,,,,,results/T-sweep-nonDyck-2/distributions/bbaN_L128_T8_gaussian_categorical_sigma10.0.json
unconditional,bbaN,128,gaussian,categorical,20.0,,8,4,0.8,0.070711,0.15,0.111803,0.15,0.111803,0.025,0.043301,2.825,8,False,4.69,1,True,1.0,0.0,,1,0.05357142857142857,0.07272727272727272,0.8,0.5,0.0,,0.0,0.0002403846153846154,,,,,,results/T-sweep-nonDyck-2/distributions/bbaN_L128_T8_gaussian_categorical_sigma20.0.json
unconditional,bbaN,128,gaussian,categorical,50.0,,8,4,0.65,0.15,0.45,0.229129,0.325,0.129904,0.15,0.086603,3.45,9,False,4.22,6,False,1.0,0.0,0.3611353711790393,6,0.00663716814159292,0.008968609865470852,0.8,0.5,1.7917594692280547,,1.5607104090414063,0.0014423076923076924,,,,,,results/T-sweep-nonDyck-2/distributions/bbaN_L128_T8_gaussian_categorical_sigma50.0.json
unconditional,bbaN,128,gaussian,categorical,1.0,,16,4,0.75,0.15,0.325,0.082916,0.175,0.147902,0.025,0.043301,4.05,16,False,5.36,1,True,1.0,0.0,,1,0.14285714285714285,0.2,0.8,0.5,0.0,,0.0,0.0002403846153846154,,,,,,results/T-sweep-nonDyck-2/distributions/bbaN_L128_T16_gaussian_categorical_sigma1.0.json
unconditional,bbaN,128,gaussian,categorical,2.0,,16,4,0.85,0.111803,0.3,0.070711,0.225,0.082916,0.025,0.043301,3.975,16,False,6.28,1,True,1.0,0.0,,1,0.04918032786885246,0.06666666666666667,0.8,0.5,0.0,,0.0,0.0002403846153846154,,,,,,results/T-sweep-nonDyck-2/distributions/bbaN_L128_T16_gaussian_categorical_sigma2.0.json
unconditional,bbaN,128,gaussian,categorical,5.0,,16,4,0.875,0.082916,0.225,0.129904,0.2,0.1,0.075,0.043301,4.85,16,False,6.79,3,True,,,,3,,,0.8,0.5,1.0986122886681096,,1.0986122886681096,0.0007211538461538462,,,,,,results/T-sweep-nonDyck-2/distributions/bbaN_L128_T16_gaussian_categorical_sigma5.0.json
unconditional,bbaN,128,gaussian,categorical,10.0,,16,4,0.65,0.111803,0.475,0.082916,0.25,0.05,0.05,0.05,5.95,16,False,7.9,2,True,,,,2,,,0.8,0.5,0.6931471805599453,,0.6931471805599453,0.0004807692307692308,,,,,,results/T-sweep-nonDyck-2/distributions/bbaN_L128_T16_gaussian_categorical_sigma10.0.json
unconditional,bbaN,128,gaussian,categorical,50.0,,16,4,0.85,0.086603,0.65,0.111803,0.625,0.108972,0.4,0.1,9.675,17,False,8.0,16,False,1.0,0.0,0.24809215262778977,16,0.0021849963583394027,0.0029476787030213707,0.8,0.5,2.685945324669788,,2.685945324669788,0.0038461538461538464,,,,,,results/T-sweep-nonDyck-2/distributions/bbaN_L128_T16_gaussian_categorical_sigma50.0.json
unconditional,bbaN,128,gaussian,categorical,20.0,,16,4,0.8,0.187083,0.4,0.1,0.275,0.082916,0.15,0.05,6.5,16,False,8.31,6,False,1.0,0.0,0.2952586206896552,6,0.006550218340611353,0.008849557522123894,0.8,0.5,1.7917594692280547,,1.5607104090414063,0.0014423076923076924,,,,,,results/T-sweep-nonDyck-2/distributions/bbaN_L128_T16_gaussian_categorical_sigma20.0.json
unconditional,baN,128,ebsampler,categorical,,0.1,64,4,1.0,0.0,1.0,0.0,1.0,0.0,1.0,0.0,128.0,128,False,305.55,40,False,1.0,0.0,0.1605563789991631,40,0.0007927070947284979,0.0015980823012385138,0.75,0.625,,,,,,,,,,results/T-sweep-nonDyck-2/distributions/baN_L128_T64_ebsampler_categorical_gamma0.1.json
unconditional,bbaN,128,gaussian,categorical,1.0,,32,4,0.8,0.070711,0.4,0.158114,0.2,0.141421,0.075,0.082916,11.75,32,False,12.7,3,True,,,,3,,,0.8,0.5,1.0986122886681096,,1.0986122886681096,0.0007211538461538462,,,,,,results/T-sweep-nonDyck-2/distributions/bbaN_L128_T32_gaussian_categorical_sigma1.0.json
unconditional,bbaN,128,gaussian,categorical,2.0,,32,4,0.85,0.05,0.425,0.147902,0.3,0.122474,0.1,0.070711,10.6,32,False,11.17,4,True,,,,4,,,0.8,0.5,1.3862943611198906,,1.3862943611198906,0.0009615384615384616,,,,,,results/T-sweep-nonDyck-2/distributions/bbaN_L128_T32_gaussian_categorical_sigma2.0.json
unconditional,bbaN,128,gaussian,categorical,5.0,,32,4,0.825,0.082916,0.65,0.206155,0.5,0.234521,0.2,0.070711,15.925,31,False,15.04,8,False,1.0,0.0,0.34537185660781167,8,0.005703422053231939,0.007722007722007722,0.8,0.5,2.0794415416798357,,2.0794415416798357,0.0019230769230769232,,,,,,results/T-sweep-nonDyck-2/distributions/bbaN_L128_T32_gaussian_categorical_sigma5.0.json
unconditional,bbaN,128,gaussian,categorical,50.0,,32,4,0.9,0.122474,0.75,0.111803,0.675,0.147902,0.525,0.108972,20.95,33,False,13.23,21,False,1.0,0.0,0.2807008368200837,21,0.0015864621893178213,0.0021390374331550803,0.8,0.5,2.9124944033310514,,2.8464803861348664,0.005048076923076923,,,,,,results/T-sweep-nonDyck-2/distributions/bbaN_L128_T32_gaussian_categorical_sigma50.0.json
unconditional,bbaN,128,gaussian,categorical,10.0,,32,4,0.8,0.187083,0.6,0.122474,0.475,0.082916,0.375,0.082916,19.35,33,False,15.08,15,False,1.0,0.0,0.2528939125697944,15,0.0029013539651837525,0.003925417075564278,0.8,0.5,2.5232109529528914,,2.4307913288782323,0.003605769230769231,,,,,,results/T-sweep-nonDyck-2/distributions/bbaN_L128_T32_gaussian_categorical_sigma10.0.json
unconditional,bbaN,128,gaussian,categorical,20.0,,32,4,0.775,0.082916,0.825,0.108972,0.65,0.111803,0.5,0.122474,22.075,33,False,16.0,20,False,1.0,0.0,0.28447523302638617,20,0.0016224986479177934,0.002186987424822307,0.8,0.5,2.9264175554979963,,2.8571028374420018,0.004807692307692308,,,,,,results/T-sweep-nonDyck-2/distributions/bbaN_L128_T32_gaussian_categorical_sigma20.0.json
unconditional,bbaN,128,gaussian,categorical,1.0,,64,4,0.825,0.129904,0.575,0.043301,0.4,0.122474,0.225,0.192029,29.725,64,False,28.84,9,False,1.0,0.0,0.28668136020151136,9,0.003821656050955414,0.005154639175257732,0.8,0.5,2.1972245773362196,,2.0431918705451206,0.0021634615384615386,,,,,,results/T-sweep-nonDyck-2/distributions/bbaN_L128_T64_gaussian_categorical_sigma1.0.json
unconditional,bbaN,128,gaussian,greedy,20.0,,128,4,1.0,0.0,1.0,0.0,1.0,0.0,0.975,0.043301,120.65,129,False,109.37,39,False,0.9743589743589743,0.02564102564102566,0.12658841512102753,39,0.0006557377049180328,0.0008818342151675485,0.8,0.5,3.3168143246525132,,3.103538269095608,0.009134615384615385,,,,,,results/T-sweep-nonDyck-2/distributions/bbaN_L128_T128_gaussian_greedy_sigma20.0.json
unconditional,bbaN,128,gaussian,categorical,2.0,,64,4,0.825,0.043301,0.7,0.122474,0.55,0.165831,0.35,0.15,40.125,64,False,34.23,14,False,1.0,0.0,0.2937290969899666,14,0.0033112582781456954,0.004484304932735426,0.8,0.5,2.4036404106149494,,2.5400363038209806,0.0033653846153846156,,,,,,results/T-sweep-nonDyck-2/distributions/bbaN_L128_T64_gaussian_categorical_sigma2.0.json
unconditional,bbaN,128,gaussian,categorical,5.0,,64,4,0.85,0.05,0.75,0.180278,0.65,0.111803,0.5,0.122474,45.1,65,False,37.17,20,False,1.0,0.0,0.3251868244651849,20,0.001850709438618137,0.0024984384759525295,0.8,0.5,2.9264175554979963,,2.8571028374420018,0.004807692307692308,,,,,,results/T-sweep-nonDyck-2/distributions/bbaN_L128_T64_gaussian_categorical_sigma5.0.json
unconditional,bbaN,128,gaussian,categorical,50.0,,64,4,0.8,0.122474,0.875,0.082916,0.7,0.158114,0.625,0.178536,46.525,65,False,29.51,25,False,1.0,0.0,0.31606346058502727,25,0.0015060240963855422,0.0020335536349771225,0.8,0.5,2.9761388013384344,,2.941616952644222,0.006009615384615385,,,,,,results/T-sweep-nonDyck-2/distributions/bbaN_L128_T64_gaussian_categorical_sigma50.0.json
unconditional,bbaN,128,gaussian,greedy,50.0,,128,4,1.0,0.0,1.0,0.0,1.0,0.0,0.975,0.043301,121.9,129,False,91.32,39,False,1.0,0.0,0.17129518793392387,39,0.0007249879168680521,0.0009758477677482313,0.8,0.5,3.308101553534801,,3.2323056870626585,0.009375,,,,,,results/T-sweep-nonDyck-2/distributions/bbaN_L128_T128_gaussian_greedy_sigma50.0.json
unconditional,bbaN,128,gaussian,greedy,10.0,,128,4,0.975,0.043301,1.0,0.0,0.975,0.043301,0.975,0.043301,121.25,129,False,117.92,39,False,0.8461538461538461,0.15384615384615385,0.053958056983742425,39,0.000629987400251995,0.0008469193309337286,0.8,0.5,3.041159021694352,,2.450752587593315,0.007932692307692307,,,,,,results/T-sweep-nonDyck-2/distributions/bbaN_L128_T128_gaussian_greedy_sigma10.0.json
unconditional,bbaN,128,gaussian,categorical,10.0,,64,4,0.825,0.082916,0.8,0.070711,0.65,0.111803,0.6,0.141421,47.725,65,False,36.66,24,False,1.0,0.0,0.28110447146095197,24,0.0014381591562799617,0.0019398642095053346,0.8,0.5,2.9470047701612976,,2.7737179750213112,0.0057692307692307696,,,,,,results/T-sweep-nonDyck-2/distributions/bbaN_L128_T64_gaussian_categorical_sigma10.0.json
unconditional,bbaN,128,gaussian,categorical,20.0,,64,4,0.925,0.043301,0.9,0.070711,0.875,0.082916,0.825,0.082916,53.85,65,False,35.29,33,False,1.0,0.0,0.31522501871257486,33,0.0011367942402425162,0.0015349194167306216,0.8,0.5,3.244454041262863,,2.9765445167027464,0.007932692307692307,,,,,,results/T-sweep-nonDyck-2/distributions/bbaN_L128_T64_gaussian_categorical_sigma20.0.json
unconditional,bbaN,128,gaussian,greedy,2.0,,128,4,0.95,0.05,1.0,0.0,0.95,0.05,0.95,0.05,124.7,127,False,123.5,38,False,0.3684210526315789,0.631578947368421,0.016762115275126426,38,0.0006244796003330558,0.000839278220730172,0.8,0.5,2.255114141554207,,1.6748373535910133,0.0033653846153846156,,,,,,results/T-sweep-nonDyck-2/distributions/bbaN_L128_T128_gaussian_greedy_sigma2.0.json
unconditional,bbaN,128,gaussian,greedy,1.0,,128,4,0.75,0.086603,1.0,0.0,0.75,0.086603,0.775,0.108972,125.525,128,False,124.34,30,False,0.26666666666666666,0.7333333333333334,0.009296292292725111,30,0.0007898894154818325,0.0010615711252653928,0.8,0.5,1.6002083832285066,,1.14225140799707,0.0019230769230769232,,,,,,results/T-sweep-nonDyck-2/distributions/bbaN_L128_T128_gaussian_greedy_sigma1.0.json
unconditional,bbaN,128,gaussian,greedy,5.0,,128,4,0.925,0.043301,1.0,0.0,0.925,0.043301,0.925,0.043301,122.025,129,False,121.71,37,False,0.6486486486486487,0.3513513513513513,0.030515762715891005,37,0.000646551724137931,0.0008689984792526613,0.8,0.5,2.750738242154508,,2.1287179189508194,0.0057692307692307696,,,,,,results/T-sweep-nonDyck-2/distributions/bbaN_L128_T128_gaussian_greedy_sigma5.0.json
unconditional,bbaN,128,ebsampler,greedy,,5.0,4,1,0.0,0.0,1.0,0.0,0.0,0.0,1.0,0.0,11.0,11,True,1.52,0,True,,,,0,,,,,,,,,,,,,,results/T-sweep-nonDyck-2/distributions/bbaN_L128_T4_ebsampler_greedy_gamma5.0.json
unconditional,bbaN,128,ebsampler,greedy,,2.0,4,1,0.0,0.0,1.0,0.0,0.0,0.0,1.0,0.0,19.0,19,True,2.44,0,True,,,,0,,,,,,,,,,,,,,results/T-sweep-nonDyck-2/distributions/bbaN_L128_T4_ebsampler_greedy_gamma2.0.json
unconditional,bbaN,128,ebsampler,greedy,,10.0,4,1,1.0,0.0,1.0,0.0,1.0,0.0,1.0,0.0,7.0,7,True,0.95,10,False,0.1,0.9,0.0,10,0.004347826086956522,0.0058823529411764705,0.8,0.5,0.0,,0.0,0.0002403846153846154,,,,,,results/T-sweep-nonDyck-2/distributions/bbaN_L128_T4_ebsampler_greedy_gamma10.0.json
unconditional,bbaN,128,ebsampler,greedy,,0.9,4,1,1.0,0.0,1.0,0.0,1.0,0.0,1.0,0.0,31.0,31,True,3.8,10,False,0.1,0.9,0.0,10,0.0014084507042253522,0.0014285714285714286,0.4,0.2,0.0,,0.0,0.0002403846153846154,,,,,,results/T-sweep-nonDyck-2/distributions/bbaN_L128_T4_ebsampler_greedy_gamma0.9.json
unconditional,bbaN,128,ebsampler,greedy,,0.5,4,1,1.0,0.0,1.0,0.0,1.0,0.0,1.0,0.0,46.0,46,True,5.62,10,False,0.1,0.9,0.0,10,0.004347826086956522,0.004411764705882353,0.8,0.4,0.0,,0.0,0.0002403846153846154,,,,,,results/T-sweep-nonDyck-2/distributions/bbaN_L128_T4_ebsampler_greedy_gamma0.5.json
unconditional,bbaN,128,ebsampler,greedy,,2.0,8,1,0.0,0.0,1.0,0.0,0.0,0.0,1.0,0.0,19.0,19,True,2.43,0,True,,,,0,,,,,,,,,,,,,,results/T-sweep-nonDyck-2/distributions/bbaN_L128_T8_ebsampler_greedy_gamma2.0.json
unconditional,bbaN,128,ebsampler,greedy,,0.9,8,1,1.0,0.0,1.0,0.0,1.0,0.0,1.0,0.0,31.0,31,True,3.76,10,False,0.1,0.9,0.0,10,0.0014084507042253522,0.0014285714285714286,0.4,0.2,0.0,,0.0,0.0002403846153846154,,,,,,results/T-sweep-nonDyck-2/distributions/bbaN_L128_T8_ebsampler_greedy_gamma0.9.json
unconditional,bbaN,128,ebsampler,greedy,,5.0,8,1,0.0,0.0,1.0,0.0,0.0,0.0,1.0,0.0,11.0,11,True,1.39,0,True,,,,0,,,,,,,,,,,,,,results/T-sweep-nonDyck-2/distributions/bbaN_L128_T8_ebsampler_greedy_gamma5.0.json
unconditional,baN,128,ebsampler,categorical,,0.1,128,4,1.0,0.0,1.0,0.0,1.0,0.0,1.0,0.0,128.0,128,False,289.24,40,False,1.0,0.0,0.1605563789991631,40,0.0007927070947284979,0.0015980823012385138,0.75,0.625,,,,,,,,,,results/T-sweep-nonDyck-2/distributions/baN_L128_T128_ebsampler_categorical_gamma0.1.json
unconditional,bbaN,128,ebsampler,greedy,,10.0,8,1,1.0,0.0,1.0,0.0,1.0,0.0,1.0,0.0,7.0,7,True,1.17,10,False,0.1,0.9,0.0,10,0.004347826086956522,0.0058823529411764705,0.8,0.5,0.0,,0.0,0.0002403846153846154,,,,,,results/T-sweep-nonDyck-2/distributions/bbaN_L128_T8_ebsampler_greedy_gamma10.0.json
unconditional,bbaN,128,ebsampler,greedy,,0.5,8,1,1.0,0.0,1.0,0.0,1.0,0.0,1.0,0.0,46.0,46,True,5.57,10,False,0.1,0.9,0.0,10,0.004347826086956522,0.004411764705882353,0.8,0.4,0.0,,0.0,0.0002403846153846154,,,,,,results/T-sweep-nonDyck-2/distributions/bbaN_L128_T8_ebsampler_greedy_gamma0.5.json
unconditional,bbaN,128,ebsampler,greedy,,2.0,16,1,0.0,0.0,1.0,0.0,0.0,0.0,1.0,0.0,19.0,19,True,2.34,0,True,,,,0,,,,,,,,,,,,,,results/T-sweep-nonDyck-2/distributions/bbaN_L128_T16_ebsampler_greedy_gamma2.0.json
unconditional,bbaN,128,ebsampler,greedy,,0.1,4,1,1.0,0.0,1.0,0.0,1.0,0.0,1.0,0.0,111.0,111,True,14.13,10,False,0.1,0.9,0.0,10,0.015789473684210527,0.016666666666666666,0.8,0.4,0.0,,0.0,0.0002403846153846154,,,,,,results/T-sweep-nonDyck-2/distributions/bbaN_L128_T4_ebsampler_greedy_gamma0.1.json
unconditional,bbaN,128,ebsampler,greedy,,10.0,16,1,1.0,0.0,1.0,0.0,1.0,0.0,1.0,0.0,7.0,7,True,1.01,10,False,0.1,0.9,0.0,10,0.004347826086956522,0.0058823529411764705,0.8,0.5,0.0,,0.0,0.0002403846153846154,,,,,,results/T-sweep-nonDyck-2/distributions/bbaN_L128_T16_ebsampler_greedy_gamma10.0.json
unconditional,bbaN,128,ebsampler,greedy,,0.9,16,1,1.0,0.0,1.0,0.0,1.0,0.0,1.0,0.0,31.0,31,True,3.63,10,False,0.1,0.9,0.0,10,0.0014084507042253522,0.0014285714285714286,0.4,0.2,0.0,,0.0,0.0002403846153846154,,,,,,results/T-sweep-nonDyck-2/distributions/bbaN_L128_T16_ebsampler_greedy_gamma0.9.json
unconditional,bbaN,128,ebsampler,greedy,,5.0,16,1,0.0,0.0,1.0,0.0,0.0,0.0,1.0,0.0,11.0,11,True,1.48,0,True,,,,0,,,,,,,,,,,,,,results/T-sweep-nonDyck-2/distributions/bbaN_L128_T16_ebsampler_greedy_gamma5.0.json
unconditional,bbaN,128,ar,greedy,,,130,1,1.0,0.0,1.0,0.0,1.0,0.0,1.0,0.0,129.0,129,True,18.6,10,False,0.1,0.9,0.0,10,0.0007874015748031496,0.0007936507936507937,0.4,0.2,0.0,,0.0,0.0002403846153846154,,,,,,results/T-sweep-nonDyck-2/distributions/bbaN_L128_T130_ar_greedy_none.json
unconditional,baN,128,ebsampler,categorical,,0.5,64,4,1.0,0.0,1.0,0.0,1.0,0.0,1.0,0.0,128.0,128,False,347.52,40,False,1.0,0.0,0.1605563789991631,40,0.0007927070947284979,0.0015980823012385138,0.75,0.625,,,,,,,,,,results/T-sweep-nonDyck-2/distributions/baN_L128_T64_ebsampler_categorical_gamma0.5.json
unconditional,bbaN,128,ebsampler,greedy,,0.5,16,1,1.0,0.0,1.0,0.0,1.0,0.0,1.0,0.0,46.0,46,True,5.54,10,False,0.1,0.9,0.0,10,0.004347826086956522,0.004411764705882353,0.8,0.4,0.0,,0.0,0.0002403846153846154,,,,,,results/T-sweep-nonDyck-2/distributions/bbaN_L128_T16_ebsampler_greedy_gamma0.5.json
unconditional,bbaN,128,ebsampler,greedy,,10.0,32,1,1.0,0.0,1.0,0.0,1.0,0.0,1.0,0.0,7.0,7,True,0.91,10,False,0.1,0.9,0.0,10,0.004347826086956522,0.0058823529411764705,0.8,0.5,0.0,,0.0,0.0002403846153846154,,,,,,results/T-sweep-nonDyck-2/distributions/bbaN_L128_T32_ebsampler_greedy_gamma10.0.json
unconditional,bbaN,128,ebsampler,greedy,,5.0,32,1,0.0,0.0,1.0,0.0,0.0,0.0,1.0,0.0,11.0,11,True,1.51,0,True,,,,0,,,,,,,,,,,,,,results/T-sweep-nonDyck-2/distributions/bbaN_L128_T32_ebsampler_greedy_gamma5.0.json
unconditional,bbaN,128,ebsampler,greedy,,2.0,32,1,0.0,0.0,1.0,0.0,0.0,0.0,1.0,0.0,19.0,19,True,2.4,0,True,,,,0,,,,,,,,,,,,,,results/T-sweep-nonDyck-2/distributions/bbaN_L128_T32_ebsampler_greedy_gamma2.0.json
unconditional,bbaN,128,ebsampler,greedy,,0.9,32,1,1.0,0.0,1.0,0.0,1.0,0.0,1.0,0.0,31.0,31,True,4.02,10,False,0.1,0.9,0.0,10,0.0014084507042253522,0.0014285714285714286,0.4,0.2,0.0,,0.0,0.0002403846153846154,,,,,,results/T-sweep-nonDyck-2/distributions/bbaN_L128_T32_ebsampler_greedy_gamma0.9.json
unconditional,bbaN,128,ebsampler,greedy,,0.1,8,1,1.0,0.0,1.0,0.0,1.0,0.0,1.0,0.0,111.0,111,True,13.98,10,False,0.1,0.9,0.0,10,0.015789473684210527,0.016666666666666666,0.8,0.4,0.0,,0.0,0.0002403846153846154,,,,,,results/T-sweep-nonDyck-2/distributions/bbaN_L128_T8_ebsampler_greedy_gamma0.1.json
unconditional,bbaN,128,ebsampler,greedy,,0.5,32,1,1.0,0.0,1.0,0.0,1.0,0.0,1.0,0.0,46.0,46,True,5.74,10,False,0.1,0.9,0.0,10,0.004347826086956522,0.004411764705882353,0.8,0.4,0.0,,0.0,0.0002403846153846154,,,,,,results/T-sweep-nonDyck-2/distributions/bbaN_L128_T32_ebsampler_greedy_gamma0.5.json
unconditional,bbaN,128,ebsampler,greedy,,5.0,64,1,0.0,0.0,1.0,0.0,0.0,0.0,1.0,0.0,11.0,11,True,1.46,0,True,,,,0,,,,,,,,,,,,,,results/T-sweep-nonDyck-2/distributions/bbaN_L128_T64_ebsampler_greedy_gamma5.0.json
unconditional,bbaN,128,ebsampler,greedy,,2.0,64,1,0.0,0.0,1.0,0.0,0.0,0.0,1.0,0.0,19.0,19,True,2.47,0,True,,,,0,,,,,,,,,,,,,,results/T-sweep-nonDyck-2/distributions/bbaN_L128_T64_ebsampler_greedy_gamma2.0.json
unconditional,bbaN,128,ebsampler,greedy,,10.0,64,1,1.0,0.0,1.0,0.0,1.0,0.0,1.0,0.0,7.0,7,True,1.13,10,False,0.1,0.9,0.0,10,0.004347826086956522,0.0058823529411764705,0.8,0.5,0.0,,0.0,0.0002403846153846154,,,,,,results/T-sweep-nonDyck-2/distributions/bbaN_L128_T64_ebsampler_greedy_gamma10.0.json
unconditional,bbaN,128,ebsampler,greedy,,0.9,64,1,1.0,0.0,1.0,0.0,1.0,0.0,1.0,0.0,31.0,31,True,4.02,10,False,0.1,0.9,0.0,10,0.0014084507042253522,0.0014285714285714286,0.4,0.2,0.0,,0.0,0.0002403846153846154,,,,,,results/T-sweep-nonDyck-2/distributions/bbaN_L128_T64_ebsampler_greedy_gamma0.9.json
unconditional,bbaN,128,ebsampler,greedy,,0.5,64,1,1.0,0.0,1.0,0.0,1.0,0.0,1.0,0.0,46.0,46,True,5.54,10,False,0.1,0.9,0.0,10,0.004347826086956522,0.004411764705882353,0.8,0.4,0.0,,0.0,0.0002403846153846154,,,,,,results/T-sweep-nonDyck-2/distributions/bbaN_L128_T64_ebsampler_greedy_gamma0.5.json
unconditional,bbaN,128,ebsampler,greedy,,0.1,16,1,1.0,0.0,1.0,0.0,1.0,0.0,1.0,0.0,111.0,111,True,14.5,10,False,0.1,0.9,0.0,10,0.015789473684210527,0.016666666666666666,0.8,0.4,0.0,,0.0,0.0002403846153846154,,,,,,results/T-sweep-nonDyck-2/distributions/bbaN_L128_T16_ebsampler_greedy_gamma0.1.json
unconditional,bbaN,128,ebsampler,greedy,,2.0,128,1,0.0,0.0,1.0,0.0,0.0,0.0,1.0,0.0,19.0,19,True,2.52,0,True,,,,0,,,,,,,,,,,,,,results/T-sweep-nonDyck-2/distributions/bbaN_L128_T128_ebsampler_greedy_gamma2.0.json
unconditional,bbaN,128,ebsampler,greedy,,0.9,128,1,1.0,0.0,1.0,0.0,1.0,0.0,1.0,0.0,31.0,31,True,3.87,10,False,0.1,0.9,0.0,10,0.0014084507042253522,0.0014285714285714286,0.4,0.2,0.0,,0.0,0.0002403846153846154,,,,,,results/T-sweep-nonDyck-2/distributions/bbaN_L128_T128_ebsampler_greedy_gamma0.9.json
unconditional,bbaN,128,ebsampler,greedy,,5.0,128,1,0.0,0.0,1.0,0.0,0.0,0.0,1.0,0.0,11.0,11,True,1.56,0,True,,,,0,,,,,,,,,,,,,,results/T-sweep-nonDyck-2/distributions/bbaN_L128_T128_ebsampler_greedy_gamma5.0.json
unconditional,bbaN,128,ebsampler,greedy,,10.0,128,1,1.0,0.0,1.0,0.0,1.0,0.0,1.0,0.0,7.0,7,True,1.16,10,False,0.1,0.9,0.0,10,0.004347826086956522,0.0058823529411764705,0.8,0.5,0.0,,0.0,0.0002403846153846154,,,,,,results/T-sweep-nonDyck-2/distributions/bbaN_L128_T128_ebsampler_greedy_gamma10.0.json
unconditional,bbaN,128,gaussian,categorical,1.0,,128,4,0.7,0.070711,0.775,0.082916,0.475,0.082916,0.425,0.043301,87.175,127,False,58.84,17,False,1.0,0.0,0.32990160349854225,17,0.002214022140221402,0.0029895366218236174,0.8,0.5,2.833213344056216,,2.6701198898068172,0.004086538461538462,,,,,,results/T-sweep-nonDyck-2/distributions/bbaN_L128_T128_gaussian_categorical_sigma1.0.json
unconditional,bbaN,128,ebsampler,greedy,,0.5,128,1,1.0,0.0,1.0,0.0,1.0,0.0,1.0,0.0,46.0,46,True,5.57,10,False,0.1,0.9,0.0,10,0.004347826086956522,0.004411764705882353,0.8,0.4,0.0,,0.0,0.0002403846153846154,,,,,,results/T-sweep-nonDyck-2/distributions/bbaN_L128_T128_ebsampler_greedy_gamma0.5.json
unconditional,bbaN,128,ebsampler,greedy,,0.1,32,1,1.0,0.0,1.0,0.0,1.0,0.0,1.0,0.0,111.0,111,True,14.47,10,False,0.1,0.9,0.0,10,0.015789473684210527,0.016666666666666666,0.8,0.4,0.0,,0.0,0.0002403846153846154,,,,,,results/T-sweep-nonDyck-2/distributions/bbaN_L128_T32_ebsampler_greedy_gamma0.1.json
unconditional,bbaN,128,ebsampler,categorical,,5.0,4,4,0.675,0.108972,0.45,0.05,0.2,0.070711,0.0,0.0,1.425,5,False,2.97,0,True,,,,0,,,,,,,,,,,,,,results/T-sweep-nonDyck-2/distributions/bbaN_L128_T4_ebsampler_categorical_gamma5.0.json
unconditional,bbaN,128,ebsampler,categorical,,10.0,4,4,0.7,0.173205,0.175,0.082916,0.1,0.070711,0.0,0.0,1.025,2,False,3.03,0,True,,,,0,,,,,,,,,,,,,,results/T-sweep-nonDyck-2/distributions/bbaN_L128_T4_ebsampler_categorical_gamma10.0.json
unconditional,baN,128,ebsampler,categorical,,0.5,128,4,1.0,0.0,1.0,0.0,1.0,0.0,1.0,0.0,128.0,128,False,289.73,40,False,1.0,0.0,0.1605563789991631,40,0.0007927070947284979,0.0015980823012385138,0.75,0.625,,,,,,,,,,results/T-sweep-nonDyck-2/distributions/baN_L128_T128_ebsampler_categorical_gamma0.5.json
unconditional,bbaN,128,ebsampler,categorical,,2.0,4,4,0.75,0.086603,0.625,0.082916,0.4,0.122474,0.05,0.05,3.7,13,False,4.48,2,True,,,,2,,,0.8,0.5,0.6931471805599453,,0.6931471805599453,0.0004807692307692308,,,,,,results/T-sweep-nonDyck-2/distributions/bbaN_L128_T4_ebsampler_categorical_gamma2.0.json
unconditional,bbaN,128,ebsampler,categorical,,0.9,4,4,0.675,0.227761,0.775,0.043301,0.45,0.217945,0.1,0.070711,6.0,23,False,6.24,4,True,,,,4,,,0.8,0.5,1.3862943611198906,,1.3862943611198906,0.0009615384615384616,,,,,,results/T-sweep-nonDyck-2/distributions/bbaN_L128_T4_ebsampler_categorical_gamma0.9.json
unconditional,bbaN,128,ebsampler,greedy,,0.1,64,1,1.0,0.0,1.0,0.0,1.0,0.0,1.0,0.0,111.0,111,True,14.56,10,False,0.1,0.9,0.0,10,0.015789473684210527,0.016666666666666666,0.8,0.4,0.0,,0.0,0.0002403846153846154,,,,,,results/T-sweep-nonDyck-2/distributions/bbaN_L128_T64_ebsampler_greedy_gamma0.1.json
unconditional,bbaN,128,ebsampler,categorical,,5.0,8,4,0.675,0.108972,0.45,0.05,0.2,0.070711,0.0,0.0,1.425,5,False,3.09,0,True,,,,0,,,,,,,,,,,,,,results/T-sweep-nonDyck-2/distributions/bbaN_L128_T8_ebsampler_categorical_gamma5.0.json
unconditional,bbaN,128,ebsampler,categorical,,0.5,4,4,0.675,0.178536,0.725,0.178536,0.4,0.122474,0.15,0.111803,11.775,39,False,9.33,6,False,1.0,0.0,0.3964071856287425,6,0.006060606060606061,0.0081799591002045,0.8,0.5,1.7917594692280547,,1.5607104090414063,0.0014423076923076924,,,,,,results/T-sweep-nonDyck-2/distributions/bbaN_L128_T4_ebsampler_categorical_gamma0.5.json
unconditional,bbaN,128,ebsampler,categorical,,2.0,8,4,0.75,0.086603,0.625,0.082916,0.4,0.122474,0.05,0.05,3.7,13,False,4.51,2,True,,,,2,,,0.8,0.5,0.6931471805599453,,0.6931471805599453,0.0004807692307692308,,,,,,results/T-sweep-nonDyck-2/distributions/bbaN_L128_T8_ebsampler_categorical_gamma2.0.json
unconditional,bbaN,128,ebsampler,categorical,,10.0,8,4,0.7,0.173205,0.175,0.082916,0.1,0.070711,0.0,0.0,1.025,2,False,3.06,0,True,,,,0,,,,,,,,,,,,,,results/T-sweep-nonDyck-2/distributions/bbaN_L128_T8_ebsampler_categorical_gamma10.0.json
unconditional,bbaN,128,ebsampler,greedy,,0.1,128,1,1.0,0.0,1.0,0.0,1.0,0.0,1.0,0.0,111.0,111,True,14.56,10,False,0.1,0.9,0.0,10,0.015789473684210527,0.016666666666666666,0.8,0.4,0.0,,0.0,0.0002403846153846154,,,,,,results/T-sweep-nonDyck-2/distributions/bbaN_L128_T128_ebsampler_greedy_gamma0.1.json
unconditional,bbaN,128,ebsampler,categorical,,0.9,8,4,0.675,0.227761,0.775,0.043301,0.45,0.217945,0.1,0.070711,6.0,23,False,6.3,4,True,,,,4,,,0.8,0.5,1.3862943611198906,,1.3862943611198906,0.0009615384615384616,,,,,,results/T-sweep-nonDyck-2/distributions/bbaN_L128_T8_ebsampler_categorical_gamma0.9.json
unconditional,bbaN,128,ebsampler,categorical,,5.0,16,4,0.675,0.108972,0.45,0.05,0.2,0.070711,0.0,0.0,1.425,5,False,3.15,0,True,,,,0,,,,,,,,,,,,,,results/T-sweep-nonDyck-2/distributions/bbaN_L128_T16_ebsampler_categorical_gamma5.0.json
unconditional,bbaN,128,ebsampler,categorical,,10.0,16,4,0.7,0.173205,0.175,0.082916,0.1,0.070711,0.0,0.0,1.025,2,False,3.16,0,True,,,,0,,,,,,,,,,,,,,results/T-sweep-nonDyck-2/distributions/bbaN_L128_T16_ebsampler_categorical_gamma10.0.json
unconditional,bbaN,128,ebsampler,categorical,,0.5,8,4,0.675,0.178536,0.725,0.178536,0.4,0.122474,0.15,0.111803,11.775,39,False,9.71,6,False,1.0,0.0,0.3964071856287425,6,0.006060606060606061,0.0081799591002045,0.8,0.5,1.7917594692280547,,1.5607104090414063,0.0014423076923076924,,,,,,results/T-sweep-nonDyck-2/distributions/bbaN_L128_T8_ebsampler_categorical_gamma0.5.json
unconditional,bbaN,128,ebsampler,categorical,,2.0,16,4,0.75,0.086603,0.625,0.082916,0.4,0.122474,0.05,0.05,3.7,13,False,4.81,2,True,,,,2,,,0.8,0.5,0.6931471805599453,,0.6931471805599453,0.0004807692307692308,,,,,,results/T-sweep-nonDyck-2/distributions/bbaN_L128_T16_ebsampler_categorical_gamma2.0.json
unconditional,bbaN,128,ebsampler,categorical,,0.9,16,4,0.675,0.227761,0.775,0.043301,0.45,0.217945,0.1,0.070711,6.0,23,False,6.5,4,True,,,,4,,,0.8,0.5,1.3862943611198906,,1.3862943611198906,0.0009615384615384616,,,,,,results/T-sweep-nonDyck-2/distributions/bbaN_L128_T16_ebsampler_categorical_gamma0.9.json
unconditional,bbaN,128,ebsampler,categorical,,0.5,16,4,0.675,0.178536,0.725,0.178536,0.4,0.122474,0.15,0.111803,11.775,39,False,9.62,6,False,1.0,0.0,0.3964071856287425,6,0.006060606060606061,0.0081799591002045,0.8,0.5,1.7917594692280547,,1.5607104090414063,0.0014423076923076924,,,,,,results/T-sweep-nonDyck-2/distributions/bbaN_L128_T16_ebsampler_categorical_gamma0.5.json
unconditional,bbaN,128,ebsampler,categorical,,5.0,32,4,0.675,0.108972,0.45,0.05,0.2,0.070711,0.0,0.0,1.425,5,False,3.03,0,True,,,,0,,,,,,,,,,,,,,results/T-sweep-nonDyck-2/distributions/bbaN_L128_T32_ebsampler_categorical_gamma5.0.json
unconditional,bbaN,128,ebsampler,categorical,,2.0,32,4,0.75,0.086603,0.625,0.082916,0.4,0.122474,0.05,0.05,3.7,13,False,4.41,2,True,,,,2,,,0.8,0.5,0.6931471805599453,,0.6931471805599453,0.0004807692307692308,,,,,,results/T-sweep-nonDyck-2/distributions/bbaN_L128_T32_ebsampler_categorical_gamma2.0.json
unconditional,bbaN,128,ebsampler,categorical,,10.0,32,4,0.7,0.173205,0.175,0.082916,0.1,0.070711,0.0,0.0,1.025,2,False,2.99,0,True,,,,0,,,,,,,,,,,,,,results/T-sweep-nonDyck-2/distributions/bbaN_L128_T32_ebsampler_categorical_gamma10.0.json
unconditional,bbaN,128,ebsampler,categorical,,0.9,32,4,0.675,0.227761,0.775,0.043301,0.45,0.217945,0.1,0.070711,6.0,23,False,6.19,4,True,,,,4,,,0.8,0.5,1.3862943611198906,,1.3862943611198906,0.0009615384615384616,,,,,,results/T-sweep-nonDyck-2/distributions/bbaN_L128_T32_ebsampler_categorical_gamma0.9.json
unconditional,bbaN,128,gaussian,categorical,5.0,,128,4,0.9,0.1,0.85,0.086603,0.8,0.122474,0.625,0.108972,96.175,128,False,57.72,25,False,1.0,0.0,0.342054820778225,25,0.001750291715285881,0.002368265245707519,0.8,0.5,3.052520501533812,,2.775261629309835,0.006009615384615385,,,,,,results/T-sweep-nonDyck-2/distributions/bbaN_L128_T128_gaussian_categorical_sigma5.0.json
unconditional,bbaN,128,gaussian,categorical,50.0,,128,4,0.925,0.082916,0.925,0.082916,0.875,0.129904,0.85,0.111803,111.075,129,False,52.21,34,False,1.0,0.0,0.27530223494790423,34,0.0009953550099535502,0.0013422818791946308,0.8,0.5,3.404040433929114,,2.9909112080063878,0.008173076923076924,,,,,,results/T-sweep-nonDyck-2/distributions/bbaN_L128_T128_gaussian_categorical_sigma50.0.json
unconditional,bbaN,128,ebsampler,categorical,,5.0,64,4,0.675,0.108972,0.45,0.05,0.2,0.070711,0.0,0.0,1.425,5,False,2.87,0,True,,,,0,,,,,,,,,,,,,,results/T-sweep-nonDyck-2/distributions/bbaN_L128_T64_ebsampler_categorical_gamma5.0.json
unconditional,bbaN,128,ebsampler,categorical,,2.0,64,4,0.75,0.086603,0.625,0.082916,0.4,0.122474,0.05,0.05,3.7,13,False,4.28,2,True,,,,2,,,0.8,0.5,0.6931471805599453,,0.6931471805599453,0.0004807692307692308,,,,,,results/T-sweep-nonDyck-2/distributions/bbaN_L128_T64_ebsampler_categorical_gamma2.0.json
unconditional,bbaN,128,ebsampler,categorical,,0.5,32,4,0.675,0.178536,0.725,0.178536,0.4,0.122474,0.15,0.111803,11.775,39,False,9.38,6,False,1.0,0.0,0.3964071856287425,6,0.006060606060606061,0.0081799591002045,0.8,0.5,1.7917594692280547,,1.5607104090414063,0.0014423076923076924,,,,,,results/T-sweep-nonDyck-2/distributions/bbaN_L128_T32_ebsampler_categorical_gamma0.5.json
unconditional,bbaN,128,ebsampler,categorical,,0.9,64,4,0.675,0.227761,0.775,0.043301,0.45,0.217945,0.1,0.070711,6.0,23,False,5.94,4,True,,,,4,,,0.8,0.5,1.3862943611198906,,1.3862943611198906,0.0009615384615384616,,,,,,results/T-sweep-nonDyck-2/distributions/bbaN_L128_T64_ebsampler_categorical_gamma0.9.json
unconditional,bbaN,128,gaussian,categorical,2.0,,128,4,0.775,0.108972,0.8,0.1,0.6,0.122474,0.475,0.108972,96.25,128,False,63.44,19,False,1.0,0.0,0.278271436166173,19,0.002077562326869806,0.002807017543859649,0.8,0.5,2.7255503958317213,,2.871476118054867,0.0045673076923076926,,,,,,results/T-sweep-nonDyck-2/distributions/bbaN_L128_T128_gaussian_categorical_sigma2.0.json
unconditional,bbaN,128,ebsampler,categorical,,10.0,64,4,0.7,0.173205,0.175,0.082916,0.1,0.070711,0.0,0.0,1.025,2,False,2.97,0,True,,,,0,,,,,,,,,,,,,,results/T-sweep-nonDyck-2/distributions/bbaN_L128_T64_ebsampler_categorical_gamma10.0.json
unconditional,bbaN,128,ebsampler,categorical,,5.0,128,4,0.675,0.108972,0.45,0.05,0.2,0.070711,0.0,0.0,1.425,5,False,2.98,0,True,,,,0,,,,,,,,,,,,,,results/T-sweep-nonDyck-2/distributions/bbaN_L128_T128_ebsampler_categorical_gamma5.0.json
unconditional,bbaN,128,ebsampler,categorical,,0.5,64,4,0.675,0.178536,0.725,0.178536,0.4,0.122474,0.15,0.111803,11.775,39,False,9.21,6,False,1.0,0.0,0.3964071856287425,6,0.006060606060606061,0.0081799591002045,0.8,0.5,1.7917594692280547,,1.5607104090414063,0.0014423076923076924,,,,,,results/T-sweep-nonDyck-2/distributions/bbaN_L128_T64_ebsampler_categorical_gamma0.5.json
unconditional,bbaN,128,ebsampler,categorical,,10.0,128,4,0.7,0.173205,0.175,0.082916,0.1,0.070711,0.0,0.0,1.025,2,False,2.9,0,True,,,,0,,,,,,,,,,,,,,results/T-sweep-nonDyck-2/distributions/bbaN_L128_T128_ebsampler_categorical_gamma10.0.json
unconditional,bbaN,128,ebsampler,categorical,,2.0,128,4,0.75,0.086603,0.625,0.082916,0.4,0.122474,0.05,0.05,3.7,13,False,4.58,2,True,,,,2,,,0.8,0.5,0.6931471805599453,,0.6931471805599453,0.0004807692307692308,,,,,,results/T-sweep-nonDyck-2/distributions/bbaN_L128_T128_ebsampler_categorical_gamma2.0.json
unconditional,aNbN,128,uniform,greedy,,,4,4,0.175,0.082916,1.0,0.0,0.175,0.082916,0.125,0.043301,1.375,4,False,2.55,5,False,0.6,0.4,0.014619883040935672,5,0.008902077151335312,0.012048192771084338,,,1.0549201679861442,0.046875,,,,,,,,results/T-sweep-nonDyck-2/distributions/aNbN_L128_T4_uniform_greedy_none.json
unconditional,bbaN,128,gaussian,categorical,10.0,,128,4,0.9,0.122474,0.875,0.108972,0.8,0.122474,0.725,0.082916,102.1,129,False,62.69,29,False,1.0,0.0,0.344686329588015,29,0.0014238253440911248,0.0019249278152069298,0.8,0.5,3.128279560827871,,2.802987011748892,0.0069711538461538465,,,,,,results/T-sweep-nonDyck-2/distributions/bbaN_L128_T128_gaussian_categorical_sigma10.0.json
unconditional,bbaN,128,ebsampler,categorical,,0.9,128,4,0.675,0.227761,0.775,0.043301,0.45,0.217945,0.1,0.070711,6.0,23,False,6.4,4,True,,,,4,,,0.8,0.5,1.3862943611198906,,1.3862943611198906,0.0009615384615384616,,,,,,results/T-sweep-nonDyck-2/distributions/bbaN_L128_T128_ebsampler_categorical_gamma0.9.json
unconditional,aNbN,128,uniform,greedy,,,8,4,0.35,0.111803,1.0,0.0,0.35,0.111803,0.35,0.111803,3.45,8,False,2.29,14,False,0.5714285714285714,0.4285714285714286,0.05996608601819023,14,0.003048780487804878,0.004123711340206186,,,1.9701814400260844,0.125,,,,,,,,results/T-sweep-nonDyck-2/distributions/aNbN_L128_T8_uniform_greedy_none.json
unconditional,bbaN,128,gaussian,categorical,20.0,,128,4,0.975,0.043301,0.9,0.070711,0.9,0.070711,0.875,0.043301,111.025,129,False,61.08,35,False,0.9714285714285714,0.02857142857142858,0.28583570524984186,35,0.0010200612036722204,0.0013764624913971094,0.8,0.5,3.238480778947724,,3.1293640643828993,0.008173076923076924,,,,,,results/T-sweep-nonDyck-2/distributions/bbaN_L128_T128_gaussian_categorical_sigma20.0.json
unconditional,aNbN,128,uniform,greedy,,,16,4,0.75,0.05,1.0,0.0,0.75,0.05,0.75,0.05,12.375,16,False,3.51,30,False,0.5333333333333333,0.4666666666666667,0.0739259838258726,30,0.001325088339222615,0.0017905102954341987,,,2.635976399632205,0.25,,,,,,,,results/T-sweep-nonDyck-2/distributions/aNbN_L128_T16_uniform_greedy_none.json
unconditional,aNbN,128,uniform,categorical,,,8,4,0.075,0.129904,0.475,0.108972,0.05,0.086603,0.0,0.0,1.0,1,False,2.22,0,True,,,,0,,,,,,,,,,,,,,results/T-sweep-nonDyck-2/distributions/aNbN_L128_T8_uniform_categorical_none.json
unconditional,aNbN,128,uniform,categorical,,,16,4,0.375,0.043301,0.875,0.043301,0.275,0.043301,0.15,0.086603,3.325,16,False,2.36,6,False,1.0,0.0,0.2293193717277487,6,0.007978723404255319,0.010810810810810811,,,1.7917594692280547,0.09375,,,,,,,,results/T-sweep-nonDyck-2/distributions/aNbN_L128_T16_uniform_categorical_none.json
unconditional,aNbN,128,uniform,categorical,,,4,4,0.125,0.108972,0.125,0.108972,0.025,0.043301,0.0,0.0,1.0,1,False,2.88,0,True,,,,0,,,,,,,,,,,,,,results/T-sweep-nonDyck-2/distributions/aNbN_L128_T4_uniform_categorical_none.json
unconditional,bbaN,128,ebsampler,categorical,,0.5,128,4,0.675,0.178536,0.725,0.178536,0.4,0.122474,0.15,0.111803,11.775,39,False,9.79,6,False,1.0,0.0,0.3964071856287425,6,0.006060606060606061,0.0081799591002045,0.8,0.5,1.7917594692280547,,1.5607104090414063,0.0014423076923076924,,,,,,results/T-sweep-nonDyck-2/distributions/bbaN_L128_T128_ebsampler_categorical_gamma0.5.json
unconditional,aNbN,128,gaussian,greedy,1.0,,4,4,1.0,0.0,1.0,0.0,1.0,0.0,1.0,0.0,4.0,4,False,2.33,40,False,0.05,0.95,0.003433108035618496,40,0.0007928118393234672,0.0010683760683760685,,,0.5004024235381879,0.03125,,,,,,,,results/T-sweep-nonDyck-2/distributions/aNbN_L128_T4_gaussian_greedy_sigma1.0.json
unconditional,aNbN,128,gaussian,greedy,2.0,,4,4,1.0,0.0,1.0,0.0,1.0,0.0,1.0,0.0,4.05,5,False,2.29,40,False,0.125,0.875,0.007802620604299513,40,0.0007953340402969247,0.0010718113612004287,,,1.047320469413031,0.078125,,,,,,,,results/T-sweep-nonDyck-2/distributions/aNbN_L128_T4_gaussian_greedy_sigma2.0.json
unconditional,aNbN,128,uniform,greedy,,,32,4,0.9,0.070711,1.0,0.0,0.9,0.070711,0.875,0.082916,28.15,32,False,6.86,35,False,0.4857142857142857,0.5142857142857142,0.10745347423548116,35,0.0012091898428053204,0.001635322976287817,,,2.6936715508880766,0.265625,,,,,,,,results/T-sweep-nonDyck-2/distributions/aNbN_L128_T32_uniform_greedy_none.json
unconditional,bbaN,128,ebsampler,categorical,,0.1,4,4,0.95,0.086603,0.975,0.043301,0.925,0.082916,0.925,0.082916,52.225,92,False,35.06,37,False,1.0,0.0,0.2725202082477052,37,0.0009354536950420954,0.0012618296529968455,0.8,0.5,3.498515667148019,,3.1311543966980167,0.008894230769230769,,,,,,results/T-sweep-nonDyck-2/distributions/bbaN_L128_T4_ebsampler_categorical_gamma0.1.json
unconditional,aNbN,128,gaussian,greedy,5.0,,4,4,1.0,0.0,1.0,0.0,1.0,0.0,1.0,0.0,4.1,5,False,2.09,40,False,0.15,0.85,0.01805668016194332,40,0.0007978723404255319,0.001075268817204301,,,1.7373344606595817,0.09375,,,,,,,,results/T-sweep-nonDyck-2/distributions/aNbN_L128_T4_gaussian_greedy_sigma5.0.json
unconditional,bbaN,128,ar,categorical,,,130,4,1.0,0.0,1.0,0.0,1.0,0.0,1.0,0.0,129.0,129,False,61.9,40,False,1.0,0.0,0.27307372948114716,40,0.0008396305625524769,0.0011321822813472968,0.8,0.5,3.4462779409179576,,3.1212805060718676,0.009615384615384616,,,,,,results/T-sweep-nonDyck-2/distributions/bbaN_L128_T130_ar_categorical_none.json
unconditional,aNbN,128,uniform,categorical,,,32,4,0.575,0.129904,0.975,0.043301,0.575,0.129904,0.5,0.122474,16.775,32,False,5.23,20,False,0.9,0.09999999999999998,0.27041742286751363,20,0.0023885350318471337,0.003236245954692557,,,2.8571028374420018,0.28125,,,,,,,,results/T-sweep-nonDyck-2/distributions/aNbN_L128_T32_uniform_categorical_none.json
unconditional,aNbN,128,gaussian,greedy,10.0,,4,4,1.0,0.0,1.0,0.0,1.0,0.0,1.0,0.0,4.15,5,False,2.19,40,False,0.35,0.65,0.04967357365881351,40,0.0007991475759190197,0.0010770059235325794,,,2.4278558512268216,0.21875,,,,,,,,results/T-sweep-nonDyck-2/distributions/aNbN_L128_T4_gaussian_greedy_sigma10.0.json
unconditional,aNbN,128,gaussian,greedy,20.0,,4,4,0.8,0.1,1.0,0.0,0.8,0.1,0.8,0.1,3.85,5,False,2.59,32,False,0.53125,0.46875,0.06811481096080471,32,0.0010190217391304348,0.0013736263736263737,,,2.694400843561939,0.265625,,,,,,,,results/T-sweep-nonDyck-2/distributions/aNbN_L128_T4_gaussian_greedy_sigma20.0.json
unconditional,aNbN,128,gaussian,greedy,50.0,,4,4,0.525,0.108972,1.0,0.0,0.525,0.108972,0.525,0.108972,3.05,5,False,2.67,21,False,0.7142857142857143,0.2857142857142857,0.08837485172004746,21,0.0018018018018018018,0.0024330900243309003,,,2.623521756271808,0.234375,,,,,,,,results/T-sweep-nonDyck-2/distributions/aNbN_L128_T4_gaussian_greedy_sigma50.0.json
unconditional,bbaN,128,ebsampler,categorical,,0.1,8,4,0.95,0.086603,0.975,0.043301,0.925,0.082916,0.925,0.082916,52.225,92,False,34.5,37,False,1.0,0.0,0.2725202082477052,37,0.0009354536950420954,0.0012618296529968455,0.8,0.5,3.498515667148019,,3.1311543966980167,0.008894230769230769,,,,,,results/T-sweep-nonDyck-2/distributions/bbaN_L128_T8_ebsampler_categorical_gamma0.1.json
unconditional,aNbN,128,gaussian,greedy,1.0,,8,4,1.0,0.0,1.0,0.0,1.0,0.0,1.0,0.0,8.0,8,False,3.96,40,False,0.1,0.9,0.023686750959478232,40,0.0006950880444856349,0.0009354536950420954,,,0.8731234431794936,0.0625,,,,,,,,results/T-sweep-nonDyck-2/distributions/aNbN_L128_T8_gaussian_greedy_sigma1.0.json
unconditional,aNbN,128,gaussian,greedy,2.0,,8,4,1.0,0.0,1.0,0.0,1.0,0.0,1.0,0.0,8.05,9,False,3.99,40,False,0.1,0.9,0.04118995941090633,40,0.0007242877836793819,0.0009751340809361287,,,1.299819313172645,0.0625,,,,,,,,results/T-sweep-nonDyck-2/distributions/aNbN_L128_T8_gaussian_greedy_sigma2.0.json
unconditional,aNbN,128,gaussian,greedy,5.0,,8,4,1.0,0.0,1.0,0.0,1.0,0.0,1.0,0.0,8.1,9,False,3.93,40,False,0.325,0.675,0.04312984312984313,40,0.0007444168734491315,0.0010025062656641604,,,2.2672501822971305,0.203125,,,,,,,,results/T-sweep-nonDyck-2/distributions/aNbN_L128_T8_gaussian_greedy_sigma5.0.json
unconditional,aNbN,128,gaussian,greedy,10.0,,8,4,1.0,0.0,1.0,0.0,1.0,0.0,1.0,0.0,8.125,9,False,3.85,40,False,0.375,0.625,0.042403862075993226,40,0.0007526342197691922,0.0010136847440446021,,,2.4426675915469844,0.234375,,,,,,,,results/T-sweep-nonDyck-2/distributions/aNbN_L128_T8_gaussian_greedy_sigma10.0.json
unconditional,aNbN,128,gaussian,greedy,20.0,,8,4,0.9,0.122474,1.0,0.0,0.9,0.122474,0.9,0.122474,7.875,9,False,3.93,36,False,0.4722222222222222,0.5277777777777778,0.06434298805432825,36,0.0008680555555555555,0.0011695906432748538,,,2.7096898912952327,0.265625,,,,,,,,results/T-sweep-nonDyck-2/distributions/aNbN_L128_T8_gaussian_greedy_sigma20.0.json
unconditional,aNbN,128,gaussian,greedy,50.0,,8,4,0.725,0.082916,1.0,0.0,0.725,0.082916,0.725,0.082916,6.9,9,False,3.62,29,False,0.5862068965517241,0.4137931034482759,0.09599200504944246,29,0.0011164867882396724,0.0015048908954100827,,,2.709767451293795,0.265625,,,,,,,,results/T-sweep-nonDyck-2/distributions/aNbN_L128_T8_gaussian_greedy_sigma50.0.json
unconditional,bbaN,128,ebsampler,categorical,,0.1,16,4,0.95,0.086603,0.975,0.043301,0.925,0.082916,0.925,0.082916,52.225,92,False,35.38,37,False,1.0,0.0,0.2725202082477052,37,0.0009354536950420954,0.0012618296529968455,0.8,0.5,3.498515667148019,,3.1311543966980167,0.008894230769230769,,,,,,results/T-sweep-nonDyck-2/distributions/bbaN_L128_T16_ebsampler_categorical_gamma0.1.json
unconditional,aNbN,128,uniform,categorical,,,64,4,0.725,0.129904,0.975,0.043301,0.725,0.129904,0.7,0.1,45.95,64,False,11.43,28,False,0.75,0.25,0.2581161408321902,28,0.0015657620041753654,0.00211864406779661,,,2.9669434861893547,0.328125,,,,,,,,results/T-sweep-nonDyck-2/distributions/aNbN_L128_T64_uniform_categorical_none.json
unconditional,aNbN,128,uniform,greedy,,,64,4,1.0,0.0,1.0,0.0,1.0,0.0,1.0,0.0,63.75,64,False,14.85,40,False,0.725,0.275,0.20356494708281675,40,0.0010660980810234541,0.0014419610670511895,,,3.281486097617741,0.453125,,,,,,,,results/T-sweep-nonDyck-2/distributions/aNbN_L128_T64_uniform_greedy_none.json
unconditional,aNbN,128,gaussian,greedy,1.0,,16,4,1.0,0.0,1.0,0.0,1.0,0.0,1.0,0.0,16.025,17,False,7.14,40,False,0.125,0.875,0.011503928170594837,40,0.0006366723259762309,0.0008561643835616438,,,0.9489429404950962,0.078125,,,,,,,,results/T-sweep-nonDyck-2/distributions/aNbN_L128_T16_gaussian_greedy_sigma1.0.json
unconditional,aNbN,128,gaussian,greedy,2.0,,16,4,1.0,0.0,1.0,0.0,1.0,0.0,1.0,0.0,16.05,17,False,7.21,40,False,0.175,0.825,0.02021167859144713,40,0.0006485084306095979,0.0008722197993894462,,,1.7518211774451338,0.109375,,,,,,,,results/T-sweep-nonDyck-2/distributions/aNbN_L128_T16_gaussian_greedy_sigma2.0.json
unconditional,aNbN,128,gaussian,greedy,5.0,,16,4,1.0,0.0,1.0,0.0,1.0,0.0,1.0,0.0,15.9,17,False,6.92,40,False,0.3,0.7,0.03414245014245014,40,0.0006726457399103139,0.0009049773755656109,,,2.271558959766375,0.1875,,,,,,,,results/T-sweep-nonDyck-2/distributions/aNbN_L128_T16_gaussian_greedy_sigma5.0.json
unconditional,aNbN,128,gaussian,greedy,10.0,,16,4,1.0,0.0,1.0,0.0,1.0,0.0,1.0,0.0,15.65,17,False,6.8,40,False,0.4,0.6,0.04961283442296101,40,0.0006843065693430657,0.0009208103130755065,,,2.5672103882572386,0.25,,,,,,,,results/T-sweep-nonDyck-2/distributions/aNbN_L128_T16_gaussian_greedy_sigma10.0.json
unconditional,aNbN,128,gaussian,greedy,20.0,,16,4,1.0,0.0,1.0,0.0,1.0,0.0,1.0,0.0,15.6,17,False,6.44,40,False,0.525,0.475,0.07326737735511414,40,0.0007552870090634441,0.001017293997965412,,,2.921831303743654,0.328125,,,,,,,,results/T-sweep-nonDyck-2/distributions/aNbN_L128_T16_gaussian_greedy_sigma20.0.json
unconditional,bbaN,128,ebsampler,categorical,,0.1,32,4,0.95,0.086603,0.975,0.043301,0.925,0.082916,0.925,0.082916,52.225,92,False,35.09,37,False,1.0,0.0,0.2725202082477052,37,0.0009354536950420954,0.0012618296529968455,0.8,0.5,3.498515667148019,,3.1311543966980167,0.008894230769230769,,,,,,results/T-sweep-nonDyck-2/distributions/bbaN_L128_T32_ebsampler_categorical_gamma0.1.json
unconditional,aNbN,128,gaussian,greedy,50.0,,16,4,0.9,0.070711,1.0,0.0,0.9,0.070711,0.9,0.070711,15.05,17,False,6.1,36,False,0.6111111111111112,0.38888888888888884,0.0859453660146901,36,0.0008756567425569177,0.0011799410029498525,,,2.945834786764485,0.34375,,,,,,,,results/T-sweep-nonDyck-2/distributions/aNbN_L128_T16_gaussian_greedy_sigma50.0.json
unconditional,bbaN,128,ebsampler,categorical,,0.1,64,4,0.95,0.086603,0.975,0.043301,0.925,0.082916,0.925,0.082916,52.225,92,False,33.73,37,False,1.0,0.0,0.2725202082477052,37,0.0009354536950420954,0.0012618296529968455,0.8,0.5,3.498515667148019,,3.1311543966980167,0.008894230769230769,,,,,,results/T-sweep-nonDyck-2/distributions/bbaN_L128_T64_ebsampler_categorical_gamma0.1.json
unconditional,aNbN,128,gaussian,greedy,1.0,,32,4,1.0,0.0,1.0,0.0,1.0,0.0,1.0,0.0,32.0,33,False,12.59,40,False,0.175,0.825,0.0118006993006993,40,0.0006137479541734861,0.0008250825082508251,,,1.5550544033294111,0.109375,,,,,,,,results/T-sweep-nonDyck-2/distributions/aNbN_L128_T32_gaussian_greedy_sigma1.0.json
unconditional,aNbN,128,uniform,categorical,,,128,4,0.85,0.086603,1.0,0.0,0.85,0.086603,0.8,0.070711,103.325,128,False,21.98,32,False,0.84375,0.15625,0.3056808449900086,32,0.0013464991023339318,0.0018214936247723133,,,3.2327759043821005,0.421875,,,,,,,,results/T-sweep-nonDyck-2/distributions/aNbN_L128_T128_uniform_categorical_none.json
unconditional,aNbN,128,gaussian,greedy,2.0,,32,4,1.0,0.0,1.0,0.0,1.0,0.0,1.0,0.0,31.6,32,False,12.89,40,False,0.225,0.775,0.015793690958164644,40,0.0006218905472636816,0.0008361204013377926,,,1.8659436892457366,0.140625,,,,,,,,results/T-sweep-nonDyck-2/distributions/aNbN_L128_T32_gaussian_greedy_sigma2.0.json
unconditional,aNbN,128,gaussian,greedy,10.0,,32,4,1.0,0.0,1.0,0.0,1.0,0.0,1.0,0.0,30.95,33,False,11.99,40,False,0.425,0.575,0.04484055303727435,40,0.0006705409029950827,0.0009021199819576004,,,2.6746435387933287,0.265625,,,,,,,,results/T-sweep-nonDyck-2/distributions/aNbN_L128_T32_gaussian_greedy_sigma10.0.json
unconditional,aNbN,128,gaussian,greedy,50.0,,32,4,0.875,0.129904,1.0,0.0,0.875,0.129904,0.875,0.129904,28.9,33,False,10.13,35,False,0.6,0.4,0.09627507163323783,35,0.0008683068017366136,0.0011695906432748538,,,2.961221906723746,0.328125,,,,,,,,results/T-sweep-nonDyck-2/distributions/aNbN_L128_T32_gaussian_greedy_sigma50.0.json
unconditional,aNbN,128,gaussian,greedy,5.0,,32,4,1.0,0.0,1.0,0.0,1.0,0.0,1.0,0.0,31.175,33,False,12.52,40,False,0.4,0.6,0.04144253182714721,40,0.0006613756613756613,0.0008896797153024911,,,2.6269049761712178,0.25,,,,,,,,results/T-sweep-nonDyck-2/distributions/aNbN_L128_T32_gaussian_greedy_sigma5.0.json
unconditional,aNbN,128,gaussian,greedy,20.0,,32,4,1.0,0.0,1.0,0.0,1.0,0.0,1.0,0.0,30.95,33,False,12.53,40,False,0.525,0.475,0.07747775004412173,40,0.0007447864945382324,0.0010030090270812437,,,2.9349125073377675,0.328125,,,,,,,,results/T-sweep-nonDyck-2/distributions/aNbN_L128_T32_gaussian_greedy_sigma20.0.json
unconditional,aNbN,128,uniform,greedy,,,128,4,1.0,0.0,1.0,0.0,1.0,0.0,1.0,0.0,127.2,128,False,27.1,40,False,0.625,0.375,0.1925670668445235,40,0.0010997067448680353,0.001488095238095238,,,3.10361305072341,0.390625,,,,,,,,results/T-sweep-nonDyck-2/distributions/aNbN_L128_T128_uniform_greedy_none.json
unconditional,bbaN,128,ebsampler,categorical,,0.1,128,4,0.95,0.086603,0.975,0.043301,0.925,0.082916,0.925,0.082916,52.225,92,False,33.65,37,False,1.0,0.0,0.2725202082477052,37,0.0009354536950420954,0.0012618296529968455,0.8,0.5,3.498515667148019,,3.1311543966980167,0.008894230769230769,,,,,,results/T-sweep-nonDyck-2/distributions/bbaN_L128_T128_ebsampler_categorical_gamma0.1.json
unconditional,aNbN,128,gaussian,categorical,1.0,,4,4,0.0,0.0,0.025,0.043301,0.0,0.0,0.0,0.0,1.0,1,False,2.53,0,True,,,,0,,,,,,,,,,,,,,results/T-sweep-nonDyck-2/distributions/aNbN_L128_T4_gaussian_categorical_sigma1.0.json
unconditional,aNbN,128,gaussian,categorical,5.0,,4,4,0.0,0.0,0.05,0.05,0.0,0.0,0.0,0.0,1.0,1,False,2.5,0,True,,,,0,,,,,,,,,,,,,,results/T-sweep-nonDyck-2/distributions/aNbN_L128_T4_gaussian_categorical_sigma5.0.json
unconditional,aNbN,128,gaussian,categorical,2.0,,4,4,0.0,0.0,0.05,0.05,0.0,0.0,0.0,0.0,1.0,1,False,2.63,0,True,,,,0,,,,,,,,,,,,,,results/T-sweep-nonDyck-2/distributions/aNbN_L128_T4_gaussian_categorical_sigma2.0.json
unconditional,aNbN,128,gaussian,categorical,10.0,,4,4,0.0,0.0,0.15,0.111803,0.0,0.0,0.0,0.0,1.025,2,False,2.27,0,True,,,,0,,,,,,,,,,,,,,results/T-sweep-nonDyck-2/distributions/aNbN_L128_T4_gaussian_categorical_sigma10.0.json
unconditional,aNbN,128,gaussian,categorical,20.0,,4,4,0.025,0.043301,0.25,0.111803,0.025,0.043301,0.025,0.043301,1.125,4,False,2.14,1,True,1.0,0.0,,1,0.03296703296703297,0.044444444444444446,,,0.0,0.015625,,,,,,,,results/T-sweep-nonDyck-2/distributions/aNbN_L128_T4_gaussian_categorical_sigma20.0.json
unconditional,aNbN,128,gaussian,categorical,50.0,,4,4,0.075,0.082916,0.35,0.15,0.025,0.043301,0.025,0.043301,1.125,4,False,2.03,1,True,1.0,0.0,,1,0.03296703296703297,0.044444444444444446,,,0.0,0.015625,,,,,,,,results/T-sweep-nonDyck-2/distributions/aNbN_L128_T4_gaussian_categorical_sigma50.0.json
unconditional,aNbN,128,gaussian,categorical,1.0,,8,4,0.025,0.043301,0.225,0.108972,0.025,0.043301,0.025,0.043301,1.375,8,False,2.29,1,True,1.0,0.0,,1,0.13043478260869565,0.18181818181818182,,,0.0,0.015625,,,,,,,,results/T-sweep-nonDyck-2/distributions/aNbN_L128_T8_gaussian_categorical_sigma1.0.json
unconditional,aNbN,128,gaussian,categorical,2.0,,8,4,0.05,0.05,0.35,0.15,0.05,0.05,0.05,0.05,1.55,8,False,2.14,2,True,,,,2,,,,,0.0,0.015625,,,,,,,,results/T-sweep-nonDyck-2/distributions/aNbN_L128_T8_gaussian_categorical_sigma2.0.json
unconditional,aNbN,128,gaussian,categorical,5.0,,8,4,0.05,0.05,0.15,0.05,0.05,0.05,0.05,0.05,1.95,8,False,2.44,2,True,,,,2,,,,,0.6931471805599453,0.03125,,,,,,,,results/T-sweep-nonDyck-2/distributions/aNbN_L128_T8_gaussian_categorical_sigma5.0.json
unconditional,aNbN,128,gaussian,categorical,10.0,,8,4,0.075,0.043301,0.2,0.070711,0.075,0.043301,0.075,0.043301,2.55,9,False,2.88,3,True,,,,3,,,,,1.0986122886681096,0.046875,,,,,,,,results/T-sweep-nonDyck-2/distributions/aNbN_L128_T8_gaussian_categorical_sigma10.0.json
unconditional,aNbN,128,gaussian,categorical,20.0,,8,4,0.125,0.082916,0.275,0.043301,0.125,0.082916,0.125,0.082916,2.925,8,False,3.08,5,False,1.0,0.0,0.34971098265895956,5,0.008797653958944282,0.011904761904761904,,,1.6094379124341005,0.078125,,,,,,,,results/T-sweep-nonDyck-2/distributions/aNbN_L128_T8_gaussian_categorical_sigma20.0.json
unconditional,aNbN,128,gaussian,categorical,50.0,,8,4,0.275,0.129904,0.6,0.187083,0.225,0.163936,0.175,0.082916,3.325,9,False,2.66,7,False,0.7142857142857143,0.2857142857142857,0.4345006485084306,7,0.005917159763313609,0.008,,,1.4750763110546947,0.078125,,,,,,,,results/T-sweep-nonDyck-2/distributions/aNbN_L128_T8_gaussian_categorical_sigma50.0.json
unconditional,aNbN,128,gaussian,categorical,1.0,,16,4,0.225,0.043301,0.3,0.070711,0.225,0.043301,0.225,0.043301,5.6,16,False,3.39,9,False,0.5555555555555556,0.4444444444444444,0.4032258064516129,9,0.01694915254237288,0.023809523809523808,,,1.5229550675313182,0.078125,,,,,,,,results/T-sweep-nonDyck-2/distributions/aNbN_L128_T16_gaussian_categorical_sigma1.0.json
unconditional,aNbN,128,gaussian,categorical,2.0,,16,4,0.225,0.163936,0.325,0.192029,0.225,0.163936,0.225,0.163936,5.6,16,False,3.76,9,False,0.6666666666666666,0.33333333333333337,0.2789115646258503,9,0.010526315789473684,0.014492753623188406,,,1.6769877743224173,0.09375,,,,,,,,results/T-sweep-nonDyck-2/distributions/aNbN_L128_T16_gaussian_categorical_sigma2.0.json
unconditional,aNbN,128,gaussian,categorical,5.0,,16,4,0.35,0.05,0.375,0.082916,0.35,0.05,0.325,0.043301,7.225,16,False,4.43,13,False,0.7692307692307693,0.23076923076923073,0.25412541254125415,13,0.00505902192242833,0.006896551724137931,,,2.2450352741261774,0.15625,,,,,,,,results/T-sweep-nonDyck-2/distributions/aNbN_L128_T16_gaussian_categorical_sigma5.0.json
unconditional,aNbN,128,gaussian,categorical,10.0,,16,4,0.35,0.180278,0.55,0.25,0.35,0.180278,0.35,0.180278,8.075,16,False,4.49,14,False,0.9285714285714286,0.0714285714285714,0.3193633952254642,14,0.00530035335689046,0.007246376811594203,,,2.5400363038209806,0.203125,,,,,,,,results/T-sweep-nonDyck-2/distributions/aNbN_L128_T16_gaussian_categorical_sigma10.0.json
unconditional,aNbN,128,gaussian,greedy,50.0,,64,4,0.95,0.05,1.0,0.0,0.95,0.05,0.95,0.05,61.3,65,False,21.69,38,False,0.6842105263157895,0.3157894736842105,0.10446450782130262,38,0.0008205689277899343,0.001105583195135434,,,3.172269617069339,0.40625,,,,,,,,results/T-sweep-nonDyck-2/distributions/aNbN_L128_T64_gaussian_greedy_sigma50.0.json
unconditional,aNbN,128,gaussian,greedy,20.0,,64,4,0.975,0.043301,1.0,0.0,0.975,0.043301,0.975,0.043301,60.6,65,False,23.38,39,False,0.5384615384615384,0.46153846153846156,0.09187753036437248,39,0.0007279786459597186,0.0009799118079372856,,,2.946162703524171,0.328125,,,,,,,,results/T-sweep-nonDyck-2/distributions/aNbN_L128_T64_gaussian_greedy_sigma20.0.json
unconditional,aNbN,128,gaussian,greedy,1.0,,64,4,1.0,0.0,1.0,0.0,1.0,0.0,1.0,0.0,63.125,64,False,24.61,40,False,0.15,0.85,0.00917356216160997,40,0.0006024096385542169,0.0008097165991902834,,,1.3188707721845117,0.09375,,,,,,,,results/T-sweep-nonDyck-2/distributions/aNbN_L128_T64_gaussian_greedy_sigma1.0.json
unconditional,aNbN,128,gaussian,greedy,10.0,,64,4,1.0,0.0,1.0,0.0,1.0,0.0,1.0,0.0,60.9,65,False,23.79,40,False,0.425,0.575,0.057918686886053894,40,0.0006765899864682003,0.0009103322712790169,,,2.7008059459815557,0.265625,,,,,,,,results/T-sweep-nonDyck-2/distributions/aNbN_L128_T64_gaussian_greedy_sigma10.0.json
unconditional,aNbN,128,gaussian,categorical,20.0,,16,4,0.275,0.163936,0.65,0.180278,0.275,0.163936,0.25,0.165831,6.975,17,False,4.48,10,False,0.8,0.19999999999999996,0.196996996996997,10,0.00410958904109589,0.005555555555555556,,,2.0253262207700673,0.125,,,,,,,,results/T-sweep-nonDyck-2/distributions/aNbN_L128_T16_gaussian_categorical_sigma20.0.json
unconditional,aNbN,128,gaussian,greedy,5.0,,64,4,1.0,0.0,1.0,0.0,1.0,0.0,1.0,0.0,61.525,64,False,24.23,40,False,0.3,0.7,0.028487668089987893,40,0.0006265664160401002,0.0008424599831508003,,,2.260933393816738,0.1875,,,,,,,,results/T-sweep-nonDyck-2/distributions/aNbN_L128_T64_gaussian_greedy_sigma5.0.json
unconditional,aNbN,128,gaussian,categorical,50.0,,16,4,0.325,0.108972,0.675,0.129904,0.3,0.122474,0.25,0.15,7.025,17,False,4.32,10,False,0.8,0.19999999999999996,0.3888888888888889,10,0.0058823529411764705,0.008,,,2.0253262207700673,0.125,,,,,,,,results/T-sweep-nonDyck-2/distributions/aNbN_L128_T16_gaussian_categorical_sigma50.0.json
unconditional,aNbN,128,gaussian,greedy,2.0,,64,4,1.0,0.0,1.0,0.0,1.0,0.0,1.0,0.0,62.75,64,False,24.97,40,False,0.175,0.825,0.013833605891367624,40,0.000606550748079256,0.0008153281695882593,,,1.681983778906603,0.109375,,,,,,,,results/T-sweep-nonDyck-2/distributions/aNbN_L128_T64_gaussian_greedy_sigma2.0.json
unconditional,aNbN,128,gaussian,categorical,1.0,,32,4,0.3,0.070711,0.35,0.086603,0.3,0.070711,0.3,0.070711,13.375,32,False,7.51,12,False,1.0,0.0,0.35131964809384164,12,0.004934210526315789,0.006711409395973154,,,2.4849066497880012,0.1875,,,,,,,,results/T-sweep-nonDyck-2/distributions/aNbN_L128_T32_gaussian_categorical_sigma1.0.json
unconditional,aNbN,128,gaussian,categorical,2.0,,32,4,0.45,0.206155,0.525,0.192029,0.45,0.206155,0.45,0.206155,17.325,32,False,7.98,18,False,0.8888888888888888,0.11111111111111116,0.3528040586864116,18,0.0035714285714285713,0.004866180048661801,,,2.736339051105066,0.25,,,,,,,,results/T-sweep-nonDyck-2/distributions/aNbN_L128_T32_gaussian_categorical_sigma2.0.json
unconditional,aNbN,128,gaussian,categorical,5.0,,32,4,0.475,0.108972,0.575,0.082916,0.475,0.108972,0.475,0.108972,18.575,32,False,8.73,19,False,0.7894736842105263,0.21052631578947367,0.30723340790454884,19,0.0034285714285714284,0.004672897196261682,,,2.5796246736085746,0.234375,,,,,,,,results/T-sweep-nonDyck-2/distributions/aNbN_L128_T32_gaussian_categorical_sigma5.0.json
unconditional,aNbN,128,gaussian,categorical,50.0,,32,4,0.525,0.192029,0.9,0.070711,0.5,0.187083,0.5,0.187083,20.05,33,False,8.32,20,False,0.85,0.15000000000000002,0.2910313166092802,20,0.0023734177215189874,0.003215434083601286,,,2.7877881193860072,0.265625,,,,,,,,results/T-sweep-nonDyck-2/distributions/aNbN_L128_T32_gaussian_categorical_sigma50.0.json
unconditional,aNbN,128,gaussian,categorical,10.0,,32,4,0.5,0.070711,0.7,0.070711,0.5,0.070711,0.5,0.070711,19.825,33,False,9.32,20,False,0.8,0.19999999999999996,0.2862155388471178,20,0.0024193548387096775,0.003278688524590164,,,2.7184734013300127,0.25,,,,,,,,results/T-sweep-nonDyck-2/distributions/aNbN_L128_T32_gaussian_categorical_sigma10.0.json
unconditional,aNbN,128,gaussian,categorical,20.0,,32,4,0.65,0.086603,0.8,0.070711,0.65,0.086603,0.65,0.086603,22.775,33,False,9.36,26,False,0.7692307692307693,0.23076923076923073,0.3125778331257783,26,0.0018987341772151898,0.002574002574002574,,,2.9381824546861237,0.3125,,,,,,,,results/T-sweep-nonDyck-2/distributions/aNbN_L128_T32_gaussian_categorical_sigma20.0.json
unconditional,baN,128,gaussian,greedy,20.0,,128,4,0.9,0.070711,1.0,0.0,0.9,0.070711,0.975,0.043301,120.625,129,False,905.44,36,False,0.4444444444444444,0.5555555555555556,0.007378472222222222,36,0.0006561679790026247,0.0008818342151675485,0.75,0.625,,,,,,,,,,results/T-sweep-nonDyck-2/distributions/baN_L128_T128_gaussian_greedy_sigma20.0.json
unconditional,aNbN,128,gaussian,categorical,1.0,,64,4,0.7,0.070711,0.7,0.070711,0.7,0.070711,0.7,0.070711,48.125,64,False,18.08,28,False,0.9285714285714286,0.0714285714285714,0.3911350703803534,28,0.0020604395604395605,0.0028011204481792717,,,3.233183484380926,0.40625,,,,,,,,results/T-sweep-nonDyck-2/distributions/aNbN_L128_T64_gaussian_categorical_sigma1.0.json
unconditional,aNbN,128,gaussian,categorical,2.0,,64,4,0.65,0.111803,0.675,0.108972,0.65,0.111803,0.65,0.111803,44.925,64,False,17.84,26,False,0.6923076923076923,0.3076923076923077,0.3597796143250689,26,0.0021037868162692847,0.002857142857142857,,,2.7912945696950127,0.28125,,,,,,,,results/T-sweep-nonDyck-2/distributions/aNbN_L128_T64_gaussian_categorical_sigma2.0.json
unconditional,aNbN,128,gaussian,categorical,10.0,,64,4,0.7,0.070711,0.7,0.070711,0.675,0.082916,0.675,0.082916,45.775,65,False,17.81,27,False,0.7407407407407407,0.2592592592592593,0.39259885413731566,27,0.00186219739292365,0.0025252525252525255,,,2.936427216825098,0.3125,,,,,,,,results/T-sweep-nonDyck-2/distributions/aNbN_L128_T64_gaussian_categorical_sigma10.0.json
unconditional,aNbN,128,gaussian,categorical,5.0,,64,4,0.675,0.082916,0.7,0.070711,0.675,0.082916,0.675,0.082916,46.35,65,False,19.42,27,False,0.7777777777777778,0.2222222222222222,0.335511790161618,27,0.001749271137026239,0.002369668246445498,,,2.968391891541963,0.328125,,,,,,,,results/T-sweep-nonDyck-2/distributions/aNbN_L128_T64_gaussian_categorical_sigma5.0.json
unconditional,aNbN,128,gaussian,greedy,50.0,,128,4,0.975,0.043301,1.0,0.0,0.975,0.043301,0.975,0.043301,122.125,129,False,40.56,39,False,0.6153846153846154,0.3846153846153846,0.1245942499420357,39,0.0008349568605622043,0.0011254924029262803,,,3.0679922598361236,0.375,,,,,,,,results/T-sweep-nonDyck-2/distributions/aNbN_L128_T128_gaussian_greedy_sigma50.0.json
unconditional,aNbN,128,gaussian,categorical,50.0,,64,4,0.85,0.111803,0.95,0.05,0.85,0.111803,0.85,0.111803,55.35,65,False,19.15,34,False,0.7941176470588235,0.20588235294117652,0.2940827524840575,34,0.0012406947890818859,0.0016778523489932886,,,3.2409469796797152,0.421875,,,,,,,,results/T-sweep-nonDyck-2/distributions/aNbN_L128_T64_gaussian_categorical_sigma50.0.json
unconditional,aNbN,128,gaussian,categorical,20.0,,64,4,0.775,0.192029,0.925,0.129904,0.775,0.192029,0.775,0.192029,51.15,65,False,20.75,31,False,0.8709677419354839,0.12903225806451613,0.3118931247963506,31,0.001488833746898263,0.0020161290322580645,,,3.2551105127277418,0.421875,,,,,,,,results/T-sweep-nonDyck-2/distributions/aNbN_L128_T64_gaussian_categorical_sigma20.0.json
unconditional,aNbN,128,ebsampler,greedy,,0.9,4,1,1.0,0.0,1.0,0.0,1.0,0.0,1.0,0.0,21.0,21,True,2.35,10,False,0.1,0.9,0.0,10,0.004761904761904762,0.0064516129032258064,,,0.0,0.015625,,,,,,,,results/T-sweep-nonDyck-2/distributions/aNbN_L128_T4_ebsampler_greedy_gamma0.9.json
unconditional,aNbN,128,ar,greedy,,,130,1,1.0,0.0,1.0,0.0,1.0,0.0,1.0,0.0,129.0,129,True,9.39,10,False,0.1,0.9,0.0,10,0.002362204724409449,0.0031746031746031746,,,0.0,0.015625,,,,,,,,results/T-sweep-nonDyck-2/distributions/aNbN_L128_T130_ar_greedy_none.json
unconditional,aNbN,128,ebsampler,greedy,,2.0,4,1,1.0,0.0,1.0,0.0,1.0,0.0,1.0,0.0,14.0,14,True,1.73,10,False,0.1,0.9,0.0,10,0.004615384615384616,0.00625,,,0.0,0.015625,,,,,,,,results/T-sweep-nonDyck-2/distributions/aNbN_L128_T4_ebsampler_greedy_gamma2.0.json
unconditional,aNbN,128,ebsampler,greedy,,0.1,4,1,1.0,0.0,1.0,0.0,1.0,0.0,1.0,0.0,60.0,60,True,7.85,10,False,0.1,0.9,0.0,10,0.023076923076923078,0.03333333333333333,,,0.0,0.015625,,,,,,,,results/T-sweep-nonDyck-2/distributions/aNbN_L128_T4_ebsampler_greedy_gamma0.1.json
unconditional,aNbN,128,ebsampler,greedy,,10.0,4,1,0.0,0.0,1.0,0.0,0.0,0.0,0.0,0.0,5.0,5,True,0.7,0,True,,,,0,,,,,,,,,,,,,,results/T-sweep-nonDyck-2/distributions/aNbN_L128_T4_ebsampler_greedy_gamma10.0.json
unconditional,aNbN,128,ebsampler,greedy,,0.5,4,1,1.0,0.0,1.0,0.0,1.0,0.0,1.0,0.0,28.0,28,True,3.32,10,False,0.1,0.9,0.0,10,0.005084745762711864,0.006896551724137931,,,0.0,0.015625,,,,,,,,results/T-sweep-nonDyck-2/distributions/aNbN_L128_T4_ebsampler_greedy_gamma0.5.json
unconditional,aNbN,128,ebsampler,greedy,,5.0,4,1,1.0,0.0,1.0,0.0,1.0,0.0,1.0,0.0,8.0,8,True,1.01,10,False,0.1,0.9,0.0,10,0.004761904761904762,0.0064516129032258064,,,0.0,0.015625,,,,,,,,results/T-sweep-nonDyck-2/distributions/aNbN_L128_T4_ebsampler_greedy_gamma5.0.json
unconditional,aNbN,128,ebsampler,greedy,,5.0,8,1,1.0,0.0,1.0,0.0,1.0,0.0,1.0,0.0,8.0,8,True,0.92,10,False,0.1,0.9,0.0,10,0.004761904761904762,0.0064516129032258064,,,0.0,0.015625,,,,,,,,results/T-sweep-nonDyck-2/distributions/aNbN_L128_T8_ebsampler_greedy_gamma5.0.json
unconditional,aNbN,128,gaussian,greedy,20.0,,128,4,1.0,0.0,1.0,0.0,1.0,0.0,1.0,0.0,121.35,129,False,45.31,40,False,0.575,0.42500000000000004,0.0961015300909684,40,0.0007270964614638875,0.0009789525208027412,,,3.073541943449756,0.359375,,,,,,,,results/T-sweep-nonDyck-2/distributions/aNbN_L128_T128_gaussian_greedy_sigma20.0.json
unconditional,aNbN,128,ebsampler,greedy,,10.0,8,1,0.0,0.0,1.0,0.0,0.0,0.0,0.0,0.0,5.0,5,True,0.62,0,True,,,,0,,,,,,,,,,,,,,results/T-sweep-nonDyck-2/distributions/aNbN_L128_T8_ebsampler_greedy_gamma10.0.json
unconditional,aNbN,128,ebsampler,greedy,,2.0,8,1,1.0,0.0,1.0,0.0,1.0,0.0,1.0,0.0,14.0,14,True,1.67,10,False,0.1,0.9,0.0,10,0.004615384615384616,0.00625,,,0.0,0.015625,,,,,,,,results/T-sweep-nonDyck-2/distributions/aNbN_L128_T8_ebsampler_greedy_gamma2.0.json
unconditional,aNbN,128,ebsampler,greedy,,0.9,8,1,1.0,0.0,1.0,0.0,1.0,0.0,1.0,0.0,21.0,21,True,2.5,10,False,0.1,0.9,0.0,10,0.004761904761904762,0.0064516129032258064,,,0.0,0.015625,,,,,,,,results/T-sweep-nonDyck-2/distributions/aNbN_L128_T8_ebsampler_greedy_gamma0.9.json
unconditional,aNbN,128,gaussian,greedy,1.0,,128,4,1.0,0.0,1.0,0.0,1.0,0.0,1.0,0.0,125.75,128,False,49.35,40,False,0.1,0.9,0.00680313491701392,40,0.0005978477481068154,0.0008035355564483728,,,1.1073613165261662,0.0625,,,,,,,,results/T-sweep-nonDyck-2/distributions/aNbN_L128_T128_gaussian_greedy_sigma1.0.json
unconditional,aNbN,128,ebsampler,greedy,,0.5,8,1,1.0,0.0,1.0,0.0,1.0,0.0,1.0,0.0,28.0,28,True,3.52,10,False,0.1,0.9,0.0,10,0.005084745762711864,0.006896551724137931,,,0.0,0.015625,,,,,,,,results/T-sweep-nonDyck-2/distributions/aNbN_L128_T8_ebsampler_greedy_gamma0.5.json
unconditional,aNbN,128,ebsampler,greedy,,5.0,16,1,1.0,0.0,1.0,0.0,1.0,0.0,1.0,0.0,8.0,8,True,0.95,10,False,0.1,0.9,0.0,10,0.004761904761904762,0.0064516129032258064,,,0.0,0.015625,,,,,,,,results/T-sweep-nonDyck-2/distributions/aNbN_L128_T16_ebsampler_greedy_gamma5.0.json
unconditional,aNbN,128,gaussian,greedy,5.0,,128,4,1.0,0.0,1.0,0.0,1.0,0.0,1.0,0.0,122.5,129,False,48.26,40,False,0.325,0.675,0.03737432452797692,40,0.0006350550381033022,0.0008539709649871904,,,2.197404163137351,0.203125,,,,,,,,results/T-sweep-nonDyck-2/distributions/aNbN_L128_T128_gaussian_greedy_sigma5.0.json
unconditional,aNbN,128,gaussian,greedy,10.0,,128,4,1.0,0.0,1.0,0.0,1.0,0.0,1.0,0.0,121.775,129,False,48.12,40,False,0.4,0.6,0.057367879357408155,40,0.0006602112676056338,0.0008880994671403197,,,2.639986179765331,0.25,,,,,,,,results/T-sweep-nonDyck-2/distributions/aNbN_L128_T128_gaussian_greedy_sigma10.0.json
unconditional,aNbN,128,ebsampler,greedy,,10.0,16,1,0.0,0.0,1.0,0.0,0.0,0.0,0.0,0.0,5.0,5,True,0.72,0,True,,,,0,,,,,,,,,,,,,,results/T-sweep-nonDyck-2/distributions/aNbN_L128_T16_ebsampler_greedy_gamma10.0.json
unconditional,aNbN,128,ebsampler,greedy,,2.0,16,1,1.0,0.0,1.0,0.0,1.0,0.0,1.0,0.0,14.0,14,True,1.71,10,False,0.1,0.9,0.0,10,0.004615384615384616,0.00625,,,0.0,0.015625,,,,,,,,results/T-sweep-nonDyck-2/distributions/aNbN_L128_T16_ebsampler_greedy_gamma2.0.json
unconditional,aNbN,128,gaussian,greedy,2.0,,128,4,1.0,0.0,1.0,0.0,1.0,0.0,1.0,0.0,124.675,129,False,49.23,40,False,0.125,0.875,0.011291933010118478,40,0.0006070416835289356,0.0008159934720522236,,,1.508890783581259,0.078125,,,,,,,,results/T-sweep-nonDyck-2/distributions/aNbN_L128_T128_gaussian_greedy_sigma2.0.json
unconditional,aNbN,128,ebsampler,greedy,,0.9,16,1,1.0,0.0,1.0,0.0,1.0,0.0,1.0,0.0,21.0,21,True,2.62,10,False,0.1,0.9,0.0,10,0.004761904761904762,0.0064516129032258064,,,0.0,0.015625,,,,,,,,results/T-sweep-nonDyck-2/distributions/aNbN_L128_T16_ebsampler_greedy_gamma0.9.json
unconditional,aNbN,128,ebsampler,greedy,,10.0,32,1,0.0,0.0,1.0,0.0,0.0,0.0,0.0,0.0,5.0,5,True,0.71,0,True,,,,0,,,,,,,,,,,,,,results/T-sweep-nonDyck-2/distributions/aNbN_L128_T32_ebsampler_greedy_gamma10.0.json
unconditional,aNbN,128,ebsampler,greedy,,5.0,32,1,1.0,0.0,1.0,0.0,1.0,0.0,1.0,0.0,8.0,8,True,0.9,10,False,0.1,0.9,0.0,10,0.004761904761904762,0.0064516129032258064,,,0.0,0.015625,,,,,,,,results/T-sweep-nonDyck-2/distributions/aNbN_L128_T32_ebsampler_greedy_gamma5.0.json
unconditional,aNbN,128,ebsampler,greedy,,0.5,16,1,1.0,0.0,1.0,0.0,1.0,0.0,1.0,0.0,28.0,28,True,3.37,10,False,0.1,0.9,0.0,10,0.005084745762711864,0.006896551724137931,,,0.0,0.015625,,,,,,,,results/T-sweep-nonDyck-2/distributions/aNbN_L128_T16_ebsampler_greedy_gamma0.5.json
unconditional,aNbN,128,ebsampler,greedy,,2.0,32,1,1.0,0.0,1.0,0.0,1.0,0.0,1.0,0.0,14.0,14,True,1.72,10,False,0.1,0.9,0.0,10,0.004615384615384616,0.00625,,,0.0,0.015625,,,,,,,,results/T-sweep-nonDyck-2/distributions/aNbN_L128_T32_ebsampler_greedy_gamma2.0.json
unconditional,aNbN,128,ebsampler,greedy,,0.9,32,1,1.0,0.0,1.0,0.0,1.0,0.0,1.0,0.0,21.0,21,True,2.39,10,False,0.1,0.9,0.0,10,0.004761904761904762,0.0064516129032258064,,,0.0,0.015625,,,,,,,,results/T-sweep-nonDyck-2/distributions/aNbN_L128_T32_ebsampler_greedy_gamma0.9.json
unconditional,aNbN,128,ebsampler,greedy,,10.0,64,1,0.0,0.0,1.0,0.0,0.0,0.0,0.0,0.0,5.0,5,True,0.68,0,True,,,,0,,,,,,,,,,,,,,results/T-sweep-nonDyck-2/distributions/aNbN_L128_T64_ebsampler_greedy_gamma10.0.json
unconditional,aNbN,128,ebsampler,greedy,,5.0,64,1,1.0,0.0,1.0,0.0,1.0,0.0,1.0,0.0,8.0,8,True,0.98,10,False,0.1,0.9,0.0,10,0.004761904761904762,0.0064516129032258064,,,0.0,0.015625,,,,,,,,results/T-sweep-nonDyck-2/distributions/aNbN_L128_T64_ebsampler_greedy_gamma5.0.json
unconditional,aNbN,128,ebsampler,greedy,,2.0,64,1,1.0,0.0,1.0,0.0,1.0,0.0,1.0,0.0,14.0,14,True,1.62,10,False,0.1,0.9,0.0,10,0.004615384615384616,0.00625,,,0.0,0.015625,,,,,,,,results/T-sweep-nonDyck-2/distributions/aNbN_L128_T64_ebsampler_greedy_gamma2.0.json
unconditional,aNbN,128,ebsampler,greedy,,0.5,32,1,1.0,0.0,1.0,0.0,1.0,0.0,1.0,0.0,28.0,28,True,3.32,10,False,0.1,0.9,0.0,10,0.005084745762711864,0.006896551724137931,,,0.0,0.015625,,,,,,,,results/T-sweep-nonDyck-2/distributions/aNbN_L128_T32_ebsampler_greedy_gamma0.5.json
unconditional,aNbN,128,ebsampler,greedy,,0.9,64,1,1.0,0.0,1.0,0.0,1.0,0.0,1.0,0.0,21.0,21,True,2.44,10,False,0.1,0.9,0.0,10,0.004761904761904762,0.0064516129032258064,,,0.0,0.015625,,,,,,,,results/T-sweep-nonDyck-2/distributions/aNbN_L128_T64_ebsampler_greedy_gamma0.9.json
unconditional,aNbN,128,ebsampler,greedy,,0.1,8,1,1.0,0.0,1.0,0.0,1.0,0.0,1.0,0.0,60.0,60,True,8.67,10,False,0.1,0.9,0.0,10,0.023076923076923078,0.03333333333333333,,,0.0,0.015625,,,,,,,,results/T-sweep-nonDyck-2/distributions/aNbN_L128_T8_ebsampler_greedy_gamma0.1.json
unconditional,aNbN,128,ebsampler,greedy,,0.5,64,1,1.0,0.0,1.0,0.0,1.0,0.0,1.0,0.0,28.0,28,True,3.23,10,False,0.1,0.9,0.0,10,0.005084745762711864,0.006896551724137931,,,0.0,0.015625,,,,,,,,results/T-sweep-nonDyck-2/distributions/aNbN_L128_T64_ebsampler_greedy_gamma0.5.json
unconditional,aNbN,128,ebsampler,greedy,,2.0,128,1,1.0,0.0,1.0,0.0,1.0,0.0,1.0,0.0,14.0,14,True,1.55,10,False,0.1,0.9,0.0,10,0.004615384615384616,0.00625,,,0.0,0.015625,,,,,,,,results/T-sweep-nonDyck-2/distributions/aNbN_L128_T128_ebsampler_greedy_gamma2.0.json
unconditional,aNbN,128,ebsampler,greedy,,5.0,128,1,1.0,0.0,1.0,0.0,1.0,0.0,1.0,0.0,8.0,8,True,0.99,10,False,0.1,0.9,0.0,10,0.004761904761904762,0.0064516129032258064,,,0.0,0.015625,,,,,,,,results/T-sweep-nonDyck-2/distributions/aNbN_L128_T128_ebsampler_greedy_gamma5.0.json
unconditional,aNbN,128,ebsampler,greedy,,10.0,128,1,0.0,0.0,1.0,0.0,0.0,0.0,0.0,0.0,5.0,5,True,0.66,0,True,,,,0,,,,,,,,,,,,,,results/T-sweep-nonDyck-2/distributions/aNbN_L128_T128_ebsampler_greedy_gamma10.0.json
unconditional,aNbN,128,ebsampler,greedy,,0.9,128,1,1.0,0.0,1.0,0.0,1.0,0.0,1.0,0.0,21.0,21,True,2.39,10,False,0.1,0.9,0.0,10,0.004761904761904762,0.0064516129032258064,,,0.0,0.015625,,,,,,,,results/T-sweep-nonDyck-2/distributions/aNbN_L128_T128_ebsampler_greedy_gamma0.9.json
unconditional,aNbN,128,ebsampler,greedy,,0.1,16,1,1.0,0.0,1.0,0.0,1.0,0.0,1.0,0.0,60.0,60,True,8.08,10,False,0.1,0.9,0.0,10,0.023076923076923078,0.03333333333333333,,,0.0,0.015625,,,,,,,,results/T-sweep-nonDyck-2/distributions/aNbN_L128_T16_ebsampler_greedy_gamma0.1.json
unconditional,aNbN,128,ebsampler,greedy,,0.5,128,1,1.0,0.0,1.0,0.0,1.0,0.0,1.0,0.0,28.0,28,True,3.45,10,False,0.1,0.9,0.0,10,0.005084745762711864,0.006896551724137931,,,0.0,0.015625,,,,,,,,results/T-sweep-nonDyck-2/distributions/aNbN_L128_T128_ebsampler_greedy_gamma0.5.json
unconditional,aNbN,128,ebsampler,categorical,,2.0,4,4,0.2,0.173205,0.875,0.216506,0.2,0.173205,0.2,0.173205,2.275,6,False,2.71,8,False,0.75,0.25,0.4711484593837535,8,0.00597609561752988,0.008097165991902834,,,1.7328679513998633,0.09375,,,,,,,,results/T-sweep-nonDyck-2/distributions/aNbN_L128_T4_ebsampler_categorical_gamma2.0.json
unconditional,aNbN,128,ebsampler,greedy,,0.1,32,1,1.0,0.0,1.0,0.0,1.0,0.0,1.0,0.0,60.0,60,True,7.89,10,False,0.1,0.9,0.0,10,0.023076923076923078,0.03333333333333333,,,0.0,0.015625,,,,,,,,results/T-sweep-nonDyck-2/distributions/aNbN_L128_T32_ebsampler_greedy_gamma0.1.json
unconditional,aNbN,128,ebsampler,categorical,,5.0,4,4,0.15,0.111803,0.8,0.122474,0.15,0.111803,0.15,0.111803,1.425,3,False,2.33,6,False,0.6666666666666666,0.33333333333333337,0.3321888412017167,6,0.006521739130434782,0.00881057268722467,,,1.3296613488547582,0.0625,,,,,,,,results/T-sweep-nonDyck-2/distributions/aNbN_L128_T4_ebsampler_categorical_gamma5.0.json
unconditional,aNbN,128,ebsampler,categorical,,10.0,4,4,0.0,0.0,0.65,0.15,0.0,0.0,0.0,0.0,1.025,2,False,2.72,0,True,,,,0,,,,,,,,,,,,,,results/T-sweep-nonDyck-2/distributions/aNbN_L128_T4_ebsampler_categorical_gamma10.0.json
unconditional,aNbN,128,ebsampler,greedy,,0.1,64,1,1.0,0.0,1.0,0.0,1.0,0.0,1.0,0.0,60.0,60,True,7.9,10,False,0.1,0.9,0.0,10,0.023076923076923078,0.03333333333333333,,,0.0,0.015625,,,,,,,,results/T-sweep-nonDyck-2/distributions/aNbN_L128_T64_ebsampler_greedy_gamma0.1.json
unconditional,aNbN,128,ebsampler,categorical,,0.9,4,4,0.375,0.082916,0.8,0.187083,0.375,0.082916,0.375,0.082916,5.775,16,False,4.77,15,False,0.6,0.4,0.43388704318936877,15,0.0035502958579881655,0.004819277108433735,,,2.0611128325795947,0.140625,,,,,,,,results/T-sweep-nonDyck-2/distributions/aNbN_L128_T4_ebsampler_categorical_gamma0.9.json
unconditional,aNbN,128,ebsampler,categorical,,2.0,8,4,0.2,0.173205,0.875,0.216506,0.2,0.173205,0.2,0.173205,2.275,6,False,2.6,8,False,0.75,0.25,0.4711484593837535,8,0.00597609561752988,0.008097165991902834,,,1.7328679513998633,0.09375,,,,,,,,results/T-sweep-nonDyck-2/distributions/aNbN_L128_T8_ebsampler_categorical_gamma2.0.json
unconditional,aNbN,128,ebsampler,greedy,,0.1,128,1,1.0,0.0,1.0,0.0,1.0,0.0,1.0,0.0,60.0,60,True,7.85,10,False,0.1,0.9,0.0,10,0.023076923076923078,0.03333333333333333,,,0.0,0.015625,,,,,,,,results/T-sweep-nonDyck-2/distributions/aNbN_L128_T128_ebsampler_greedy_gamma0.1.json
unconditional,aNbN,128,ebsampler,categorical,,0.5,4,4,0.55,0.165831,0.95,0.05,0.55,0.165831,0.55,0.165831,8.425,27,False,6.21,22,False,0.7272727272727273,0.2727272727272727,0.3679060665362035,22,0.002086230876216968,0.002824858757062147,,,2.665394159983386,0.25,,,,,,,,results/T-sweep-nonDyck-2/distributions/aNbN_L128_T4_ebsampler_categorical_gamma0.5.json
unconditional,aNbN,128,ebsampler,categorical,,5.0,8,4,0.15,0.111803,0.8,0.122474,0.15,0.111803,0.15,0.111803,1.425,3,False,2.25,6,False,0.6666666666666666,0.33333333333333337,0.3321888412017167,6,0.006521739130434782,0.00881057268722467,,,1.3296613488547582,0.0625,,,,,,,,results/T-sweep-nonDyck-2/distributions/aNbN_L128_T8_ebsampler_categorical_gamma5.0.json
unconditional,aNbN,128,ebsampler,categorical,,10.0,8,4,0.0,0.0,0.65,0.15,0.0,0.0,0.0,0.0,1.025,2,False,2.43,0,True,,,,0,,,,,,,,,,,,,,results/T-sweep-nonDyck-2/distributions/aNbN_L128_T8_ebsampler_categorical_gamma10.0.json
unconditional,aNbN,128,ebsampler,categorical,,0.9,8,4,0.375,0.082916,0.8,0.187083,0.375,0.082916,0.375,0.082916,5.775,16,False,4.69,15,False,0.6,0.4,0.43388704318936877,15,0.0035502958579881655,0.004819277108433735,,,2.0611128325795947,0.140625,,,,,,,,results/T-sweep-nonDyck-2/distributions/aNbN_L128_T8_ebsampler_categorical_gamma0.9.json
unconditional,aNbN,128,ebsampler,categorical,,5.0,16,4,0.15,0.111803,0.8,0.122474,0.15,0.111803,0.15,0.111803,1.425,3,False,2.13,6,False,0.6666666666666666,0.33333333333333337,0.3321888412017167,6,0.006521739130434782,0.00881057268722467,,,1.3296613488547582,0.0625,,,,,,,,results/T-sweep-nonDyck-2/distributions/aNbN_L128_T16_ebsampler_categorical_gamma5.0.json
unconditional,aNbN,128,ebsampler,categorical,,2.0,16,4,0.2,0.173205,0.875,0.216506,0.2,0.173205,0.2,0.173205,2.275,6,False,2.6,8,False,0.75,0.25,0.4711484593837535,8,0.00597609561752988,0.008097165991902834,,,1.7328679513998633,0.09375,,,,,,,,results/T-sweep-nonDyck-2/distributions/aNbN_L128_T16_ebsampler_categorical_gamma2.0.json
unconditional,aNbN,128,ebsampler,categorical,,10.0,16,4,0.0,0.0,0.65,0.15,0.0,0.0,0.0,0.0,1.025,2,False,2.8,0,True,,,,0,,,,,,,,,,,,,,results/T-sweep-nonDyck-2/distributions/aNbN_L128_T16_ebsampler_categorical_gamma10.0.json
unconditional,aNbN,128,gaussian,categorical,1.0,,128,4,0.725,0.147902,0.725,0.147902,0.725,0.147902,0.725,0.147902,98.725,128,False,39.55,29,False,0.7586206896551724,0.24137931034482762,0.34744707347447074,29,0.0019023462270133164,0.002583979328165375,,,3.014630013724273,0.34375,,,,,,,,results/T-sweep-nonDyck-2/distributions/aNbN_L128_T128_gaussian_categorical_sigma1.0.json
unconditional,aNbN,128,ebsampler,categorical,,0.5,8,4,0.55,0.165831,0.95,0.05,0.55,0.165831,0.55,0.165831,8.425,27,False,6.79,22,False,0.7272727272727273,0.2727272727272727,0.3679060665362035,22,0.002086230876216968,0.002824858757062147,,,2.665394159983386,0.25,,,,,,,,results/T-sweep-nonDyck-2/distributions/aNbN_L128_T8_ebsampler_categorical_gamma0.5.json
unconditional,aNbN,128,ebsampler,categorical,,0.9,16,4,0.375,0.082916,0.8,0.187083,0.375,0.082916,0.375,0.082916,5.775,16,False,4.75,15,False,0.6,0.4,0.43388704318936877,15,0.0035502958579881655,0.004819277108433735,,,2.0611128325795947,0.140625,,,,,,,,results/T-sweep-nonDyck-2/distributions/aNbN_L128_T16_ebsampler_categorical_gamma0.9.json
unconditional,aNbN,128,ebsampler,categorical,,2.0,32,4,0.2,0.173205,0.875,0.216506,0.2,0.173205,0.2,0.173205,2.275,6,False,2.77,8,False,0.75,0.25,0.4711484593837535,8,0.00597609561752988,0.008097165991902834,,,1.7328679513998633,0.09375,,,,,,,,results/T-sweep-nonDyck-2/distributions/aNbN_L128_T32_ebsampler_categorical_gamma2.0.json
unconditional,aNbN,128,ebsampler,categorical,,5.0,32,4,0.15,0.111803,0.8,0.122474,0.15,0.111803,0.15,0.111803,1.425,3,False,2.51,6,False,0.6666666666666666,0.33333333333333337,0.3321888412017167,6,0.006521739130434782,0.00881057268722467,,,1.3296613488547582,0.0625,,,,,,,,results/T-sweep-nonDyck-2/distributions/aNbN_L128_T32_ebsampler_categorical_gamma5.0.json
unconditional,aNbN,128,ebsampler,categorical,,0.5,16,4,0.55,0.165831,0.95,0.05,0.55,0.165831,0.55,0.165831,8.425,27,False,6.48,22,False,0.7272727272727273,0.2727272727272727,0.3679060665362035,22,0.002086230876216968,0.002824858757062147,,,2.665394159983386,0.25,,,,,,,,results/T-sweep-nonDyck-2/distributions/aNbN_L128_T16_ebsampler_categorical_gamma0.5.json
unconditional,aNbN,128,ebsampler,categorical,,10.0,32,4,0.0,0.0,0.65,0.15,0.0,0.0,0.0,0.0,1.025,2,False,2.79,0,True,,,,0,,,,,,,,,,,,,,results/T-sweep-nonDyck-2/distributions/aNbN_L128_T32_ebsampler_categorical_gamma10.0.json
unconditional,aNbN,128,ebsampler,categorical,,0.9,32,4,0.375,0.082916,0.8,0.187083,0.375,0.082916,0.375,0.082916,5.775,16,False,5.05,15,False,0.6,0.4,0.43388704318936877,15,0.0035502958579881655,0.004819277108433735,,,2.0611128325795947,0.140625,,,,,,,,results/T-sweep-nonDyck-2/distributions/aNbN_L128_T32_ebsampler_categorical_gamma0.9.json
unconditional,aNbN,128,gaussian,categorical,10.0,,128,4,0.8,0.1,0.825,0.082916,0.8,0.1,0.8,0.1,103.425,129,False,42.66,32,False,0.90625,0.09375,0.33497357390195004,32,0.0014340344168260039,0.001941747572815534,,,3.3357708064447356,0.453125,,,,,,,,results/T-sweep-nonDyck-2/distributions/aNbN_L128_T128_gaussian_categorical_sigma10.0.json
unconditional,aNbN,128,ebsampler,categorical,,5.0,64,4,0.15,0.111803,0.8,0.122474,0.15,0.111803,0.15,0.111803,1.425,3,False,2.7,6,False,0.6666666666666666,0.33333333333333337,0.3321888412017167,6,0.006521739130434782,0.00881057268722467,,,1.3296613488547582,0.0625,,,,,,,,results/T-sweep-nonDyck-2/distributions/aNbN_L128_T64_ebsampler_categorical_gamma5.0.json
unconditional,aNbN,128,ebsampler,categorical,,2.0,64,4,0.2,0.173205,0.875,0.216506,0.2,0.173205,0.2,0.173205,2.275,6,False,2.93,8,False,0.75,0.25,0.4711484593837535,8,0.00597609561752988,0.008097165991902834,,,1.7328679513998633,0.09375,,,,,,,,results/T-sweep-nonDyck-2/distributions/aNbN_L128_T64_ebsampler_categorical_gamma2.0.json
unconditional,aNbN,128,ebsampler,categorical,,0.5,32,4,0.55,0.165831,0.95,0.05,0.55,0.165831,0.55,0.165831,8.425,27,False,6.91,22,False,0.7272727272727273,0.2727272727272727,0.3679060665362035,22,0.002086230876216968,0.002824858757062147,,,2.665394159983386,0.25,,,,,,,,results/T-sweep-nonDyck-2/distributions/aNbN_L128_T32_ebsampler_categorical_gamma0.5.json
unconditional,aNbN,128,gaussian,categorical,5.0,,128,4,0.85,0.05,0.875,0.043301,0.85,0.05,0.85,0.05,108.15,129,False,43.52,34,False,0.7058823529411765,0.2941176470588235,0.34814120587316466,34,0.0015739769150052466,0.002136752136752137,,,3.0878475864182797,0.375,,,,,,,,results/T-sweep-nonDyck-2/distributions/aNbN_L128_T128_gaussian_categorical_sigma5.0.json
unconditional,aNbN,128,gaussian,categorical,2.0,,128,4,0.875,0.108972,0.875,0.108972,0.875,0.108972,0.875,0.108972,112.9,127,False,44.34,35,False,0.8857142857142857,0.11428571428571432,0.3793103448275862,35,0.0017595307917888563,0.0023952095808383233,,,3.396914420218569,0.484375,,,,,,,,results/T-sweep-nonDyck-2/distributions/aNbN_L128_T128_gaussian_categorical_sigma2.0.json
unconditional,aNbN,128,ebsampler,categorical,,10.0,64,4,0.0,0.0,0.65,0.15,0.0,0.0,0.0,0.0,1.025,2,False,2.94,0,True,,,,0,,,,,,,,,,,,,,results/T-sweep-nonDyck-2/distributions/aNbN_L128_T64_ebsampler_categorical_gamma10.0.json
unconditional,aNbN,128,ebsampler,categorical,,0.9,64,4,0.375,0.082916,0.8,0.187083,0.375,0.082916,0.375,0.082916,5.775,16,False,5.1,15,False,0.6,0.4,0.43388704318936877,15,0.0035502958579881655,0.004819277108433735,,,2.0611128325795947,0.140625,,,,,,,,results/T-sweep-nonDyck-2/distributions/aNbN_L128_T64_ebsampler_categorical_gamma0.9.json
unconditional,aNbN,128,ebsampler,categorical,,5.0,128,4,0.15,0.111803,0.8,0.122474,0.15,0.111803,0.15,0.111803,1.425,3,False,2.73,6,False,0.6666666666666666,0.33333333333333337,0.3321888412017167,6,0.006521739130434782,0.00881057268722467,,,1.3296613488547582,0.0625,,,,,,,,results/T-sweep-nonDyck-2/distributions/aNbN_L128_T128_ebsampler_categorical_gamma5.0.json
unconditional,aNbN,128,ebsampler,categorical,,2.0,128,4,0.2,0.173205,0.875,0.216506,0.2,0.173205,0.2,0.173205,2.275,6,False,3.16,8,False,0.75,0.25,0.4711484593837535,8,0.00597609561752988,0.008097165991902834,,,1.7328679513998633,0.09375,,,,,,,,results/T-sweep-nonDyck-2/distributions/aNbN_L128_T128_ebsampler_categorical_gamma2.0.json
unconditional,aNbN,128,ebsampler,categorical,,10.0,128,4,0.0,0.0,0.65,0.15,0.0,0.0,0.0,0.0,1.025,2,False,2.97,0,True,,,,0,,,,,,,,,,,,,,results/T-sweep-nonDyck-2/distributions/aNbN_L128_T128_ebsampler_categorical_gamma10.0.json
unconditional,aNbN,128,ebsampler,categorical,,0.5,64,4,0.55,0.165831,0.95,0.05,0.55,0.165831,0.55,0.165831,8.425,27,False,6.98,22,False,0.7272727272727273,0.2727272727272727,0.3679060665362035,22,0.002086230876216968,0.002824858757062147,,,2.665394159983386,0.25,,,,,,,,results/T-sweep-nonDyck-2/distributions/aNbN_L128_T64_ebsampler_categorical_gamma0.5.json
unconditional,aNbN,128,ebsampler,categorical,,0.1,4,4,0.775,0.108972,1.0,0.0,0.775,0.108972,0.775,0.108972,28.45,60,False,20.18,31,False,0.7741935483870968,0.22580645161290325,0.34458100558659216,31,0.0017055144968732233,0.0023148148148148147,,,3.1040740215301854,0.375,,,,,,,,results/T-sweep-nonDyck-2/distributions/aNbN_L128_T4_ebsampler_categorical_gamma0.1.json
unconditional,aNbN,128,ar,categorical,,,130,4,1.0,0.0,1.0,0.0,1.0,0.0,1.0,0.0,129.0,129,False,37.99,40,False,0.675,0.32499999999999996,0.3312302839116719,40,0.001201923076923077,0.0016286644951140066,,,3.1644328169396356,0.421875,,,,,,,,results/T-sweep-nonDyck-2/distributions/aNbN_L128_T130_ar_categorical_none.json
unconditional,aNbN,128,ebsampler,categorical,,0.9,128,4,0.375,0.082916,0.8,0.187083,0.375,0.082916,0.375,0.082916,5.775,16,False,5.3,15,False,0.6,0.4,0.43388704318936877,15,0.0035502958579881655,0.004819277108433735,,,2.0611128325795947,0.140625,,,,,,,,results/T-sweep-nonDyck-2/distributions/aNbN_L128_T128_ebsampler_categorical_gamma0.9.json
unconditional,aNbN,128,ebsampler,categorical,,0.1,8,4,0.775,0.108972,1.0,0.0,0.775,0.108972,0.775,0.108972,28.45,60,False,20.68,31,False,0.7741935483870968,0.22580645161290325,0.34458100558659216,31,0.0017055144968732233,0.0023148148148148147,,,3.1040740215301854,0.375,,,,,,,,results/T-sweep-nonDyck-2/distributions/aNbN_L128_T8_ebsampler_categorical_gamma0.1.json
unconditional,aNbN,128,ebsampler,categorical,,0.5,128,4,0.55,0.165831,0.95,0.05,0.55,0.165831,0.55,0.165831,8.425,27,False,7.41,22,False,0.7272727272727273,0.2727272727272727,0.3679060665362035,22,0.002086230876216968,0.002824858757062147,,,2.665394159983386,0.25,,,,,,,,results/T-sweep-nonDyck-2/distributions/aNbN_L128_T128_ebsampler_categorical_gamma0.5.json
unconditional,aNbN,128,gaussian,categorical,20.0,,128,4,0.85,0.086603,0.925,0.082916,0.85,0.086603,0.85,0.086603,106.075,129,False,45.99,34,False,0.7941176470588235,0.20588235294117652,0.3378357869175899,34,0.0012701100762066045,0.001718213058419244,,,3.225557328392522,0.421875,,,,,,,,results/T-sweep-nonDyck-2/distributions/aNbN_L128_T128_gaussian_categorical_sigma20.0.json
unconditional,aNbNcN,128,uniform,greedy,,,4,4,0.0,0.0,1.0,0.0,0.0,0.0,0.0,0.0,1.0,1,False,7.2,0,True,,,,0,,,,,,,,,,,,,,results/T-sweep-nonDyck-2/distributions/aNbNcN_L128_T4_uniform_greedy_none.json
unconditional,aNbNcN,128,uniform,greedy,,,8,4,0.025,0.043301,1.0,0.0,0.025,0.043301,0.025,0.043301,1.175,8,False,7.19,1,True,1.0,0.0,,1,0.07692307692307693,0.109375,,,0.0,0.023809523809523808,,,,,,,,results/T-sweep-nonDyck-2/distributions/aNbNcN_L128_T8_uniform_greedy_none.json
unconditional,aNbNcN,128,uniform,categorical,,,8,4,0.0,0.0,0.275,0.043301,0.0,0.0,0.0,0.0,1.0,1,False,5.28,0,True,,,,0,,,,,,,,,,,,,,results/T-sweep-nonDyck-2/distributions/aNbNcN_L128_T8_uniform_categorical_none.json
unconditional,aNbN,128,ebsampler,categorical,,0.1,16,4,0.775,0.108972,1.0,0.0,0.775,0.108972,0.775,0.108972,28.45,60,False,20.67,31,False,0.7741935483870968,0.22580645161290325,0.34458100558659216,31,0.0017055144968732233,0.0023148148148148147,,,3.1040740215301854,0.375,,,,,,,,results/T-sweep-nonDyck-2/distributions/aNbN_L128_T16_ebsampler_categorical_gamma0.1.json
unconditional,aNbNcN,128,uniform,categorical,,,4,4,0.0,0.0,0.025,0.043301,0.0,0.0,0.0,0.0,1.0,1,False,5.73,0,True,,,,0,,,,,,,,,,,,,,results/T-sweep-nonDyck-2/distributions/aNbNcN_L128_T4_uniform_categorical_none.json
unconditional,aNbN,128,gaussian,categorical,50.0,,128,4,0.975,0.043301,1.0,0.0,0.975,0.043301,0.975,0.043301,120.95,129,False,44.93,39,False,0.7435897435897436,0.2564102564102564,0.33792535028847287,39,0.0011350737797956867,0.0015360983102918587,,,3.2946849344639153,0.453125,,,,,,,,results/T-sweep-nonDyck-2/distributions/aNbN_L128_T128_gaussian_categorical_sigma50.0.json
unconditional,aNbNcN,128,uniform,categorical,,,16,4,0.15,0.05,0.7,0.1,0.075,0.082916,0.05,0.05,1.75,16,False,6.05,2,True,,,,2,,,,,0.0,0.023809523809523808,,,,,,,,results/T-sweep-nonDyck-2/distributions/aNbNcN_L128_T16_uniform_categorical_none.json
unconditional,aNbNcN,128,uniform,greedy,,,16,4,0.2,0.070711,1.0,0.0,0.2,0.070711,0.2,0.070711,4.3,16,False,8.51,8,False,0.875,0.125,0.14285714285714285,8,0.010869565217391304,0.015486725663716814,,,1.9061547465398496,0.16666666666666666,,,,,,,,results/T-sweep-nonDyck-2/distributions/aNbNcN_L128_T16_uniform_greedy_none.json
unconditional,aNbN,128,ebsampler,categorical,,0.1,32,4,0.775,0.108972,1.0,0.0,0.775,0.108972,0.775,0.108972,28.45,60,False,20.61,31,False,0.7741935483870968,0.22580645161290325,0.34458100558659216,31,0.0017055144968732233,0.0023148148148148147,,,3.1040740215301854,0.375,,,,,,,,results/T-sweep-nonDyck-2/distributions/aNbN_L128_T32_ebsampler_categorical_gamma0.1.json
unconditional,aNbNcN,128,gaussian,greedy,1.0,,4,4,1.0,0.0,1.0,0.0,1.0,0.0,1.0,0.0,4.0,4,False,5.89,40,False,0.075,0.925,0.0025354410565072644,40,0.0014496955639315744,0.002053388090349076,,,0.23317260237386989,0.07142857142857142,,,,,,,,results/T-sweep-nonDyck-2/distributions/aNbNcN_L128_T4_gaussian_greedy_sigma1.0.json
unconditional,aNbNcN,128,gaussian,greedy,2.0,,4,4,1.0,0.0,1.0,0.0,1.0,0.0,1.0,0.0,4.0,4,False,5.98,40,False,0.1,0.9,0.01275521309477167,40,0.0014310246136233543,0.002026635784597568,,,0.7970443100097782,0.09523809523809523,,,,,,,,results/T-sweep-nonDyck-2/distributions/aNbNcN_L128_T4_gaussian_greedy_sigma2.0.json
unconditional,aNbN,128,ebsampler,categorical,,0.1,64,4,0.775,0.108972,1.0,0.0,0.775,0.108972,0.775,0.108972,28.45,60,False,20.05,31,False,0.7741935483870968,0.22580645161290325,0.34458100558659216,31,0.0017055144968732233,0.0023148148148148147,,,3.1040740215301854,0.375,,,,,,,,results/T-sweep-nonDyck-2/distributions/aNbN_L128_T64_ebsampler_categorical_gamma0.1.json
unconditional,aNbNcN,128,gaussian,greedy,5.0,,4,4,1.0,0.0,1.0,0.0,1.0,0.0,1.0,0.0,4.05,5,False,5.78,40,False,0.2,0.8,0.03484877549715455,40,0.0014009526478005044,0.0019835647492207425,,,1.5617888477530166,0.19047619047619047,,,,,,,,results/T-sweep-nonDyck-2/distributions/aNbNcN_L128_T4_gaussian_greedy_sigma5.0.json
unconditional,aNbNcN,128,gaussian,greedy,10.0,,4,4,0.95,0.086603,1.0,0.0,0.95,0.086603,0.95,0.086603,4.025,5,False,5.87,38,False,0.2631578947368421,0.736842105263158,0.04028111881515023,38,0.0014705882352941176,0.002082093991671624,,,1.9599115400900218,0.23809523809523808,,,,,,,,results/T-sweep-nonDyck-2/distributions/aNbNcN_L128_T4_gaussian_greedy_sigma10.0.json
unconditional,aNbNcN,128,gaussian,greedy,20.0,,4,4,0.6,0.070711,1.0,0.0,0.6,0.070711,0.6,0.070711,3.1,5,False,6.48,24,False,0.375,0.625,0.04360108081552444,24,0.002380952380952381,0.003371868978805395,,,1.8607957594642521,0.21428571428571427,,,,,,,,results/T-sweep-nonDyck-2/distributions/aNbNcN_L128_T4_gaussian_greedy_sigma20.0.json
unconditional,aNbNcN,128,gaussian,greedy,50.0,,4,4,0.125,0.082916,1.0,0.0,0.125,0.082916,0.125,0.082916,1.5,5,False,6.21,5,False,0.6,0.4,0.017361111111111112,5,0.0117096018735363,0.016587677725118485,,,1.0549201679861442,0.07142857142857142,,,,,,,,results/T-sweep-nonDyck-2/distributions/aNbNcN_L128_T4_gaussian_greedy_sigma50.0.json
unconditional,aNbNcN,128,uniform,categorical,,,32,4,0.275,0.147902,0.925,0.043301,0.275,0.147902,0.25,0.15,9.0,32,False,10.93,10,False,0.9,0.09999999999999998,0.29595015576323985,10,0.007911392405063292,0.011254019292604502,,,2.1639556568820564,0.21428571428571427,,,,,,,,results/T-sweep-nonDyck-2/distributions/aNbNcN_L128_T32_uniform_categorical_none.json
unconditional,aNbNcN,128,uniform,greedy,,,32,4,0.575,0.192029,1.0,0.0,0.575,0.192029,0.575,0.192029,19.125,32,False,15.99,23,False,0.6521739130434783,0.34782608695652173,0.2187773690663864,23,0.003259452411994785,0.004632693580410324,,,2.570281285762038,0.35714285714285715,,,,,,,,results/T-sweep-nonDyck-2/distributions/aNbNcN_L128_T32_uniform_greedy_none.json
unconditional,aNbN,128,ebsampler,categorical,,0.1,128,4,0.775,0.108972,1.0,0.0,0.775,0.108972,0.775,0.108972,28.45,60,False,19.54,31,False,0.7741935483870968,0.22580645161290325,0.34458100558659216,31,0.0017055144968732233,0.0023148148148148147,,,3.1040740215301854,0.375,,,,,,,,results/T-sweep-nonDyck-2/distributions/aNbN_L128_T128_ebsampler_categorical_gamma0.1.json
unconditional,aNbNcN,128,gaussian,greedy,1.0,,8,4,1.0,0.0,1.0,0.0,1.0,0.0,1.0,0.0,8.0,8,False,10.88,40,False,0.05,0.95,0.0008613264427217916,40,0.0014522218995062445,0.002057008521892448,,,0.11690684913753106,0.047619047619047616,,,,,,,,results/T-sweep-nonDyck-2/distributions/aNbNcN_L128_T8_gaussian_greedy_sigma1.0.json
unconditional,aNbNcN,128,gaussian,greedy,2.0,,8,4,1.0,0.0,1.0,0.0,1.0,0.0,1.0,0.0,8.0,8,False,11.02,40,False,0.1,0.9,0.03903903903903904,40,0.001380071763731714,0.0019536701088473346,,,1.0331265080744254,0.09523809523809523,,,,,,,,results/T-sweep-nonDyck-2/distributions/aNbNcN_L128_T8_gaussian_greedy_sigma2.0.json
unconditional,aNbNcN,128,gaussian,greedy,5.0,,8,4,1.0,0.0,1.0,0.0,1.0,0.0,1.0,0.0,8.0,8,False,11.14,40,False,0.25,0.75,0.05009861932938856,40,0.001364256480218281,0.0019310344827586207,,,1.9608154560661555,0.23809523809523808,,,,,,,,results/T-sweep-nonDyck-2/distributions/aNbNcN_L128_T8_gaussian_greedy_sigma5.0.json
unconditional,aNbNcN,128,gaussian,greedy,50.0,,8,4,0.5,0.122474,1.0,0.0,0.5,0.122474,0.5,0.122474,5.5,9,False,9.39,20,False,0.6,0.4,0.1571291866028708,20,0.003067484662576687,0.004347826086956522,,,2.38888971472958,0.2857142857142857,,,,,,,,results/T-sweep-nonDyck-2/distributions/aNbNcN_L128_T8_gaussian_greedy_sigma50.0.json
unconditional,aNbNcN,128,gaussian,greedy,20.0,,8,4,0.9,0.1,1.0,0.0,0.9,0.1,0.9,0.1,7.575,9,False,10.46,36,False,0.4166666666666667,0.5833333333333333,0.06764780512560264,36,0.0014961101137043686,0.002117362371445856,,,2.5133033706373613,0.35714285714285715,,,,,,,,results/T-sweep-nonDyck-2/distributions/aNbNcN_L128_T8_gaussian_greedy_sigma20.0.json
unconditional,aNbNcN,128,gaussian,greedy,10.0,,8,4,1.0,0.0,1.0,0.0,1.0,0.0,1.0,0.0,8.15,9,False,11.09,40,False,0.25,0.75,0.059787468546592636,40,0.001366493577480186,0.0019342359767891683,,,2.1721731344367265,0.23809523809523808,,,,,,,,results/T-sweep-nonDyck-2/distributions/aNbNcN_L128_T8_gaussian_greedy_sigma10.0.json
unconditional,aNbNcN,128,gaussian,greedy,50.0,,16,4,0.7,0.122474,1.0,0.0,0.7,0.122474,0.7,0.122474,12.475,17,False,14.94,28,False,0.6785714285714286,0.3214285714285714,0.15488215488215487,28,0.002071251035625518,0.002933780385582565,,,2.7875888683066754,0.4523809523809524,,,,,,,,results/T-sweep-nonDyck-2/distributions/aNbNcN_L128_T16_gaussian_greedy_sigma50.0.json
unconditional,aNbNcN,128,uniform,categorical,,,64,4,0.575,0.192029,0.975,0.043301,0.575,0.192029,0.575,0.192029,37.75,64,False,28.86,23,False,0.782608695652174,0.21739130434782605,0.28451509198071084,23,0.003324468085106383,0.0054017555705604325,,,2.8113759572611494,0.42857142857142855,,,,,,,,results/T-sweep-nonDyck-2/distributions/aNbNcN_L128_T64_uniform_categorical_none.json
unconditional,baN,128,gaussian,categorical,50.0,,128,4,0.95,0.05,1.0,0.0,0.95,0.05,0.95,0.05,122.725,129,False,766.63,37,False,1.0,0.0,0.1580551421078744,37,0.0008572653236176596,0.0017282350399654353,0.75,0.625,,,,,,,,,,results/T-sweep-nonDyck-2/distributions/baN_L128_T128_gaussian_categorical_sigma50.0.json
unconditional,aNbNcN,128,gaussian,greedy,10.0,,16,4,1.0,0.0,1.0,0.0,1.0,0.0,1.0,0.0,15.75,17,False,19.51,40,False,0.375,0.625,0.07298124760811328,40,0.001256281407035176,0.0017766497461928934,,,2.5073960578486347,0.35714285714285715,,,,,,,,results/T-sweep-nonDyck-2/distributions/aNbNcN_L128_T16_gaussian_greedy_sigma10.0.json
unconditional,aNbNcN,128,gaussian,greedy,2.0,,16,4,1.0,0.0,1.0,0.0,1.0,0.0,1.0,0.0,16.0,16,False,20.66,40,False,0.225,0.775,0.033007313419684554,40,0.0011560693641618498,0.001633605600933489,,,1.9060586515116376,0.21428571428571427,,,,,,,,results/T-sweep-nonDyck-2/distributions/aNbNcN_L128_T16_gaussian_greedy_sigma2.0.json
unconditional,aNbNcN,128,gaussian,greedy,1.0,,16,4,1.0,0.0,1.0,0.0,1.0,0.0,1.0,0.0,16.0,16,False,21.15,40,False,0.1,0.9,0.012706902277454425,40,0.0011465260261407934,0.0016199953714417959,,,0.950368498336348,0.09523809523809523,,,,,,,,results/T-sweep-nonDyck-2/distributions/aNbNcN_L128_T16_gaussian_greedy_sigma1.0.json
unconditional,aNbNcN,128,gaussian,greedy,20.0,,16,4,0.95,0.05,1.0,0.0,0.95,0.05,0.95,0.05,15.1,17,False,19.28,38,False,0.3157894736842105,0.6842105263157895,0.06505438365194463,38,0.0012827090815802976,0.0018134715025906736,,,2.368327713165486,0.2857142857142857,,,,,,,,results/T-sweep-nonDyck-2/distributions/aNbNcN_L128_T16_gaussian_greedy_sigma20.0.json
unconditional,aNbNcN,128,gaussian,greedy,5.0,,16,4,1.0,0.0,1.0,0.0,1.0,0.0,1.0,0.0,15.8,17,False,20.68,40,False,0.325,0.675,0.04500935402222956,40,0.001203659123736158,0.001701507049100632,,,2.252160967691869,0.30952380952380953,,,,,,,,results/T-sweep-nonDyck-2/distributions/aNbNcN_L128_T16_gaussian_greedy_sigma5.0.json
unconditional,aNbNcN,128,uniform,greedy,,,64,4,0.875,0.163936,1.0,0.0,0.875,0.163936,0.875,0.163936,56.0,64,False,34.97,35,False,0.5714285714285714,0.4285714285714286,0.22786211258697028,35,0.002275830678197542,0.0032377428307123032,,,2.8448860053241867,0.47619047619047616,,,,,,,,results/T-sweep-nonDyck-2/distributions/aNbNcN_L128_T64_uniform_greedy_none.json
unconditional,baN,128,gaussian,greedy,10.0,,128,4,0.875,0.108972,1.0,0.0,0.875,0.108972,0.95,0.05,121.375,129,False,988.76,35,False,0.2857142857142857,0.7142857142857143,0.006959033613445379,35,0.0006749156355455568,0.0009070294784580499,0.75,0.625,,,,,,,,,,results/T-sweep-nonDyck-2/distributions/baN_L128_T128_gaussian_greedy_sigma10.0.json
unconditional,aNbNcN,128,gaussian,greedy,50.0,,32,4,0.85,0.111803,1.0,0.0,0.85,0.111803,0.85,0.111803,28.275,33,False,27.26,34,False,0.5294117647058824,0.47058823529411764,0.1743457661610862,34,0.0017699115044247787,0.0025080616266571123,,,2.771654738907446,0.42857142857142855,,,,,,,,results/T-sweep-nonDyck-2/distributions/aNbNcN_L128_T32_gaussian_greedy_sigma50.0.json
unconditional,aNbNcN,128,gaussian,greedy,20.0,,32,4,0.975,0.043301,1.0,0.0,0.975,0.043301,0.975,0.043301,30.625,33,False,32.56,39,False,0.5128205128205128,0.4871794871794872,0.10226408718425277,39,0.0013517166801838335,0.001912568306010929,,,2.8482374468634304,0.47619047619047616,,,,,,,,results/T-sweep-nonDyck-2/distributions/aNbNcN_L128_T32_gaussian_greedy_sigma20.0.json
unconditional,aNbNcN,128,gaussian,greedy,1.0,,32,4,1.0,0.0,1.0,0.0,1.0,0.0,1.0,0.0,32.0,32,False,40.41,40,False,0.125,0.875,0.01572067923674729,40,0.0010590976488032196,0.0014954069643238624,,,1.3233052263082363,0.11904761904761904,,,,,,,,results/T-sweep-nonDyck-2/distributions/aNbNcN_L128_T32_gaussian_greedy_sigma1.0.json
unconditional,aNbNcN,128,gaussian,greedy,10.0,,32,4,1.0,0.0,1.0,0.0,1.0,0.0,1.0,0.0,30.45,33,False,36.51,40,False,0.375,0.625,0.07885182663943725,40,0.0012413108242303873,0.0017552657973921766,,,2.538144716791206,0.35714285714285715,,,,,,,,results/T-sweep-nonDyck-2/distributions/aNbNcN_L128_T32_gaussian_greedy_sigma10.0.json
unconditional,aNbNcN,128,gaussian,greedy,5.0,,32,4,1.0,0.0,1.0,0.0,1.0,0.0,1.0,0.0,31.15,33,False,39.8,40,False,0.3,0.7,0.04678755316767405,40,0.00112943302462164,0.0015956234328698426,,,2.3319786485987812,0.2857142857142857,,,,,,,,results/T-sweep-nonDyck-2/distributions/aNbNcN_L128_T32_gaussian_greedy_sigma5.0.json
unconditional,aNbNcN,128,gaussian,greedy,2.0,,32,4,1.0,0.0,1.0,0.0,1.0,0.0,1.0,0.0,31.5,32,False,40.69,40,False,0.2,0.8,0.030155173844494232,40,0.001088139281828074,0.0015367727771679472,,,1.9091681933586189,0.19047619047619047,,,,,,,,results/T-sweep-nonDyck-2/distributions/aNbNcN_L128_T32_gaussian_greedy_sigma2.0.json
unconditional,aNbNcN,128,gaussian,categorical,1.0,,4,4,0.0,0.0,0.0,0.0,0.0,0.0,0.0,0.0,1.0,1,False,6.38,0,True,,,,0,,,,,,,,,,,,,,results/T-sweep-nonDyck-2/distributions/aNbNcN_L128_T4_gaussian_categorical_sigma1.0.json
unconditional,aNbNcN,128,gaussian,categorical,2.0,,4,4,0.0,0.0,0.0,0.0,0.0,0.0,0.0,0.0,1.0,1,False,6.4,0,True,,,,0,,,,,,,,,,,,,,results/T-sweep-nonDyck-2/distributions/aNbNcN_L128_T4_gaussian_categorical_sigma2.0.json
unconditional,aNbNcN,128,gaussian,categorical,5.0,,4,4,0.0,0.0,0.0,0.0,0.0,0.0,0.0,0.0,1.0,1,False,6.24,0,True,,,,0,,,,,,,,,,,,,,results/T-sweep-nonDyck-2/distributions/aNbNcN_L128_T4_gaussian_categorical_sigma5.0.json
unconditional,aNbNcN,128,gaussian,categorical,10.0,,4,4,0.0,0.0,0.025,0.043301,0.0,0.0,0.0,0.0,1.0,1,False,6.06,0,True,,,,0,,,,,,,,,,,,,,results/T-sweep-nonDyck-2/distributions/aNbNcN_L128_T4_gaussian_categorical_sigma10.0.json
unconditional,aNbNcN,128,gaussian,categorical,20.0,,4,4,0.0,0.0,0.125,0.108972,0.0,0.0,0.0,0.0,1.0,1,False,5.67,0,True,,,,0,,,,,,,,,,,,,,results/T-sweep-nonDyck-2/distributions/aNbNcN_L128_T4_gaussian_categorical_sigma20.0.json
unconditional,aNbNcN,128,gaussian,categorical,50.0,,4,4,0.025,0.043301,0.225,0.043301,0.0,0.0,0.0,0.0,1.0,1,False,5.44,0,True,,,,0,,,,,,,,,,,,,,results/T-sweep-nonDyck-2/distributions/aNbNcN_L128_T4_gaussian_categorical_sigma50.0.json
unconditional,aNbNcN,128,gaussian,categorical,1.0,,8,4,0.05,0.05,0.275,0.082916,0.05,0.05,0.05,0.05,1.4,8,False,6.23,2,True,,,,2,,,,,0.0,0.023809523809523808,,,,,,,,results/T-sweep-nonDyck-2/distributions/aNbNcN_L128_T8_gaussian_categorical_sigma1.0.json
unconditional,aNbNcN,128,gaussian,categorical,2.0,,8,4,0.05,0.05,0.35,0.05,0.05,0.05,0.05,0.05,1.4,8,False,6.07,2,True,,,,2,,,,,0.6931471805599453,0.047619047619047616,,,,,,,,results/T-sweep-nonDyck-2/distributions/aNbNcN_L128_T8_gaussian_categorical_sigma2.0.json
unconditional,aNbNcN,128,uniform,categorical,,,128,4,0.875,0.082916,0.975,0.043301,0.875,0.082916,0.85,0.05,108.8,128,False,65.58,34,False,0.7352941176470589,0.2647058823529411,0.3068085434497648,34,0.0021514629948364886,0.003056768558951965,,,3.159400252555015,0.5952380952380952,,,,,,,,results/T-sweep-nonDyck-2/distributions/aNbNcN_L128_T128_uniform_categorical_none.json
unconditional,aNbNcN,128,gaussian,categorical,5.0,,8,4,0.025,0.043301,0.2,0.122474,0.025,0.043301,0.025,0.043301,1.55,8,False,6.94,1,True,1.0,0.0,,1,0.29411764705882354,0.4375,,,0.0,0.023809523809523808,,,,,,,,results/T-sweep-nonDyck-2/distributions/aNbNcN_L128_T8_gaussian_categorical_sigma5.0.json
unconditional,aNbNcN,128,gaussian,categorical,10.0,,8,4,0.075,0.082916,0.3,0.141421,0.075,0.082916,0.05,0.05,1.95,8,False,7.5,2,True,,,,2,,,,,0.6931471805599453,0.047619047619047616,,,,,,,,results/T-sweep-nonDyck-2/distributions/aNbNcN_L128_T8_gaussian_categorical_sigma10.0.json
unconditional,aNbNcN,128,gaussian,categorical,20.0,,8,4,0.175,0.147902,0.375,0.082916,0.175,0.147902,0.175,0.147902,2.975,8,False,7.89,7,False,1.0,0.0,0.48936170212765956,7,0.01818181818181818,0.026119402985074626,,,1.945910149055313,0.16666666666666666,,,,,,,,results/T-sweep-nonDyck-2/distributions/aNbNcN_L128_T8_gaussian_categorical_sigma20.0.json
unconditional,aNbNcN,128,gaussian,categorical,50.0,,8,4,0.25,0.111803,0.675,0.216506,0.225,0.108972,0.175,0.082916,2.95,9,False,7.31,7,False,1.0,0.0,0.25925925925925924,7,0.011764705882352941,0.01674641148325359,,,1.945910149055313,0.16666666666666666,,,,,,,,results/T-sweep-nonDyck-2/distributions/aNbNcN_L128_T8_gaussian_categorical_sigma50.0.json
unconditional,aNbNcN,128,uniform,greedy,,,128,4,0.975,0.043301,1.0,0.0,0.975,0.043301,0.975,0.043301,124.1,128,False,78.68,39,False,0.6410256410256411,0.3589743589743589,0.24305555555555555,39,0.0023573785950023575,0.0033621517771373678,,,3.116954888166494,0.5952380952380952,,,,,,,,results/T-sweep-nonDyck-2/distributions/aNbNcN_L128_T128_uniform_greedy_none.json
unconditional,aNbNcN,128,gaussian,categorical,1.0,,16,4,0.2,0.122474,0.35,0.15,0.2,0.122474,0.2,0.122474,4.75,16,False,9.5,8,False,1.0,0.0,0.3682539682539683,8,0.019083969465648856,0.027559055118110236,,,2.0794415416798357,0.19047619047619047,,,,,,,,results/T-sweep-nonDyck-2/distributions/aNbNcN_L128_T16_gaussian_categorical_sigma1.0.json
unconditional,aNbNcN,128,gaussian,categorical,2.0,,16,4,0.175,0.082916,0.3,0.0,0.175,0.082916,0.175,0.082916,4.575,16,False,10.64,7,False,0.8571428571428571,0.1428571428571429,0.3786008230452675,7,0.0211864406779661,0.03056768558951965,,,1.7478680974667573,0.14285714285714285,,,,,,,,results/T-sweep-nonDyck-2/distributions/aNbNcN_L128_T16_gaussian_categorical_sigma2.0.json
unconditional,aNbNcN,128,gaussian,categorical,5.0,,16,4,0.225,0.082916,0.275,0.108972,0.225,0.082916,0.225,0.082916,5.775,16,False,14.13,9,False,0.7777777777777778,0.2222222222222222,0.43089430894308944,9,0.013888888888888888,0.022792022792022793,,,1.8891591637540217,0.16666666666666666,,,,,,,,results/T-sweep-nonDyck-2/distributions/aNbNcN_L128_T16_gaussian_categorical_sigma5.0.json
unconditional,aNbNcN,128,gaussian,categorical,10.0,,16,4,0.3,0.158114,0.425,0.147902,0.3,0.158114,0.3,0.158114,6.675,16,False,15.96,12,False,0.8333333333333334,0.16666666666666663,0.16883116883116883,12,0.0053590568060021436,0.00760043431053203,,,2.2538575896013526,0.23809523809523808,,,,,,,,results/T-sweep-nonDyck-2/distributions/aNbNcN_L128_T16_gaussian_categorical_sigma10.0.json
unconditional,aNbNcN,128,gaussian,categorical,20.0,,16,4,0.325,0.129904,0.6,0.1,0.325,0.129904,0.3,0.122474,6.975,16,False,14.99,12,False,0.75,0.25,0.2721212121212121,12,0.00563063063063063,0.007990867579908675,,,2.094729047527649,0.21428571428571427,,,,,,,,results/T-sweep-nonDyck-2/distributions/aNbNcN_L128_T16_gaussian_categorical_sigma20.0.json
unconditional,aNbNcN,128,gaussian,categorical,50.0,,16,4,0.375,0.163936,0.9,0.070711,0.35,0.15,0.35,0.15,7.75,17,False,15.01,14,False,0.8571428571428571,0.1428571428571429,0.3038073038073038,14,0.005701254275940707,0.008111239860950173,,,2.4410152780267027,0.2857142857142857,,,,,,,,results/T-sweep-nonDyck-2/distributions/aNbNcN_L128_T16_gaussian_categorical_sigma50.0.json
unconditional,aNbNcN,128,gaussian,greedy,50.0,,64,4,0.95,0.05,1.0,0.0,0.95,0.05,0.95,0.05,60.825,65,False,61.43,38,False,0.5789473684210527,0.42105263157894735,0.1814748880617144,38,0.0016846361185983828,0.002389078498293515,,,2.9533810337346194,0.5238095238095238,,,,,,,,results/T-sweep-nonDyck-2/distributions/aNbNcN_L128_T64_gaussian_greedy_sigma50.0.json
unconditional,aNbNcN,128,gaussian,categorical,1.0,,32,4,0.375,0.082916,0.5,0.1,0.375,0.082916,0.375,0.082916,14.675,32,False,23.3,15,False,0.8,0.19999999999999996,0.4527363184079602,15,0.008503401360544218,0.013961605584642234,,,2.430791328878232,0.2857142857142857,,,,,,,,results/T-sweep-nonDyck-2/distributions/aNbNcN_L128_T32_gaussian_categorical_sigma1.0.json
unconditional,aNbNcN,128,gaussian,greedy,20.0,,64,4,1.0,0.0,1.0,0.0,1.0,0.0,1.0,0.0,60.05,65,False,70.81,40,False,0.4,0.6,0.09631771737034894,40,0.0012658227848101266,0.0017902813299232737,,,2.6513368466333955,0.38095238095238093,,,,,,,,results/T-sweep-nonDyck-2/distributions/aNbNcN_L128_T64_gaussian_greedy_sigma20.0.json
unconditional,aNbNcN,128,gaussian,greedy,1.0,,64,4,1.0,0.0,1.0,0.0,1.0,0.0,1.0,0.0,63.1,64,False,84.14,40,False,0.1,0.9,0.013869321561629254,40,0.0010258514567090685,0.0014480761274306992,,,1.2980380723866658,0.09523809523809523,,,,,,,,results/T-sweep-nonDyck-2/distributions/aNbNcN_L128_T64_gaussian_greedy_sigma1.0.json
unconditional,aNbNcN,128,gaussian,categorical,2.0,,32,4,0.45,0.111803,0.525,0.108972,0.45,0.111803,0.45,0.111803,17.25,32,False,28.14,18,False,0.7777777777777778,0.2222222222222222,0.3721825178669599,18,0.005291005291005291,0.007551240560949299,,,2.5532370029937144,0.3333333333333333,,,,,,,,results/T-sweep-nonDyck-2/distributions/aNbNcN_L128_T32_gaussian_categorical_sigma2.0.json
unconditional,aNbNcN,128,gaussian,greedy,10.0,,64,4,1.0,0.0,1.0,0.0,1.0,0.0,1.0,0.0,61.15,65,False,78.96,40,False,0.425,0.575,0.07681053401609364,40,0.0012312238364934746,0.001740860482467048,,,2.7160653129350467,0.40476190476190477,,,,,,,,results/T-sweep-nonDyck-2/distributions/aNbNcN_L128_T64_gaussian_greedy_sigma10.0.json
unconditional,aNbNcN,128,gaussian,categorical,10.0,,32,4,0.5,0.158114,0.725,0.108972,0.5,0.158114,0.5,0.158114,18.075,32,False,28.04,20,False,0.75,0.25,0.3368679684469158,20,0.004163197335553705,0.0059271803556308214,,,2.622996276085791,0.35714285714285715,,,,,,,,results/T-sweep-nonDyck-2/distributions/aNbNcN_L128_T32_gaussian_categorical_sigma10.0.json
unconditional,aNbNcN,128,gaussian,categorical,5.0,,32,4,0.575,0.108972,0.6,0.122474,0.575,0.108972,0.575,0.108972,20.7,32,False,33.74,23,False,0.8260869565217391,0.17391304347826086,0.34126184237048984,23,0.0037593984962406013,0.005355776587605203,,,2.894399544430038,0.4523809523809524,,,,,,,,results/T-sweep-nonDyck-2/distributions/aNbNcN_L128_T32_gaussian_categorical_sigma5.0.json
unconditional,aNbNcN,128,gaussian,greedy,2.0,,64,4,1.0,0.0,1.0,0.0,1.0,0.0,1.0,0.0,62.6,64,False,84.86,40,False,0.175,0.825,0.01764612199394808,40,0.0010438413361169101,0.0014736842105263158,,,1.57227107723412,0.16666666666666666,,,,,,,,results/T-sweep-nonDyck-2/distributions/aNbNcN_L128_T64_gaussian_greedy_sigma2.0.json
unconditional,aNbNcN,128,gaussian,categorical,20.0,,32,4,0.525,0.043301,0.825,0.082916,0.525,0.043301,0.525,0.043301,19.5,33,False,28.4,21,False,0.7142857142857143,0.2857142857142857,0.3431761786600496,21,0.004208754208754209,0.005998286203941731,,,2.623521756271808,0.35714285714285715,,,,,,,,results/T-sweep-nonDyck-2/distributions/aNbNcN_L128_T32_gaussian_categorical_sigma20.0.json
unconditional,aNbNcN,128,gaussian,categorical,50.0,,32,4,0.65,0.111803,0.925,0.082916,0.65,0.111803,0.65,0.111803,23.5,33,False,28.16,26,False,0.6538461538461539,0.34615384615384615,0.3205042016806723,26,0.003566333808844508,0.005813953488372093,,,2.7178506271994576,0.40476190476190477,,,,,,,,results/T-sweep-nonDyck-2/distributions/aNbNcN_L128_T32_gaussian_categorical_sigma50.0.json
unconditional,aNbNcN,128,gaussian,greedy,5.0,,64,4,1.0,0.0,1.0,0.0,1.0,0.0,1.0,0.0,61.625,64,False,94.99,40,False,0.35,0.65,0.05208008049685993,40,0.001137915339098771,0.001607717041800643,,,2.3348343636270767,0.3333333333333333,,,,,,,,results/T-sweep-nonDyck-2/distributions/aNbNcN_L128_T64_gaussian_greedy_sigma5.0.json
unconditional,aNbNcN,128,gaussian,categorical,1.0,,64,4,0.525,0.082916,0.525,0.082916,0.525,0.082916,0.525,0.082916,37.325,64,False,45.9,21,False,0.7619047619047619,0.23809523809523814,0.34289617486338797,21,0.004642525533890436,0.006628787878787879,,,2.6646191951934917,0.38095238095238093,,,,,,,,results/T-sweep-nonDyck-2/distributions/aNbNcN_L128_T64_gaussian_categorical_sigma1.0.json
unconditional,aNbNcN,128,gaussian,categorical,2.0,,64,4,0.65,0.111803,0.675,0.108972,0.65,0.111803,0.65,0.111803,45.175,64,False,58.21,26,False,0.8076923076923077,0.1923076923076923,0.3095187165775401,26,0.0030175015087507543,0.004904966278356836,,,2.9915014685753505,0.5,,,,,,,,results/T-sweep-nonDyck-2/distributions/aNbNcN_L128_T64_gaussian_categorical_sigma2.0.json
unconditional,aNbNcN,128,gaussian,categorical,50.0,,64,4,0.725,0.082916,1.0,0.0,0.725,0.082916,0.725,0.082916,48.6,65,False,53.53,29,False,0.7931034482758621,0.2068965517241379,0.3146844944874502,29,0.0027808676307007787,0.0045223289994347085,,,3.0804763069961507,0.5476190476190477,,,,,,,,results/T-sweep-nonDyck-2/distributions/aNbNcN_L128_T64_gaussian_categorical_sigma50.0.json
unconditional,aNbNcN,128,gaussian,categorical,5.0,,64,4,0.725,0.082916,0.8,0.1,0.725,0.082916,0.725,0.082916,47.3,63,False,60.37,29,False,0.7931034482758621,0.2068965517241379,0.2841968350314329,29,0.002566735112936345,0.004168837936425221,,,3.0624332675559938,0.5476190476190477,,,,,,,,results/T-sweep-nonDyck-2/distributions/aNbNcN_L128_T64_gaussian_categorical_sigma5.0.json
unconditional,aNbNcN,128,gaussian,categorical,20.0,,64,4,0.8,0.122474,0.95,0.086603,0.8,0.122474,0.8,0.122474,51.05,65,False,59.87,32,False,0.65625,0.34375,0.3229590388799546,32,0.0024826216484607746,0.004036326942482341,,,2.9401427026868374,0.5,,,,,,,,results/T-sweep-nonDyck-2/distributions/aNbNcN_L128_T64_gaussian_categorical_sigma20.0.json
unconditional,aNbNcN,128,gaussian,categorical,10.0,,64,4,0.825,0.043301,0.975,0.043301,0.825,0.043301,0.825,0.043301,52.975,64,False,64.6,33,False,0.696969696969697,0.303030303030303,0.2850222363405337,33,0.002147766323024055,0.0030501089324618735,,,3.0447063524141162,0.5476190476190477,,,,,,,,results/T-sweep-nonDyck-2/distributions/aNbNcN_L128_T64_gaussian_categorical_sigma10.0.json
unconditional,aNbNcN,128,ebsampler,greedy,,0.9,4,1,1.0,0.0,1.0,0.0,1.0,0.0,1.0,0.0,17.0,17,True,7.31,10,False,0.1,0.9,0.0,10,0.00847457627118644,0.01206896551724138,,,0.0,0.023809523809523808,,,,,,,,results/T-sweep-nonDyck-2/distributions/aNbNcN_L128_T4_ebsampler_greedy_gamma0.9.json
unconditional,aNbNcN,128,gaussian,greedy,50.0,,128,4,0.95,0.05,1.0,0.0,0.95,0.05,0.95,0.05,119.6,129,False,122.33,38,False,0.5526315789473685,0.4473684210526315,0.17970938165800876,38,0.001492982979994028,0.0021141649048625794,,,2.916899603178833,0.5,,,,,,,,results/T-sweep-nonDyck-2/distributions/aNbNcN_L128_T128_gaussian_greedy_sigma50.0.json
unconditional,aNbNcN,128,ebsampler,greedy,,5.0,4,1,0.0,0.0,1.0,0.0,0.0,0.0,0.0,0.0,8.0,8,True,3.39,0,True,,,,0,,,,,,,,,,,,,,results/T-sweep-nonDyck-2/distributions/aNbNcN_L128_T4_ebsampler_greedy_gamma5.0.json
unconditional,aNbNcN,128,ebsampler,greedy,,10.0,4,1,0.0,0.0,1.0,0.0,0.0,0.0,0.0,0.0,5.0,5,True,2.44,0,True,,,,0,,,,,,,,,,,,,,results/T-sweep-nonDyck-2/distributions/aNbNcN_L128_T4_ebsampler_greedy_gamma10.0.json
unconditional,aNbNcN,128,ebsampler,greedy,,2.0,4,1,0.0,0.0,1.0,0.0,0.0,0.0,0.0,0.0,12.0,12,True,5.75,0,True,,,,0,,,,,,,,,,,,,,results/T-sweep-nonDyck-2/distributions/aNbNcN_L128_T4_ebsampler_greedy_gamma2.0.json
unconditional,aNbNcN,128,ebsampler,greedy,,0.5,4,1,1.0,0.0,1.0,0.0,1.0,0.0,1.0,0.0,27.0,27,True,11.64,10,False,0.1,0.9,0.0,10,0.007692307692307693,0.0109375,,,0.0,0.023809523809523808,,,,,,,,results/T-sweep-nonDyck-2/distributions/aNbNcN_L128_T4_ebsampler_greedy_gamma0.5.json
unconditional,aNbNcN,128,ebsampler,greedy,,0.1,4,1,1.0,0.0,1.0,0.0,1.0,0.0,1.0,0.0,42.0,42,True,19.41,10,False,0.1,0.9,0.0,10,0.0625,0.1,,,0.0,0.023809523809523808,,,,,,,,results/T-sweep-nonDyck-2/distributions/aNbNcN_L128_T4_ebsampler_greedy_gamma0.1.json
unconditional,aNbNcN,128,ebsampler,greedy,,10.0,8,1,0.0,0.0,1.0,0.0,0.0,0.0,0.0,0.0,5.0,5,True,2.31,0,True,,,,0,,,,,,,,,,,,,,results/T-sweep-nonDyck-2/distributions/aNbNcN_L128_T8_ebsampler_greedy_gamma10.0.json
unconditional,aNbNcN,128,ar,greedy,,,130,1,1.0,0.0,1.0,0.0,1.0,0.0,1.0,0.0,129.0,129,True,47.6,10,False,0.1,0.9,0.0,10,0.004,0.00564516129032258,,,0.0,0.023809523809523808,,,,,,,,results/T-sweep-nonDyck-2/distributions/aNbNcN_L128_T130_ar_greedy_none.json
unconditional,aNbNcN,128,ebsampler,greedy,,5.0,8,1,0.0,0.0,1.0,0.0,0.0,0.0,0.0,0.0,8.0,8,True,3.08,0,True,,,,0,,,,,,,,,,,,,,results/T-sweep-nonDyck-2/distributions/aNbNcN_L128_T8_ebsampler_greedy_gamma5.0.json
unconditional,aNbNcN,128,ebsampler,greedy,,2.0,8,1,0.0,0.0,1.0,0.0,0.0,0.0,0.0,0.0,12.0,12,True,5.27,0,True,,,,0,,,,,,,,,,,,,,results/T-sweep-nonDyck-2/distributions/aNbNcN_L128_T8_ebsampler_greedy_gamma2.0.json
unconditional,aNbNcN,128,gaussian,greedy,20.0,,128,4,1.0,0.0,1.0,0.0,1.0,0.0,1.0,0.0,121.075,129,False,136.87,40,False,0.45,0.55,0.11201910740016975,40,0.0012963443090484833,0.0018339009693476552,,,2.7962830712257776,0.42857142857142855,,,,,,,,results/T-sweep-nonDyck-2/distributions/aNbNcN_L128_T128_gaussian_greedy_sigma20.0.json
unconditional,aNbNcN,128,ebsampler,greedy,,0.9,8,1,1.0,0.0,1.0,0.0,1.0,0.0,1.0,0.0,17.0,17,True,7.09,10,False,0.1,0.9,0.0,10,0.00847457627118644,0.01206896551724138,,,0.0,0.023809523809523808,,,,,,,,results/T-sweep-nonDyck-2/distributions/aNbNcN_L128_T8_ebsampler_greedy_gamma0.9.json
unconditional,aNbNcN,128,ebsampler,greedy,,5.0,16,1,0.0,0.0,1.0,0.0,0.0,0.0,0.0,0.0,8.0,8,True,3.02,0,True,,,,0,,,,,,,,,,,,,,results/T-sweep-nonDyck-2/distributions/aNbNcN_L128_T16_ebsampler_greedy_gamma5.0.json
unconditional,aNbNcN,128,ebsampler,greedy,,10.0,16,1,0.0,0.0,1.0,0.0,0.0,0.0,0.0,0.0,5.0,5,True,2.21,0,True,,,,0,,,,,,,,,,,,,,results/T-sweep-nonDyck-2/distributions/aNbNcN_L128_T16_ebsampler_greedy_gamma10.0.json
unconditional,aNbNcN,128,ebsampler,greedy,,0.9,16,1,1.0,0.0,1.0,0.0,1.0,0.0,1.0,0.0,17.0,17,True,7.22,10,False,0.1,0.9,0.0,10,0.00847457627118644,0.01206896551724138,,,0.0,0.023809523809523808,,,,,,,,results/T-sweep-nonDyck-2/distributions/aNbNcN_L128_T16_ebsampler_greedy_gamma0.9.json
unconditional,aNbNcN,128,ebsampler,greedy,,2.0,16,1,0.0,0.0,1.0,0.0,0.0,0.0,0.0,0.0,12.0,12,True,5.19,0,True,,,,0,,,,,,,,,,,,,,results/T-sweep-nonDyck-2/distributions/aNbNcN_L128_T16_ebsampler_greedy_gamma2.0.json
unconditional,aNbNcN,128,ebsampler,greedy,,0.5,8,1,1.0,0.0,1.0,0.0,1.0,0.0,1.0,0.0,27.0,27,True,11.52,10,False,0.1,0.9,0.0,10,0.007692307692307693,0.0109375,,,0.0,0.023809523809523808,,,,,,,,results/T-sweep-nonDyck-2/distributions/aNbNcN_L128_T8_ebsampler_greedy_gamma0.5.json
unconditional,aNbNcN,128,ebsampler,greedy,,5.0,32,1,0.0,0.0,1.0,0.0,0.0,0.0,0.0,0.0,8.0,8,True,2.91,0,True,,,,0,,,,,,,,,,,,,,results/T-sweep-nonDyck-2/distributions/aNbNcN_L128_T32_ebsampler_greedy_gamma5.0.json
unconditional,aNbNcN,128,ebsampler,greedy,,2.0,32,1,0.0,0.0,1.0,0.0,0.0,0.0,0.0,0.0,12.0,12,True,5.0,0,True,,,,0,,,,,,,,,,,,,,results/T-sweep-nonDyck-2/distributions/aNbNcN_L128_T32_ebsampler_greedy_gamma2.0.json
unconditional,aNbNcN,128,ebsampler,greedy,,0.5,16,1,1.0,0.0,1.0,0.0,1.0,0.0,1.0,0.0,27.0,27,True,13.0,10,False,0.1,0.9,0.0,10,0.007692307692307693,0.0109375,,,0.0,0.023809523809523808,,,,,,,,results/T-sweep-nonDyck-2/distributions/aNbNcN_L128_T16_ebsampler_greedy_gamma0.5.json
unconditional,aNbNcN,128,ebsampler,greedy,,10.0,32,1,0.0,0.0,1.0,0.0,0.0,0.0,0.0,0.0,5.0,5,True,2.1,0,True,,,,0,,,,,,,,,,,,,,results/T-sweep-nonDyck-2/distributions/aNbNcN_L128_T32_ebsampler_greedy_gamma10.0.json
unconditional,aNbNcN,128,ebsampler,greedy,,0.9,32,1,1.0,0.0,1.0,0.0,1.0,0.0,1.0,0.0,17.0,17,True,6.71,10,False,0.1,0.9,0.0,10,0.00847457627118644,0.01206896551724138,,,0.0,0.023809523809523808,,,,,,,,results/T-sweep-nonDyck-2/distributions/aNbNcN_L128_T32_ebsampler_greedy_gamma0.9.json
unconditional,aNbNcN,128,ebsampler,greedy,,0.1,8,1,1.0,0.0,1.0,0.0,1.0,0.0,1.0,0.0,42.0,42,True,18.43,10,False,0.1,0.9,0.0,10,0.0625,0.1,,,0.0,0.023809523809523808,,,,,,,,results/T-sweep-nonDyck-2/distributions/aNbNcN_L128_T8_ebsampler_greedy_gamma0.1.json
unconditional,aNbNcN,128,gaussian,greedy,10.0,,128,4,1.0,0.0,1.0,0.0,1.0,0.0,1.0,0.0,121.0,129,False,155.56,40,False,0.35,0.65,0.07557737770503728,40,0.0011933174224343676,0.0016867469879518072,,,2.5144379472474556,0.3333333333333333,,,,,,,,results/T-sweep-nonDyck-2/distributions/aNbNcN_L128_T128_gaussian_greedy_sigma10.0.json
unconditional,aNbNcN,128,ebsampler,greedy,,0.5,32,1,1.0,0.0,1.0,0.0,1.0,0.0,1.0,0.0,27.0,27,True,10.9,10,False,0.1,0.9,0.0,10,0.007692307692307693,0.0109375,,,0.0,0.023809523809523808,,,,,,,,results/T-sweep-nonDyck-2/distributions/aNbNcN_L128_T32_ebsampler_greedy_gamma0.5.json
unconditional,aNbNcN,128,ebsampler,greedy,,10.0,64,1,0.0,0.0,1.0,0.0,0.0,0.0,0.0,0.0,5.0,5,True,2.29,0,True,,,,0,,,,,,,,,,,,,,results/T-sweep-nonDyck-2/distributions/aNbNcN_L128_T64_ebsampler_greedy_gamma10.0.json
unconditional,aNbNcN,128,ebsampler,greedy,,0.1,16,1,1.0,0.0,1.0,0.0,1.0,0.0,1.0,0.0,42.0,42,True,18.28,10,False,0.1,0.9,0.0,10,0.0625,0.1,,,0.0,0.023809523809523808,,,,,,,,results/T-sweep-nonDyck-2/distributions/aNbNcN_L128_T16_ebsampler_greedy_gamma0.1.json
unconditional,aNbNcN,128,ebsampler,greedy,,5.0,64,1,0.0,0.0,1.0,0.0,0.0,0.0,0.0,0.0,8.0,8,True,3.15,0,True,,,,0,,,,,,,,,,,,,,results/T-sweep-nonDyck-2/distributions/aNbNcN_L128_T64_ebsampler_greedy_gamma5.0.json
unconditional,aNbNcN,128,ebsampler,greedy,,2.0,64,1,0.0,0.0,1.0,0.0,0.0,0.0,0.0,0.0,12.0,12,True,5.4,0,True,,,,0,,,,,,,,,,,,,,results/T-sweep-nonDyck-2/distributions/aNbNcN_L128_T64_ebsampler_greedy_gamma2.0.json
unconditional,aNbNcN,128,ebsampler,greedy,,0.9,64,1,1.0,0.0,1.0,0.0,1.0,0.0,1.0,0.0,17.0,17,True,7.04,10,False,0.1,0.9,0.0,10,0.00847457627118644,0.01206896551724138,,,0.0,0.023809523809523808,,,,,,,,results/T-sweep-nonDyck-2/distributions/aNbNcN_L128_T64_ebsampler_greedy_gamma0.9.json
unconditional,aNbNcN,128,ebsampler,greedy,,10.0,128,1,0.0,0.0,1.0,0.0,0.0,0.0,0.0,0.0,5.0,5,True,2.28,0,True,,,,0,,,,,,,,,,,,,,results/T-sweep-nonDyck-2/distributions/aNbNcN_L128_T128_ebsampler_greedy_gamma10.0.json
unconditional,aNbNcN,128,ebsampler,greedy,,5.0,128,1,0.0,0.0,1.0,0.0,0.0,0.0,0.0,0.0,8.0,8,True,3.24,0,True,,,,0,,,,,,,,,,,,,,results/T-sweep-nonDyck-2/distributions/aNbNcN_L128_T128_ebsampler_greedy_gamma5.0.json
unconditional,aNbNcN,128,ebsampler,greedy,,2.0,128,1,0.0,0.0,1.0,0.0,0.0,0.0,0.0,0.0,12.0,12,True,5.23,0,True,,,,0,,,,,,,,,,,,,,results/T-sweep-nonDyck-2/distributions/aNbNcN_L128_T128_ebsampler_greedy_gamma2.0.json
unconditional,aNbNcN,128,ebsampler,greedy,,0.1,32,1,1.0,0.0,1.0,0.0,1.0,0.0,1.0,0.0,42.0,42,True,17.17,10,False,0.1,0.9,0.0,10,0.0625,0.1,,,0.0,0.023809523809523808,,,,,,,,results/T-sweep-nonDyck-2/distributions/aNbNcN_L128_T32_ebsampler_greedy_gamma0.1.json
unconditional,aNbNcN,128,ebsampler,greedy,,0.9,128,1,1.0,0.0,1.0,0.0,1.0,0.0,1.0,0.0,17.0,17,True,7.33,10,False,0.1,0.9,0.0,10,0.00847457627118644,0.01206896551724138,,,0.0,0.023809523809523808,,,,,,,,results/T-sweep-nonDyck-2/distributions/aNbNcN_L128_T128_ebsampler_greedy_gamma0.9.json
unconditional,aNbNcN,128,gaussian,greedy,5.0,,128,4,1.0,0.0,1.0,0.0,1.0,0.0,1.0,0.0,122.5,127,False,167.02,40,False,0.325,0.675,0.05236882322975038,40,0.0011135857461024498,0.0015730337078651685,,,2.3398682420147487,0.30952380952380953,,,,,,,,results/T-sweep-nonDyck-2/distributions/aNbNcN_L128_T128_gaussian_greedy_sigma5.0.json
unconditional,aNbNcN,128,ebsampler,greedy,,0.5,64,1,1.0,0.0,1.0,0.0,1.0,0.0,1.0,0.0,27.0,27,True,13.3,10,False,0.1,0.9,0.0,10,0.007692307692307693,0.0109375,,,0.0,0.023809523809523808,,,,,,,,results/T-sweep-nonDyck-2/distributions/aNbNcN_L128_T64_ebsampler_greedy_gamma0.5.json
unconditional,aNbNcN,128,ebsampler,greedy,,0.5,128,1,1.0,0.0,1.0,0.0,1.0,0.0,1.0,0.0,27.0,27,True,11.9,10,False,0.1,0.9,0.0,10,0.007692307692307693,0.0109375,,,0.0,0.023809523809523808,,,,,,,,results/T-sweep-nonDyck-2/distributions/aNbNcN_L128_T128_ebsampler_greedy_gamma0.5.json
unconditional,aNbNcN,128,gaussian,greedy,1.0,,128,4,1.0,0.0,1.0,0.0,1.0,0.0,1.0,0.0,125.875,127,False,171.18,40,False,0.1,0.9,0.011157731157731159,40,0.0010183299389002036,0.001437371663244353,,,1.1157038089814217,0.09523809523809523,,,,,,,,results/T-sweep-nonDyck-2/distributions/aNbNcN_L128_T128_gaussian_greedy_sigma1.0.json
unconditional,aNbNcN,128,ebsampler,greedy,,0.1,64,1,1.0,0.0,1.0,0.0,1.0,0.0,1.0,0.0,42.0,42,True,19.36,10,False,0.1,0.9,0.0,10,0.0625,0.1,,,0.0,0.023809523809523808,,,,,,,,results/T-sweep-nonDyck-2/distributions/aNbNcN_L128_T64_ebsampler_greedy_gamma0.1.json
unconditional,aNbNcN,128,ebsampler,categorical,,5.0,4,4,0.025,0.043301,0.85,0.111803,0.025,0.043301,0.025,0.043301,1.3,4,False,7.91,1,True,1.0,0.0,,1,0.45454545454545453,0.7,,,0.0,0.023809523809523808,,,,,,,,results/T-sweep-nonDyck-2/distributions/aNbNcN_L128_T4_ebsampler_categorical_gamma5.0.json
unconditional,aNbNcN,128,ebsampler,categorical,,2.0,4,4,0.075,0.043301,0.875,0.108972,0.075,0.043301,0.075,0.043301,2.4,9,False,9.6,3,True,,,,3,,,,,0.6365141682948128,0.047619047619047616,,,,,,,,results/T-sweep-nonDyck-2/distributions/aNbNcN_L128_T4_ebsampler_categorical_gamma2.0.json
unconditional,aNbNcN,128,ebsampler,categorical,,10.0,4,4,0.0,0.0,0.9,0.070711,0.0,0.0,0.0,0.0,1.05,2,False,7.62,0,True,,,,0,,,,,,,,,,,,,,results/T-sweep-nonDyck-2/distributions/aNbNcN_L128_T4_ebsampler_categorical_gamma10.0.json
unconditional,aNbNcN,128,ebsampler,greedy,,0.1,128,1,1.0,0.0,1.0,0.0,1.0,0.0,1.0,0.0,42.0,42,True,19.88,10,False,0.1,0.9,0.0,10,0.0625,0.1,,,0.0,0.023809523809523808,,,,,,,,results/T-sweep-nonDyck-2/distributions/aNbNcN_L128_T128_ebsampler_greedy_gamma0.1.json
unconditional,aNbNcN,128,ebsampler,categorical,,0.9,4,4,0.375,0.043301,0.975,0.043301,0.375,0.043301,0.375,0.043301,5.125,14,False,15.78,15,False,0.6666666666666666,0.33333333333333337,0.3589981447124304,15,0.005500550055005501,0.007829977628635347,,,2.2459520807289133,0.23809523809523808,,,,,,,,results/T-sweep-nonDyck-2/distributions/aNbNcN_L128_T4_ebsampler_categorical_gamma0.9.json
unconditional,aNbNcN,128,ebsampler,categorical,,10.0,8,4,0.0,0.0,0.9,0.070711,0.0,0.0,0.0,0.0,1.05,2,False,6.59,0,True,,,,0,,,,,,,,,,,,,,results/T-sweep-nonDyck-2/distributions/aNbNcN_L128_T8_ebsampler_categorical_gamma10.0.json
unconditional,aNbNcN,128,ebsampler,categorical,,5.0,8,4,0.025,0.043301,0.85,0.111803,0.025,0.043301,0.025,0.043301,1.3,4,False,7.4,1,True,1.0,0.0,,1,0.45454545454545453,0.7,,,0.0,0.023809523809523808,,,,,,,,results/T-sweep-nonDyck-2/distributions/aNbNcN_L128_T8_ebsampler_categorical_gamma5.0.json
unconditional,aNbNcN,128,ebsampler,categorical,,2.0,8,4,0.075,0.043301,0.875,0.108972,0.075,0.043301,0.075,0.043301,2.4,9,False,9.95,3,True,,,,3,,,,,0.6365141682948128,0.047619047619047616,,,,,,,,results/T-sweep-nonDyck-2/distributions/aNbNcN_L128_T8_ebsampler_categorical_gamma2.0.json
unconditional,baN,128,gaussian,greedy,5.0,,128,4,0.875,0.082916,1.0,0.0,0.875,0.082916,0.975,0.043301,123.05,129,False,1166.77,35,False,0.4857142857142857,0.5142857142857142,0.007950367647058823,35,0.0008998875140607424,0.0013605442176870747,0.75,0.625,,,,,,,,,,results/T-sweep-nonDyck-2/distributions/baN_L128_T128_gaussian_greedy_sigma5.0.json
unconditional,aNbNcN,128,gaussian,greedy,2.0,,128,4,1.0,0.0,1.0,0.0,1.0,0.0,1.0,0.0,124.325,128,False,185.55,40,False,0.15,0.85,0.017557155488189972,40,0.0010347682119205299,0.0014607679465776294,,,1.5166130852530904,0.14285714285714285,,,,,,,,results/T-sweep-nonDyck-2/distributions/aNbNcN_L128_T128_gaussian_greedy_sigma2.0.json
unconditional,aNbNcN,128,ebsampler,categorical,,0.9,8,4,0.375,0.043301,0.975,0.043301,0.375,0.043301,0.375,0.043301,5.125,14,False,15.47,15,False,0.6666666666666666,0.33333333333333337,0.3589981447124304,15,0.005500550055005501,0.007829977628635347,,,2.2459520807289133,0.23809523809523808,,,,,,,,results/T-sweep-nonDyck-2/distributions/aNbNcN_L128_T8_ebsampler_categorical_gamma0.9.json
unconditional,aNbNcN,128,ebsampler,categorical,,0.5,4,4,0.3,0.141421,1.0,0.0,0.3,0.141421,0.3,0.141421,8.025,24,False,23.65,12,False,0.6666666666666666,0.33333333333333337,0.32030586236193714,12,0.016181229773462782,0.026936026936026935,,,1.9792045174343245,0.19047619047619047,,,,,,,,results/T-sweep-nonDyck-2/distributions/aNbNcN_L128_T4_ebsampler_categorical_gamma0.5.json
unconditional,aNbNcN,128,ebsampler,categorical,,5.0,16,4,0.025,0.043301,0.85,0.111803,0.025,0.043301,0.025,0.043301,1.3,4,False,7.45,1,True,1.0,0.0,,1,0.45454545454545453,0.7,,,0.0,0.023809523809523808,,,,,,,,results/T-sweep-nonDyck-2/distributions/aNbNcN_L128_T16_ebsampler_categorical_gamma5.0.json
unconditional,aNbNcN,128,ebsampler,categorical,,10.0,16,4,0.0,0.0,0.9,0.070711,0.0,0.0,0.0,0.0,1.05,2,False,6.54,0,True,,,,0,,,,,,,,,,,,,,results/T-sweep-nonDyck-2/distributions/aNbNcN_L128_T16_ebsampler_categorical_gamma10.0.json
unconditional,aNbNcN,128,ebsampler,categorical,,2.0,16,4,0.075,0.043301,0.875,0.108972,0.075,0.043301,0.075,0.043301,2.4,9,False,9.21,3,True,,,,3,,,,,0.6365141682948128,0.047619047619047616,,,,,,,,results/T-sweep-nonDyck-2/distributions/aNbNcN_L128_T16_ebsampler_categorical_gamma2.0.json
unconditional,aNbNcN,128,ebsampler,categorical,,0.5,8,4,0.3,0.141421,1.0,0.0,0.3,0.141421,0.3,0.141421,8.025,24,False,23.42,12,False,0.6666666666666666,0.33333333333333337,0.32030586236193714,12,0.016181229773462782,0.026936026936026935,,,1.9792045174343245,0.19047619047619047,,,,,,,,results/T-sweep-nonDyck-2/distributions/aNbNcN_L128_T8_ebsampler_categorical_gamma0.5.json
unconditional,aNbNcN,128,ebsampler,categorical,,0.9,16,4,0.375,0.043301,0.975,0.043301,0.375,0.043301,0.375,0.043301,5.125,14,False,14.72,15,False,0.6666666666666666,0.33333333333333337,0.3589981447124304,15,0.005500550055005501,0.007829977628635347,,,2.2459520807289133,0.23809523809523808,,,,,,,,results/T-sweep-nonDyck-2/distributions/aNbNcN_L128_T16_ebsampler_categorical_gamma0.9.json
unconditional,aNbNcN,128,gaussian,categorical,1.0,,128,4,0.85,0.111803,0.85,0.111803,0.85,0.111803,0.85,0.111803,109.575,127,False,117.55,34,False,0.6470588235294118,0.3529411764705882,0.35858585858585856,34,0.002720348204570185,0.003880266075388027,,,3.0216905105807728,0.5238095238095238,,,,,,,,results/T-sweep-nonDyck-2/distributions/aNbNcN_L128_T128_gaussian_categorical_sigma1.0.json
unconditional,aNbNcN,128,ebsampler,categorical,,10.0,32,4,0.0,0.0,0.9,0.070711,0.0,0.0,0.0,0.0,1.05,2,False,6.25,0,True,,,,0,,,,,,,,,,,,,,results/T-sweep-nonDyck-2/distributions/aNbNcN_L128_T32_ebsampler_categorical_gamma10.0.json
unconditional,aNbNcN,128,ebsampler,categorical,,5.0,32,4,0.025,0.043301,0.85,0.111803,0.025,0.043301,0.025,0.043301,1.3,4,False,6.74,1,True,1.0,0.0,,1,0.45454545454545453,0.7,,,0.0,0.023809523809523808,,,,,,,,results/T-sweep-nonDyck-2/distributions/aNbNcN_L128_T32_ebsampler_categorical_gamma5.0.json
unconditional,aNbNcN,128,ebsampler,categorical,,2.0,32,4,0.075,0.043301,0.875,0.108972,0.075,0.043301,0.075,0.043301,2.4,9,False,9.16,3,True,,,,3,,,,,0.6365141682948128,0.047619047619047616,,,,,,,,results/T-sweep-nonDyck-2/distributions/aNbNcN_L128_T32_ebsampler_categorical_gamma2.0.json
unconditional,aNbNcN,128,ebsampler,categorical,,0.9,32,4,0.375,0.043301,0.975,0.043301,0.375,0.043301,0.375,0.043301,5.125,14,False,14.28,15,False,0.6666666666666666,0.33333333333333337,0.3589981447124304,15,0.005500550055005501,0.007829977628635347,,,2.2459520807289133,0.23809523809523808,,,,,,,,results/T-sweep-nonDyck-2/distributions/aNbNcN_L128_T32_ebsampler_categorical_gamma0.9.json
unconditional,aNbNcN,128,gaussian,categorical,50.0,,128,4,0.925,0.043301,1.0,0.0,0.925,0.043301,0.925,0.043301,114.025,129,False,118.0,37,False,0.6756756756756757,0.32432432432432434,0.3292754906300723,37,0.0022502250225022503,0.0036613272311212816,,,3.0795451398092477,0.5952380952380952,,,,,,,,results/T-sweep-nonDyck-2/distributions/aNbNcN_L128_T128_gaussian_categorical_sigma50.0.json
unconditional,aNbNcN,128,ebsampler,categorical,,0.5,16,4,0.3,0.141421,1.0,0.0,0.3,0.141421,0.3,0.141421,8.025,24,False,22.95,12,False,0.6666666666666666,0.33333333333333337,0.32030586236193714,12,0.016181229773462782,0.026936026936026935,,,1.9792045174343245,0.19047619047619047,,,,,,,,results/T-sweep-nonDyck-2/distributions/aNbNcN_L128_T16_ebsampler_categorical_gamma0.5.json
unconditional,aNbNcN,128,ebsampler,categorical,,10.0,64,4,0.0,0.0,0.9,0.070711,0.0,0.0,0.0,0.0,1.05,2,False,6.48,0,True,,,,0,,,,,,,,,,,,,,results/T-sweep-nonDyck-2/distributions/aNbNcN_L128_T64_ebsampler_categorical_gamma10.0.json
unconditional,aNbNcN,128,ebsampler,categorical,,5.0,64,4,0.025,0.043301,0.85,0.111803,0.025,0.043301,0.025,0.043301,1.3,4,False,7.04,1,True,1.0,0.0,,1,0.45454545454545453,0.7,,,0.0,0.023809523809523808,,,,,,,,results/T-sweep-nonDyck-2/distributions/aNbNcN_L128_T64_ebsampler_categorical_gamma5.0.json
unconditional,aNbNcN,128,ebsampler,categorical,,2.0,64,4,0.075,0.043301,0.875,0.108972,0.075,0.043301,0.075,0.043301,2.4,9,False,9.63,3,True,,,,3,,,,,0.6365141682948128,0.047619047619047616,,,,,,,,results/T-sweep-nonDyck-2/distributions/aNbNcN_L128_T64_ebsampler_categorical_gamma2.0.json
unconditional,aNbNcN,128,ebsampler,categorical,,10.0,128,4,0.0,0.0,0.9,0.070711,0.0,0.0,0.0,0.0,1.05,2,False,5.87,0,True,,,,0,,,,,,,,,,,,,,results/T-sweep-nonDyck-2/distributions/aNbNcN_L128_T128_ebsampler_categorical_gamma10.0.json
unconditional,aNbNcN,128,ebsampler,categorical,,5.0,128,4,0.025,0.043301,0.85,0.111803,0.025,0.043301,0.025,0.043301,1.3,4,False,6.51,1,True,1.0,0.0,,1,0.45454545454545453,0.7,,,0.0,0.023809523809523808,,,,,,,,results/T-sweep-nonDyck-2/distributions/aNbNcN_L128_T128_ebsampler_categorical_gamma5.0.json
unconditional,aNbNcN,128,gaussian,categorical,10.0,,128,4,0.85,0.111803,0.875,0.129904,0.85,0.111803,0.85,0.111803,107.725,129,False,127.82,34,False,0.6470588235294118,0.3529411764705882,0.3269360269360269,34,0.0023518344308560675,0.0038240917782026767,,,2.9909112080063887,0.5238095238095238,,,,,,,,results/T-sweep-nonDyck-2/distributions/aNbNcN_L128_T128_gaussian_categorical_sigma10.0.json
unconditional,aNbNcN,128,ebsampler,categorical,,0.5,32,4,0.3,0.141421,1.0,0.0,0.3,0.141421,0.3,0.141421,8.025,24,False,23.68,12,False,0.6666666666666666,0.33333333333333337,0.32030586236193714,12,0.016181229773462782,0.026936026936026935,,,1.9792045174343245,0.19047619047619047,,,,,,,,results/T-sweep-nonDyck-2/distributions/aNbNcN_L128_T32_ebsampler_categorical_gamma0.5.json
unconditional,aNbNcN,128,ebsampler,categorical,,0.9,64,4,0.375,0.043301,0.975,0.043301,0.375,0.043301,0.375,0.043301,5.125,14,False,14.19,15,False,0.6666666666666666,0.33333333333333337,0.3589981447124304,15,0.005500550055005501,0.007829977628635347,,,2.2459520807289133,0.23809523809523808,,,,,,,,results/T-sweep-nonDyck-2/distributions/aNbNcN_L128_T64_ebsampler_categorical_gamma0.9.json
unconditional,aNbNcN,128,ebsampler,categorical,,2.0,128,4,0.075,0.043301,0.875,0.108972,0.075,0.043301,0.075,0.043301,2.4,9,False,8.77,3,True,,,,3,,,,,0.6365141682948128,0.047619047619047616,,,,,,,,results/T-sweep-nonDyck-2/distributions/aNbNcN_L128_T128_ebsampler_categorical_gamma2.0.json
unconditional,aNbNcN,128,gaussian,categorical,2.0,,128,4,0.85,0.111803,0.85,0.111803,0.85,0.111803,0.85,0.111803,110.125,128,False,131.93,34,False,0.6764705882352942,0.32352941176470584,0.27697611030944363,34,0.0022381378692927483,0.0036363636363636364,,,3.047074222855931,0.5476190476190477,,,,,,,,results/T-sweep-nonDyck-2/distributions/aNbNcN_L128_T128_gaussian_categorical_sigma2.0.json
unconditional,aNbNcN,128,gaussian,categorical,20.0,,128,4,0.9,0.070711,0.95,0.086603,0.9,0.070711,0.9,0.070711,112.65,129,False,129.96,36,False,0.6666666666666666,0.33333333333333337,0.3067755102040816,36,0.0019312475859405175,0.0027418723070896985,,,3.0778168061024345,0.5714285714285714,,,,,,,,results/T-sweep-nonDyck-2/distributions/aNbNcN_L128_T128_gaussian_categorical_sigma20.0.json
unconditional,aNbNcN,128,ebsampler,categorical,,0.9,128,4,0.375,0.043301,0.975,0.043301,0.375,0.043301,0.375,0.043301,5.125,14,False,12.25,15,False,0.6666666666666666,0.33333333333333337,0.3589981447124304,15,0.005500550055005501,0.007829977628635347,,,2.2459520807289133,0.23809523809523808,,,,,,,,results/T-sweep-nonDyck-2/distributions/aNbNcN_L128_T128_ebsampler_categorical_gamma0.9.json
unconditional,aNbNcN,128,ebsampler,categorical,,0.5,64,4,0.3,0.141421,1.0,0.0,0.3,0.141421,0.3,0.141421,8.025,24,False,19.58,12,False,0.6666666666666666,0.33333333333333337,0.32030586236193714,12,0.016181229773462782,0.026936026936026935,,,1.9792045174343245,0.19047619047619047,,,,,,,,results/T-sweep-nonDyck-2/distributions/aNbNcN_L128_T64_ebsampler_categorical_gamma0.5.json
unconditional,aNbNcN,128,ebsampler,categorical,,0.1,4,4,1.0,0.0,1.0,0.0,1.0,0.0,1.0,0.0,24.05,42,False,50.61,40,False,0.65,0.35,0.3217010631644778,40,0.002066115702479339,0.0029411764705882353,,,3.082036895289527,0.6190476190476191,,,,,,,,results/T-sweep-nonDyck-2/distributions/aNbNcN_L128_T4_ebsampler_categorical_gamma0.1.json
unconditional,aNbNcN,128,gaussian,categorical,5.0,,128,4,0.8,0.122474,0.8,0.122474,0.8,0.122474,0.8,0.122474,102.875,127,False,135.94,32,False,0.625,0.375,0.28952999920741856,32,0.002074688796680498,0.002943650126156434,,,2.9295240128871254,0.47619047619047616,,,,,,,,results/T-sweep-nonDyck-2/distributions/aNbNcN_L128_T128_gaussian_categorical_sigma5.0.json
unconditional,baN,128,gaussian,greedy,2.0,,128,4,0.9,0.070711,1.0,0.0,0.9,0.070711,0.925,0.082916,125.05,128,False,1208.19,36,False,0.9722222222222222,0.02777777777777779,0.02488219246031746,36,0.0008748906386701663,0.001763668430335097,0.75,0.625,,,,,,,,,,results/T-sweep-nonDyck-2/distributions/baN_L128_T128_gaussian_greedy_sigma2.0.json
unconditional,aNbNcN,128,ebsampler,categorical,,0.5,128,4,0.3,0.141421,1.0,0.0,0.3,0.141421,0.3,0.141421,8.025,24,False,16.96,12,False,0.6666666666666666,0.33333333333333337,0.32030586236193714,12,0.016181229773462782,0.026936026936026935,,,1.9792045174343245,0.19047619047619047,,,,,,,,results/T-sweep-nonDyck-2/distributions/aNbNcN_L128_T128_ebsampler_categorical_gamma0.5.json
unconditional,aNbNcN,128,ar,categorical,,,130,4,1.0,0.0,1.0,0.0,1.0,0.0,1.0,0.0,129.0,129,False,114.64,40,False,0.65,0.35,0.32945736434108525,40,0.001968503937007874,0.0032,,,3.129775457911638,0.6190476190476191,,,,,,,,results/T-sweep-nonDyck-2/distributions/aNbNcN_L128_T130_ar_categorical_none.json
unconditional,aNbNcN,128,ebsampler,categorical,,0.1,16,4,1.0,0.0,1.0,0.0,1.0,0.0,1.0,0.0,24.05,42,False,44.69,40,False,0.65,0.35,0.3217010631644778,40,0.002066115702479339,0.0029411764705882353,,,3.082036895289527,0.6190476190476191,,,,,,,,results/T-sweep-nonDyck-2/distributions/aNbNcN_L128_T16_ebsampler_categorical_gamma0.1.json
unconditional,aNbNcN,128,ebsampler,categorical,,0.1,8,4,1.0,0.0,1.0,0.0,1.0,0.0,1.0,0.0,24.05,42,False,52.41,40,False,0.65,0.35,0.3217010631644778,40,0.002066115702479339,0.0029411764705882353,,,3.082036895289527,0.6190476190476191,,,,,,,,results/T-sweep-nonDyck-2/distributions/aNbNcN_L128_T8_ebsampler_categorical_gamma0.1.json
unconditional,aNbNcN,128,ebsampler,categorical,,0.1,32,4,1.0,0.0,1.0,0.0,1.0,0.0,1.0,0.0,24.05,42,False,37.28,40,False,0.65,0.35,0.3217010631644778,40,0.002066115702479339,0.0029411764705882353,,,3.082036895289527,0.6190476190476191,,,,,,,,results/T-sweep-nonDyck-2/distributions/aNbNcN_L128_T32_ebsampler_categorical_gamma0.1.json
unconditional,aNbNcN,128,ebsampler,categorical,,0.1,64,4,1.0,0.0,1.0,0.0,1.0,0.0,1.0,0.0,24.05,42,False,33.28,40,False,0.65,0.35,0.3217010631644778,40,0.002066115702479339,0.0029411764705882353,,,3.082036895289527,0.6190476190476191,,,,,,,,results/T-sweep-nonDyck-2/distributions/aNbNcN_L128_T64_ebsampler_categorical_gamma0.1.json
unconditional,baN,128,gaussian,categorical,20.0,,128,4,0.925,0.043301,1.0,0.0,0.925,0.043301,0.975,0.043301,120.65,129,False,1039.44,37,False,1.0,0.0,0.15815708894110944,37,0.0008613264427217916,0.0017364879531148252,0.75,0.625,,,,,,,,,,results/T-sweep-nonDyck-2/distributions/baN_L128_T128_gaussian_categorical_sigma20.0.json
unconditional,aNbNcN,128,ebsampler,categorical,,0.1,128,4,1.0,0.0,1.0,0.0,1.0,0.0,1.0,0.0,24.05,42,False,28.59,40,False,0.65,0.35,0.3217010631644778,40,0.002066115702479339,0.0029411764705882353,,,3.082036895289527,0.6190476190476191,,,,,,,,results/T-sweep-nonDyck-2/distributions/aNbNcN_L128_T128_ebsampler_categorical_gamma0.1.json
unconditional,baN,128,gaussian,greedy,1.0,,128,4,0.85,0.05,1.0,0.0,0.85,0.05,0.875,0.043301,125.6,129,False,1263.46,34,False,1.0,0.0,0.03416750222816399,34,0.0009263547938860583,0.0018674136321195146,0.75,0.625,,,,,,,,,,results/T-sweep-nonDyck-2/distributions/baN_L128_T128_gaussian_greedy_sigma1.0.json
unconditional,baN,128,gaussian,categorical,10.0,,128,4,0.875,0.043301,1.0,0.0,0.875,0.043301,0.95,0.05,121.15,129,False,1100.33,34,False,1.0,0.0,0.16090432980451463,34,0.0009315323707498836,0.0018779342723004694,0.75,0.625,,,,,,,,,,results/T-sweep-nonDyck-2/distributions/baN_L128_T128_gaussian_categorical_sigma10.0.json
unconditional,baN,128,gaussian,categorical,2.0,,128,4,0.775,0.043301,1.0,0.0,0.775,0.043301,0.775,0.082916,124.125,128,False,1146.59,30,False,1.0,0.0,0.15842524814737738,30,0.0010579211848717272,0.0021327645961077045,0.75,0.625,,,,,,,,,,results/T-sweep-nonDyck-2/distributions/baN_L128_T128_gaussian_categorical_sigma2.0.json
unconditional,baN,128,gaussian,categorical,5.0,,128,4,0.85,0.086603,1.0,0.0,0.85,0.086603,0.825,0.082916,122.275,128,False,1157.57,33,False,1.0,0.0,0.15905429594272077,33,0.0009622323791195574,0.0019398642095053346,0.75,0.625,,,,,,,,,,results/T-sweep-nonDyck-2/distributions/baN_L128_T128_gaussian_categorical_sigma5.0.json
unconditional,baN,128,gaussian,categorical,1.0,,128,4,0.8,0.122474,1.0,0.0,0.8,0.122474,0.8,0.070711,125.375,127,False,1167.92,30,False,1.0,0.0,0.16041625228287795,30,0.0010570824524312897,0.002131060202450719,0.75,0.625,,,,,,,,,,results/T-sweep-nonDyck-2/distributions/baN_L128_T128_gaussian_categorical_sigma1.0.json
unconditional,baN,128,ar,categorical,,,130,4,1.0,0.0,1.0,0.0,1.0,0.0,1.0,0.0,129.0,129,False,1071.88,40,False,1.0,0.0,0.15766610224157393,40,0.000792393026941363,0.001597444089456869,0.75,0.625,,,,,,,,,,results/T-sweep-nonDyck-2/distributions/baN_L128_T130_ar_categorical_none.json
