
############################################################
# T-sweep started: 2026-06-22 21:31:14
############################################################
Config: configs/config_oracle.yaml
Output: results/T-sweep-nonDyck-4
Workers: 28  (device: cpu)

Fixed config:
  seed=42  n_samples=100  device_for_cells=cpu
  temperature=1.0  eval_dataset=unconditional

Sweep axes:
  GRAMMARS        = ['baN', 'bbaN', 'aNbN', 'aNbNcN']
  LENGTHS         = [128]
  T_VALUES        = [1, 2, 4, 8, 16, 32, 64, 128, 256, 512, 1024]    (AR fixed at L+2)
  STRATEGIES      = ['uniform', 'gaussian', 'ar', 'ebsampler']
  SAMPLERS        = ['greedy', 'categorical']
  EB_GAMMAS       = [0.1, 0.5, 0.9, 2.0, 5.0, 10.0]
  GAUSSIAN_SIGMAS = [1.0, 2.0, 5.0, 10.0, 20.0, 50.0, 100.0, 256.0]

Grid: 848 cells after filtering.
  by strategy: ar=8, ebsampler=48, gaussian=704, uniform=88
Cells to run: 848

[1/848  eta=302.5min]
>> baN     L=128  T=1    strat=gaussian   samp=greedy       σ=5.0
  built (baN, L=128, T=1)  vocab=6  |X|=100
   → both_rules=0.0160 ± 0.0136 (5 reps)  steps=1.0/2  n_corr=8  elapsed=17.7s
[2/848  eta=158.6min]
>> baN     L=128  T=2    strat=uniform    samp=greedy       —
  built (baN, L=128, T=2)  vocab=6  |X|=100
   → both_rules=0.0000 ± 0.0000 (5 reps)  steps=2.0/2  n_corr=0  elapsed=19.9s
[3/848  eta=150.3min]
>> baN     L=128  T=4    strat=uniform    samp=categorical  —
  built (baN, L=128, T=4)  vocab=6  |X|=100
   → both_rules=0.3420 ± 0.0475 (5 reps)  steps=3.5/4  n_corr=171  elapsed=28.4s
[4/848  eta=113.0min]
>> baN     L=128  T=1    strat=uniform    samp=categorical  —
  built (baN, L=128, T=1)  vocab=6  |X|=100
   → both_rules=0.2160 ± 0.0294 (5 reps)  steps=1.0/1  n_corr=108  elapsed=28.5s
[5/848  eta=91.5min]
>> baN     L=128  T=1    strat=gaussian   samp=greedy       σ=10.0
  built (baN, L=128, T=1)  vocab=6  |X|=100
   → both_rules=0.0600 ± 0.0297 (5 reps)  steps=1.1/2  n_corr=30  elapsed=28.8s
[6/848  eta=76.8min]
>> baN     L=128  T=1    strat=uniform    samp=greedy       —
  built (baN, L=128, T=1)  vocab=6  |X|=100
   → both_rules=0.0000 ± 0.0000 (5 reps)  steps=1.0/1  n_corr=0  elapsed=30.3s
[7/848  eta=66.4min]
>> baN     L=128  T=1    strat=gaussian   samp=greedy       σ=50.0
  built (baN, L=128, T=1)  vocab=6  |X|=100
   → both_rules=0.3240 ± 0.0408 (5 reps)  steps=1.4/2  n_corr=162  elapsed=29.5s
[8/848  eta=59.4min]
>> baN     L=128  T=1    strat=gaussian   samp=greedy       σ=2.0
  built (baN, L=128, T=1)  vocab=6  |X|=100
   → both_rules=0.0000 ± 0.0000 (5 reps)  steps=1.0/1  n_corr=0  elapsed=30.2s
[9/848  eta=53.0min]
>> baN     L=128  T=1    strat=gaussian   samp=greedy       σ=20.0
  built (baN, L=128, T=1)  vocab=6  |X|=100
   → both_rules=0.1540 ± 0.0120 (5 reps)  steps=1.2/2  n_corr=77  elapsed=30.3s
[10/848  eta=48.9min]
>> baN     L=128  T=16   strat=uniform    samp=greedy       —
  built (baN, L=128, T=16)  vocab=6  |X|=100
   → both_rules=0.0020 ± 0.0040 (5 reps)  steps=16.0/16  n_corr=1  elapsed=32.2s
[11/848  eta=44.8min]
>> baN     L=128  T=2    strat=uniform    samp=categorical  —
  built (baN, L=128, T=2)  vocab=6  |X|=100
   → both_rules=0.2740 ± 0.0398 (5 reps)  steps=1.7/2  n_corr=137  elapsed=31.7s
[12/848  eta=41.1min]
>> baN     L=128  T=4    strat=uniform    samp=greedy       —
  built (baN, L=128, T=4)  vocab=6  |X|=100
   → both_rules=0.0000 ± 0.0000 (5 reps)  steps=4.0/4  n_corr=0  elapsed=32.6s
[13/848  eta=42.4min]
>> baN     L=128  T=1    strat=gaussian   samp=greedy       σ=100.0
   → both_rules=0.3860 ± 0.0706 (5 reps)  steps=1.6/2  n_corr=193  elapsed=18.0s
[14/848  eta=42.5min]
>> baN     L=128  T=1    strat=gaussian   samp=greedy       σ=256.0
  built (baN, L=128, T=1)  vocab=6  |X|=100
   → both_rules=0.3280 ± 0.0426 (5 reps)  steps=1.8/2  n_corr=164  elapsed=20.1s
[15/848  eta=40.6min]
>> baN     L=128  T=8    strat=uniform    samp=categorical  —
  built (baN, L=128, T=8)  vocab=6  |X|=100
   → both_rules=0.4160 ± 0.0224 (5 reps)  steps=7.4/8  n_corr=208  elapsed=40.2s
[16/848  eta=39.7min]
>> baN     L=128  T=1    strat=gaussian   samp=greedy       σ=1.0
  built (baN, L=128, T=1)  vocab=6  |X|=100
   → both_rules=0.0000 ± 0.0000 (5 reps)  steps=1.0/1  n_corr=0  elapsed=42.2s
[17/848  eta=46.9min]
>> baN     L=128  T=8    strat=uniform    samp=greedy       —
  built (baN, L=128, T=8)  vocab=6  |X|=100
   → both_rules=0.0000 ± 0.0000 (5 reps)  steps=8.0/8  n_corr=0  elapsed=54.8s
[18/848  eta=44.8min]
>> baN     L=128  T=2    strat=gaussian   samp=greedy       σ=256.0
  built (baN, L=128, T=2)  vocab=6  |X|=100
   → both_rules=0.3460 ± 0.0568 (5 reps)  steps=2.8/3  n_corr=173  elapsed=22.9s
[19/848  eta=43.0min]
>> baN     L=128  T=16   strat=uniform    samp=categorical  —
  built (baN, L=128, T=16)  vocab=6  |X|=100
   → both_rules=0.4640 ± 0.0413 (5 reps)  steps=15.5/16  n_corr=232  elapsed=55.5s
[20/848  eta=43.0min]
>> baN     L=128  T=2    strat=gaussian   samp=greedy       σ=1.0
  built (baN, L=128, T=2)  vocab=6  |X|=100
   → both_rules=0.0000 ± 0.0000 (5 reps)  steps=2.0/2  n_corr=0  elapsed=30.1s
[21/848  eta=43.0min]
>> baN     L=128  T=2    strat=gaussian   samp=greedy       σ=100.0
  built (baN, L=128, T=2)  vocab=6  |X|=100
   → both_rules=0.3860 ± 0.0361 (5 reps)  steps=2.6/3  n_corr=193  elapsed=31.0s
[22/848  eta=45.4min]
>> baN     L=128  T=2    strat=gaussian   samp=greedy       σ=2.0
  built (baN, L=128, T=2)  vocab=6  |X|=100
   → both_rules=0.0000 ± 0.0000 (5 reps)  steps=2.0/2  n_corr=0  elapsed=40.2s
[23/848  eta=43.6min]
>> baN     L=128  T=2    strat=gaussian   samp=greedy       σ=50.0
  built (baN, L=128, T=2)  vocab=6  |X|=100
   → both_rules=0.2820 ± 0.0397 (5 reps)  steps=2.3/3  n_corr=141  elapsed=38.7s
[24/848  eta=42.0min]
>> baN     L=128  T=2    strat=gaussian   samp=greedy       σ=20.0
  built (baN, L=128, T=2)  vocab=6  |X|=100
   → both_rules=0.1280 ± 0.0376 (5 reps)  steps=2.1/3  n_corr=64  elapsed=40.2s
[25/848  eta=42.5min]
>> baN     L=128  T=2    strat=gaussian   samp=greedy       σ=10.0
  built (baN, L=128, T=2)  vocab=6  |X|=100
   → both_rules=0.0660 ± 0.0233 (5 reps)  steps=2.1/3  n_corr=33  elapsed=44.5s
[26/848  eta=42.8min]
>> baN     L=128  T=2    strat=gaussian   samp=greedy       σ=5.0
  built (baN, L=128, T=2)  vocab=6  |X|=100
   → both_rules=0.0240 ± 0.0120 (5 reps)  steps=2.0/3  n_corr=12  elapsed=48.5s
[27/848  eta=45.3min]
>> baN     L=128  T=32   strat=uniform    samp=greedy       —
  built (baN, L=128, T=32)  vocab=6  |X|=100
   → both_rules=0.0680 ± 0.0214 (5 reps)  steps=32.0/32  n_corr=34  elapsed=86.7s
[28/848  eta=56.3min]
>> baN     L=128  T=32   strat=uniform    samp=categorical  —
  built (baN, L=128, T=32)  vocab=6  |X|=100
   → both_rules=0.5540 ± 0.0377 (5 reps)  steps=31.3/32  n_corr=277  elapsed=111.3s
[29/848  eta=54.8min]
>> baN     L=128  T=4    strat=gaussian   samp=greedy       σ=2.0
   → both_rules=0.0000 ± 0.0000 (5 reps)  steps=4.0/4  n_corr=0  elapsed=81.0s
[30/848  eta=55.6min]
>> baN     L=128  T=4    strat=gaussian   samp=greedy       σ=50.0
  built (baN, L=128, T=4)  vocab=6  |X|=100
   → both_rules=0.2880 ± 0.0343 (5 reps)  steps=4.3/5  n_corr=144  elapsed=76.1s
[31/848  eta=54.0min]
>> baN     L=128  T=4    strat=gaussian   samp=greedy       σ=256.0
  built (baN, L=128, T=4)  vocab=6  |X|=100
   → both_rules=0.3120 ± 0.0376 (5 reps)  steps=4.8/5  n_corr=156  elapsed=64.2s
[32/848  eta=53.8min]
>> baN     L=128  T=4    strat=gaussian   samp=greedy       σ=100.0
  built (baN, L=128, T=4)  vocab=6  |X|=100
   → both_rules=0.3740 ± 0.0476 (5 reps)  steps=4.6/5  n_corr=187  elapsed=68.3s
[33/848  eta=53.7min]
>> baN     L=128  T=4    strat=gaussian   samp=greedy       σ=5.0
  built (baN, L=128, T=4)  vocab=6  |X|=100
   → both_rules=0.0420 ± 0.0172 (5 reps)  steps=4.0/5  n_corr=21  elapsed=90.8s
[34/848  eta=56.9min]
>> baN     L=128  T=4    strat=gaussian   samp=greedy       σ=10.0
  built (baN, L=128, T=4)  vocab=6  |X|=100
   → both_rules=0.0440 ± 0.0287 (5 reps)  steps=4.0/5  n_corr=22  elapsed=99.7s
[35/848  eta=56.6min]
>> baN     L=128  T=4    strat=gaussian   samp=greedy       σ=20.0
  built (baN, L=128, T=4)  vocab=6  |X|=100
   → both_rules=0.1020 ± 0.0214 (5 reps)  steps=4.1/5  n_corr=51  elapsed=102.0s
[36/848  eta=61.0min]
>> baN     L=128  T=4    strat=gaussian   samp=greedy       σ=1.0
  built (baN, L=128, T=4)  vocab=6  |X|=100
   → both_rules=0.0000 ± 0.0000 (5 reps)  steps=4.0/4  n_corr=0  elapsed=126.6s
[37/848  eta=69.4min]
>> baN     L=128  T=64   strat=uniform    samp=greedy       —
  built (baN, L=128, T=64)  vocab=6  |X|=100
   → both_rules=0.2980 ± 0.0325 (5 reps)  steps=63.9/64  n_corr=149  elapsed=186.1s
[38/848  eta=67.9min]
>> baN     L=128  T=8    strat=gaussian   samp=greedy       σ=256.0
  built (baN, L=128, T=8)  vocab=6  |X|=100
   → both_rules=0.2940 ± 0.0307 (5 reps)  steps=8.8/9  n_corr=147  elapsed=109.3s
[39/848  eta=67.6min]
>> baN     L=128  T=8    strat=gaussian   samp=greedy       σ=100.0
  built (baN, L=128, T=8)  vocab=6  |X|=100
   → both_rules=0.4360 ± 0.0242 (5 reps)  steps=8.6/9  n_corr=218  elapsed=117.3s
[40/848  eta=78.9min]
>> baN     L=128  T=64   strat=uniform    samp=categorical  —
  built (baN, L=128, T=64)  vocab=6  |X|=100
   → both_rules=0.6720 ± 0.0264 (5 reps)  steps=63.4/64  n_corr=336  elapsed=230.5s
[41/848  eta=78.0min]
>> baN     L=128  T=8    strat=gaussian   samp=greedy       σ=50.0
  built (baN, L=128, T=8)  vocab=6  |X|=100
   → both_rules=0.4580 ± 0.0354 (5 reps)  steps=8.3/9  n_corr=229  elapsed=163.7s
[42/848  eta=91.0min]
>> baN     L=128  T=16   strat=gaussian   samp=greedy       σ=256.0
  built (baN, L=128, T=16)  vocab=6  |X|=100
   → both_rules=0.3640 ± 0.0242 (5 reps)  steps=16.8/17  n_corr=182  elapsed=141.4s
[43/848  eta=94.8min]
>> baN     L=128  T=8    strat=gaussian   samp=greedy       σ=20.0
  built (baN, L=128, T=8)  vocab=6  |X|=100
   → both_rules=0.3040 ± 0.0432 (5 reps)  steps=8.1/9  n_corr=152  elapsed=230.4s
[44/848  eta=97.7min]
>> baN     L=128  T=8    strat=gaussian   samp=greedy       σ=10.0
  built (baN, L=128, T=8)  vocab=6  |X|=100
   → both_rules=0.0960 ± 0.0314 (5 reps)  steps=8.0/9  n_corr=48  elapsed=248.2s
[45/848  eta=97.4min]
>> baN     L=128  T=8    strat=gaussian   samp=greedy       σ=5.0
  built (baN, L=128, T=8)  vocab=6  |X|=100
   → both_rules=0.1240 ± 0.0233 (5 reps)  steps=8.0/9  n_corr=62  elapsed=261.7s
[46/848  eta=102.1min]
>> baN     L=128  T=16   strat=gaussian   samp=greedy       σ=100.0
  built (baN, L=128, T=16)  vocab=6  |X|=100
   → both_rules=0.5580 ± 0.0492 (5 reps)  steps=16.4/17  n_corr=279  elapsed=219.9s
[47/848  eta=102.2min]
>> baN     L=128  T=8    strat=gaussian   samp=greedy       σ=1.0
  built (baN, L=128, T=8)  vocab=6  |X|=100
   → both_rules=0.4940 ± 0.0372 (5 reps)  steps=8.0/8  n_corr=247  elapsed=300.0s
[48/848  eta=102.2min]
>> baN     L=128  T=8    strat=gaussian   samp=greedy       σ=2.0
  built (baN, L=128, T=8)  vocab=6  |X|=100
   → both_rules=0.3740 ± 0.0258 (5 reps)  steps=8.0/9  n_corr=187  elapsed=305.3s
[49/848  eta=120.6min]
>> baN     L=128  T=128  strat=uniform    samp=greedy       —
  built (baN, L=128, T=128)  vocab=6  |X|=100
   → both_rules=0.5700 ± 0.0600 (5 reps)  steps=127.5/128  n_corr=285  elapsed=439.8s
[50/848  eta=120.6min]
>> baN     L=128  T=16   strat=gaussian   samp=greedy       σ=50.0
  built (baN, L=128, T=16)  vocab=6  |X|=100
   → both_rules=0.6580 ± 0.0519 (5 reps)  steps=15.9/17  n_corr=329  elapsed=326.0s
[51/848  eta=129.2min]
>> baN     L=128  T=16   strat=gaussian   samp=greedy       σ=20.0
   → both_rules=0.5920 ± 0.0608 (5 reps)  steps=15.6/17  n_corr=296  elapsed=372.5s
[52/848  eta=131.2min]
>> baN     L=128  T=16   strat=gaussian   samp=greedy       σ=1.0
  built (baN, L=128, T=16)  vocab=6  |X|=100
   → both_rules=0.5380 ± 0.0453 (5 reps)  steps=16.0/16  n_corr=269  elapsed=424.3s
[53/848  eta=136.9min]
>> baN     L=128  T=16   strat=gaussian   samp=greedy       σ=10.0
  built (baN, L=128, T=16)  vocab=6  |X|=100
   → both_rules=0.4020 ± 0.0371 (5 reps)  steps=15.6/17  n_corr=201  elapsed=424.5s
[54/848  eta=140.2min]
>> baN     L=128  T=128  strat=uniform    samp=categorical  —
  built (baN, L=128, T=128)  vocab=6  |X|=100
   → both_rules=0.7940 ± 0.0561 (5 reps)  steps=127.0/128  n_corr=397  elapsed=567.9s
[55/848  eta=142.0min]
>> baN     L=128  T=32   strat=gaussian   samp=greedy       σ=256.0
  built (baN, L=128, T=32)  vocab=6  |X|=100
   → both_rules=0.4080 ± 0.0542 (5 reps)  steps=32.6/33  n_corr=204  elapsed=305.8s
[56/848  eta=155.1min]
>> baN     L=128  T=32   strat=gaussian   samp=greedy       σ=100.0
  built (baN, L=128, T=32)  vocab=6  |X|=100
   → both_rules=0.6800 ± 0.0424 (5 reps)  steps=32.0/33  n_corr=340  elapsed=419.3s
[57/848  eta=154.8min]
>> baN     L=128  T=16   strat=gaussian   samp=greedy       σ=5.0
  built (baN, L=128, T=16)  vocab=6  |X|=100
   → both_rules=0.4840 ± 0.0671 (5 reps)  steps=15.7/17  n_corr=242  elapsed=552.3s
[58/848  eta=159.4min]
>> baN     L=128  T=16   strat=gaussian   samp=greedy       σ=2.0
  built (baN, L=128, T=16)  vocab=6  |X|=100
   → both_rules=0.5120 ± 0.0605 (5 reps)  steps=16.0/16  n_corr=256  elapsed=586.0s
[59/848  eta=180.0min]
>> baN     L=128  T=32   strat=gaussian   samp=greedy       σ=50.0
  built (baN, L=128, T=32)  vocab=6  |X|=100
   → both_rules=0.7280 ± 0.0117 (5 reps)  steps=31.2/33  n_corr=364  elapsed=572.4s
[60/848  eta=197.5min]
>> baN     L=128  T=256  strat=uniform    samp=categorical  —
  built (baN, L=128, T=256)  vocab=6  |X|=100
   → both_rules=0.8840 ± 0.0224 (5 reps)  steps=253.3/255  n_corr=442  elapsed=898.1s
[61/848  eta=197.3min]
>> baN     L=128  T=256  strat=uniform    samp=greedy       —
  built (baN, L=128, T=256)  vocab=6  |X|=100
   → both_rules=0.7880 ± 0.0271 (5 reps)  steps=253.4/255  n_corr=394  elapsed=913.7s
[62/848  eta=218.6min]
>> baN     L=128  T=64   strat=gaussian   samp=greedy       σ=256.0
  built (baN, L=128, T=64)  vocab=6  |X|=100
   → both_rules=0.4800 ± 0.0434 (5 reps)  steps=64.4/65  n_corr=240  elapsed=580.9s
[63/848  eta=222.1min]
>> baN     L=128  T=32   strat=gaussian   samp=greedy       σ=20.0
  built (baN, L=128, T=32)  vocab=6  |X|=100
   → both_rules=0.7140 ± 0.0427 (5 reps)  steps=30.7/33  n_corr=357  elapsed=873.1s
[64/848  eta=229.1min]
>> baN     L=128  T=32   strat=gaussian   samp=greedy       σ=1.0
  built (baN, L=128, T=32)  vocab=6  |X|=100
   → both_rules=0.7300 ± 0.0329 (5 reps)  steps=31.8/32  n_corr=365  elapsed=975.2s
[65/848  eta=238.6min]
>> baN     L=128  T=64   strat=gaussian   samp=greedy       σ=100.0
  built (baN, L=128, T=64)  vocab=6  |X|=100
   → both_rules=0.7120 ± 0.0147 (5 reps)  steps=63.3/65  n_corr=356  elapsed=744.0s
[66/848  eta=235.1min]
>> baN     L=128  T=32   strat=gaussian   samp=greedy       σ=2.0
  built (baN, L=128, T=32)  vocab=6  |X|=100
   → both_rules=0.6760 ± 0.0568 (5 reps)  steps=31.5/32  n_corr=338  elapsed=1027.4s
[67/848  eta=237.6min]
>> baN     L=128  T=32   strat=gaussian   samp=greedy       σ=5.0
  built (baN, L=128, T=32)  vocab=6  |X|=100
   → both_rules=0.6120 ± 0.0223 (5 reps)  steps=30.9/33  n_corr=306  elapsed=1032.3s
[68/848  eta=235.9min]
>> baN     L=128  T=32   strat=gaussian   samp=greedy       σ=10.0
  built (baN, L=128, T=32)  vocab=6  |X|=100
   → both_rules=0.6300 ± 0.0374 (5 reps)  steps=30.6/33  n_corr=315  elapsed=1042.0s
[69/848  eta=272.3min]
>> baN     L=128  T=64   strat=gaussian   samp=greedy       σ=50.0
  built (baN, L=128, T=64)  vocab=6  |X|=100
   → both_rules=0.8420 ± 0.0147 (5 reps)  steps=61.8/65  n_corr=421  elapsed=1078.1s
[70/848  eta=309.5min]
>> baN     L=128  T=512  strat=uniform    samp=greedy       —
  built (baN, L=128, T=512)  vocab=6  |X|=100
   → both_rules=0.8800 ± 0.0210 (5 reps)  steps=505.7/509  n_corr=440  elapsed=1667.0s
[71/848  eta=306.6min]
>> baN     L=128  T=64   strat=gaussian   samp=greedy       σ=10.0
  built (baN, L=128, T=64)  vocab=6  |X|=100
   → both_rules=0.8040 ± 0.0372 (5 reps)  steps=61.0/65  n_corr=402  elapsed=1329.3s
[72/848  eta=359.2min]
>> baN     L=128  T=64   strat=gaussian   samp=greedy       σ=20.0
  built (baN, L=128, T=64)  vocab=6  |X|=100
   → both_rules=0.8280 ± 0.0160 (5 reps)  steps=60.8/65  n_corr=414  elapsed=1639.1s
[73/848  eta=379.3min]
>> baN     L=128  T=512  strat=uniform    samp=categorical  —
  built (baN, L=128, T=512)  vocab=6  |X|=100
   → both_rules=0.9300 ± 0.0341 (5 reps)  steps=505.3/509  n_corr=465  elapsed=2139.4s
[74/848  eta=375.7min]
>> baN     L=128  T=128  strat=gaussian   samp=greedy       σ=256.0
  built (baN, L=128, T=128)  vocab=6  |X|=100
   → both_rules=0.4520 ± 0.0584 (5 reps)  steps=128.1/129  n_corr=226  elapsed=1452.0s
[75/848  eta=375.0min]
>> baN     L=128  T=64   strat=gaussian   samp=greedy       σ=5.0
  built (baN, L=128, T=64)  vocab=6  |X|=100
   → both_rules=0.7780 ± 0.0376 (5 reps)  steps=61.5/65  n_corr=389  elapsed=1854.7s
[76/848  eta=378.6min]
>> baN     L=128  T=128  strat=gaussian   samp=greedy       σ=100.0
  built (baN, L=128, T=128)  vocab=6  |X|=100
   → both_rules=0.7740 ± 0.0294 (5 reps)  steps=125.9/129  n_corr=387  elapsed=1566.3s
[77/848  eta=409.6min]
>> baN     L=128  T=64   strat=gaussian   samp=greedy       σ=2.0
  built (baN, L=128, T=64)  vocab=6  |X|=100
   → both_rules=0.7320 ± 0.0160 (5 reps)  steps=62.4/65  n_corr=366  elapsed=2132.7s
[78/848  eta=405.7min]
>> baN     L=128  T=64   strat=gaussian   samp=greedy       σ=1.0
  built (baN, L=128, T=64)  vocab=6  |X|=100
   → both_rules=0.7380 ± 0.0387 (5 reps)  steps=63.0/64  n_corr=369  elapsed=2161.3s
[79/848  eta=441.4min]
>> baN     L=128  T=128  strat=gaussian   samp=greedy       σ=50.0
  built (baN, L=128, T=128)  vocab=6  |X|=100
   → both_rules=0.8680 ± 0.0319 (5 reps)  steps=123.9/129  n_corr=434  elapsed=2062.1s
[80/848  eta=563.8min]
>> baN     L=128  T=256  strat=gaussian   samp=greedy       σ=256.0
  built (baN, L=128, T=256)  vocab=6  |X|=100
   → both_rules=0.4960 ± 0.0320 (5 reps)  steps=253.8/256  n_corr=248  elapsed=2333.0s
[81/848  eta=608.3min]
>> baN     L=128  T=128  strat=gaussian   samp=greedy       σ=20.0
  built (baN, L=128, T=128)  vocab=6  |X|=100
   → both_rules=0.9120 ± 0.0172 (5 reps)  steps=121.0/129  n_corr=456  elapsed=3262.8s
[82/848  eta=625.3min]
>> baN     L=128  T=1024 strat=uniform    samp=greedy       —
  built (baN, L=128, T=1024)  vocab=6  |X|=100
   → both_rules=0.9320 ± 0.0160 (5 reps)  steps=1009.3/1017  n_corr=466  elapsed=4012.0s
[83/848  eta=626.1min]
>> baN     L=128  T=256  strat=gaussian   samp=greedy       σ=100.0
  built (baN, L=128, T=256)  vocab=6  |X|=100
   → both_rules=0.7260 ± 0.0258 (5 reps)  steps=250.0/256  n_corr=363  elapsed=2886.7s
[84/848  eta=627.1min]
>> baN     L=128  T=1    strat=gaussian   samp=categorical  σ=1.0
  built (baN, L=128, T=1)  vocab=6  |X|=100
   → both_rules=0.2160 ± 0.0294 (5 reps)  steps=1.0/1  n_corr=108  elapsed=60.7s
[85/848  eta=627.3min]
>> baN     L=128  T=1024 strat=uniform    samp=categorical  —
  built (baN, L=128, T=1024)  vocab=6  |X|=100
   → both_rules=0.9720 ± 0.0147 (5 reps)  steps=1008.1/1017  n_corr=486  elapsed=4189.0s
[86/848  eta=619.7min]
>> baN     L=128  T=1    strat=gaussian   samp=categorical  σ=2.0
   → both_rules=0.2140 ± 0.0301 (5 reps)  steps=1.0/1  n_corr=107  elapsed=59.3s
[87/848  eta=620.2min]
>> baN     L=128  T=1    strat=gaussian   samp=categorical  σ=5.0
  built (baN, L=128, T=1)  vocab=6  |X|=100
   → both_rules=0.2160 ± 0.0484 (5 reps)  steps=1.0/2  n_corr=108  elapsed=60.8s
[88/848  eta=612.8min]
>> baN     L=128  T=1    strat=gaussian   samp=categorical  σ=10.0
   → both_rules=0.2240 ± 0.0338 (5 reps)  steps=1.0/2  n_corr=112  elapsed=60.5s
[89/848  eta=613.4min]
>> baN     L=128  T=1    strat=gaussian   samp=categorical  σ=20.0
   → both_rules=0.2100 ± 0.0245 (5 reps)  steps=1.0/2  n_corr=105  elapsed=60.8s
[90/848  eta=606.1min]
>> baN     L=128  T=1    strat=gaussian   samp=categorical  σ=50.0
   → both_rules=0.2300 ± 0.0210 (5 reps)  steps=1.1/2  n_corr=115  elapsed=60.8s
[91/848  eta=606.8min]
>> baN     L=128  T=1    strat=gaussian   samp=categorical  σ=100.0
   → both_rules=0.2080 ± 0.0306 (5 reps)  steps=1.2/2  n_corr=104  elapsed=60.9s
[92/848  eta=599.8min]
>> baN     L=128  T=1    strat=gaussian   samp=categorical  σ=256.0
   → both_rules=0.1760 ± 0.0418 (5 reps)  steps=1.2/2  n_corr=88  elapsed=61.0s
[93/848  eta=600.7min]
>> baN     L=128  T=128  strat=gaussian   samp=greedy       σ=10.0
   → both_rules=0.9120 ± 0.0147 (5 reps)  steps=121.6/129  n_corr=456  elapsed=3867.2s
[94/848  eta=596.5min]
>> baN     L=128  T=2    strat=gaussian   samp=categorical  σ=1.0
  built (baN, L=128, T=2)  vocab=6  |X|=100
   → both_rules=0.2380 ± 0.0483 (5 reps)  steps=2.0/2  n_corr=119  elapsed=85.3s
[95/848  eta=591.6min]
>> baN     L=128  T=2    strat=gaussian   samp=categorical  σ=2.0
  built (baN, L=128, T=2)  vocab=6  |X|=100
   → both_rules=0.2220 ± 0.0431 (5 reps)  steps=2.0/2  n_corr=111  elapsed=98.5s
[96/848  eta=589.8min]
>> baN     L=128  T=2    strat=gaussian   samp=categorical  σ=10.0
   → both_rules=0.2400 ± 0.0322 (5 reps)  steps=2.0/3  n_corr=120  elapsed=55.6s
[97/848  eta=585.2min]
>> baN     L=128  T=2    strat=gaussian   samp=categorical  σ=5.0
  built (baN, L=128, T=2)  vocab=6  |X|=100
   → both_rules=0.2220 ± 0.0223 (5 reps)  steps=2.0/3  n_corr=111  elapsed=95.0s
[98/848  eta=581.4min]
>> baN     L=128  T=2    strat=gaussian   samp=categorical  σ=50.0
   → both_rules=0.2900 ± 0.0141 (5 reps)  steps=2.1/3  n_corr=145  elapsed=40.1s
[99/848  eta=575.2min]
>> baN     L=128  T=2    strat=gaussian   samp=categorical  σ=20.0
   → both_rules=0.2240 ± 0.0185 (5 reps)  steps=2.0/3  n_corr=112  elapsed=83.4s
[100/848  eta=570.7min]
>> baN     L=128  T=128  strat=gaussian   samp=greedy       σ=5.0
  built (baN, L=128, T=128)  vocab=6  |X|=100
   → both_rules=0.8880 ± 0.0172 (5 reps)  steps=122.7/129  n_corr=444  elapsed=4029.7s
[101/848  eta=566.9min]
>> baN     L=128  T=2    strat=gaussian   samp=categorical  σ=100.0
   → both_rules=0.3460 ± 0.0120 (5 reps)  steps=2.2/3  n_corr=173  elapsed=63.8s
[102/848  eta=563.2min]
>> baN     L=128  T=2    strat=gaussian   samp=categorical  σ=256.0
   → both_rules=0.3700 ± 0.0303 (5 reps)  steps=2.2/3  n_corr=185  elapsed=61.8s
[103/848  eta=570.1min]
>> baN     L=128  T=4    strat=gaussian   samp=categorical  σ=10.0
  built (baN, L=128, T=4)  vocab=6  |X|=100
   → both_rules=0.2520 ± 0.0279 (5 reps)  steps=4.0/5  n_corr=126  elapsed=108.8s
[104/848  eta=564.5min]
>> baN     L=128  T=4    strat=gaussian   samp=categorical  σ=1.0
  built (baN, L=128, T=4)  vocab=6  |X|=100
   → both_rules=0.2600 ± 0.0261 (5 reps)  steps=4.0/5  n_corr=130  elapsed=171.8s
[105/848  eta=560.1min]
>> baN     L=128  T=4    strat=gaussian   samp=categorical  σ=2.0
   → both_rules=0.2480 ± 0.0248 (5 reps)  steps=4.0/5  n_corr=124  elapsed=170.8s
[106/848  eta=555.4min]
>> baN     L=128  T=4    strat=gaussian   samp=categorical  σ=5.0
  built (baN, L=128, T=4)  vocab=6  |X|=100
   → both_rules=0.2600 ± 0.0219 (5 reps)  steps=4.0/5  n_corr=130  elapsed=161.1s
[107/848  eta=551.1min]
>> baN     L=128  T=128  strat=gaussian   samp=greedy       σ=1.0
  built (baN, L=128, T=128)  vocab=6  |X|=100
   → both_rules=0.8120 ± 0.0397 (5 reps)  steps=125.6/129  n_corr=406  elapsed=4278.1s
[108/848  eta=550.3min]
>> baN     L=128  T=128  strat=gaussian   samp=greedy       σ=2.0
  built (baN, L=128, T=128)  vocab=6  |X|=100
   → both_rules=0.8320 ± 0.0504 (5 reps)  steps=124.6/129  n_corr=416  elapsed=4303.8s
[109/848  eta=546.1min]
>> baN     L=128  T=4    strat=gaussian   samp=categorical  σ=256.0
   → both_rules=0.3960 ± 0.0350 (5 reps)  steps=4.0/5  n_corr=198  elapsed=71.6s
[110/848  eta=540.8min]
>> baN     L=128  T=4    strat=gaussian   samp=categorical  σ=100.0
   → both_rules=0.4700 ± 0.0276 (5 reps)  steps=4.0/5  n_corr=235  elapsed=87.1s
[111/848  eta=535.7min]
>> baN     L=128  T=4    strat=gaussian   samp=categorical  σ=50.0
   → both_rules=0.4100 ± 0.0506 (5 reps)  steps=3.9/5  n_corr=205  elapsed=105.9s
[112/848  eta=530.8min]
>> baN     L=128  T=4    strat=gaussian   samp=categorical  σ=20.0
   → both_rules=0.3060 ± 0.0585 (5 reps)  steps=3.9/5  n_corr=153  elapsed=116.5s
[113/848  eta=544.5min]
>> baN     L=128  T=8    strat=gaussian   samp=categorical  σ=50.0
  built (baN, L=128, T=8)  vocab=6  |X|=100
   → both_rules=0.5540 ± 0.0668 (5 reps)  steps=7.8/9  n_corr=277  elapsed=175.7s
[114/848  eta=545.5min]
>> baN     L=128  T=8    strat=gaussian   samp=categorical  σ=20.0
  built (baN, L=128, T=8)  vocab=6  |X|=100
   → both_rules=0.5040 ± 0.0388 (5 reps)  steps=7.7/9  n_corr=252  elapsed=242.3s
[115/848  eta=541.0min]
>> baN     L=128  T=8    strat=gaussian   samp=categorical  σ=1.0
  built (baN, L=128, T=8)  vocab=6  |X|=100
   → both_rules=0.2120 ± 0.0402 (5 reps)  steps=8.0/9  n_corr=106  elapsed=317.7s
[116/848  eta=537.3min]
>> baN     L=128  T=8    strat=gaussian   samp=categorical  σ=2.0
  built (baN, L=128, T=8)  vocab=6  |X|=100
   → both_rules=0.2200 ± 0.0141 (5 reps)  steps=8.0/9  n_corr=110  elapsed=289.9s
[117/848  eta=532.7min]
>> baN     L=128  T=8    strat=gaussian   samp=categorical  σ=10.0
  built (baN, L=128, T=8)  vocab=6  |X|=100
   → both_rules=0.3320 ± 0.0421 (5 reps)  steps=7.7/9  n_corr=166  elapsed=278.1s
[118/848  eta=528.4min]
>> baN     L=128  T=8    strat=gaussian   samp=categorical  σ=5.0
  built (baN, L=128, T=8)  vocab=6  |X|=100
   → both_rules=0.2800 ± 0.0297 (5 reps)  steps=8.0/9  n_corr=140  elapsed=291.2s
[119/848  eta=526.9min]
>> baN     L=128  T=8    strat=gaussian   samp=categorical  σ=100.0
   → both_rules=0.5700 ± 0.0510 (5 reps)  steps=7.9/9  n_corr=285  elapsed=137.3s
[120/848  eta=525.2min]
>> baN     L=128  T=8    strat=gaussian   samp=categorical  σ=256.0
   → both_rules=0.5940 ± 0.0634 (5 reps)  steps=8.3/9  n_corr=297  elapsed=110.4s
[121/848  eta=531.9min]
>> baN     L=128  T=256  strat=gaussian   samp=greedy       σ=50.0
  built (baN, L=128, T=256)  vocab=6  |X|=100
   → both_rules=0.9040 ± 0.0450 (5 reps)  steps=245.7/256  n_corr=452  elapsed=4188.8s
[122/848  eta=545.6min]
>> baN     L=128  T=16   strat=gaussian   samp=categorical  σ=10.0
  built (baN, L=128, T=16)  vocab=6  |X|=100
   → both_rules=0.5360 ± 0.0301 (5 reps)  steps=15.2/17  n_corr=268  elapsed=375.4s
[123/848  eta=542.2min]
>> baN     L=128  T=16   strat=gaussian   samp=categorical  σ=50.0
  built (baN, L=128, T=16)  vocab=6  |X|=100
   → both_rules=0.6940 ± 0.0768 (5 reps)  steps=15.3/17  n_corr=347  elapsed=323.9s
[124/848  eta=539.8min]
>> baN     L=128  T=16   strat=gaussian   samp=categorical  σ=100.0
  built (baN, L=128, T=16)  vocab=6  |X|=100
   → both_rules=0.7340 ± 0.0301 (5 reps)  steps=15.8/17  n_corr=367  elapsed=234.2s
[125/848  eta=541.5min]
>> baN     L=128  T=16   strat=gaussian   samp=categorical  σ=20.0
  built (baN, L=128, T=16)  vocab=6  |X|=100
   → both_rules=0.6380 ± 0.0319 (5 reps)  steps=15.1/17  n_corr=319  elapsed=455.4s
[126/848  eta=536.6min]
>> baN     L=128  T=16   strat=gaussian   samp=categorical  σ=256.0
   → both_rules=0.6300 ± 0.0482 (5 reps)  steps=15.9/17  n_corr=315  elapsed=117.6s
[127/848  eta=539.1min]
>> baN     L=128  T=16   strat=gaussian   samp=categorical  σ=1.0
   → both_rules=0.2340 ± 0.0258 (5 reps)  steps=15.9/17  n_corr=117  elapsed=604.7s
[128/848  eta=534.2min]
>> baN     L=128  T=16   strat=gaussian   samp=categorical  σ=2.0
   → both_rules=0.3060 ± 0.0413 (5 reps)  steps=15.9/17  n_corr=153  elapsed=588.8s
[129/848  eta=529.6min]
>> baN     L=128  T=16   strat=gaussian   samp=categorical  σ=5.0
   → both_rules=0.4400 ± 0.0498 (5 reps)  steps=15.5/17  n_corr=220  elapsed=585.2s
[130/848  eta=566.8min]
>> baN     L=128  T=32   strat=gaussian   samp=categorical  σ=100.0
  built (baN, L=128, T=32)  vocab=6  |X|=100
   → both_rules=0.8180 ± 0.0397 (5 reps)  steps=31.3/33  n_corr=409  elapsed=455.4s
[131/848  eta=564.1min]
>> baN     L=128  T=32   strat=gaussian   samp=categorical  σ=50.0
   → both_rules=0.8080 ± 0.0271 (5 reps)  steps=30.5/33  n_corr=404  elapsed=485.8s
[132/848  eta=587.5min]
>> baN     L=128  T=32   strat=gaussian   samp=categorical  σ=256.0
   → both_rules=0.6800 ± 0.0460 (5 reps)  steps=32.0/33  n_corr=340  elapsed=340.2s
[133/848  eta=583.2min]
>> baN     L=128  T=32   strat=gaussian   samp=categorical  σ=5.0
  built (baN, L=128, T=32)  vocab=6  |X|=100
   → both_rules=0.6040 ± 0.0467 (5 reps)  steps=30.7/33  n_corr=302  elapsed=891.2s
[134/848  eta=584.1min]
>> baN     L=128  T=32   strat=gaussian   samp=categorical  σ=20.0
  built (baN, L=128, T=32)  vocab=6  |X|=100
   → both_rules=0.7580 ± 0.0627 (5 reps)  steps=30.1/33  n_corr=379  elapsed=878.6s
[135/848  eta=580.5min]
>> baN     L=128  T=32   strat=gaussian   samp=categorical  σ=10.0
  built (baN, L=128, T=32)  vocab=6  |X|=100
   → both_rules=0.6780 ± 0.0504 (5 reps)  steps=30.2/33  n_corr=339  elapsed=974.7s
[136/848  eta=584.3min]
>> baN     L=128  T=512  strat=gaussian   samp=greedy       σ=256.0
  built (baN, L=128, T=512)  vocab=6  |X|=100
   → both_rules=0.5240 ± 0.0450 (5 reps)  steps=506.3/510  n_corr=262  elapsed=4541.3s
[137/848  eta=579.9min]
>> baN     L=128  T=32   strat=gaussian   samp=categorical  σ=1.0
  built (baN, L=128, T=32)  vocab=6  |X|=100
   → both_rules=0.4360 ± 0.0280 (5 reps)  steps=31.5/32  n_corr=218  elapsed=1183.6s
[138/848  eta=575.3min]
>> baN     L=128  T=32   strat=gaussian   samp=categorical  σ=2.0
   → both_rules=0.4480 ± 0.0471 (5 reps)  steps=31.2/33  n_corr=224  elapsed=1161.6s
[139/848  eta=620.4min]
>> baN     L=128  T=64   strat=gaussian   samp=categorical  σ=256.0
  built (baN, L=128, T=64)  vocab=6  |X|=100
   → both_rules=0.7180 ± 0.0483 (5 reps)  steps=63.7/65  n_corr=359  elapsed=588.2s
[140/848  eta=620.0min]
>> baN     L=128  T=256  strat=gaussian   samp=greedy       σ=10.0
  built (baN, L=128, T=256)  vocab=6  |X|=100
   → both_rules=0.9360 ± 0.0102 (5 reps)  steps=241.4/256  n_corr=468  elapsed=6319.9s
[141/848  eta=630.7min]
>> baN     L=128  T=64   strat=gaussian   samp=categorical  σ=100.0
   → both_rules=0.8460 ± 0.0102 (5 reps)  steps=62.4/65  n_corr=423  elapsed=842.1s
[142/848  eta=640.4min]
>> baN     L=128  T=64   strat=gaussian   samp=categorical  σ=50.0
  built (baN, L=128, T=64)  vocab=6  |X|=100
   → both_rules=0.8940 ± 0.0258 (5 reps)  steps=61.1/65  n_corr=447  elapsed=1030.2s
[143/848  eta=636.1min]
>> baN     L=128  T=64   strat=gaussian   samp=categorical  σ=20.0
  built (baN, L=128, T=64)  vocab=6  |X|=100
   → both_rules=0.8700 ± 0.0352 (5 reps)  steps=60.3/65  n_corr=435  elapsed=1146.4s
[144/848  eta=633.4min]
>> baN     L=128  T=256  strat=gaussian   samp=greedy       σ=20.0
  built (baN, L=128, T=256)  vocab=6  |X|=100
   → both_rules=0.9380 ± 0.0194 (5 reps)  steps=240.8/256  n_corr=469  elapsed=6703.5s
[145/848  eta=650.6min]
>> baN     L=128  T=256  strat=gaussian   samp=greedy       σ=5.0
   → both_rules=0.9320 ± 0.0160 (5 reps)  steps=243.8/256  n_corr=466  elapsed=7132.8s
[146/848  eta=653.1min]
>> baN     L=128  T=512  strat=gaussian   samp=greedy       σ=100.0
   → both_rules=0.8180 ± 0.0160 (5 reps)  steps=500.4/510  n_corr=409  elapsed=6006.3s
[147/848  eta=671.3min]
>> baN     L=128  T=64   strat=gaussian   samp=categorical  σ=1.0
  built (baN, L=128, T=64)  vocab=6  |X|=100
   → both_rules=0.5520 ± 0.0194 (5 reps)  steps=62.7/64  n_corr=276  elapsed=2261.9s
[148/848  eta=666.6min]
>> baN     L=128  T=64   strat=gaussian   samp=categorical  σ=5.0
  built (baN, L=128, T=64)  vocab=6  |X|=100
   → both_rules=0.7540 ± 0.0242 (5 reps)  steps=61.1/65  n_corr=377  elapsed=1947.0s
[149/848  eta=670.8min]
>> baN     L=128  T=64   strat=gaussian   samp=categorical  σ=2.0
  built (baN, L=128, T=64)  vocab=6  |X|=100
   → both_rules=0.6180 ± 0.0417 (5 reps)  steps=62.1/65  n_corr=309  elapsed=2080.4s
[150/848  eta=674.8min]
>> baN     L=128  T=256  strat=gaussian   samp=greedy       σ=1.0
  built (baN, L=128, T=256)  vocab=6  |X|=100
   → both_rules=0.8720 ± 0.0475 (5 reps)  steps=249.8/255  n_corr=436  elapsed=7893.2s
[151/848  eta=687.1min]
>> baN     L=128  T=64   strat=gaussian   samp=categorical  σ=10.0
  built (baN, L=128, T=64)  vocab=6  |X|=100
   → both_rules=0.8540 ± 0.0258 (5 reps)  steps=60.7/65  n_corr=427  elapsed=2352.7s
[152/848  eta=713.6min]
>> baN     L=128  T=128  strat=gaussian   samp=categorical  σ=256.0
  built (baN, L=128, T=128)  vocab=6  |X|=100
   → both_rules=0.7060 ± 0.0450 (5 reps)  steps=126.6/129  n_corr=353  elapsed=1199.6s
[153/848  eta=722.2min]
>> baN     L=128  T=256  strat=gaussian   samp=greedy       σ=2.0
   → both_rules=0.9160 ± 0.0320 (5 reps)  steps=247.7/256  n_corr=458  elapsed=8636.1s
[154/848  eta=729.7min]
>> baN     L=128  T=128  strat=gaussian   samp=categorical  σ=100.0
  built (baN, L=128, T=128)  vocab=6  |X|=100
   → both_rules=0.8720 ± 0.0133 (5 reps)  steps=125.7/129  n_corr=436  elapsed=1662.8s
[155/848  eta=737.0min]
>> baN     L=128  T=128  strat=gaussian   samp=categorical  σ=50.0
  built (baN, L=128, T=128)  vocab=6  |X|=100
   → both_rules=0.9360 ± 0.0242 (5 reps)  steps=122.9/129  n_corr=468  elapsed=2116.8s
[156/848  eta=751.4min]
>> baN     L=128  T=512  strat=gaussian   samp=greedy       σ=50.0
  built (baN, L=128, T=512)  vocab=6  |X|=100
   → both_rules=0.9200 ± 0.0261 (5 reps)  steps=489.0/510  n_corr=460  elapsed=8163.5s
[157/848  eta=791.3min]
>> baN     L=128  T=128  strat=gaussian   samp=categorical  σ=20.0
   → both_rules=0.9340 ± 0.0350 (5 reps)  steps=120.9/129  n_corr=467  elapsed=3045.0s
[158/848  eta=791.0min]
>> baN     L=128  T=128  strat=gaussian   samp=categorical  σ=5.0
   → both_rules=0.8740 ± 0.0206 (5 reps)  steps=122.4/129  n_corr=437  elapsed=3320.0s
[159/848  eta=816.5min]
>> baN     L=128  T=128  strat=gaussian   samp=categorical  σ=10.0
   → both_rules=0.9120 ± 0.0240 (5 reps)  steps=121.4/129  n_corr=456  elapsed=3577.1s
[160/848  eta=816.3min]
>> baN     L=128  T=128  strat=gaussian   samp=categorical  σ=1.0
  built (baN, L=128, T=128)  vocab=6  |X|=100
   → both_rules=0.7360 ± 0.0294 (5 reps)  steps=125.3/128  n_corr=368  elapsed=4090.8s
[161/848  eta=827.0min]
>> baN     L=128  T=128  strat=gaussian   samp=categorical  σ=2.0
  built (baN, L=128, T=128)  vocab=6  |X|=100
   → both_rules=0.7760 ± 0.0294 (5 reps)  steps=124.2/128  n_corr=388  elapsed=4272.4s
[162/848  eta=866.2min]
>> baN     L=128  T=256  strat=gaussian   samp=categorical  σ=256.0
   → both_rules=0.7960 ± 0.0531 (5 reps)  steps=253.2/256  n_corr=398  elapsed=2558.4s
[163/848  eta=889.5min]
>> baN     L=128  T=256  strat=gaussian   samp=categorical  σ=100.0
   → both_rules=0.8980 ± 0.0371 (5 reps)  steps=248.9/256  n_corr=449  elapsed=3159.9s
[164/848  eta=897.8min]
>> baN     L=128  T=1024 strat=gaussian   samp=greedy       σ=256.0
   → both_rules=0.5240 ± 0.0265 (5 reps)  steps=1010.9/1018  n_corr=262  elapsed=8898.7s
[165/848  eta=897.6min]
>> baN     L=128  T=256  strat=gaussian   samp=categorical  σ=50.0
  built (baN, L=128, T=256)  vocab=6  |X|=100
   → both_rules=0.9580 ± 0.0075 (5 reps)  steps=244.6/256  n_corr=479  elapsed=3659.0s
[166/848  eta=911.8min]
>> baN     L=128  T=512  strat=gaussian   samp=greedy       σ=20.0
  built (baN, L=128, T=512)  vocab=6  |X|=100
   → both_rules=0.9740 ± 0.0136 (5 reps)  steps=481.8/510  n_corr=487  elapsed=11633.6s
[167/848  eta=992.5min]
>> baN     L=128  T=512  strat=gaussian   samp=greedy       σ=10.0
   → both_rules=0.9820 ± 0.0098 (5 reps)  steps=482.3/510  n_corr=491  elapsed=12932.4s
[168/848  eta=1025.9min]
>> baN     L=128  T=256  strat=gaussian   samp=categorical  σ=20.0
  built (baN, L=128, T=256)  vocab=6  |X|=100
   → both_rules=0.9660 ± 0.0120 (5 reps)  steps=240.5/256  n_corr=483  elapsed=6275.4s
[169/848  eta=1043.3min]
>> baN     L=128  T=1024 strat=gaussian   samp=greedy       σ=100.0
  built (baN, L=128, T=1024)  vocab=6  |X|=100
   → both_rules=0.7900 ± 0.0190 (5 reps)  steps=996.8/1018  n_corr=395  elapsed=11725.6s
[170/848  eta=1059.3min]
>> baN     L=128  T=512  strat=gaussian   samp=greedy       σ=5.0
  built (baN, L=128, T=512)  vocab=6  |X|=100
   → both_rules=0.9660 ± 0.0162 (5 reps)  steps=486.5/510  n_corr=483  elapsed=14488.1s
[171/848  eta=1064.7min]
>> baN     L=128  T=256  strat=gaussian   samp=categorical  σ=10.0
   → both_rules=0.9560 ± 0.0136 (5 reps)  steps=241.5/256  n_corr=478  elapsed=7434.2s
[172/848  eta=1078.2min]
>> baN     L=128  T=512  strat=gaussian   samp=categorical  σ=256.0
  built (baN, L=128, T=512)  vocab=6  |X|=100
   → both_rules=0.7580 ± 0.0271 (5 reps)  steps=504.2/510  n_corr=379  elapsed=4185.3s
[173/848  eta=1072.4min]
>> baN     L=128  T=256  strat=gaussian   samp=categorical  σ=1.0
  built (baN, L=128, T=256)  vocab=6  |X|=100
   → both_rules=0.8680 ± 0.0279 (5 reps)  steps=249.7/256  n_corr=434  elapsed=8043.4s
[174/848  eta=1080.3min]
>> baN     L=128  T=130  strat=ar         samp=greedy       —
  built (baN, L=128, T=130)  vocab=6  |X|=100
   → both_rules=1.0000 (det)  steps=129.0/129  n_corr=100  elapsed=596.7s
[175/848  eta=1074.3min]
>> baN     L=128  T=256  strat=gaussian   samp=categorical  σ=5.0
  built (baN, L=128, T=256)  vocab=6  |X|=100
   → both_rules=0.9260 ± 0.0372 (5 reps)  steps=243.8/256  n_corr=463  elapsed=8181.2s
[176/848  eta=1068.8min]
>> baN     L=128  T=128  strat=ebsampler  samp=greedy       γ=0.1
   → both_rules=1.0000 (det)  steps=128.0/128  n_corr=100  elapsed=304.5s
[177/848  eta=1069.0min]
>> baN     L=128  T=128  strat=ebsampler  samp=greedy       γ=2.0
   → both_rules=0.0000 (det)  steps=43.0/43  n_corr=0  elapsed=123.2s
[178/848  eta=1064.5min]
>> baN     L=128  T=256  strat=gaussian   samp=categorical  σ=2.0
  built (baN, L=128, T=256)  vocab=6  |X|=100
   → both_rules=0.8820 ± 0.0387 (5 reps)  steps=247.4/256  n_corr=441  elapsed=8510.4s
[179/848  eta=1058.1min]
>> baN     L=128  T=128  strat=ebsampler  samp=greedy       γ=5.0
   → both_rules=0.0000 (det)  steps=16.0/16  n_corr=0  elapsed=68.3s
[180/848  eta=1051.0min]
>> baN     L=128  T=128  strat=ebsampler  samp=greedy       γ=0.9
   → both_rules=0.0000 (det)  steps=64.0/64  n_corr=0  elapsed=230.5s
[181/848  eta=1044.0min]
>> baN     L=128  T=128  strat=ebsampler  samp=greedy       γ=10.0
  built (baN, L=128, T=128)  vocab=6  |X|=100
   → both_rules=0.0000 (det)  steps=9.0/9  n_corr=0  elapsed=30.9s
[182/848  eta=1037.9min]
>> baN     L=128  T=512  strat=gaussian   samp=categorical  σ=100.0
  built (baN, L=128, T=512)  vocab=6  |X|=100
   → both_rules=0.8880 ± 0.0194 (5 reps)  steps=497.9/510  n_corr=444  elapsed=5388.7s
[183/848  eta=1041.1min]
>> baN     L=128  T=128  strat=ebsampler  samp=greedy       γ=0.5
  built (baN, L=128, T=128)  vocab=6  |X|=100
   → both_rules=1.0000 (det)  steps=128.0/128  n_corr=100  elapsed=456.7s
[184/848  eta=1055.0min]
>> baN     L=128  T=128  strat=ebsampler  samp=categorical  γ=5.0
   → both_rules=0.4980 ± 0.0412 (5 reps)  steps=16.0/17  n_corr=249  elapsed=349.8s
[185/848  eta=1057.9min]
>> baN     L=128  T=128  strat=ebsampler  samp=categorical  γ=10.0
   → both_rules=0.5260 ± 0.0543 (5 reps)  steps=9.0/9  n_corr=263  elapsed=171.1s
[186/848  eta=1050.9min]
>> bbaN    L=128  T=1    strat=uniform    samp=greedy       —
  built (bbaN, L=128, T=1)  vocab=6  |X|=100
   → both_rules=0.0000 ± 0.0000 (5 reps)  steps=1.0/1  n_corr=0  elapsed=3.1s
[187/848  eta=1044.0min]
>> bbaN    L=128  T=2    strat=uniform    samp=greedy       —
  built (bbaN, L=128, T=2)  vocab=6  |X|=100
   → both_rules=0.4280 ± 0.0366 (5 reps)  steps=1.8/2  n_corr=214  elapsed=5.5s
[188/848  eta=1037.2min]
>> bbaN    L=128  T=4    strat=uniform    samp=greedy       —
  built (bbaN, L=128, T=4)  vocab=6  |X|=100
   → both_rules=0.6640 ± 0.0512 (5 reps)  steps=3.5/4  n_corr=332  elapsed=5.5s
[189/848  eta=1030.6min]
>> bbaN    L=128  T=8    strat=uniform    samp=greedy       —
  built (bbaN, L=128, T=8)  vocab=6  |X|=100
   → both_rules=0.7800 ± 0.0452 (5 reps)  steps=7.3/8  n_corr=390  elapsed=7.2s
[190/848  eta=1024.1min]
>> baN     L=128  T=128  strat=ebsampler  samp=categorical  γ=2.0
   → both_rules=0.5020 ± 0.0366 (5 reps)  steps=43.0/43  n_corr=251  elapsed=723.8s
[191/848  eta=1017.4min]
>> bbaN    L=128  T=16   strat=uniform    samp=greedy       —
  built (bbaN, L=128, T=16)  vocab=6  |X|=100
   → both_rules=0.8940 ± 0.0258 (5 reps)  steps=15.3/16  n_corr=447  elapsed=11.4s
[192/848  eta=1011.1min]
>> bbaN    L=128  T=32   strat=uniform    samp=greedy       —
  built (bbaN, L=128, T=32)  vocab=6  |X|=100
   → both_rules=0.9300 ± 0.0228 (5 reps)  steps=31.0/32  n_corr=465  elapsed=13.9s
[193/848  eta=1006.2min]
>> bbaN    L=128  T=64   strat=uniform    samp=greedy       —
  built (bbaN, L=128, T=64)  vocab=6  |X|=100
   → both_rules=0.9720 ± 0.0098 (5 reps)  steps=62.8/64  n_corr=486  elapsed=40.8s
[194/848  eta=1000.7min]
>> bbaN    L=128  T=128  strat=uniform    samp=greedy       —
  built (bbaN, L=128, T=128)  vocab=6  |X|=100
   → both_rules=0.9820 ± 0.0147 (5 reps)  steps=126.5/128  n_corr=491  elapsed=53.2s
[195/848  eta=1001.8min]
>> bbaN    L=128  T=256  strat=uniform    samp=greedy       —
  built (bbaN, L=128, T=256)  vocab=6  |X|=100
   → both_rules=0.9960 ± 0.0049 (5 reps)  steps=253.1/255  n_corr=498  elapsed=160.1s
[196/848  eta=999.0min]
>> bbaN    L=128  T=512  strat=uniform    samp=greedy       —
  built (bbaN, L=128, T=512)  vocab=6  |X|=100
   → both_rules=0.9980 ± 0.0040 (5 reps)  steps=505.2/509  n_corr=499  elapsed=207.4s
[197/848  eta=992.5min]
>> bbaN    L=128  T=1    strat=uniform    samp=categorical  —
  built (bbaN, L=128, T=1)  vocab=6  |X|=100
   → both_rules=0.0000 ± 0.0000 (5 reps)  steps=1.0/1  n_corr=0  elapsed=3.2s
[198/848  eta=986.6min]
>> bbaN    L=128  T=2    strat=uniform    samp=categorical  —
  built (bbaN, L=128, T=2)  vocab=6  |X|=100
   → both_rules=0.0000 ± 0.0000 (5 reps)  steps=1.0/1  n_corr=0  elapsed=10.8s
[199/848  eta=980.6min]
>> bbaN    L=128  T=4    strat=uniform    samp=categorical  —
  built (bbaN, L=128, T=4)  vocab=6  |X|=100
   → both_rules=0.0000 ± 0.0000 (5 reps)  steps=1.0/1  n_corr=0  elapsed=7.3s
[200/848  eta=974.5min]
>> bbaN    L=128  T=8    strat=uniform    samp=categorical  —
  built (bbaN, L=128, T=8)  vocab=6  |X|=100
   → both_rules=0.0100 ± 0.0063 (5 reps)  steps=1.1/8  n_corr=5  elapsed=5.8s
[201/848  eta=968.5min]
>> bbaN    L=128  T=16   strat=uniform    samp=categorical  —
  built (bbaN, L=128, T=16)  vocab=6  |X|=100
   → both_rules=0.1200 ± 0.0179 (5 reps)  steps=3.1/16  n_corr=60  elapsed=6.1s
[202/848  eta=962.9min]
>> bbaN    L=128  T=32   strat=uniform    samp=categorical  —
   → both_rules=0.4300 ± 0.0200 (5 reps)  steps=15.0/32  n_corr=215  elapsed=13.1s
[203/848  eta=958.4min]
>> bbaN    L=128  T=64   strat=uniform    samp=categorical  —
  built (bbaN, L=128, T=64)  vocab=6  |X|=100
   → both_rules=0.6620 ± 0.0223 (5 reps)  steps=44.3/64  n_corr=331  elapsed=31.9s
[204/848  eta=954.8min]
>> bbaN    L=128  T=128  strat=uniform    samp=categorical  —
   → both_rules=0.8060 ± 0.0049 (5 reps)  steps=104.8/128  n_corr=403  elapsed=48.3s
[205/848  eta=953.7min]
>> bbaN    L=128  T=256  strat=uniform    samp=categorical  —
  built (bbaN, L=128, T=256)  vocab=6  |X|=100
   → both_rules=0.9040 ± 0.0080 (5 reps)  steps=231.1/255  n_corr=452  elapsed=97.4s
[206/848  eta=948.5min]
>> baN     L=128  T=128  strat=ebsampler  samp=categorical  γ=0.9
   → both_rules=0.5280 ± 0.0483 (5 reps)  steps=64.0/64  n_corr=264  elapsed=1262.0s
[207/848  eta=948.7min]
>> bbaN    L=128  T=1024 strat=uniform    samp=greedy       —
  built (bbaN, L=128, T=1024)  vocab=6  |X|=100
   → both_rules=0.9960 ± 0.0049 (5 reps)  steps=1008.3/1017  n_corr=498  elapsed=433.2s
[208/848  eta=942.8min]
>> bbaN    L=128  T=1    strat=gaussian   samp=greedy       σ=1.0
   → both_rules=0.0000 ± 0.0000 (5 reps)  steps=1.0/1  n_corr=0  elapsed=2.1s
[209/848  eta=936.9min]
>> bbaN    L=128  T=1    strat=gaussian   samp=greedy       σ=2.0
   → both_rules=0.0000 ± 0.0000 (5 reps)  steps=1.0/1  n_corr=0  elapsed=2.1s
[210/848  eta=931.1min]
>> bbaN    L=128  T=1    strat=gaussian   samp=greedy       σ=5.0
   → both_rules=0.0000 ± 0.0000 (5 reps)  steps=1.0/1  n_corr=0  elapsed=2.1s
[211/848  eta=925.4min]
>> bbaN    L=128  T=1    strat=gaussian   samp=greedy       σ=10.0
   → both_rules=0.0000 ± 0.0000 (5 reps)  steps=1.0/1  n_corr=0  elapsed=2.1s
[212/848  eta=919.7min]
>> bbaN    L=128  T=1    strat=gaussian   samp=greedy       σ=20.0
   → both_rules=0.0000 ± 0.0000 (5 reps)  steps=1.0/1  n_corr=0  elapsed=2.1s
[213/848  eta=914.0min]
>> bbaN    L=128  T=1    strat=gaussian   samp=greedy       σ=50.0
   → both_rules=0.0000 ± 0.0000 (5 reps)  steps=1.0/1  n_corr=0  elapsed=2.1s
[214/848  eta=908.4min]
>> bbaN    L=128  T=1    strat=gaussian   samp=greedy       σ=100.0
   → both_rules=0.0040 ± 0.0049 (5 reps)  steps=1.0/2  n_corr=2  elapsed=2.1s
[215/848  eta=902.9min]
>> bbaN    L=128  T=1    strat=gaussian   samp=greedy       σ=256.0
   → both_rules=0.0140 ± 0.0120 (5 reps)  steps=1.0/2  n_corr=7  elapsed=2.1s
[216/848  eta=897.4min]
>> bbaN    L=128  T=2    strat=gaussian   samp=greedy       σ=1.0
   → both_rules=0.0000 ± 0.0000 (5 reps)  steps=2.0/2  n_corr=0  elapsed=2.6s
[217/848  eta=892.0min]
>> bbaN    L=128  T=2    strat=gaussian   samp=greedy       σ=2.0
   → both_rules=0.0000 ± 0.0000 (5 reps)  steps=2.0/2  n_corr=0  elapsed=2.6s
[218/848  eta=886.6min]
>> bbaN    L=128  T=2    strat=gaussian   samp=greedy       σ=5.0
   → both_rules=0.0000 ± 0.0000 (5 reps)  steps=2.0/2  n_corr=0  elapsed=2.6s
[219/848  eta=881.3min]
>> bbaN    L=128  T=2    strat=gaussian   samp=greedy       σ=10.0
   → both_rules=0.0060 ± 0.0080 (5 reps)  steps=2.0/2  n_corr=3  elapsed=2.6s
[220/848  eta=876.0min]
>> bbaN    L=128  T=2    strat=gaussian   samp=greedy       σ=20.0
   → both_rules=0.1440 ± 0.0301 (5 reps)  steps=2.0/3  n_corr=72  elapsed=2.7s
[221/848  eta=870.8min]
>> bbaN    L=128  T=2    strat=gaussian   samp=greedy       σ=50.0
   → both_rules=0.3520 ± 0.0366 (5 reps)  steps=2.0/3  n_corr=176  elapsed=3.1s
[222/848  eta=865.7min]
>> bbaN    L=128  T=2    strat=gaussian   samp=greedy       σ=100.0
   → both_rules=0.3900 ± 0.0420 (5 reps)  steps=2.1/3  n_corr=195  elapsed=3.4s
[223/848  eta=860.6min]
>> bbaN    L=128  T=2    strat=gaussian   samp=greedy       σ=256.0
   → both_rules=0.4160 ± 0.0196 (5 reps)  steps=2.1/3  n_corr=208  elapsed=3.7s
[224/848  eta=855.6min]
>> bbaN    L=128  T=4    strat=gaussian   samp=greedy       σ=1.0
   → both_rules=0.0500 ± 0.0155 (5 reps)  steps=3.7/4  n_corr=25  elapsed=5.2s
[225/848  eta=850.7min]
>> bbaN    L=128  T=4    strat=gaussian   samp=greedy       σ=2.0
   → both_rules=0.1780 ± 0.0382 (5 reps)  steps=3.5/5  n_corr=89  elapsed=5.6s
[226/848  eta=845.9min]
>> bbaN    L=128  T=4    strat=gaussian   samp=greedy       σ=5.0
   → both_rules=0.3460 ± 0.0422 (5 reps)  steps=3.5/5  n_corr=173  elapsed=5.9s
[227/848  eta=841.1min]
>> bbaN    L=128  T=4    strat=gaussian   samp=greedy       σ=10.0
   → both_rules=0.4040 ± 0.0637 (5 reps)  steps=3.5/5  n_corr=202  elapsed=6.0s
[228/848  eta=836.3min]
>> bbaN    L=128  T=4    strat=gaussian   samp=greedy       σ=20.0
   → both_rules=0.3420 ± 0.0519 (5 reps)  steps=3.4/5  n_corr=171  elapsed=6.2s
[229/848  eta=831.6min]
>> bbaN    L=128  T=4    strat=gaussian   samp=greedy       σ=50.0
   → both_rules=0.4280 ± 0.0496 (5 reps)  steps=3.5/5  n_corr=214  elapsed=5.7s
[230/848  eta=826.9min]
>> bbaN    L=128  T=4    strat=gaussian   samp=greedy       σ=100.0
   → both_rules=0.4380 ± 0.0387 (5 reps)  steps=3.5/5  n_corr=219  elapsed=5.5s
[231/848  eta=822.1min]
>> bbaN    L=128  T=512  strat=uniform    samp=categorical  —
   → both_rules=0.9400 ± 0.0219 (5 reps)  steps=477.9/509  n_corr=470  elapsed=221.6s
[232/848  eta=817.3min]
>> bbaN    L=128  T=4    strat=gaussian   samp=greedy       σ=256.0
   → both_rules=0.5140 ± 0.0427 (5 reps)  steps=3.7/5  n_corr=257  elapsed=5.1s
[233/848  eta=812.9min]
>> bbaN    L=128  T=8    strat=gaussian   samp=greedy       σ=2.0
   → both_rules=0.1940 ± 0.0504 (5 reps)  steps=7.5/9  n_corr=97  elapsed=9.4s
[234/848  eta=808.2min]
>> bbaN    L=128  T=8    strat=gaussian   samp=greedy       σ=1.0
   → both_rules=0.0460 ± 0.0185 (5 reps)  steps=7.7/8  n_corr=23  elapsed=13.8s
[235/848  eta=803.6min]
>> baN     L=128  T=512  strat=gaussian   samp=greedy       σ=2.0
  built (baN, L=128, T=512)  vocab=6  |X|=100
   → both_rules=0.9500 ± 0.0110 (5 reps)  steps=494.3/510  n_corr=475  elapsed=17249.0s
[236/848  eta=799.1min]
>> bbaN    L=128  T=8    strat=gaussian   samp=greedy       σ=5.0
   → both_rules=0.3720 ± 0.0492 (5 reps)  steps=7.4/8  n_corr=186  elapsed=9.5s
[237/848  eta=794.7min]
>> bbaN    L=128  T=8    strat=gaussian   samp=greedy       σ=10.0
   → both_rules=0.4260 ± 0.0561 (5 reps)  steps=7.3/9  n_corr=213  elapsed=13.6s
[238/848  eta=790.1min]
>> bbaN    L=128  T=8    strat=gaussian   samp=greedy       σ=50.0
   → both_rules=0.6460 ± 0.0301 (5 reps)  steps=7.2/9  n_corr=323  elapsed=7.1s
[239/848  eta=785.5min]
>> bbaN    L=128  T=8    strat=gaussian   samp=greedy       σ=20.0
  built (bbaN, L=128, T=8)  vocab=6  |X|=100
   → both_rules=0.5780 ± 0.0387 (5 reps)  steps=7.2/9  n_corr=289  elapsed=12.7s
[240/848  eta=781.2min]
>> bbaN    L=128  T=8    strat=gaussian   samp=greedy       σ=256.0
   → both_rules=0.7440 ± 0.0338 (5 reps)  steps=7.8/9  n_corr=372  elapsed=6.3s
[241/848  eta=776.8min]
>> bbaN    L=128  T=8    strat=gaussian   samp=greedy       σ=100.0
   → both_rules=0.6640 ± 0.0432 (5 reps)  steps=7.3/9  n_corr=332  elapsed=10.1s
[242/848  eta=773.0min]
>> bbaN    L=128  T=16   strat=gaussian   samp=greedy       σ=2.0
   → both_rules=0.2520 ± 0.0515 (5 reps)  steps=15.4/16  n_corr=126  elapsed=17.3s
[243/848  eta=768.6min]
>> bbaN    L=128  T=16   strat=gaussian   samp=greedy       σ=1.0
  built (bbaN, L=128, T=16)  vocab=6  |X|=100
   → both_rules=0.1600 ± 0.0522 (5 reps)  steps=15.7/16  n_corr=80  elapsed=25.5s
[244/848  eta=764.5min]
>> bbaN    L=128  T=16   strat=gaussian   samp=greedy       σ=5.0
   → both_rules=0.5000 ± 0.0632 (5 reps)  steps=15.2/17  n_corr=250  elapsed=25.0s
[245/848  eta=760.4min]
>> bbaN    L=128  T=16   strat=gaussian   samp=greedy       σ=10.0
   → both_rules=0.6360 ± 0.0301 (5 reps)  steps=14.9/17  n_corr=318  elapsed=15.9s
[246/848  eta=756.1min]
>> bbaN    L=128  T=16   strat=gaussian   samp=greedy       σ=20.0
   → both_rules=0.7340 ± 0.0206 (5 reps)  steps=14.7/17  n_corr=367  elapsed=14.8s
[247/848  eta=752.2min]
>> bbaN    L=128  T=16   strat=gaussian   samp=greedy       σ=100.0
   → both_rules=0.8160 ± 0.0265 (5 reps)  steps=15.2/17  n_corr=408  elapsed=11.5s
[248/848  eta=747.9min]
>> bbaN    L=128  T=16   strat=gaussian   samp=greedy       σ=256.0
   → both_rules=0.8320 ± 0.0312 (5 reps)  steps=15.6/17  n_corr=416  elapsed=10.5s
[249/848  eta=743.7min]
>> bbaN    L=128  T=16   strat=gaussian   samp=greedy       σ=50.0
   → both_rules=0.8140 ± 0.0258 (5 reps)  steps=14.9/17  n_corr=407  elapsed=18.3s
[250/848  eta=739.8min]
>> baN     L=128  T=512  strat=gaussian   samp=greedy       σ=1.0
  built (baN, L=128, T=512)  vocab=6  |X|=100
   → both_rules=0.9220 ± 0.0204 (5 reps)  steps=498.3/508  n_corr=461  elapsed=17332.3s
[251/848  eta=736.6min]
>> bbaN    L=128  T=32   strat=gaussian   samp=greedy       σ=2.0
  built (bbaN, L=128, T=32)  vocab=6  |X|=100
   → both_rules=0.6780 ± 0.0223 (5 reps)  steps=31.3/33  n_corr=339  elapsed=31.8s
[252/848  eta=732.5min]
>> bbaN    L=128  T=32   strat=gaussian   samp=greedy       σ=1.0
  built (bbaN, L=128, T=32)  vocab=6  |X|=100
   → both_rules=0.5900 ± 0.0555 (5 reps)  steps=31.6/32  n_corr=295  elapsed=33.4s
[253/848  eta=728.9min]
>> bbaN    L=128  T=32   strat=gaussian   samp=greedy       σ=5.0
   → both_rules=0.7660 ± 0.0307 (5 reps)  steps=30.7/33  n_corr=383  elapsed=47.5s
[254/848  eta=725.1min]
>> bbaN    L=128  T=32   strat=gaussian   samp=greedy       σ=10.0
  built (bbaN, L=128, T=32)  vocab=6  |X|=100
   → both_rules=0.8020 ± 0.0248 (5 reps)  steps=30.0/33  n_corr=401  elapsed=47.1s
[255/848  eta=721.2min]
>> bbaN    L=128  T=32   strat=gaussian   samp=greedy       σ=50.0
   → both_rules=0.8980 ± 0.0194 (5 reps)  steps=30.2/33  n_corr=449  elapsed=24.1s
[256/848  eta=717.2min]
>> bbaN    L=128  T=32   strat=gaussian   samp=greedy       σ=20.0
   → both_rules=0.8700 ± 0.0341 (5 reps)  steps=29.9/33  n_corr=435  elapsed=26.9s
[257/848  eta=714.0min]
>> bbaN    L=128  T=32   strat=gaussian   samp=greedy       σ=100.0
   → both_rules=0.9020 ± 0.0325 (5 reps)  steps=30.5/33  n_corr=451  elapsed=32.0s
[258/848  eta=710.3min]
>> bbaN    L=128  T=32   strat=gaussian   samp=greedy       σ=256.0
   → both_rules=0.9320 ± 0.0319 (5 reps)  steps=31.7/33  n_corr=466  elapsed=31.9s
[259/848  eta=707.7min]
>> bbaN    L=128  T=64   strat=gaussian   samp=greedy       σ=2.0
  built (bbaN, L=128, T=64)  vocab=6  |X|=100
   → both_rules=0.7820 ± 0.0172 (5 reps)  steps=62.3/65  n_corr=391  elapsed=62.2s
[260/848  eta=703.8min]
>> bbaN    L=128  T=64   strat=gaussian   samp=greedy       σ=1.0
   → both_rules=0.7440 ± 0.0454 (5 reps)  steps=63.0/64  n_corr=372  elapsed=65.1s
[261/848  eta=701.7min]
>> bbaN    L=128  T=64   strat=gaussian   samp=greedy       σ=50.0
   → both_rules=0.9500 ± 0.0200 (5 reps)  steps=60.7/65  n_corr=475  elapsed=47.2s
[262/848  eta=698.0min]
>> bbaN    L=128  T=64   strat=gaussian   samp=greedy       σ=5.0
   → both_rules=0.8680 ± 0.0286 (5 reps)  steps=61.2/65  n_corr=434  elapsed=93.1s
[263/848  eta=694.1min]
>> bbaN    L=128  T=64   strat=gaussian   samp=greedy       σ=20.0
   → both_rules=0.9300 ± 0.0228 (5 reps)  steps=59.9/65  n_corr=465  elapsed=52.7s
[264/848  eta=690.5min]
>> bbaN    L=128  T=64   strat=gaussian   samp=greedy       σ=10.0
  built (bbaN, L=128, T=64)  vocab=6  |X|=100
   → both_rules=0.8840 ± 0.0215 (5 reps)  steps=60.3/65  n_corr=442  elapsed=92.8s
[265/848  eta=688.0min]
>> bbaN    L=128  T=64   strat=gaussian   samp=greedy       σ=100.0
   → both_rules=0.9480 ± 0.0160 (5 reps)  steps=62.0/65  n_corr=474  elapsed=43.4s
[266/848  eta=685.0min]
>> bbaN    L=128  T=64   strat=gaussian   samp=greedy       σ=256.0
   → both_rules=0.9600 ± 0.0179 (5 reps)  steps=63.3/65  n_corr=480  elapsed=60.1s
[267/848  eta=683.7min]
>> bbaN    L=128  T=128  strat=gaussian   samp=greedy       σ=1.0
  built (bbaN, L=128, T=128)  vocab=6  |X|=100
   → both_rules=0.7920 ± 0.0117 (5 reps)  steps=125.6/128  n_corr=396  elapsed=128.4s
[268/848  eta=681.3min]
>> bbaN    L=128  T=128  strat=gaussian   samp=greedy       σ=5.0
  built (bbaN, L=128, T=128)  vocab=6  |X|=100
   → both_rules=0.9360 ± 0.0215 (5 reps)  steps=122.3/129  n_corr=468  elapsed=124.8s
[269/848  eta=678.0min]
>> bbaN    L=128  T=1024 strat=uniform    samp=categorical  —
  built (bbaN, L=128, T=1024)  vocab=6  |X|=100
   → both_rules=0.9760 ± 0.0080 (5 reps)  steps=989.7/1017  n_corr=488  elapsed=637.7s
[270/848  eta=675.3min]
>> bbaN    L=128  T=128  strat=gaussian   samp=greedy       σ=2.0
  built (bbaN, L=128, T=128)  vocab=6  |X|=100
   → both_rules=0.8940 ± 0.0361 (5 reps)  steps=124.6/129  n_corr=447  elapsed=197.4s
[271/848  eta=672.8min]
>> bbaN    L=128  T=128  strat=gaussian   samp=greedy       σ=10.0
   → both_rules=0.9440 ± 0.0242 (5 reps)  steps=120.9/129  n_corr=472  elapsed=176.6s
[272/848  eta=670.0min]
>> bbaN    L=128  T=128  strat=gaussian   samp=greedy       σ=50.0
   → both_rules=0.9620 ± 0.0075 (5 reps)  steps=121.6/129  n_corr=481  elapsed=93.3s
[273/848  eta=667.6min]
>> bbaN    L=128  T=128  strat=gaussian   samp=greedy       σ=20.0
   → both_rules=0.9540 ± 0.0150 (5 reps)  steps=120.3/129  n_corr=477  elapsed=164.2s
[274/848  eta=664.4min]
>> bbaN    L=128  T=128  strat=gaussian   samp=greedy       σ=100.0
  built (bbaN, L=128, T=128)  vocab=6  |X|=100
   → both_rules=0.9800 ± 0.0126 (5 reps)  steps=125.0/129  n_corr=490  elapsed=129.2s
[275/848  eta=661.7min]
>> bbaN    L=128  T=128  strat=gaussian   samp=greedy       σ=256.0
   → both_rules=0.9880 ± 0.0040 (5 reps)  steps=127.3/129  n_corr=494  elapsed=124.7s
[276/848  eta=663.8min]
>> baN     L=128  T=128  strat=ebsampler  samp=categorical  γ=0.1
   → both_rules=1.0000 ± 0.0000 (5 reps)  steps=128.0/128  n_corr=500  elapsed=2230.4s
[277/848  eta=660.8min]
>> bbaN    L=128  T=256  strat=gaussian   samp=greedy       σ=2.0
   → both_rules=0.9260 ± 0.0185 (5 reps)  steps=247.7/256  n_corr=463  elapsed=250.8s
[278/848  eta=659.6min]
>> bbaN    L=128  T=256  strat=gaussian   samp=greedy       σ=1.0
   → both_rules=0.8780 ± 0.0279 (5 reps)  steps=249.8/255  n_corr=439  elapsed=340.3s
[279/848  eta=657.7min]
>> bbaN    L=128  T=256  strat=gaussian   samp=greedy       σ=5.0
  built (bbaN, L=128, T=256)  vocab=6  |X|=100
   → both_rules=0.9620 ± 0.0160 (5 reps)  steps=243.6/256  n_corr=481  elapsed=331.8s
[280/848  eta=655.4min]
>> bbaN    L=128  T=256  strat=gaussian   samp=greedy       σ=20.0
  built (bbaN, L=128, T=256)  vocab=6  |X|=100
   → both_rules=0.9860 ± 0.0136 (5 reps)  steps=240.1/256  n_corr=493  elapsed=329.6s
[281/848  eta=652.0min]
>> bbaN    L=128  T=256  strat=gaussian   samp=greedy       σ=10.0
  built (bbaN, L=128, T=256)  vocab=6  |X|=100
   → both_rules=0.9760 ± 0.0102 (5 reps)  steps=241.5/256  n_corr=488  elapsed=356.7s
[282/848  eta=649.0min]
>> bbaN    L=128  T=256  strat=gaussian   samp=greedy       σ=100.0
   → both_rules=0.9820 ± 0.0147 (5 reps)  steps=248.2/256  n_corr=491  elapsed=168.9s
[283/848  eta=648.2min]
>> bbaN    L=128  T=256  strat=gaussian   samp=greedy       σ=50.0
  built (bbaN, L=128, T=256)  vocab=6  |X|=100
   → both_rules=0.9840 ± 0.0080 (5 reps)  steps=244.6/256  n_corr=492  elapsed=262.3s
[284/848  eta=646.6min]
>> bbaN    L=128  T=256  strat=gaussian   samp=greedy       σ=256.0
   → both_rules=0.9860 ± 0.0150 (5 reps)  steps=253.1/256  n_corr=493  elapsed=234.0s
[285/848  eta=644.0min]
>> baN     L=128  T=128  strat=ebsampler  samp=categorical  γ=0.5
   → both_rules=1.0000 ± 0.0000 (5 reps)  steps=128.0/128  n_corr=500  elapsed=2567.4s
[286/848  eta=650.8min]
>> bbaN    L=128  T=512  strat=gaussian   samp=greedy       σ=1.0
  built (bbaN, L=128, T=512)  vocab=6  |X|=100
   → both_rules=0.9360 ± 0.0265 (5 reps)  steps=498.3/509  n_corr=468  elapsed=520.2s
[287/848  eta=649.5min]
>> bbaN    L=128  T=512  strat=gaussian   samp=greedy       σ=10.0
  built (bbaN, L=128, T=512)  vocab=6  |X|=100
   → both_rules=0.9920 ± 0.0075 (5 reps)  steps=481.8/510  n_corr=496  elapsed=534.2s
[288/848  eta=650.4min]
>> bbaN    L=128  T=512  strat=gaussian   samp=greedy       σ=50.0
   → both_rules=0.9940 ± 0.0049 (5 reps)  steps=487.8/510  n_corr=497  elapsed=533.1s
[289/848  eta=647.2min]
>> bbaN    L=128  T=512  strat=gaussian   samp=greedy       σ=100.0
  built (bbaN, L=128, T=512)  vocab=6  |X|=100
   → both_rules=0.9960 ± 0.0049 (5 reps)  steps=497.4/510  n_corr=498  elapsed=515.2s
[290/848  eta=645.6min]
>> bbaN    L=128  T=512  strat=gaussian   samp=greedy       σ=5.0
  built (bbaN, L=128, T=512)  vocab=6  |X|=100
   → both_rules=0.9880 ± 0.0075 (5 reps)  steps=486.8/510  n_corr=494  elapsed=744.6s
[291/848  eta=642.5min]
>> bbaN    L=128  T=512  strat=gaussian   samp=greedy       σ=20.0
  built (bbaN, L=128, T=512)  vocab=6  |X|=100
   → both_rules=0.9940 ± 0.0049 (5 reps)  steps=479.1/510  n_corr=497  elapsed=658.3s
[292/848  eta=639.7min]
>> bbaN    L=128  T=512  strat=gaussian   samp=greedy       σ=2.0
  built (bbaN, L=128, T=512)  vocab=6  |X|=100
   → both_rules=0.9660 ± 0.0049 (5 reps)  steps=494.2/510  n_corr=483  elapsed=772.2s
[293/848  eta=637.5min]
>> baN     L=128  T=512  strat=gaussian   samp=categorical  σ=50.0
  built (baN, L=128, T=512)  vocab=6  |X|=100
   → both_rules=0.9640 ± 0.0273 (5 reps)  steps=489.0/510  n_corr=482  elapsed=8803.7s
[294/848  eta=634.8min]
>> baN     L=128  T=130  strat=ar         samp=categorical  —
  built (baN, L=128, T=130)  vocab=6  |X|=100
   → both_rules=1.0000 ± 0.0000 (5 reps)  steps=129.0/129  n_corr=500  elapsed=3751.7s
[295/848  eta=635.0min]
>> bbaN    L=128  T=512  strat=gaussian   samp=greedy       σ=256.0
   → both_rules=0.9940 ± 0.0080 (5 reps)  steps=505.2/510  n_corr=497  elapsed=452.2s
[296/848  eta=631.8min]
>> bbaN    L=128  T=1    strat=gaussian   samp=categorical  σ=1.0
  built (bbaN, L=128, T=1)  vocab=6  |X|=100
   → both_rules=0.0000 ± 0.0000 (5 reps)  steps=1.0/1  n_corr=0  elapsed=3.3s
[297/848  eta=628.6min]
>> bbaN    L=128  T=1    strat=gaussian   samp=categorical  σ=2.0
   → both_rules=0.0000 ± 0.0000 (5 reps)  steps=1.0/1  n_corr=0  elapsed=3.2s
[298/848  eta=625.5min]
>> bbaN    L=128  T=1    strat=gaussian   samp=categorical  σ=5.0
   → both_rules=0.0000 ± 0.0000 (5 reps)  steps=1.0/1  n_corr=0  elapsed=3.2s
[299/848  eta=622.3min]
>> bbaN    L=128  T=1    strat=gaussian   samp=categorical  σ=10.0
   → both_rules=0.0000 ± 0.0000 (5 reps)  steps=1.0/1  n_corr=0  elapsed=3.2s
[300/848  eta=619.2min]
>> bbaN    L=128  T=1    strat=gaussian   samp=categorical  σ=20.0
   → both_rules=0.0000 ± 0.0000 (5 reps)  steps=1.0/1  n_corr=0  elapsed=3.2s
[301/848  eta=616.1min]
>> bbaN    L=128  T=1    strat=gaussian   samp=categorical  σ=50.0
   → both_rules=0.0000 ± 0.0000 (5 reps)  steps=1.0/1  n_corr=0  elapsed=3.3s
[302/848  eta=613.1min]
>> bbaN    L=128  T=1    strat=gaussian   samp=categorical  σ=100.0
   → both_rules=0.0000 ± 0.0000 (5 reps)  steps=1.0/1  n_corr=0  elapsed=3.3s
[303/848  eta=610.0min]
>> bbaN    L=128  T=1    strat=gaussian   samp=categorical  σ=256.0
   → both_rules=0.0000 ± 0.0000 (5 reps)  steps=1.0/1  n_corr=0  elapsed=3.3s
[304/848  eta=607.2min]
>> bbaN    L=128  T=2    strat=gaussian   samp=categorical  σ=1.0
  built (bbaN, L=128, T=2)  vocab=6  |X|=100
   → both_rules=0.0000 ± 0.0000 (5 reps)  steps=1.0/1  n_corr=0  elapsed=10.1s
[305/848  eta=604.4min]
>> bbaN    L=128  T=2    strat=gaussian   samp=categorical  σ=2.0
   → both_rules=0.0000 ± 0.0000 (5 reps)  steps=1.0/1  n_corr=0  elapsed=10.1s
[306/848  eta=601.6min]
>> bbaN    L=128  T=2    strat=gaussian   samp=categorical  σ=5.0
   → both_rules=0.0000 ± 0.0000 (5 reps)  steps=1.0/1  n_corr=0  elapsed=10.2s
[307/848  eta=598.9min]
>> bbaN    L=128  T=2    strat=gaussian   samp=categorical  σ=10.0
   → both_rules=0.0000 ± 0.0000 (5 reps)  steps=1.0/1  n_corr=0  elapsed=10.3s
[308/848  eta=596.1min]
>> bbaN    L=128  T=2    strat=gaussian   samp=categorical  σ=20.0
   → both_rules=0.0000 ± 0.0000 (5 reps)  steps=1.0/1  n_corr=0  elapsed=10.2s
[309/848  eta=593.4min]
>> bbaN    L=128  T=2    strat=gaussian   samp=categorical  σ=50.0
   → both_rules=0.0000 ± 0.0000 (5 reps)  steps=1.0/1  n_corr=0  elapsed=10.2s
[310/848  eta=590.7min]
>> bbaN    L=128  T=2    strat=gaussian   samp=categorical  σ=100.0
   → both_rules=0.0000 ± 0.0000 (5 reps)  steps=1.0/1  n_corr=0  elapsed=10.1s
[311/848  eta=588.0min]
>> bbaN    L=128  T=2    strat=gaussian   samp=categorical  σ=256.0
   → both_rules=0.0000 ± 0.0000 (5 reps)  steps=1.0/1  n_corr=0  elapsed=10.1s
[312/848  eta=585.2min]
>> bbaN    L=128  T=4    strat=gaussian   samp=categorical  σ=1.0
  built (bbaN, L=128, T=4)  vocab=6  |X|=100
   → both_rules=0.0000 ± 0.0000 (5 reps)  steps=1.0/1  n_corr=0  elapsed=7.0s
[313/848  eta=582.4min]
>> bbaN    L=128  T=4    strat=gaussian   samp=categorical  σ=2.0
   → both_rules=0.0000 ± 0.0000 (5 reps)  steps=1.0/1  n_corr=0  elapsed=6.9s
[314/848  eta=579.7min]
>> bbaN    L=128  T=4    strat=gaussian   samp=categorical  σ=5.0
   → both_rules=0.0000 ± 0.0000 (5 reps)  steps=1.0/2  n_corr=0  elapsed=6.6s
[315/848  eta=576.9min]
>> bbaN    L=128  T=4    strat=gaussian   samp=categorical  σ=10.0
   → both_rules=0.0020 ± 0.0040 (5 reps)  steps=1.0/4  n_corr=1  elapsed=6.2s
[316/848  eta=574.2min]
>> bbaN    L=128  T=4    strat=gaussian   samp=categorical  σ=20.0
   → both_rules=0.0020 ± 0.0040 (5 reps)  steps=1.1/4  n_corr=1  elapsed=5.9s
[317/848  eta=571.5min]
>> bbaN    L=128  T=4    strat=gaussian   samp=categorical  σ=50.0
   → both_rules=0.0060 ± 0.0080 (5 reps)  steps=1.1/5  n_corr=3  elapsed=5.8s
[318/848  eta=568.8min]
>> bbaN    L=128  T=4    strat=gaussian   samp=categorical  σ=100.0
   → both_rules=0.0040 ± 0.0049 (5 reps)  steps=1.1/5  n_corr=2  elapsed=5.6s
[319/848  eta=566.1min]
>> bbaN    L=128  T=4    strat=gaussian   samp=categorical  σ=256.0
   → both_rules=0.0080 ± 0.0040 (5 reps)  steps=1.0/5  n_corr=4  elapsed=5.6s
[320/848  eta=563.4min]
>> bbaN    L=128  T=8    strat=gaussian   samp=categorical  σ=1.0
   → both_rules=0.0020 ± 0.0040 (5 reps)  steps=1.4/8  n_corr=1  elapsed=6.2s
[321/848  eta=560.8min]
>> bbaN    L=128  T=8    strat=gaussian   samp=categorical  σ=2.0
   → both_rules=0.0060 ± 0.0080 (5 reps)  steps=1.5/8  n_corr=3  elapsed=6.4s
[322/848  eta=558.2min]
>> bbaN    L=128  T=8    strat=gaussian   samp=categorical  σ=5.0
   → both_rules=0.0140 ± 0.0049 (5 reps)  steps=1.9/8  n_corr=7  elapsed=7.2s
[323/848  eta=555.6min]
>> bbaN    L=128  T=8    strat=gaussian   samp=categorical  σ=10.0
   → both_rules=0.0140 ± 0.0102 (5 reps)  steps=2.3/9  n_corr=7  elapsed=8.2s
[324/848  eta=553.0min]
>> bbaN    L=128  T=8    strat=gaussian   samp=categorical  σ=20.0
   → both_rules=0.0380 ± 0.0075 (5 reps)  steps=2.7/9  n_corr=19  elapsed=8.5s
[325/848  eta=550.5min]
>> bbaN    L=128  T=8    strat=gaussian   samp=categorical  σ=50.0
   → both_rules=0.0920 ± 0.0293 (5 reps)  steps=3.0/9  n_corr=46  elapsed=7.9s
[326/848  eta=548.0min]
>> bbaN    L=128  T=8    strat=gaussian   samp=categorical  σ=100.0
   → both_rules=0.1140 ± 0.0215 (5 reps)  steps=2.9/9  n_corr=57  elapsed=7.1s
[327/848  eta=545.4min]
>> bbaN    L=128  T=8    strat=gaussian   samp=categorical  σ=256.0
   → both_rules=0.1100 ± 0.0228 (5 reps)  steps=2.6/9  n_corr=55  elapsed=6.3s
[328/848  eta=543.0min]
>> bbaN    L=128  T=16   strat=gaussian   samp=categorical  σ=1.0
   → both_rules=0.0140 ± 0.0080 (5 reps)  steps=3.6/16  n_corr=7  elapsed=9.9s
[329/848  eta=540.5min]
>> bbaN    L=128  T=16   strat=gaussian   samp=categorical  σ=2.0
   → both_rules=0.0200 ± 0.0089 (5 reps)  steps=3.9/16  n_corr=10  elapsed=10.6s
[330/848  eta=538.2min]
>> bbaN    L=128  T=16   strat=gaussian   samp=categorical  σ=5.0
   → both_rules=0.0560 ± 0.0150 (5 reps)  steps=5.1/16  n_corr=28  elapsed=12.5s
[331/848  eta=535.9min]
>> bbaN    L=128  T=16   strat=gaussian   samp=categorical  σ=10.0
   → both_rules=0.0820 ± 0.0232 (5 reps)  steps=6.1/17  n_corr=41  elapsed=13.5s
[332/848  eta=533.6min]
>> bbaN    L=128  T=16   strat=gaussian   samp=categorical  σ=20.0
   → both_rules=0.2040 ± 0.0102 (5 reps)  steps=7.5/17  n_corr=102  elapsed=14.5s
[333/848  eta=531.3min]
>> bbaN    L=128  T=16   strat=gaussian   samp=categorical  σ=50.0
   → both_rules=0.2940 ± 0.0500 (5 reps)  steps=8.4/17  n_corr=147  elapsed=13.4s
[334/848  eta=529.1min]
>> bbaN    L=128  T=16   strat=gaussian   samp=categorical  σ=100.0
   → both_rules=0.3780 ± 0.0426 (5 reps)  steps=9.2/17  n_corr=189  elapsed=12.8s
[335/848  eta=526.7min]
>> bbaN    L=128  T=16   strat=gaussian   samp=categorical  σ=256.0
   → both_rules=0.3080 ± 0.0343 (5 reps)  steps=8.0/17  n_corr=154  elapsed=11.0s
[336/848  eta=524.7min]
>> bbaN    L=128  T=32   strat=gaussian   samp=categorical  σ=1.0
   → both_rules=0.0520 ± 0.0133 (5 reps)  steps=10.4/32  n_corr=26  elapsed=21.1s
[337/848  eta=522.7min]
>> bbaN    L=128  T=32   strat=gaussian   samp=categorical  σ=2.0
   → both_rules=0.1000 ± 0.0179 (5 reps)  steps=11.9/32  n_corr=50  elapsed=22.6s
[338/848  eta=520.8min]
>> bbaN    L=128  T=32   strat=gaussian   samp=categorical  σ=5.0
   → both_rules=0.2080 ± 0.0392 (5 reps)  steps=15.4/33  n_corr=104  elapsed=27.2s
[339/848  eta=519.0min]
>> bbaN    L=128  T=32   strat=gaussian   samp=categorical  σ=10.0
   → both_rules=0.3220 ± 0.0293 (5 reps)  steps=18.6/33  n_corr=161  elapsed=30.7s
[340/848  eta=517.3min]
>> bbaN    L=128  T=32   strat=gaussian   samp=categorical  σ=20.0
   → both_rules=0.4820 ± 0.0611 (5 reps)  steps=21.2/33  n_corr=241  elapsed=31.9s
[341/848  eta=515.4min]
>> bbaN    L=128  T=32   strat=gaussian   samp=categorical  σ=50.0
   → both_rules=0.5020 ± 0.0519 (5 reps)  steps=20.8/33  n_corr=251  elapsed=28.1s
[342/848  eta=513.6min]
>> bbaN    L=128  T=32   strat=gaussian   samp=categorical  σ=100.0
   → both_rules=0.5960 ± 0.0080 (5 reps)  steps=22.9/33  n_corr=298  elapsed=27.2s
[343/848  eta=511.2min]
>> baN     L=128  T=1024 strat=gaussian   samp=greedy       σ=50.0
  built (baN, L=128, T=1024)  vocab=6  |X|=100
   → both_rules=0.9220 ± 0.0133 (5 reps)  steps=976.7/1018  n_corr=461  elapsed=17309.8s
[344/848  eta=509.2min]
>> bbaN    L=128  T=32   strat=gaussian   samp=categorical  σ=256.0
   → both_rules=0.6180 ± 0.0527 (5 reps)  steps=23.4/33  n_corr=309  elapsed=25.8s
[345/848  eta=507.5min]
>> bbaN    L=128  T=64   strat=gaussian   samp=categorical  σ=1.0
  built (bbaN, L=128, T=64)  vocab=6  |X|=100
   → both_rules=0.1920 ± 0.0412 (5 reps)  steps=33.0/64  n_corr=96  elapsed=51.8s
[346/848  eta=505.7min]
>> bbaN    L=128  T=64   strat=gaussian   samp=categorical  σ=2.0
   → both_rules=0.2560 ± 0.0280 (5 reps)  steps=37.1/65  n_corr=128  elapsed=60.0s
[347/848  eta=503.5min]
>> bbaN    L=128  T=1024 strat=gaussian   samp=greedy       σ=1.0
   → both_rules=0.9820 ± 0.0098 (5 reps)  steps=996.2/1018  n_corr=491  elapsed=987.7s
[348/848  eta=501.5min]
>> bbaN    L=128  T=1024 strat=gaussian   samp=greedy       σ=256.0
  built (bbaN, L=128, T=1024)  vocab=6  |X|=100
   → both_rules=0.9940 ± 0.0049 (5 reps)  steps=1008.4/1018  n_corr=497  elapsed=732.0s
[349/848  eta=499.3min]
>> bbaN    L=128  T=64   strat=gaussian   samp=categorical  σ=5.0
   → both_rules=0.4600 ± 0.0190 (5 reps)  steps=43.6/65  n_corr=230  elapsed=65.9s
[350/848  eta=497.2min]
>> bbaN    L=128  T=64   strat=gaussian   samp=categorical  σ=20.0
   → both_rules=0.6960 ± 0.0361 (5 reps)  steps=50.2/65  n_corr=348  elapsed=42.0s
[351/848  eta=495.2min]
>> bbaN    L=128  T=64   strat=gaussian   samp=categorical  σ=10.0
   → both_rules=0.5440 ± 0.0372 (5 reps)  steps=46.1/65  n_corr=272  elapsed=68.2s
[352/848  eta=493.2min]
>> bbaN    L=128  T=64   strat=gaussian   samp=categorical  σ=50.0
  built (bbaN, L=128, T=64)  vocab=6  |X|=100
   → both_rules=0.7360 ± 0.0326 (5 reps)  steps=51.4/65  n_corr=368  elapsed=56.3s
[353/848  eta=490.8min]
>> bbaN    L=128  T=64   strat=gaussian   samp=categorical  σ=256.0
   → both_rules=0.7740 ± 0.0326 (5 reps)  steps=53.8/65  n_corr=387  elapsed=33.8s
[354/848  eta=488.7min]
>> bbaN    L=128  T=64   strat=gaussian   samp=categorical  σ=100.0
   → both_rules=0.7940 ± 0.0102 (5 reps)  steps=54.2/65  n_corr=397  elapsed=59.2s
[355/848  eta=488.7min]
>> bbaN    L=128  T=128  strat=gaussian   samp=categorical  σ=1.0
   → both_rules=0.4380 ± 0.0421 (5 reps)  steps=89.3/128  n_corr=219  elapsed=129.8s
[356/848  eta=486.7min]
>> bbaN    L=128  T=128  strat=gaussian   samp=categorical  σ=2.0
  built (bbaN, L=128, T=128)  vocab=6  |X|=100
   → both_rules=0.4900 ± 0.0762 (5 reps)  steps=91.8/128  n_corr=245  elapsed=129.9s
[357/848  eta=484.5min]
>> bbaN    L=128  T=128  strat=gaussian   samp=categorical  σ=5.0
   → both_rules=0.6320 ± 0.0172 (5 reps)  steps=99.7/129  n_corr=316  elapsed=135.7s
[358/848  eta=482.6min]
>> bbaN    L=128  T=128  strat=gaussian   samp=categorical  σ=10.0
  built (bbaN, L=128, T=128)  vocab=6  |X|=100
   → both_rules=0.7180 ± 0.0412 (5 reps)  steps=102.7/129  n_corr=359  elapsed=142.0s
[359/848  eta=481.3min]
>> bbaN    L=128  T=1024 strat=gaussian   samp=greedy       σ=100.0
  built (bbaN, L=128, T=1024)  vocab=6  |X|=100
   → both_rules=0.9980 ± 0.0040 (5 reps)  steps=995.6/1018  n_corr=499  elapsed=1003.9s
[360/848  eta=479.8min]
>> bbaN    L=128  T=1024 strat=gaussian   samp=greedy       σ=50.0
  built (bbaN, L=128, T=1024)  vocab=6  |X|=100
   → both_rules=0.9940 ± 0.0080 (5 reps)  steps=973.4/1018  n_corr=497  elapsed=1081.4s
[361/848  eta=477.9min]
>> bbaN    L=128  T=128  strat=gaussian   samp=categorical  σ=100.0
   → both_rules=0.8900 ± 0.0245 (5 reps)  steps=116.6/129  n_corr=445  elapsed=117.4s
[362/848  eta=475.6min]
>> bbaN    L=128  T=128  strat=gaussian   samp=categorical  σ=20.0
   → both_rules=0.8420 ± 0.0248 (5 reps)  steps=110.6/129  n_corr=421  elapsed=142.6s
[363/848  eta=473.4min]
>> bbaN    L=128  T=128  strat=gaussian   samp=categorical  σ=50.0
   → both_rules=0.8560 ± 0.0206 (5 reps)  steps=111.9/129  n_corr=428  elapsed=125.2s
[364/848  eta=471.3min]
>> bbaN    L=128  T=128  strat=gaussian   samp=categorical  σ=256.0
   → both_rules=0.8920 ± 0.0117 (5 reps)  steps=118.0/129  n_corr=446  elapsed=111.2s
[365/848  eta=470.7min]
>> bbaN    L=128  T=1024 strat=gaussian   samp=greedy       σ=10.0
   → both_rules=0.9940 ± 0.0049 (5 reps)  steps=962.2/1018  n_corr=497  elapsed=1210.4s
[366/848  eta=469.8min]
>> bbaN    L=128  T=1024 strat=gaussian   samp=greedy       σ=20.0
  built (bbaN, L=128, T=1024)  vocab=6  |X|=100
   → both_rules=0.9940 ± 0.0049 (5 reps)  steps=954.9/1018  n_corr=497  elapsed=1262.2s
[367/848  eta=467.8min]
>> bbaN    L=128  T=256  strat=gaussian   samp=categorical  σ=1.0
  built (bbaN, L=128, T=256)  vocab=6  |X|=100
   → both_rules=0.6660 ± 0.0568 (5 reps)  steps=210.0/255  n_corr=333  elapsed=215.8s
[368/848  eta=466.4min]
>> bbaN    L=128  T=256  strat=gaussian   samp=categorical  σ=10.0
   → both_rules=0.8680 ± 0.0279 (5 reps)  steps=226.0/256  n_corr=434  elapsed=196.3s
[369/848  eta=465.2min]
>> bbaN    L=128  T=1024 strat=gaussian   samp=greedy       σ=2.0
  built (bbaN, L=128, T=1024)  vocab=6  |X|=100
   → both_rules=0.9900 ± 0.0063 (5 reps)  steps=987.4/1018  n_corr=495  elapsed=1430.0s
[370/848  eta=463.3min]
>> bbaN    L=128  T=256  strat=gaussian   samp=categorical  σ=100.0
   → both_rules=0.9200 ± 0.0276 (5 reps)  steps=236.2/256  n_corr=460  elapsed=173.7s
[371/848  eta=461.2min]
>> bbaN    L=128  T=256  strat=gaussian   samp=categorical  σ=2.0
   → both_rules=0.7180 ± 0.0479 (5 reps)  steps=212.3/256  n_corr=359  elapsed=283.7s
[372/848  eta=459.1min]
>> bbaN    L=128  T=1024 strat=gaussian   samp=greedy       σ=5.0
  built (bbaN, L=128, T=1024)  vocab=6  |X|=100
   → both_rules=0.9940 ± 0.0080 (5 reps)  steps=972.2/1018  n_corr=497  elapsed=1450.2s
[373/848  eta=457.0min]
>> bbaN    L=128  T=256  strat=gaussian   samp=categorical  σ=20.0
  built (bbaN, L=128, T=256)  vocab=6  |X|=100
   → both_rules=0.8740 ± 0.0102 (5 reps)  steps=225.3/256  n_corr=437  elapsed=273.5s
[374/848  eta=454.8min]
>> bbaN    L=128  T=256  strat=gaussian   samp=categorical  σ=50.0
  built (bbaN, L=128, T=256)  vocab=6  |X|=100
   → both_rules=0.9620 ± 0.0172 (5 reps)  steps=239.6/256  n_corr=481  elapsed=264.3s
[375/848  eta=452.8min]
>> bbaN    L=128  T=256  strat=gaussian   samp=categorical  σ=5.0
   → both_rules=0.8200 ± 0.0420 (5 reps)  steps=222.6/256  n_corr=410  elapsed=283.8s
[376/848  eta=452.5min]
>> bbaN    L=128  T=256  strat=gaussian   samp=categorical  σ=256.0
   → both_rules=0.9600 ± 0.0219 (5 reps)  steps=246.5/256  n_corr=480  elapsed=222.6s
[377/848  eta=454.6min]
>> bbaN    L=128  T=512  strat=gaussian   samp=categorical  σ=1.0
  built (bbaN, L=128, T=512)  vocab=6  |X|=100
   → both_rules=0.8240 ± 0.0233 (5 reps)  steps=453.0/510  n_corr=412  elapsed=415.7s
[378/848  eta=454.0min]
>> bbaN    L=128  T=512  strat=gaussian   samp=categorical  σ=2.0
   → both_rules=0.8300 ± 0.0219 (5 reps)  steps=454.3/510  n_corr=415  elapsed=455.2s
[379/848  eta=453.1min]
>> bbaN    L=128  T=512  strat=gaussian   samp=categorical  σ=10.0
   → both_rules=0.9300 ± 0.0276 (5 reps)  steps=465.3/510  n_corr=465  elapsed=453.9s
[380/848  eta=451.5min]
>> bbaN    L=128  T=512  strat=gaussian   samp=categorical  σ=100.0
  built (bbaN, L=128, T=512)  vocab=6  |X|=100
   → both_rules=0.9740 ± 0.0162 (5 reps)  steps=490.0/510  n_corr=487  elapsed=463.6s
[381/848  eta=449.6min]
>> bbaN    L=128  T=512  strat=gaussian   samp=categorical  σ=256.0
  built (bbaN, L=128, T=512)  vocab=6  |X|=100
   → both_rules=0.9680 ± 0.0194 (5 reps)  steps=495.5/510  n_corr=484  elapsed=475.3s
[382/848  eta=447.8min]
>> bbaN    L=128  T=512  strat=gaussian   samp=categorical  σ=50.0
   → both_rules=0.9620 ± 0.0133 (5 reps)  steps=475.7/510  n_corr=481  elapsed=495.1s
[383/848  eta=446.7min]
>> bbaN    L=128  T=512  strat=gaussian   samp=categorical  σ=5.0
   → both_rules=0.9080 ± 0.0232 (5 reps)  steps=462.1/510  n_corr=454  elapsed=575.7s
[384/848  eta=444.8min]
>> bbaN    L=128  T=512  strat=gaussian   samp=categorical  σ=20.0
   → both_rules=0.9540 ± 0.0162 (5 reps)  steps=466.4/510  n_corr=477  elapsed=565.1s
[385/848  eta=443.1min]
>> bbaN    L=128  T=130  strat=ar         samp=greedy       —
  built (bbaN, L=128, T=130)  vocab=6  |X|=100
   → both_rules=1.0000 (det)  steps=129.0/129  n_corr=100  elapsed=30.9s
[386/848  eta=441.5min]
>> bbaN    L=128  T=128  strat=ebsampler  samp=greedy       γ=0.1
   → both_rules=1.0000 (det)  steps=111.0/111  n_corr=100  elapsed=25.2s
[387/848  eta=439.6min]
>> bbaN    L=128  T=128  strat=ebsampler  samp=greedy       γ=0.5
   → both_rules=1.0000 (det)  steps=46.0/46  n_corr=100  elapsed=9.7s
[388/848  eta=437.7min]
>> bbaN    L=128  T=128  strat=ebsampler  samp=greedy       γ=0.9
   → both_rules=1.0000 (det)  steps=31.0/31  n_corr=100  elapsed=6.8s
[389/848  eta=435.7min]
>> bbaN    L=128  T=128  strat=ebsampler  samp=greedy       γ=2.0
   → both_rules=0.0000 (det)  steps=19.0/19  n_corr=0  elapsed=4.3s
[390/848  eta=433.7min]
>> bbaN    L=128  T=128  strat=ebsampler  samp=greedy       γ=5.0
   → both_rules=0.0000 (det)  steps=11.0/11  n_corr=0  elapsed=2.6s
[391/848  eta=431.7min]
>> bbaN    L=128  T=128  strat=ebsampler  samp=greedy       γ=10.0
   → both_rules=1.0000 (det)  steps=7.0/7  n_corr=100  elapsed=1.8s
[392/848  eta=430.8min]
>> bbaN    L=128  T=130  strat=ar         samp=categorical  —
  built (bbaN, L=128, T=130)  vocab=6  |X|=100
   → both_rules=1.0000 ± 0.0000 (5 reps)  steps=129.0/129  n_corr=500  elapsed=129.3s
[393/848  eta=429.0min]
>> bbaN    L=128  T=128  strat=ebsampler  samp=categorical  γ=0.1
   → both_rules=0.9400 ± 0.0316 (5 reps)  steps=52.9/109  n_corr=470  elapsed=71.4s
[394/848  eta=427.1min]
>> bbaN    L=128  T=128  strat=ebsampler  samp=categorical  γ=0.5
   → both_rules=0.1400 ± 0.0245 (5 reps)  steps=11.4/45  n_corr=70  elapsed=20.1s
[395/848  eta=425.2min]
>> bbaN    L=128  T=128  strat=ebsampler  samp=categorical  γ=0.9
   → both_rules=0.0860 ± 0.0215 (5 reps)  steps=5.9/23  n_corr=43  elapsed=12.6s
[396/848  eta=423.2min]
>> bbaN    L=128  T=128  strat=ebsampler  samp=categorical  γ=2.0
   → both_rules=0.0300 ± 0.0210 (5 reps)  steps=3.0/13  n_corr=15  elapsed=8.6s
[397/848  eta=421.3min]
>> bbaN    L=128  T=128  strat=ebsampler  samp=categorical  γ=5.0
   → both_rules=0.0040 ± 0.0049 (5 reps)  steps=1.4/5  n_corr=2  elapsed=6.6s
[398/848  eta=419.3min]
>> aNbN    L=128  T=1    strat=uniform    samp=greedy       —
  built (aNbN, L=128, T=1)  vocab=6  |X|=100
   → both_rules=0.0000 ± 0.0000 (5 reps)  steps=1.0/1  n_corr=0  elapsed=2.6s
[399/848  eta=417.4min]
>> bbaN    L=128  T=128  strat=ebsampler  samp=categorical  γ=10.0
   → both_rules=0.0000 ± 0.0000 (5 reps)  steps=1.0/2  n_corr=0  elapsed=7.1s
[400/848  eta=415.5min]
>> aNbN    L=128  T=4    strat=uniform    samp=greedy       —
  built (aNbN, L=128, T=4)  vocab=6  |X|=100
   → both_rules=0.0760 ± 0.0174 (5 reps)  steps=1.2/4  n_corr=38  elapsed=6.6s
[401/848  eta=413.6min]
>> aNbN    L=128  T=2    strat=uniform    samp=greedy       —
  built (aNbN, L=128, T=2)  vocab=6  |X|=100
   → both_rules=0.0000 ± 0.0000 (5 reps)  steps=1.0/1  n_corr=0  elapsed=10.2s
[402/848  eta=411.7min]
>> aNbN    L=128  T=8    strat=uniform    samp=greedy       —
  built (aNbN, L=128, T=8)  vocab=6  |X|=100
   → both_rules=0.3960 ± 0.0344 (5 reps)  steps=3.8/8  n_corr=198  elapsed=5.8s
[403/848  eta=409.9min]
>> aNbN    L=128  T=16   strat=uniform    samp=greedy       —
  built (aNbN, L=128, T=16)  vocab=6  |X|=100
   → both_rules=0.7220 ± 0.0515 (5 reps)  steps=12.0/16  n_corr=361  elapsed=9.0s
[404/848  eta=408.2min]
>> aNbN    L=128  T=32   strat=uniform    samp=greedy       —
  built (aNbN, L=128, T=32)  vocab=6  |X|=100
   → both_rules=0.8960 ± 0.0233 (5 reps)  steps=28.9/32  n_corr=448  elapsed=18.1s
[405/848  eta=406.7min]
>> aNbN    L=128  T=64   strat=uniform    samp=greedy       —
  built (aNbN, L=128, T=64)  vocab=6  |X|=100
   → both_rules=0.9360 ± 0.0185 (5 reps)  steps=60.1/64  n_corr=468  elapsed=35.8s
[406/848  eta=405.7min]
>> aNbN    L=128  T=128  strat=uniform    samp=greedy       —
  built (aNbN, L=128, T=128)  vocab=6  |X|=100
   → both_rules=0.9820 ± 0.0040 (5 reps)  steps=125.2/128  n_corr=491  elapsed=73.5s
[407/848  eta=405.6min]
>> aNbN    L=128  T=256  strat=uniform    samp=greedy       —
  built (aNbN, L=128, T=256)  vocab=6  |X|=100
   → both_rules=0.9960 ± 0.0049 (5 reps)  steps=252.6/255  n_corr=498  elapsed=148.5s
[408/848  eta=406.5min]
>> bbaN    L=128  T=1024 strat=gaussian   samp=categorical  σ=1.0
   → both_rules=0.9040 ± 0.0287 (5 reps)  steps=948.7/1016  n_corr=452  elapsed=1077.7s
[409/848  eta=404.6min]
>> aNbN    L=128  T=1    strat=uniform    samp=categorical  —
  built (aNbN, L=128, T=1)  vocab=6  |X|=100
   → both_rules=0.0000 ± 0.0000 (5 reps)  steps=1.0/1  n_corr=0  elapsed=1.7s
[410/848  eta=402.9min]
>> aNbN    L=128  T=2    strat=uniform    samp=categorical  —
  built (aNbN, L=128, T=2)  vocab=6  |X|=100
   → both_rules=0.0000 ± 0.0000 (5 reps)  steps=1.0/1  n_corr=0  elapsed=6.4s
[411/848  eta=401.0min]
>> aNbN    L=128  T=4    strat=uniform    samp=categorical  —
  built (aNbN, L=128, T=4)  vocab=6  |X|=100
   → both_rules=0.0000 ± 0.0000 (5 reps)  steps=1.0/1  n_corr=0  elapsed=4.4s
[412/848  eta=399.2min]
>> aNbN    L=128  T=8    strat=uniform    samp=categorical  —
  built (aNbN, L=128, T=8)  vocab=6  |X|=100
   → both_rules=0.0100 ± 0.0063 (5 reps)  steps=1.1/8  n_corr=5  elapsed=3.0s
[413/848  eta=397.4min]
>> aNbN    L=128  T=16   strat=uniform    samp=categorical  —
  built (aNbN, L=128, T=16)  vocab=6  |X|=100
   → both_rules=0.0920 ± 0.0194 (5 reps)  steps=2.5/16  n_corr=46  elapsed=3.5s
[414/848  eta=395.6min]
>> aNbN    L=128  T=32   strat=uniform    samp=categorical  —
  built (aNbN, L=128, T=32)  vocab=6  |X|=100
   → both_rules=0.3640 ± 0.0427 (5 reps)  steps=12.7/32  n_corr=182  elapsed=7.2s
[415/848  eta=393.9min]
>> aNbN    L=128  T=512  strat=uniform    samp=greedy       —
  built (aNbN, L=128, T=512)  vocab=6  |X|=100
   → both_rules=0.9860 ± 0.0080 (5 reps)  steps=498.5/509  n_corr=493  elapsed=290.9s
[416/848  eta=392.2min]
>> aNbN    L=128  T=64   strat=uniform    samp=categorical  —
  built (aNbN, L=128, T=64)  vocab=6  |X|=100
   → both_rules=0.6220 ± 0.0564 (5 reps)  steps=40.9/64  n_corr=311  elapsed=18.6s
[417/848  eta=391.4min]
>> aNbN    L=128  T=128  strat=uniform    samp=categorical  —
   → both_rules=0.8140 ± 0.0273 (5 reps)  steps=104.9/128  n_corr=407  elapsed=68.1s
[418/848  eta=390.2min]
>> aNbN    L=128  T=256  strat=uniform    samp=categorical  —
  built (aNbN, L=128, T=256)  vocab=6  |X|=100
   → both_rules=0.8760 ± 0.0174 (5 reps)  steps=223.4/255  n_corr=438  elapsed=94.0s
[419/848  eta=388.5min]
>> bbaN    L=128  T=1024 strat=gaussian   samp=categorical  σ=2.0
   → both_rules=0.9020 ± 0.0306 (5 reps)  steps=940.0/1018  n_corr=451  elapsed=1140.1s
[420/848  eta=386.7min]
>> bbaN    L=128  T=1024 strat=gaussian   samp=categorical  σ=5.0
   → both_rules=0.9360 ± 0.0196 (5 reps)  steps=941.0/1018  n_corr=468  elapsed=936.5s
[421/848  eta=384.9min]
>> aNbN    L=128  T=1    strat=gaussian   samp=greedy       σ=1.0
  built (aNbN, L=128, T=1)  vocab=6  |X|=100
   → both_rules=0.0000 ± 0.0000 (5 reps)  steps=1.0/1  n_corr=0  elapsed=2.7s
[422/848  eta=383.1min]
>> aNbN    L=128  T=1    strat=gaussian   samp=greedy       σ=2.0
  built (aNbN, L=128, T=1)  vocab=6  |X|=100
   → both_rules=0.0000 ± 0.0000 (5 reps)  steps=1.0/1  n_corr=0  elapsed=2.8s
[423/848  eta=381.3min]
>> aNbN    L=128  T=1    strat=gaussian   samp=greedy       σ=5.0
   → both_rules=0.0000 ± 0.0000 (5 reps)  steps=1.0/1  n_corr=0  elapsed=2.7s
[424/848  eta=379.6min]
>> aNbN    L=128  T=1    strat=gaussian   samp=greedy       σ=10.0
   → both_rules=0.0000 ± 0.0000 (5 reps)  steps=1.0/1  n_corr=0  elapsed=2.8s
[425/848  eta=377.8min]
>> aNbN    L=128  T=1    strat=gaussian   samp=greedy       σ=20.0
   → both_rules=0.0000 ± 0.0000 (5 reps)  steps=1.0/1  n_corr=0  elapsed=2.7s
[426/848  eta=376.0min]
>> aNbN    L=128  T=1    strat=gaussian   samp=greedy       σ=50.0
   → both_rules=0.0000 ± 0.0000 (5 reps)  steps=1.0/1  n_corr=0  elapsed=2.9s
[427/848  eta=374.3min]
>> aNbN    L=128  T=1    strat=gaussian   samp=greedy       σ=100.0
   → both_rules=0.0000 ± 0.0000 (5 reps)  steps=1.0/1  n_corr=0  elapsed=2.8s
[428/848  eta=372.6min]
>> aNbN    L=128  T=1    strat=gaussian   samp=greedy       σ=256.0
   → both_rules=0.0000 ± 0.0000 (5 reps)  steps=1.0/1  n_corr=0  elapsed=3.0s
[429/848  eta=370.8min]
>> aNbN    L=128  T=2    strat=gaussian   samp=greedy       σ=1.0
  built (aNbN, L=128, T=2)  vocab=6  |X|=100
   → both_rules=0.9760 ± 0.0102 (5 reps)  steps=2.0/3  n_corr=488  elapsed=3.5s
[430/848  eta=369.2min]
>> aNbN    L=128  T=2    strat=gaussian   samp=greedy       σ=2.0
  built (aNbN, L=128, T=2)  vocab=6  |X|=100
   → both_rules=0.7660 ± 0.0361 (5 reps)  steps=1.8/3  n_corr=383  elapsed=5.3s
[431/848  eta=367.5min]
>> aNbN    L=128  T=2    strat=gaussian   samp=greedy       σ=5.0
   → both_rules=0.2500 ± 0.0510 (5 reps)  steps=1.3/3  n_corr=125  elapsed=8.4s
[432/848  eta=365.9min]
>> aNbN    L=128  T=2    strat=gaussian   samp=greedy       σ=10.0
   → both_rules=0.0280 ± 0.0160 (5 reps)  steps=1.0/3  n_corr=14  elapsed=11.3s
[433/848  eta=364.2min]
>> aNbN    L=128  T=2    strat=gaussian   samp=greedy       σ=20.0
   → both_rules=0.0040 ± 0.0049 (5 reps)  steps=1.0/3  n_corr=2  elapsed=10.0s
[434/848  eta=362.6min]
>> aNbN    L=128  T=2    strat=gaussian   samp=greedy       σ=50.0
   → both_rules=0.0000 ± 0.0000 (5 reps)  steps=1.0/1  n_corr=0  elapsed=11.4s
[435/848  eta=360.9min]
>> aNbN    L=128  T=2    strat=gaussian   samp=greedy       σ=100.0
   → both_rules=0.0000 ± 0.0000 (5 reps)  steps=1.0/1  n_corr=0  elapsed=10.0s
[436/848  eta=359.3min]
>> aNbN    L=128  T=4    strat=gaussian   samp=greedy       σ=1.0
  built (aNbN, L=128, T=4)  vocab=6  |X|=100
   → both_rules=1.0000 ± 0.0000 (5 reps)  steps=4.0/5  n_corr=500  elapsed=5.6s
[437/848  eta=357.7min]
>> aNbN    L=128  T=2    strat=gaussian   samp=greedy       σ=256.0
   → both_rules=0.0000 ± 0.0000 (5 reps)  steps=1.0/1  n_corr=0  elapsed=11.1s
[438/848  eta=356.1min]
>> aNbN    L=128  T=4    strat=gaussian   samp=greedy       σ=2.0
   → both_rules=1.0000 ± 0.0000 (5 reps)  steps=4.0/5  n_corr=500  elapsed=5.6s
[439/848  eta=354.4min]
>> aNbN    L=128  T=4    strat=gaussian   samp=greedy       σ=5.0
  built (aNbN, L=128, T=4)  vocab=6  |X|=100
   → both_rules=1.0000 ± 0.0000 (5 reps)  steps=4.1/5  n_corr=500  elapsed=5.7s
[440/848  eta=352.8min]
>> aNbN    L=128  T=4    strat=gaussian   samp=greedy       σ=10.0
   → both_rules=0.9960 ± 0.0049 (5 reps)  steps=4.1/5  n_corr=498  elapsed=5.6s
[441/848  eta=351.2min]
>> aNbN    L=128  T=4    strat=gaussian   samp=greedy       σ=20.0
   → both_rules=0.8220 ± 0.0293 (5 reps)  steps=3.8/5  n_corr=411  elapsed=6.3s
[442/848  eta=349.6min]
>> aNbN    L=128  T=4    strat=gaussian   samp=greedy       σ=50.0
   → both_rules=0.5240 ± 0.0422 (5 reps)  steps=3.0/5  n_corr=262  elapsed=6.1s
[443/848  eta=348.0min]
>> aNbN    L=128  T=4    strat=gaussian   samp=greedy       σ=100.0
   → both_rules=0.3880 ± 0.0483 (5 reps)  steps=2.6/5  n_corr=194  elapsed=5.8s
[444/848  eta=346.4min]
>> aNbN    L=128  T=4    strat=gaussian   samp=greedy       σ=256.0
   → both_rules=0.2940 ± 0.0356 (5 reps)  steps=2.2/5  n_corr=147  elapsed=5.6s
[445/848  eta=344.9min]
>> aNbN    L=128  T=8    strat=gaussian   samp=greedy       σ=1.0
  built (aNbN, L=128, T=8)  vocab=6  |X|=100
   → both_rules=1.0000 ± 0.0000 (5 reps)  steps=8.0/9  n_corr=500  elapsed=10.1s
[446/848  eta=343.3min]
>> aNbN    L=128  T=8    strat=gaussian   samp=greedy       σ=2.0
  built (aNbN, L=128, T=8)  vocab=6  |X|=100
   → both_rules=1.0000 ± 0.0000 (5 reps)  steps=8.0/9  n_corr=500  elapsed=9.9s
[447/848  eta=341.8min]
>> aNbN    L=128  T=8    strat=gaussian   samp=greedy       σ=5.0
   → both_rules=1.0000 ± 0.0000 (5 reps)  steps=8.0/9  n_corr=500  elapsed=10.0s
[448/848  eta=340.2min]
>> aNbN    L=128  T=8    strat=gaussian   samp=greedy       σ=10.0
   → both_rules=0.9940 ± 0.0049 (5 reps)  steps=8.0/9  n_corr=497  elapsed=9.8s
[449/848  eta=338.7min]
>> aNbN    L=128  T=8    strat=gaussian   samp=greedy       σ=20.0
   → both_rules=0.9260 ± 0.0287 (5 reps)  steps=7.8/9  n_corr=463  elapsed=9.8s
[450/848  eta=337.1min]
>> aNbN    L=128  T=8    strat=gaussian   samp=greedy       σ=50.0
   → both_rules=0.8000 ± 0.0210 (5 reps)  steps=7.4/9  n_corr=400  elapsed=9.1s
[451/848  eta=335.6min]
>> aNbN    L=128  T=8    strat=gaussian   samp=greedy       σ=100.0
   → both_rules=0.7440 ± 0.0206 (5 reps)  steps=7.1/9  n_corr=372  elapsed=8.4s
[452/848  eta=334.1min]
>> aNbN    L=128  T=8    strat=gaussian   samp=greedy       σ=256.0
   → both_rules=0.7720 ± 0.0483 (5 reps)  steps=7.3/9  n_corr=386  elapsed=7.9s
[453/848  eta=332.8min]
>> aNbN    L=128  T=16   strat=gaussian   samp=greedy       σ=1.0
  built (aNbN, L=128, T=16)  vocab=6  |X|=100
   → both_rules=1.0000 ± 0.0000 (5 reps)  steps=16.0/17  n_corr=500  elapsed=19.1s
[454/848  eta=331.2min]
>> aNbN    L=128  T=16   strat=gaussian   samp=greedy       σ=2.0
  built (aNbN, L=128, T=16)  vocab=6  |X|=100
   → both_rules=1.0000 ± 0.0000 (5 reps)  steps=16.0/17  n_corr=500  elapsed=19.0s
[455/848  eta=329.8min]
>> bbaN    L=128  T=1024 strat=gaussian   samp=categorical  σ=10.0
  built (bbaN, L=128, T=1024)  vocab=6  |X|=100
   → both_rules=0.9720 ± 0.0117 (5 reps)  steps=946.4/1018  n_corr=486  elapsed=1000.3s
[456/848  eta=328.3min]
>> aNbN    L=128  T=16   strat=gaussian   samp=greedy       σ=5.0
   → both_rules=1.0000 ± 0.0000 (5 reps)  steps=15.8/17  n_corr=500  elapsed=16.0s
[457/848  eta=326.8min]
>> aNbN    L=128  T=16   strat=gaussian   samp=greedy       σ=10.0
   → both_rules=1.0000 ± 0.0000 (5 reps)  steps=15.7/17  n_corr=500  elapsed=18.4s
[458/848  eta=325.4min]
>> aNbN    L=128  T=16   strat=gaussian   samp=greedy       σ=50.0
   → both_rules=0.8940 ± 0.0162 (5 reps)  steps=15.0/17  n_corr=447  elapsed=11.3s
[459/848  eta=323.9min]
>> aNbN    L=128  T=16   strat=gaussian   samp=greedy       σ=20.0
  built (aNbN, L=128, T=16)  vocab=6  |X|=100
   → both_rules=0.9700 ± 0.0126 (5 reps)  steps=15.5/17  n_corr=485  elapsed=19.2s
[460/848  eta=322.4min]
>> bbaN    L=128  T=1024 strat=gaussian   samp=categorical  σ=20.0
   → both_rules=0.9820 ± 0.0040 (5 reps)  steps=947.8/1018  n_corr=491  elapsed=960.7s
[461/848  eta=320.9min]
>> aNbN    L=128  T=16   strat=gaussian   samp=greedy       σ=100.0
   → both_rules=0.8740 ± 0.0320 (5 reps)  steps=15.0/17  n_corr=437  elapsed=15.0s
[462/848  eta=319.4min]
>> aNbN    L=128  T=16   strat=gaussian   samp=greedy       σ=256.0
   → both_rules=0.8560 ± 0.0367 (5 reps)  steps=15.0/17  n_corr=428  elapsed=10.1s
[463/848  eta=318.0min]
>> aNbN    L=128  T=1024 strat=uniform    samp=greedy       —
  built (aNbN, L=128, T=1024)  vocab=6  |X|=100
   → both_rules=1.0000 ± 0.0000 (5 reps)  steps=1009.8/1017  n_corr=500  elapsed=491.6s
[464/848  eta=316.7min]
>> aNbN    L=128  T=32   strat=gaussian   samp=greedy       σ=10.0
  built (aNbN, L=128, T=32)  vocab=6  |X|=100
   → both_rules=1.0000 ± 0.0000 (5 reps)  steps=30.8/33  n_corr=500  elapsed=24.3s
[465/848  eta=315.3min]
>> bbaN    L=128  T=1024 strat=gaussian   samp=categorical  σ=256.0
   → both_rules=0.9920 ± 0.0040 (5 reps)  steps=1005.6/1018  n_corr=496  elapsed=944.4s
[466/848  eta=313.8min]
>> aNbN    L=128  T=32   strat=gaussian   samp=greedy       σ=5.0
  built (aNbN, L=128, T=32)  vocab=6  |X|=100
   → both_rules=1.0000 ± 0.0000 (5 reps)  steps=31.1/33  n_corr=500  elapsed=35.6s
[467/848  eta=312.3min]
>> aNbN    L=128  T=32   strat=gaussian   samp=greedy       σ=1.0
  built (aNbN, L=128, T=32)  vocab=6  |X|=100
   → both_rules=1.0000 ± 0.0000 (5 reps)  steps=32.0/33  n_corr=500  elapsed=39.1s
[468/848  eta=310.8min]
>> aNbN    L=128  T=32   strat=gaussian   samp=greedy       σ=2.0
  built (aNbN, L=128, T=32)  vocab=6  |X|=100
   → both_rules=1.0000 ± 0.0000 (5 reps)  steps=31.6/33  n_corr=500  elapsed=36.8s
[469/848  eta=309.4min]
>> aNbN    L=128  T=32   strat=gaussian   samp=greedy       σ=20.0
  built (aNbN, L=128, T=32)  vocab=6  |X|=100
   → both_rules=0.9880 ± 0.0075 (5 reps)  steps=30.5/33  n_corr=494  elapsed=24.6s
[470/848  eta=308.1min]
>> aNbN    L=128  T=32   strat=gaussian   samp=greedy       σ=50.0
   → both_rules=0.9460 ± 0.0080 (5 reps)  steps=30.4/33  n_corr=473  elapsed=21.8s
[471/848  eta=306.8min]
>> aNbN    L=128  T=32   strat=gaussian   samp=greedy       σ=256.0
   → both_rules=0.9320 ± 0.0133 (5 reps)  steps=31.1/33  n_corr=466  elapsed=28.2s
[472/848  eta=305.3min]
>> aNbN    L=128  T=32   strat=gaussian   samp=greedy       σ=100.0
  built (aNbN, L=128, T=32)  vocab=6  |X|=100
   → both_rules=0.9580 ± 0.0075 (5 reps)  steps=31.2/33  n_corr=479  elapsed=30.2s
[473/848  eta=304.2min]
>> aNbN    L=128  T=512  strat=uniform    samp=categorical  —
   → both_rules=0.9560 ± 0.0287 (5 reps)  steps=484.4/509  n_corr=478  elapsed=304.7s
[474/848  eta=302.9min]
>> bbaN    L=128  T=1024 strat=gaussian   samp=categorical  σ=50.0
   → both_rules=0.9840 ± 0.0049 (5 reps)  steps=967.7/1018  n_corr=492  elapsed=1039.2s
[475/848  eta=301.6min]
>> aNbN    L=128  T=64   strat=gaussian   samp=greedy       σ=2.0
  built (aNbN, L=128, T=64)  vocab=6  |X|=100
   → both_rules=1.0000 ± 0.0000 (5 reps)  steps=62.7/65  n_corr=500  elapsed=72.0s
[476/848  eta=300.1min]
>> bbaN    L=128  T=1024 strat=gaussian   samp=categorical  σ=100.0
  built (bbaN, L=128, T=1024)  vocab=6  |X|=100
   → both_rules=0.9860 ± 0.0102 (5 reps)  steps=982.9/1018  n_corr=493  elapsed=1035.1s
[477/848  eta=298.7min]
>> aNbN    L=128  T=64   strat=gaussian   samp=greedy       σ=1.0
  built (aNbN, L=128, T=64)  vocab=6  |X|=100
   → both_rules=1.0000 ± 0.0000 (5 reps)  steps=63.2/65  n_corr=500  elapsed=76.1s
[478/848  eta=297.3min]
>> aNbN    L=128  T=64   strat=gaussian   samp=greedy       σ=5.0
   → both_rules=1.0000 ± 0.0000 (5 reps)  steps=61.7/65  n_corr=500  elapsed=71.0s
[479/848  eta=295.9min]
>> aNbN    L=128  T=64   strat=gaussian   samp=greedy       σ=10.0
  built (aNbN, L=128, T=64)  vocab=6  |X|=100
   → both_rules=1.0000 ± 0.0000 (5 reps)  steps=61.0/65  n_corr=500  elapsed=64.1s
[480/848  eta=294.7min]
>> aNbN    L=128  T=64   strat=gaussian   samp=greedy       σ=50.0
  built (aNbN, L=128, T=64)  vocab=6  |X|=100
   → both_rules=0.9760 ± 0.0049 (5 reps)  steps=61.3/65  n_corr=488  elapsed=62.7s
[481/848  eta=293.3min]
>> aNbN    L=128  T=64   strat=gaussian   samp=greedy       σ=20.0
  built (aNbN, L=128, T=64)  vocab=6  |X|=100
   → both_rules=0.9880 ± 0.0117 (5 reps)  steps=60.6/65  n_corr=494  elapsed=68.9s
[482/848  eta=292.2min]
>> aNbN    L=128  T=64   strat=gaussian   samp=greedy       σ=100.0
  built (aNbN, L=128, T=64)  vocab=6  |X|=100
   → both_rules=0.9760 ± 0.0102 (5 reps)  steps=62.5/65  n_corr=488  elapsed=61.7s
[483/848  eta=290.9min]
>> aNbN    L=128  T=64   strat=gaussian   samp=greedy       σ=256.0
  built (aNbN, L=128, T=64)  vocab=6  |X|=100
   → both_rules=0.9700 ± 0.0141 (5 reps)  steps=63.1/65  n_corr=485  elapsed=59.8s
[484/848  eta=290.6min]
>> aNbN    L=128  T=128  strat=gaussian   samp=greedy       σ=10.0
  built (aNbN, L=128, T=128)  vocab=6  |X|=100
   → both_rules=1.0000 ± 0.0000 (5 reps)  steps=121.9/129  n_corr=500  elapsed=137.5s
[485/848  eta=289.2min]
>> aNbN    L=128  T=128  strat=gaussian   samp=greedy       σ=100.0
  built (aNbN, L=128, T=128)  vocab=6  |X|=100
   → both_rules=0.9900 ± 0.0089 (5 reps)  steps=125.2/129  n_corr=495  elapsed=116.6s
[486/848  eta=287.8min]
>> aNbN    L=128  T=128  strat=gaussian   samp=greedy       σ=1.0
  built (aNbN, L=128, T=128)  vocab=6  |X|=100
   → both_rules=1.0000 ± 0.0000 (5 reps)  steps=125.9/128  n_corr=500  elapsed=141.9s
[487/848  eta=286.4min]
>> aNbN    L=128  T=128  strat=gaussian   samp=greedy       σ=50.0
  built (aNbN, L=128, T=128)  vocab=6  |X|=100
   → both_rules=0.9840 ± 0.0080 (5 reps)  steps=122.7/129  n_corr=492  elapsed=124.0s
[488/848  eta=285.1min]
>> aNbN    L=128  T=128  strat=gaussian   samp=greedy       σ=20.0
  built (aNbN, L=128, T=128)  vocab=6  |X|=100
   → both_rules=1.0000 ± 0.0000 (5 reps)  steps=121.7/129  n_corr=500  elapsed=137.9s
[489/848  eta=283.8min]
>> aNbN    L=128  T=128  strat=gaussian   samp=greedy       σ=2.0
  built (aNbN, L=128, T=128)  vocab=6  |X|=100
   → both_rules=1.0000 ± 0.0000 (5 reps)  steps=124.7/129  n_corr=500  elapsed=152.7s
[490/848  eta=282.5min]
>> aNbN    L=128  T=128  strat=gaussian   samp=greedy       σ=5.0
  built (aNbN, L=128, T=128)  vocab=6  |X|=100
   → both_rules=1.0000 ± 0.0000 (5 reps)  steps=123.0/129  n_corr=500  elapsed=150.5s
[491/848  eta=281.2min]
>> aNbN    L=128  T=128  strat=gaussian   samp=greedy       σ=256.0
   → both_rules=0.9800 ± 0.0089 (5 reps)  steps=126.1/129  n_corr=490  elapsed=116.3s
[492/848  eta=280.6min]
>> aNbN    L=128  T=1024 strat=uniform    samp=categorical  —
  built (aNbN, L=128, T=1024)  vocab=6  |X|=100
   → both_rules=0.9780 ± 0.0147 (5 reps)  steps=988.8/1017  n_corr=489  elapsed=507.3s
[493/848  eta=280.7min]
>> aNbN    L=128  T=256  strat=gaussian   samp=greedy       σ=1.0
  built (aNbN, L=128, T=256)  vocab=6  |X|=100
   → both_rules=1.0000 ± 0.0000 (5 reps)  steps=250.1/256  n_corr=500  elapsed=293.2s
[494/848  eta=279.8min]
>> aNbN    L=128  T=256  strat=gaussian   samp=greedy       σ=256.0
  built (aNbN, L=128, T=256)  vocab=6  |X|=100
   → both_rules=0.9800 ± 0.0063 (5 reps)  steps=250.2/256  n_corr=490  elapsed=232.2s
[495/848  eta=278.6min]
>> aNbN    L=128  T=256  strat=gaussian   samp=greedy       σ=50.0
  built (aNbN, L=128, T=256)  vocab=6  |X|=100
   → both_rules=0.9940 ± 0.0049 (5 reps)  steps=244.2/256  n_corr=497  elapsed=253.5s
[496/848  eta=277.3min]
>> aNbN    L=128  T=256  strat=gaussian   samp=greedy       σ=100.0
  built (aNbN, L=128, T=256)  vocab=6  |X|=100
   → both_rules=0.9860 ± 0.0080 (5 reps)  steps=248.3/256  n_corr=493  elapsed=244.1s
[497/848  eta=276.1min]
>> aNbN    L=128  T=256  strat=gaussian   samp=greedy       σ=20.0
  built (aNbN, L=128, T=256)  vocab=6  |X|=100
   → both_rules=1.0000 ± 0.0000 (5 reps)  steps=241.5/256  n_corr=500  elapsed=267.6s
[498/848  eta=274.8min]
>> aNbN    L=128  T=256  strat=gaussian   samp=greedy       σ=10.0
  built (aNbN, L=128, T=256)  vocab=6  |X|=100
   → both_rules=1.0000 ± 0.0000 (5 reps)  steps=241.6/256  n_corr=500  elapsed=272.9s
[499/848  eta=273.5min]
>> aNbN    L=128  T=256  strat=gaussian   samp=greedy       σ=5.0
  built (aNbN, L=128, T=256)  vocab=6  |X|=100
   → both_rules=1.0000 ± 0.0000 (5 reps)  steps=244.4/256  n_corr=500  elapsed=277.0s
[500/848  eta=272.2min]
>> aNbN    L=128  T=256  strat=gaussian   samp=greedy       σ=2.0
   → both_rules=1.0000 ± 0.0000 (5 reps)  steps=248.2/256  n_corr=500  elapsed=283.2s
[501/848  eta=273.8min]
>> aNbN    L=128  T=512  strat=gaussian   samp=greedy       σ=1.0
   → both_rules=1.0000 ± 0.0000 (5 reps)  steps=498.9/508  n_corr=500  elapsed=512.7s
[502/848  eta=273.5min]
>> baN     L=128  T=512  strat=gaussian   samp=categorical  σ=20.0
   → both_rules=0.9760 ± 0.0102 (5 reps)  steps=479.8/510  n_corr=488  elapsed=12501.9s
[503/848  eta=272.5min]
>> aNbN    L=128  T=512  strat=gaussian   samp=greedy       σ=2.0
  built (aNbN, L=128, T=512)  vocab=6  |X|=100
   → both_rules=1.0000 ± 0.0000 (5 reps)  steps=494.8/510  n_corr=500  elapsed=569.0s
[504/848  eta=271.8min]
>> aNbN    L=128  T=512  strat=gaussian   samp=greedy       σ=100.0
  built (aNbN, L=128, T=512)  vocab=6  |X|=100
   → both_rules=0.9920 ± 0.0040 (5 reps)  steps=496.3/510  n_corr=496  elapsed=437.7s
[505/848  eta=270.5min]
>> aNbN    L=128  T=512  strat=gaussian   samp=greedy       σ=256.0
  built (aNbN, L=128, T=512)  vocab=6  |X|=100
   → both_rules=0.9920 ± 0.0040 (5 reps)  steps=503.2/510  n_corr=496  elapsed=435.5s
[506/848  eta=269.6min]
>> aNbN    L=128  T=512  strat=gaussian   samp=greedy       σ=50.0
  built (aNbN, L=128, T=512)  vocab=6  |X|=100
   → both_rules=0.9980 ± 0.0040 (5 reps)  steps=487.9/510  n_corr=499  elapsed=493.4s
[507/848  eta=268.6min]
>> aNbN    L=128  T=512  strat=gaussian   samp=greedy       σ=5.0
  built (aNbN, L=128, T=512)  vocab=6  |X|=100
   → both_rules=1.0000 ± 0.0000 (5 reps)  steps=488.5/510  n_corr=500  elapsed=571.7s
[508/848  eta=267.3min]
>> aNbN    L=128  T=1    strat=gaussian   samp=categorical  σ=1.0
  built (aNbN, L=128, T=1)  vocab=6  |X|=100
   → both_rules=0.0000 ± 0.0000 (5 reps)  steps=1.0/1  n_corr=0  elapsed=2.9s
[509/848  eta=266.0min]
>> aNbN    L=128  T=1    strat=gaussian   samp=categorical  σ=2.0
   → both_rules=0.0000 ± 0.0000 (5 reps)  steps=1.0/1  n_corr=0  elapsed=2.9s
[510/848  eta=264.8min]
>> aNbN    L=128  T=1    strat=gaussian   samp=categorical  σ=5.0
   → both_rules=0.0000 ± 0.0000 (5 reps)  steps=1.0/1  n_corr=0  elapsed=2.9s
[511/848  eta=263.5min]
>> aNbN    L=128  T=512  strat=gaussian   samp=greedy       σ=10.0
  built (aNbN, L=128, T=512)  vocab=6  |X|=100
   → both_rules=1.0000 ± 0.0000 (5 reps)  steps=482.2/510  n_corr=500  elapsed=541.5s
[512/848  eta=262.2min]
>> aNbN    L=128  T=1    strat=gaussian   samp=categorical  σ=10.0
   → both_rules=0.0000 ± 0.0000 (5 reps)  steps=1.0/1  n_corr=0  elapsed=2.9s
[513/848  eta=260.9min]
>> aNbN    L=128  T=1    strat=gaussian   samp=categorical  σ=20.0
  built (aNbN, L=128, T=1)  vocab=6  |X|=100
   → both_rules=0.0000 ± 0.0000 (5 reps)  steps=1.0/1  n_corr=0  elapsed=2.8s
[514/848  eta=259.7min]
>> aNbN    L=128  T=1    strat=gaussian   samp=categorical  σ=50.0
   → both_rules=0.0000 ± 0.0000 (5 reps)  steps=1.0/1  n_corr=0  elapsed=2.9s
[515/848  eta=258.4min]
>> aNbN    L=128  T=1    strat=gaussian   samp=categorical  σ=100.0
   → both_rules=0.0000 ± 0.0000 (5 reps)  steps=1.0/1  n_corr=0  elapsed=2.8s
[516/848  eta=257.1min]
>> aNbN    L=128  T=1    strat=gaussian   samp=categorical  σ=256.0
   → both_rules=0.0000 ± 0.0000 (5 reps)  steps=1.0/1  n_corr=0  elapsed=3.0s
[517/848  eta=256.0min]
>> aNbN    L=128  T=2    strat=gaussian   samp=categorical  σ=1.0
  built (aNbN, L=128, T=2)  vocab=6  |X|=100
   → both_rules=0.0000 ± 0.0000 (5 reps)  steps=1.0/1  n_corr=0  elapsed=9.6s
[518/848  eta=254.7min]
>> aNbN    L=128  T=2    strat=gaussian   samp=categorical  σ=2.0
  built (aNbN, L=128, T=2)  vocab=6  |X|=100
   → both_rules=0.0000 ± 0.0000 (5 reps)  steps=1.0/1  n_corr=0  elapsed=10.4s
[519/848  eta=253.5min]
>> aNbN    L=128  T=512  strat=gaussian   samp=greedy       σ=20.0
  built (aNbN, L=128, T=512)  vocab=6  |X|=100
   → both_rules=0.9980 ± 0.0040 (5 reps)  steps=480.7/510  n_corr=499  elapsed=553.4s
[520/848  eta=252.3min]
>> aNbN    L=128  T=2    strat=gaussian   samp=categorical  σ=5.0
   → both_rules=0.0000 ± 0.0000 (5 reps)  steps=1.0/1  n_corr=0  elapsed=9.7s
[521/848  eta=251.1min]
>> aNbN    L=128  T=2    strat=gaussian   samp=categorical  σ=10.0
   → both_rules=0.0000 ± 0.0000 (5 reps)  steps=1.0/1  n_corr=0  elapsed=10.5s
[522/848  eta=249.9min]
>> aNbN    L=128  T=2    strat=gaussian   samp=categorical  σ=20.0
   → both_rules=0.0000 ± 0.0000 (5 reps)  steps=1.0/1  n_corr=0  elapsed=10.6s
[523/848  eta=248.6min]
>> aNbN    L=128  T=2    strat=gaussian   samp=categorical  σ=50.0
   → both_rules=0.0000 ± 0.0000 (5 reps)  steps=1.0/1  n_corr=0  elapsed=9.6s
[524/848  eta=247.4min]
>> aNbN    L=128  T=2    strat=gaussian   samp=categorical  σ=100.0
   → both_rules=0.0000 ± 0.0000 (5 reps)  steps=1.0/1  n_corr=0  elapsed=10.2s
[525/848  eta=246.2min]
>> aNbN    L=128  T=4    strat=gaussian   samp=categorical  σ=1.0
  built (aNbN, L=128, T=4)  vocab=6  |X|=100
   → both_rules=0.0000 ± 0.0000 (5 reps)  steps=1.0/1  n_corr=0  elapsed=6.5s
[526/848  eta=245.0min]
>> aNbN    L=128  T=2    strat=gaussian   samp=categorical  σ=256.0
   → both_rules=0.0000 ± 0.0000 (5 reps)  steps=1.0/1  n_corr=0  elapsed=10.6s
[527/848  eta=243.8min]
>> aNbN    L=128  T=4    strat=gaussian   samp=categorical  σ=2.0
  built (aNbN, L=128, T=4)  vocab=6  |X|=100
   → both_rules=0.0000 ± 0.0000 (5 reps)  steps=1.0/1  n_corr=0  elapsed=6.6s
[528/848  eta=242.6min]
>> aNbN    L=128  T=4    strat=gaussian   samp=categorical  σ=5.0
   → both_rules=0.0000 ± 0.0000 (5 reps)  steps=1.0/2  n_corr=0  elapsed=6.2s
[529/848  eta=241.4min]
>> aNbN    L=128  T=4    strat=gaussian   samp=categorical  σ=10.0
   → both_rules=0.0020 ± 0.0040 (5 reps)  steps=1.0/4  n_corr=1  elapsed=6.1s
[530/848  eta=240.2min]
>> aNbN    L=128  T=4    strat=gaussian   samp=categorical  σ=20.0
   → both_rules=0.0080 ± 0.0075 (5 reps)  steps=1.1/4  n_corr=4  elapsed=5.1s
[531/848  eta=239.0min]
>> aNbN    L=128  T=4    strat=gaussian   samp=categorical  σ=50.0
   → both_rules=0.0200 ± 0.0155 (5 reps)  steps=1.1/5  n_corr=10  elapsed=5.0s
[532/848  eta=237.9min]
>> aNbN    L=128  T=4    strat=gaussian   samp=categorical  σ=100.0
   → both_rules=0.0060 ± 0.0049 (5 reps)  steps=1.0/5  n_corr=3  elapsed=5.2s
[533/848  eta=236.7min]
>> aNbN    L=128  T=4    strat=gaussian   samp=categorical  σ=256.0
   → both_rules=0.0020 ± 0.0040 (5 reps)  steps=1.0/5  n_corr=1  elapsed=5.4s
[534/848  eta=235.5min]
>> aNbN    L=128  T=8    strat=gaussian   samp=categorical  σ=1.0
  built (aNbN, L=128, T=8)  vocab=6  |X|=100
   → both_rules=0.0220 ± 0.0075 (5 reps)  steps=1.4/8  n_corr=11  elapsed=5.6s
[535/848  eta=234.3min]
>> aNbN    L=128  T=8    strat=gaussian   samp=categorical  σ=2.0
   → both_rules=0.0280 ± 0.0075 (5 reps)  steps=1.5/9  n_corr=14  elapsed=6.0s
[536/848  eta=233.2min]
>> aNbN    L=128  T=8    strat=gaussian   samp=categorical  σ=5.0
  built (aNbN, L=128, T=8)  vocab=6  |X|=100
   → both_rules=0.0440 ± 0.0206 (5 reps)  steps=1.9/9  n_corr=22  elapsed=6.8s
[537/848  eta=232.0min]
>> aNbN    L=128  T=8    strat=gaussian   samp=categorical  σ=10.0
   → both_rules=0.0800 ± 0.0167 (5 reps)  steps=2.4/9  n_corr=40  elapsed=7.1s
[538/848  eta=230.9min]
>> aNbN    L=128  T=8    strat=gaussian   samp=categorical  σ=20.0
   → both_rules=0.1260 ± 0.0258 (5 reps)  steps=2.9/9  n_corr=63  elapsed=7.6s
[539/848  eta=229.7min]
>> aNbN    L=128  T=8    strat=gaussian   samp=categorical  σ=50.0
   → both_rules=0.1720 ± 0.0279 (5 reps)  steps=3.1/9  n_corr=86  elapsed=6.9s
[540/848  eta=228.6min]
>> aNbN    L=128  T=8    strat=gaussian   samp=categorical  σ=100.0
   → both_rules=0.2060 ± 0.0273 (5 reps)  steps=3.2/9  n_corr=103  elapsed=6.2s
[541/848  eta=227.4min]
>> aNbN    L=128  T=8    strat=gaussian   samp=categorical  σ=256.0
   → both_rules=0.1600 ± 0.0253 (5 reps)  steps=2.7/9  n_corr=80  elapsed=6.1s
[542/848  eta=226.3min]
>> aNbN    L=128  T=16   strat=gaussian   samp=categorical  σ=1.0
  built (aNbN, L=128, T=16)  vocab=6  |X|=100
   → both_rules=0.1760 ± 0.0472 (5 reps)  steps=4.8/17  n_corr=88  elapsed=9.5s
[543/848  eta=225.2min]
>> aNbN    L=128  T=16   strat=gaussian   samp=categorical  σ=2.0
   → both_rules=0.1920 ± 0.0293 (5 reps)  steps=5.3/16  n_corr=96  elapsed=9.8s
[544/848  eta=224.1min]
>> aNbN    L=128  T=16   strat=gaussian   samp=categorical  σ=5.0
   → both_rules=0.2460 ± 0.0413 (5 reps)  steps=6.4/17  n_corr=123  elapsed=11.9s
[545/848  eta=223.0min]
>> aNbN    L=128  T=16   strat=gaussian   samp=categorical  σ=10.0
   → both_rules=0.2940 ± 0.0413 (5 reps)  steps=7.2/17  n_corr=147  elapsed=12.6s
[546/848  eta=221.8min]
>> aNbN    L=128  T=16   strat=gaussian   samp=categorical  σ=20.0
   → both_rules=0.3680 ± 0.0360 (5 reps)  steps=8.3/17  n_corr=184  elapsed=12.6s
[547/848  eta=220.8min]
>> aNbN    L=128  T=16   strat=gaussian   samp=categorical  σ=50.0
   → both_rules=0.4260 ± 0.0571 (5 reps)  steps=9.0/17  n_corr=213  elapsed=12.8s
[548/848  eta=219.7min]
>> aNbN    L=128  T=16   strat=gaussian   samp=categorical  σ=100.0
   → both_rules=0.4360 ± 0.0356 (5 reps)  steps=9.0/17  n_corr=218  elapsed=11.7s
[549/848  eta=218.5min]
>> aNbN    L=128  T=16   strat=gaussian   samp=categorical  σ=256.0
   → both_rules=0.4700 ± 0.0469 (5 reps)  steps=9.4/17  n_corr=235  elapsed=10.9s
[550/848  eta=217.6min]
>> aNbN    L=128  T=32   strat=gaussian   samp=categorical  σ=1.0
   → both_rules=0.3540 ± 0.0450 (5 reps)  steps=14.8/32  n_corr=177  elapsed=21.3s
[551/848  eta=216.5min]
>> aNbN    L=128  T=32   strat=gaussian   samp=categorical  σ=2.0
  built (aNbN, L=128, T=32)  vocab=6  |X|=100
   → both_rules=0.4280 ± 0.0306 (5 reps)  steps=17.0/32  n_corr=214  elapsed=23.8s
[552/848  eta=215.4min]
>> aNbN    L=128  T=32   strat=gaussian   samp=categorical  σ=5.0
   → both_rules=0.4700 ± 0.0494 (5 reps)  steps=18.3/33  n_corr=235  elapsed=24.6s
[553/848  eta=214.5min]
>> aNbN    L=128  T=32   strat=gaussian   samp=categorical  σ=10.0
   → both_rules=0.5520 ± 0.0402 (5 reps)  steps=20.4/33  n_corr=276  elapsed=27.9s
[554/848  eta=213.4min]
>> aNbN    L=128  T=32   strat=gaussian   samp=categorical  σ=50.0
   → both_rules=0.6200 ± 0.0434 (5 reps)  steps=22.6/33  n_corr=310  elapsed=25.4s
[555/848  eta=212.3min]
>> aNbN    L=128  T=32   strat=gaussian   samp=categorical  σ=20.0
   → both_rules=0.6620 ± 0.0204 (5 reps)  steps=23.1/33  n_corr=331  elapsed=29.4s
[556/848  eta=211.4min]
>> aNbN    L=128  T=32   strat=gaussian   samp=categorical  σ=100.0
   → both_rules=0.6960 ± 0.0436 (5 reps)  steps=24.5/33  n_corr=348  elapsed=26.3s
[557/848  eta=210.3min]
>> aNbN    L=128  T=32   strat=gaussian   samp=categorical  σ=256.0
   → both_rules=0.6820 ± 0.0387 (5 reps)  steps=24.3/33  n_corr=341  elapsed=23.3s
[558/848  eta=209.5min]
>> aNbN    L=128  T=64   strat=gaussian   samp=categorical  σ=1.0
   → both_rules=0.5760 ± 0.0436 (5 reps)  steps=41.8/64  n_corr=288  elapsed=52.1s
[559/848  eta=208.6min]
>> aNbN    L=128  T=64   strat=gaussian   samp=categorical  σ=2.0
   → both_rules=0.6500 ± 0.0921 (5 reps)  steps=45.6/65  n_corr=325  elapsed=56.9s
[560/848  eta=207.5min]
>> aNbN    L=128  T=64   strat=gaussian   samp=categorical  σ=5.0
   → both_rules=0.6660 ± 0.0568 (5 reps)  steps=46.0/65  n_corr=333  elapsed=55.0s
[561/848  eta=206.7min]
>> aNbN    L=128  T=64   strat=gaussian   samp=categorical  σ=10.0
   → both_rules=0.7720 ± 0.0248 (5 reps)  steps=50.5/65  n_corr=386  elapsed=61.4s
[562/848  eta=205.8min]
>> aNbN    L=128  T=64   strat=gaussian   samp=categorical  σ=50.0
   → both_rules=0.8260 ± 0.0080 (5 reps)  steps=54.2/65  n_corr=413  elapsed=55.3s
[563/848  eta=204.7min]
>> aNbN    L=128  T=64   strat=gaussian   samp=categorical  σ=20.0
   → both_rules=0.7800 ± 0.0253 (5 reps)  steps=50.9/65  n_corr=390  elapsed=60.9s
[564/848  eta=203.9min]
>> aNbN    L=128  T=64   strat=gaussian   samp=categorical  σ=100.0
   → both_rules=0.8700 ± 0.0316 (5 reps)  steps=56.9/65  n_corr=435  elapsed=57.5s
[565/848  eta=202.9min]
>> aNbN    L=128  T=64   strat=gaussian   samp=categorical  σ=256.0
   → both_rules=0.8340 ± 0.0273 (5 reps)  steps=55.7/65  n_corr=417  elapsed=41.6s
[566/848  eta=201.8min]
>> baN     L=128  T=1024 strat=gaussian   samp=categorical  σ=256.0
  built (baN, L=128, T=1024)  vocab=6  |X|=100
   → both_rules=0.7260 ± 0.0488 (5 reps)  steps=1009.8/1018  n_corr=363  elapsed=8370.5s
[567/848  eta=201.4min]
>> aNbN    L=128  T=128  strat=gaussian   samp=categorical  σ=5.0
   → both_rules=0.8400 ± 0.0477 (5 reps)  steps=108.5/129  n_corr=420  elapsed=78.8s
[568/848  eta=200.4min]
>> aNbN    L=128  T=128  strat=gaussian   samp=categorical  σ=1.0
   → both_rules=0.7940 ± 0.0307 (5 reps)  steps=105.6/129  n_corr=397  elapsed=123.4s
[569/848  eta=199.6min]
>> aNbN    L=128  T=128  strat=gaussian   samp=categorical  σ=2.0
  built (aNbN, L=128, T=128)  vocab=6  |X|=100
   → both_rules=0.8220 ± 0.0426 (5 reps)  steps=107.5/129  n_corr=411  elapsed=125.9s
[570/848  eta=198.6min]
>> aNbN    L=128  T=128  strat=gaussian   samp=categorical  σ=10.0
  built (aNbN, L=128, T=128)  vocab=6  |X|=100
   → both_rules=0.8700 ± 0.0219 (5 reps)  steps=109.5/129  n_corr=435  elapsed=122.4s
[571/848  eta=197.8min]
>> aNbN    L=128  T=128  strat=gaussian   samp=categorical  σ=20.0
   → both_rules=0.8740 ± 0.0150 (5 reps)  steps=110.1/129  n_corr=437  elapsed=77.2s
[572/848  eta=197.1min]
>> aNbN    L=128  T=128  strat=gaussian   samp=categorical  σ=50.0
   → both_rules=0.9260 ± 0.0185 (5 reps)  steps=116.5/129  n_corr=463  elapsed=121.7s
[573/848  eta=196.2min]
>> aNbN    L=128  T=1024 strat=gaussian   samp=greedy       σ=1.0
  built (aNbN, L=128, T=1024)  vocab=6  |X|=100
   → both_rules=1.0000 ± 0.0000 (5 reps)  steps=996.4/1016  n_corr=500  elapsed=1064.9s
[574/848  eta=195.2min]
>> aNbN    L=128  T=1024 strat=gaussian   samp=greedy       σ=2.0
   → both_rules=1.0000 ± 0.0000 (5 reps)  steps=988.4/1018  n_corr=500  elapsed=1067.5s
[575/848  eta=194.2min]
>> aNbN    L=128  T=128  strat=gaussian   samp=categorical  σ=256.0
   → both_rules=0.9060 ± 0.0224 (5 reps)  steps=118.4/129  n_corr=453  elapsed=107.2s
[576/848  eta=193.2min]
>> aNbN    L=128  T=128  strat=gaussian   samp=categorical  σ=100.0
   → both_rules=0.9060 ± 0.0196 (5 reps)  steps=116.8/129  n_corr=453  elapsed=116.6s
[577/848  eta=192.5min]
>> aNbN    L=128  T=1024 strat=gaussian   samp=greedy       σ=100.0
  built (aNbN, L=128, T=1024)  vocab=6  |X|=100
   → both_rules=0.9980 ± 0.0040 (5 reps)  steps=995.1/1018  n_corr=499  elapsed=700.2s
[578/848  eta=191.6min]
>> aNbN    L=128  T=256  strat=gaussian   samp=categorical  σ=1.0
   → both_rules=0.8860 ± 0.0224 (5 reps)  steps=227.6/255  n_corr=443  elapsed=153.6s
[579/848  eta=190.8min]
>> aNbN    L=128  T=1024 strat=gaussian   samp=greedy       σ=50.0
  built (aNbN, L=128, T=1024)  vocab=6  |X|=100
   → both_rules=0.9980 ± 0.0040 (5 reps)  steps=974.5/1018  n_corr=499  elapsed=742.1s
[580/848  eta=190.3min]
>> aNbN    L=128  T=1024 strat=gaussian   samp=greedy       σ=5.0
  built (aNbN, L=128, T=1024)  vocab=6  |X|=100
   → both_rules=1.0000 ± 0.0000 (5 reps)  steps=971.9/1018  n_corr=500  elapsed=997.5s
[581/848  eta=189.5min]
>> aNbN    L=128  T=256  strat=gaussian   samp=categorical  σ=5.0
   → both_rules=0.9260 ± 0.0206 (5 reps)  steps=229.6/256  n_corr=463  elapsed=212.8s
[582/848  eta=188.5min]
>> aNbN    L=128  T=256  strat=gaussian   samp=categorical  σ=20.0
  built (aNbN, L=128, T=256)  vocab=6  |X|=100
   → both_rules=0.9420 ± 0.0160 (5 reps)  steps=231.1/256  n_corr=471  elapsed=209.0s
[583/848  eta=187.6min]
>> aNbN    L=128  T=256  strat=gaussian   samp=categorical  σ=2.0
   → both_rules=0.8640 ± 0.0233 (5 reps)  steps=222.3/256  n_corr=432  elapsed=255.1s
[584/848  eta=186.7min]
>> aNbN    L=128  T=256  strat=gaussian   samp=categorical  σ=10.0
   → both_rules=0.9320 ± 0.0306 (5 reps)  steps=229.4/256  n_corr=466  elapsed=243.1s
[585/848  eta=185.7min]
>> aNbN    L=128  T=256  strat=gaussian   samp=categorical  σ=100.0
   → both_rules=0.9520 ± 0.0160 (5 reps)  steps=241.5/256  n_corr=476  elapsed=186.3s
[586/848  eta=184.7min]
>> aNbN    L=128  T=256  strat=gaussian   samp=categorical  σ=50.0
   → both_rules=0.9600 ± 0.0261 (5 reps)  steps=237.4/256  n_corr=480  elapsed=238.2s
[587/848  eta=183.8min]
>> aNbN    L=128  T=1024 strat=gaussian   samp=greedy       σ=256.0
  built (aNbN, L=128, T=1024)  vocab=6  |X|=100
   → both_rules=1.0000 ± 0.0000 (5 reps)  steps=1011.4/1018  n_corr=500  elapsed=867.0s
[588/848  eta=182.8min]
>> aNbN    L=128  T=256  strat=gaussian   samp=categorical  σ=256.0
   → both_rules=0.9600 ± 0.0179 (5 reps)  steps=245.8/256  n_corr=480  elapsed=190.9s
[589/848  eta=182.5min]
>> aNbN    L=128  T=1024 strat=gaussian   samp=greedy       σ=20.0
   → both_rules=1.0000 ± 0.0000 (5 reps)  steps=960.7/1018  n_corr=500  elapsed=1061.9s
[590/848  eta=181.5min]
>> aNbN    L=128  T=1024 strat=gaussian   samp=greedy       σ=10.0
  built (aNbN, L=128, T=1024)  vocab=6  |X|=100
   → both_rules=1.0000 ± 0.0000 (5 reps)  steps=961.0/1018  n_corr=500  elapsed=1099.7s
[591/848  eta=181.6min]
>> aNbN    L=128  T=512  strat=gaussian   samp=categorical  σ=10.0
  built (aNbN, L=128, T=512)  vocab=6  |X|=100
   → both_rules=0.9580 ± 0.0098 (5 reps)  steps=467.2/510  n_corr=479  elapsed=315.3s
[592/848  eta=181.1min]
>> aNbN    L=128  T=512  strat=gaussian   samp=categorical  σ=5.0
  built (aNbN, L=128, T=512)  vocab=6  |X|=100
   → both_rules=0.9540 ± 0.0120 (5 reps)  steps=471.0/510  n_corr=477  elapsed=389.8s
[593/848  eta=180.2min]
>> aNbN    L=128  T=512  strat=gaussian   samp=categorical  σ=1.0
   → both_rules=0.9400 ± 0.0000 (5 reps)  steps=476.2/509  n_corr=470  elapsed=512.6s
[594/848  eta=179.7min]
>> aNbN    L=128  T=512  strat=gaussian   samp=categorical  σ=100.0
   → both_rules=0.9720 ± 0.0117 (5 reps)  steps=486.8/510  n_corr=486  elapsed=431.8s
[595/848  eta=178.7min]
>> aNbN    L=128  T=512  strat=gaussian   samp=categorical  σ=50.0
  built (aNbN, L=128, T=512)  vocab=6  |X|=100
   → both_rules=0.9800 ± 0.0110 (5 reps)  steps=481.9/510  n_corr=490  elapsed=440.6s
[596/848  eta=177.8min]
>> aNbN    L=128  T=512  strat=gaussian   samp=categorical  σ=256.0
   → both_rules=0.9780 ± 0.0117 (5 reps)  steps=497.5/510  n_corr=489  elapsed=441.7s
[597/848  eta=176.8min]
>> aNbN    L=128  T=130  strat=ar         samp=greedy       —
  built (aNbN, L=128, T=130)  vocab=6  |X|=100
   → both_rules=1.0000 (det)  steps=129.0/129  n_corr=100  elapsed=12.3s
[598/848  eta=175.8min]
>> aNbN    L=128  T=512  strat=gaussian   samp=categorical  σ=2.0
   → both_rules=0.9360 ± 0.0258 (5 reps)  steps=471.1/510  n_corr=468  elapsed=519.7s
[599/848  eta=174.9min]
>> aNbN    L=128  T=128  strat=ebsampler  samp=greedy       γ=0.5
   → both_rules=1.0000 (det)  steps=29.0/29  n_corr=100  elapsed=7.2s
[600/848  eta=173.9min]
>> aNbN    L=128  T=128  strat=ebsampler  samp=greedy       γ=0.1
   → both_rules=1.0000 (det)  steps=62.0/62  n_corr=100  elapsed=10.9s
[601/848  eta=172.9min]
>> aNbN    L=128  T=128  strat=ebsampler  samp=greedy       γ=2.0
   → both_rules=1.0000 (det)  steps=14.0/14  n_corr=100  elapsed=2.1s
[602/848  eta=171.9min]
>> aNbN    L=128  T=128  strat=ebsampler  samp=greedy       γ=5.0
   → both_rules=1.0000 (det)  steps=8.0/8  n_corr=100  elapsed=1.2s
[603/848  eta=171.0min]
>> aNbN    L=128  T=128  strat=ebsampler  samp=greedy       γ=0.9
   → both_rules=1.0000 (det)  steps=22.0/22  n_corr=100  elapsed=5.5s
[604/848  eta=170.0min]
>> aNbN    L=128  T=128  strat=ebsampler  samp=greedy       γ=10.0
   → both_rules=0.0000 (det)  steps=5.0/5  n_corr=0  elapsed=0.8s
[605/848  eta=169.1min]
>> aNbN    L=128  T=128  strat=ebsampler  samp=categorical  γ=0.5
   → both_rules=0.4540 ± 0.0287 (5 reps)  steps=8.3/29  n_corr=227  elapsed=10.1s
[606/848  eta=168.2min]
>> aNbN    L=128  T=128  strat=ebsampler  samp=categorical  γ=0.9
   → both_rules=0.2660 ± 0.0280 (5 reps)  steps=5.2/21  n_corr=133  elapsed=7.1s
[607/848  eta=167.2min]
>> aNbN    L=128  T=128  strat=ebsampler  samp=categorical  γ=2.0
   → both_rules=0.1980 ± 0.0319 (5 reps)  steps=2.6/11  n_corr=99  elapsed=4.5s
[608/848  eta=166.3min]
>> aNbN    L=128  T=512  strat=gaussian   samp=categorical  σ=20.0
   → both_rules=0.9680 ± 0.0194 (5 reps)  steps=468.4/510  n_corr=484  elapsed=505.2s
[609/848  eta=165.3min]
>> aNbN    L=128  T=128  strat=ebsampler  samp=categorical  γ=5.0
   → both_rules=0.0880 ± 0.0397 (5 reps)  steps=1.4/4  n_corr=44  elapsed=3.7s
[610/848  eta=164.4min]
>> aNbNcN  L=128  T=1    strat=uniform    samp=greedy       —
  built (aNbNcN, L=128, T=1)  vocab=7  |X|=100
   → both_rules=0.0000 ± 0.0000 (5 reps)  steps=1.0/1  n_corr=0  elapsed=5.0s
[611/848  eta=163.4min]
>> aNbN    L=128  T=128  strat=ebsampler  samp=categorical  γ=10.0
   → both_rules=0.0120 ± 0.0117 (5 reps)  steps=1.1/3  n_corr=6  elapsed=6.7s
[612/848  eta=162.5min]
>> aNbN    L=128  T=130  strat=ar         samp=categorical  —
  built (aNbN, L=128, T=130)  vocab=6  |X|=100
   → both_rules=1.0000 ± 0.0000 (5 reps)  steps=129.0/129  n_corr=500  elapsed=60.1s
[613/848  eta=161.6min]
>> aNbNcN  L=128  T=2    strat=uniform    samp=greedy       —
  built (aNbNcN, L=128, T=2)  vocab=7  |X|=100
   → both_rules=0.0000 ± 0.0000 (5 reps)  steps=1.0/1  n_corr=0  elapsed=11.2s
[614/848  eta=160.7min]
>> aNbNcN  L=128  T=8    strat=uniform    samp=greedy       —
  built (aNbNcN, L=128, T=8)  vocab=7  |X|=100
   → both_rules=0.0580 ± 0.0133 (5 reps)  steps=1.4/8  n_corr=29  elapsed=10.3s
[615/848  eta=159.7min]
>> aNbNcN  L=128  T=4    strat=uniform    samp=greedy       —
  built (aNbNcN, L=128, T=4)  vocab=7  |X|=100
   → both_rules=0.0020 ± 0.0040 (5 reps)  steps=1.0/4  n_corr=1  elapsed=17.4s
[616/848  eta=158.8min]
>> aNbN    L=128  T=128  strat=ebsampler  samp=categorical  γ=0.1
   → both_rules=0.6200 ± 0.0179 (5 reps)  steps=25.6/62  n_corr=310  elapsed=49.9s
[617/848  eta=157.9min]
>> aNbNcN  L=128  T=16   strat=uniform    samp=greedy       —
  built (aNbNcN, L=128, T=16)  vocab=7  |X|=100
   → both_rules=0.3080 ± 0.0458 (5 reps)  steps=5.8/16  n_corr=154  elapsed=13.4s
[618/848  eta=157.1min]
>> aNbNcN  L=128  T=32   strat=uniform    samp=greedy       —
  built (aNbNcN, L=128, T=32)  vocab=7  |X|=100
   → both_rules=0.6180 ± 0.0387 (5 reps)  steps=20.6/32  n_corr=309  elapsed=26.5s
[619/848  eta=156.6min]
>> aNbNcN  L=128  T=64   strat=uniform    samp=greedy       —
  built (aNbNcN, L=128, T=64)  vocab=7  |X|=100
   → both_rules=0.8140 ± 0.0413 (5 reps)  steps=52.8/64  n_corr=407  elapsed=97.8s
[620/848  eta=156.3min]
>> aNbNcN  L=128  T=128  strat=uniform    samp=greedy       —
  built (aNbNcN, L=128, T=128)  vocab=7  |X|=100
   → both_rules=0.9100 ± 0.0219 (5 reps)  steps=116.9/128  n_corr=455  elapsed=208.2s
[621/848  eta=155.4min]
>> aNbNcN  L=128  T=1    strat=uniform    samp=categorical  —
  built (aNbNcN, L=128, T=1)  vocab=7  |X|=100
   → both_rules=0.0000 ± 0.0000 (5 reps)  steps=1.0/1  n_corr=0  elapsed=8.6s
[622/848  eta=154.6min]
>> aNbNcN  L=128  T=2    strat=uniform    samp=categorical  —
  built (aNbNcN, L=128, T=2)  vocab=7  |X|=100
   → both_rules=0.0000 ± 0.0000 (5 reps)  steps=1.0/1  n_corr=0  elapsed=17.2s
[623/848  eta=153.8min]
>> aNbNcN  L=128  T=4    strat=uniform    samp=categorical  —
  built (aNbNcN, L=128, T=4)  vocab=7  |X|=100
   → both_rules=0.0000 ± 0.0000 (5 reps)  steps=1.0/1  n_corr=0  elapsed=14.2s
[624/848  eta=152.9min]
>> aNbNcN  L=128  T=8    strat=uniform    samp=categorical  —
  built (aNbNcN, L=128, T=8)  vocab=7  |X|=100
   → both_rules=0.0020 ± 0.0040 (5 reps)  steps=1.0/8  n_corr=1  elapsed=13.6s
[625/848  eta=152.1min]
>> aNbNcN  L=128  T=16   strat=uniform    samp=categorical  —
  built (aNbNcN, L=128, T=16)  vocab=7  |X|=100
   → both_rules=0.0800 ± 0.0219 (5 reps)  steps=2.3/16  n_corr=40  elapsed=16.2s
[626/848  eta=151.3min]
>> aNbNcN  L=128  T=256  strat=uniform    samp=greedy       —
  built (aNbNcN, L=128, T=256)  vocab=7  |X|=100
   → both_rules=0.9740 ± 0.0080 (5 reps)  steps=247.2/255  n_corr=487  elapsed=298.8s
[627/848  eta=150.4min]
>> aNbNcN  L=128  T=32   strat=uniform    samp=categorical  —
  built (aNbNcN, L=128, T=32)  vocab=7  |X|=100
   → both_rules=0.3300 ± 0.0666 (5 reps)  steps=11.6/32  n_corr=165  elapsed=31.1s
[628/848  eta=149.9min]
>> aNbNcN  L=128  T=64   strat=uniform    samp=categorical  —
  built (aNbNcN, L=128, T=64)  vocab=7  |X|=100
   → both_rules=0.6280 ± 0.0271 (5 reps)  steps=40.9/64  n_corr=314  elapsed=72.8s
[629/848  eta=149.0min]
>> baN     L=128  T=512  strat=gaussian   samp=categorical  σ=10.0
  built (baN, L=128, T=512)  vocab=6  |X|=100
   → both_rules=0.9760 ± 0.0102 (5 reps)  steps=481.3/510  n_corr=488  elapsed=14812.3s
[630/848  eta=148.7min]
>> aNbNcN  L=128  T=128  strat=uniform    samp=categorical  —
   → both_rules=0.8000 ± 0.0316 (5 reps)  steps=103.0/128  n_corr=400  elapsed=176.6s
[631/848  eta=147.8min]
>> aNbN    L=128  T=1024 strat=gaussian   samp=categorical  σ=10.0
   → both_rules=0.9860 ± 0.0120 (5 reps)  steps=951.4/1018  n_corr=493  elapsed=878.5s
[632/848  eta=146.9min]
>> aNbNcN  L=128  T=1    strat=gaussian   samp=greedy       σ=1.0
  built (aNbNcN, L=128, T=1)  vocab=7  |X|=100
   → both_rules=0.0000 ± 0.0000 (5 reps)  steps=1.0/1  n_corr=0  elapsed=5.4s
[633/848  eta=146.0min]
>> aNbNcN  L=128  T=1    strat=gaussian   samp=greedy       σ=2.0
   → both_rules=0.0000 ± 0.0000 (5 reps)  steps=1.0/1  n_corr=0  elapsed=5.4s
[634/848  eta=145.1min]
>> aNbN    L=128  T=1024 strat=gaussian   samp=categorical  σ=2.0
  built (aNbN, L=128, T=1024)  vocab=6  |X|=100
   → both_rules=0.9660 ± 0.0150 (5 reps)  steps=961.6/1018  n_corr=483  elapsed=994.5s
[635/848  eta=144.3min]
>> aNbNcN  L=128  T=1    strat=gaussian   samp=greedy       σ=5.0
   → both_rules=0.0000 ± 0.0000 (5 reps)  steps=1.0/1  n_corr=0  elapsed=5.4s
[636/848  eta=143.4min]
>> aNbNcN  L=128  T=1    strat=gaussian   samp=greedy       σ=10.0
  built (aNbNcN, L=128, T=1)  vocab=7  |X|=100
   → both_rules=0.0000 ± 0.0000 (5 reps)  steps=1.0/1  n_corr=0  elapsed=8.6s
[637/848  eta=142.5min]
>> aNbNcN  L=128  T=1    strat=gaussian   samp=greedy       σ=20.0
   → both_rules=0.0000 ± 0.0000 (5 reps)  steps=1.0/1  n_corr=0  elapsed=5.4s
[638/848  eta=141.6min]
>> aNbNcN  L=128  T=1    strat=gaussian   samp=greedy       σ=100.0
   → both_rules=0.0000 ± 0.0000 (5 reps)  steps=1.0/1  n_corr=0  elapsed=5.4s
[639/848  eta=140.7min]
>> aNbNcN  L=128  T=1    strat=gaussian   samp=greedy       σ=50.0
   → both_rules=0.0000 ± 0.0000 (5 reps)  steps=1.0/1  n_corr=0  elapsed=8.7s
[640/848  eta=139.9min]
>> aNbNcN  L=128  T=1    strat=gaussian   samp=greedy       σ=256.0
   → both_rules=0.0000 ± 0.0000 (5 reps)  steps=1.0/1  n_corr=0  elapsed=5.5s
[641/848  eta=139.0min]
>> aNbN    L=128  T=1024 strat=gaussian   samp=categorical  σ=1.0
   → both_rules=0.9660 ± 0.0206 (5 reps)  steps=971.5/1018  n_corr=483  elapsed=1017.2s
[642/848  eta=138.1min]
>> aNbNcN  L=128  T=2    strat=gaussian   samp=greedy       σ=2.0
  built (aNbNcN, L=128, T=2)  vocab=7  |X|=100
   → both_rules=0.0000 ± 0.0000 (5 reps)  steps=1.0/1  n_corr=0  elapsed=12.7s
[643/848  eta=137.3min]
>> aNbNcN  L=128  T=2    strat=gaussian   samp=greedy       σ=1.0
  built (aNbNcN, L=128, T=2)  vocab=7  |X|=100
   → both_rules=0.0000 ± 0.0000 (5 reps)  steps=1.0/1  n_corr=0  elapsed=19.8s
[644/848  eta=136.4min]
>> aNbNcN  L=128  T=2    strat=gaussian   samp=greedy       σ=5.0
  built (aNbNcN, L=128, T=2)  vocab=7  |X|=100
   → both_rules=0.0000 ± 0.0000 (5 reps)  steps=1.0/1  n_corr=0  elapsed=19.9s
[645/848  eta=135.6min]
>> aNbNcN  L=128  T=2    strat=gaussian   samp=greedy       σ=10.0
   → both_rules=0.0000 ± 0.0000 (5 reps)  steps=1.0/1  n_corr=0  elapsed=12.8s
[646/848  eta=134.8min]
>> aNbNcN  L=128  T=2    strat=gaussian   samp=greedy       σ=20.0
   → both_rules=0.0000 ± 0.0000 (5 reps)  steps=1.0/1  n_corr=0  elapsed=19.7s
[647/848  eta=133.9min]
>> aNbNcN  L=128  T=2    strat=gaussian   samp=greedy       σ=50.0
   → both_rules=0.0000 ± 0.0000 (5 reps)  steps=1.0/1  n_corr=0  elapsed=19.4s
[648/848  eta=133.0min]
>> aNbNcN  L=128  T=2    strat=gaussian   samp=greedy       σ=100.0
   → both_rules=0.0000 ± 0.0000 (5 reps)  steps=1.0/1  n_corr=0  elapsed=16.7s
[649/848  eta=132.2min]
>> aNbNcN  L=128  T=2    strat=gaussian   samp=greedy       σ=256.0
   → both_rules=0.0000 ± 0.0000 (5 reps)  steps=1.0/1  n_corr=0  elapsed=18.7s
[650/848  eta=131.4min]
>> aNbNcN  L=128  T=4    strat=gaussian   samp=greedy       σ=1.0
  built (aNbNcN, L=128, T=4)  vocab=7  |X|=100
   → both_rules=1.0000 ± 0.0000 (5 reps)  steps=4.0/5  n_corr=500  elapsed=16.2s
[651/848  eta=130.5min]
>> aNbNcN  L=128  T=4    strat=gaussian   samp=greedy       σ=2.0
  built (aNbNcN, L=128, T=4)  vocab=7  |X|=100
   → both_rules=1.0000 ± 0.0000 (5 reps)  steps=4.0/5  n_corr=500  elapsed=16.9s
[652/848  eta=129.7min]
>> aNbNcN  L=128  T=4    strat=gaussian   samp=greedy       σ=5.0
  built (aNbNcN, L=128, T=4)  vocab=7  |X|=100
   → both_rules=1.0000 ± 0.0000 (5 reps)  steps=4.0/5  n_corr=500  elapsed=16.8s
[653/848  eta=128.9min]
>> aNbNcN  L=128  T=4    strat=gaussian   samp=greedy       σ=10.0
   → both_rules=0.9640 ± 0.0162 (5 reps)  steps=4.0/5  n_corr=482  elapsed=16.5s
[654/848  eta=128.0min]
>> aNbNcN  L=128  T=4    strat=gaussian   samp=greedy       σ=20.0
   → both_rules=0.6640 ± 0.0472 (5 reps)  steps=3.3/5  n_corr=332  elapsed=17.4s
[655/848  eta=127.2min]
>> aNbNcN  L=128  T=4    strat=gaussian   samp=greedy       σ=100.0
   → both_rules=0.0560 ± 0.0120 (5 reps)  steps=1.2/5  n_corr=28  elapsed=16.9s
[656/848  eta=126.4min]
>> aNbNcN  L=128  T=4    strat=gaussian   samp=greedy       σ=50.0
   → both_rules=0.1520 ± 0.0349 (5 reps)  steps=1.6/5  n_corr=76  elapsed=17.4s
[657/848  eta=125.6min]
>> aNbNcN  L=128  T=4    strat=gaussian   samp=greedy       σ=256.0
   → both_rules=0.0260 ± 0.0102 (5 reps)  steps=1.1/5  n_corr=13  elapsed=17.2s
[658/848  eta=124.8min]
>> aNbN    L=128  T=1024 strat=gaussian   samp=categorical  σ=5.0
   → both_rules=0.9800 ± 0.0126 (5 reps)  steps=957.9/1018  n_corr=490  elapsed=1031.7s
[659/848  eta=124.0min]
>> aNbNcN  L=128  T=8    strat=gaussian   samp=greedy       σ=1.0
  built (aNbNcN, L=128, T=8)  vocab=7  |X|=100
   → both_rules=1.0000 ± 0.0000 (5 reps)  steps=8.0/9  n_corr=500  elapsed=29.7s
[660/848  eta=123.2min]
>> aNbNcN  L=128  T=8    strat=gaussian   samp=greedy       σ=2.0
  built (aNbNcN, L=128, T=8)  vocab=7  |X|=100
   → both_rules=1.0000 ± 0.0000 (5 reps)  steps=8.0/9  n_corr=500  elapsed=30.2s
[661/848  eta=122.3min]
>> aNbNcN  L=128  T=8    strat=gaussian   samp=greedy       σ=5.0
  built (aNbNcN, L=128, T=8)  vocab=7  |X|=100
   → both_rules=1.0000 ± 0.0000 (5 reps)  steps=8.0/9  n_corr=500  elapsed=30.7s
[662/848  eta=121.6min]
>> aNbNcN  L=128  T=8    strat=gaussian   samp=greedy       σ=10.0
  built (aNbNcN, L=128, T=8)  vocab=7  |X|=100
   → both_rules=0.9960 ± 0.0080 (5 reps)  steps=8.0/9  n_corr=498  elapsed=29.2s
[663/848  eta=120.8min]
>> aNbNcN  L=128  T=8    strat=gaussian   samp=greedy       σ=50.0
   → both_rules=0.5420 ± 0.0248 (5 reps)  steps=5.7/9  n_corr=271  elapsed=24.2s
[664/848  eta=119.9min]
>> aNbN    L=128  T=1024 strat=gaussian   samp=categorical  σ=50.0
   → both_rules=0.9840 ± 0.0102 (5 reps)  steps=965.3/1018  n_corr=492  elapsed=837.5s
[665/848  eta=119.1min]
>> aNbNcN  L=128  T=8    strat=gaussian   samp=greedy       σ=20.0
   → both_rules=0.8380 ± 0.0343 (5 reps)  steps=7.4/9  n_corr=419  elapsed=27.7s
[666/848  eta=118.3min]
>> aNbNcN  L=128  T=8    strat=gaussian   samp=greedy       σ=100.0
   → both_rules=0.4680 ± 0.0462 (5 reps)  steps=5.1/9  n_corr=234  elapsed=23.1s
[667/848  eta=117.5min]
>> aNbNcN  L=128  T=8    strat=gaussian   samp=greedy       σ=256.0
   → both_rules=0.4100 ± 0.0245 (5 reps)  steps=4.7/9  n_corr=205  elapsed=21.7s
[668/848  eta=116.8min]
>> aNbNcN  L=128  T=16   strat=gaussian   samp=greedy       σ=2.0
  built (aNbNcN, L=128, T=16)  vocab=7  |X|=100
   → both_rules=1.0000 ± 0.0000 (5 reps)  steps=16.0/17  n_corr=500  elapsed=37.8s
[669/848  eta=116.0min]
>> aNbN    L=128  T=1024 strat=gaussian   samp=categorical  σ=20.0
  built (aNbN, L=128, T=1024)  vocab=6  |X|=100
   → both_rules=0.9920 ± 0.0040 (5 reps)  steps=953.0/1018  n_corr=496  elapsed=959.6s
[670/848  eta=115.2min]
>> aNbNcN  L=128  T=16   strat=gaussian   samp=greedy       σ=1.0
  built (aNbNcN, L=128, T=16)  vocab=7  |X|=100
   → both_rules=1.0000 ± 0.0000 (5 reps)  steps=16.0/16  n_corr=500  elapsed=59.9s
[671/848  eta=114.4min]
>> aNbNcN  L=128  T=16   strat=gaussian   samp=greedy       σ=10.0
  built (aNbNcN, L=128, T=16)  vocab=7  |X|=100
   → both_rules=1.0000 ± 0.0000 (5 reps)  steps=15.7/17  n_corr=500  elapsed=56.6s
[672/848  eta=113.6min]
>> aNbNcN  L=128  T=16   strat=gaussian   samp=greedy       σ=5.0
  built (aNbNcN, L=128, T=16)  vocab=7  |X|=100
   → both_rules=1.0000 ± 0.0000 (5 reps)  steps=15.8/17  n_corr=500  elapsed=57.7s
[673/848  eta=112.8min]
>> aNbNcN  L=128  T=16   strat=gaussian   samp=greedy       σ=20.0
  built (aNbNcN, L=128, T=16)  vocab=7  |X|=100
   → both_rules=0.9600 ± 0.0110 (5 reps)  steps=15.3/17  n_corr=480  elapsed=51.2s
[674/848  eta=112.0min]
>> aNbNcN  L=128  T=16   strat=gaussian   samp=greedy       σ=50.0
   → both_rules=0.7360 ± 0.0242 (5 reps)  steps=13.2/17  n_corr=368  elapsed=27.9s
[675/848  eta=111.2min]
>> aNbNcN  L=128  T=256  strat=uniform    samp=categorical  —
   → both_rules=0.8880 ± 0.0075 (5 reps)  steps=226.2/255  n_corr=444  elapsed=362.4s
[676/848  eta=110.5min]
>> aNbNcN  L=128  T=16   strat=gaussian   samp=greedy       σ=100.0
  built (aNbNcN, L=128, T=16)  vocab=7  |X|=100
   → both_rules=0.6740 ± 0.0700 (5 reps)  steps=12.3/17  n_corr=337  elapsed=38.7s
[677/848  eta=109.7min]
>> aNbNcN  L=128  T=16   strat=gaussian   samp=greedy       σ=256.0
   → both_rules=0.6760 ± 0.0413 (5 reps)  steps=12.6/17  n_corr=338  elapsed=37.2s
[678/848  eta=108.9min]
>> aNbN    L=128  T=1024 strat=gaussian   samp=categorical  σ=256.0
   → both_rules=0.9880 ± 0.0147 (5 reps)  steps=1000.1/1018  n_corr=494  elapsed=855.9s
[679/848  eta=108.2min]
>> aNbN    L=128  T=1024 strat=gaussian   samp=categorical  σ=100.0
   → both_rules=0.9800 ± 0.0110 (5 reps)  steps=980.3/1018  n_corr=490  elapsed=924.1s
[680/848  eta=107.4min]
>> aNbNcN  L=128  T=512  strat=uniform    samp=greedy       —
  built (aNbNcN, L=128, T=512)  vocab=7  |X|=100
   → both_rules=0.9740 ± 0.0150 (5 reps)  steps=493.1/509  n_corr=487  elapsed=771.8s
[681/848  eta=106.7min]
>> baN     L=128  T=1024 strat=gaussian   samp=greedy       σ=20.0
  built (baN, L=128, T=1024)  vocab=6  |X|=100
   → both_rules=0.9780 ± 0.0075 (5 reps)  steps=959.8/1018  n_corr=489  elapsed=23396.8s
[682/848  eta=106.0min]
>> aNbNcN  L=128  T=32   strat=gaussian   samp=greedy       σ=20.0
  built (aNbNcN, L=128, T=32)  vocab=7  |X|=100
   → both_rules=0.9700 ± 0.0167 (5 reps)  steps=30.3/33  n_corr=485  elapsed=96.4s
[683/848  eta=105.2min]
>> aNbNcN  L=128  T=32   strat=gaussian   samp=greedy       σ=100.0
  built (aNbNcN, L=128, T=32)  vocab=7  |X|=100
   → both_rules=0.8380 ± 0.0549 (5 reps)  steps=28.4/33  n_corr=419  elapsed=76.0s
[684/848  eta=104.5min]
>> aNbNcN  L=128  T=32   strat=gaussian   samp=greedy       σ=256.0
  built (aNbNcN, L=128, T=32)  vocab=7  |X|=100
   → both_rules=0.8140 ± 0.0403 (5 reps)  steps=27.9/33  n_corr=407  elapsed=72.1s
[685/848  eta=103.7min]
>> aNbNcN  L=128  T=32   strat=gaussian   samp=greedy       σ=2.0
  built (aNbNcN, L=128, T=32)  vocab=7  |X|=100
   → both_rules=1.0000 ± 0.0000 (5 reps)  steps=31.6/33  n_corr=500  elapsed=115.6s
[686/848  eta=102.9min]
>> aNbNcN  L=128  T=32   strat=gaussian   samp=greedy       σ=10.0
  built (aNbNcN, L=128, T=32)  vocab=7  |X|=100
   → both_rules=1.0000 ± 0.0000 (5 reps)  steps=30.8/33  n_corr=500  elapsed=107.8s
[687/848  eta=102.1min]
>> aNbNcN  L=128  T=32   strat=gaussian   samp=greedy       σ=50.0
  built (aNbNcN, L=128, T=32)  vocab=7  |X|=100
   → both_rules=0.8620 ± 0.0160 (5 reps)  steps=28.5/33  n_corr=431  elapsed=81.3s
[688/848  eta=101.3min]
>> aNbNcN  L=128  T=32   strat=gaussian   samp=greedy       σ=1.0
  built (aNbNcN, L=128, T=32)  vocab=7  |X|=100
   → both_rules=1.0000 ± 0.0000 (5 reps)  steps=32.0/33  n_corr=500  elapsed=119.1s
[689/848  eta=100.6min]
>> aNbNcN  L=128  T=32   strat=gaussian   samp=greedy       σ=5.0
  built (aNbNcN, L=128, T=32)  vocab=7  |X|=100
   → both_rules=1.0000 ± 0.0000 (5 reps)  steps=31.1/33  n_corr=500  elapsed=115.2s
[690/848  eta=100.2min]
>> aNbNcN  L=128  T=64   strat=gaussian   samp=greedy       σ=5.0
  built (aNbNcN, L=128, T=64)  vocab=7  |X|=100
   → both_rules=1.0000 ± 0.0000 (5 reps)  steps=61.8/65  n_corr=500  elapsed=136.2s
[691/848  eta=99.6min]
>> aNbNcN  L=128  T=64   strat=gaussian   samp=greedy       σ=256.0
  built (aNbNcN, L=128, T=64)  vocab=7  |X|=100
   → both_rules=0.9000 ± 0.0245 (5 reps)  steps=59.6/65  n_corr=450  elapsed=148.6s
[692/848  eta=98.8min]
>> aNbNcN  L=128  T=64   strat=gaussian   samp=greedy       σ=100.0
  built (aNbNcN, L=128, T=64)  vocab=7  |X|=100
   → both_rules=0.8900 ± 0.0228 (5 reps)  steps=58.4/65  n_corr=445  elapsed=149.2s
[693/848  eta=98.0min]
>> aNbNcN  L=128  T=64   strat=gaussian   samp=greedy       σ=10.0
   → both_rules=1.0000 ± 0.0000 (5 reps)  steps=61.1/65  n_corr=500  elapsed=157.7s
[694/848  eta=97.3min]
>> aNbNcN  L=128  T=64   strat=gaussian   samp=greedy       σ=50.0
  built (aNbNcN, L=128, T=64)  vocab=7  |X|=100
   → both_rules=0.9200 ± 0.0167 (5 reps)  steps=58.8/65  n_corr=460  elapsed=160.5s
[695/848  eta=96.5min]
>> aNbNcN  L=128  T=64   strat=gaussian   samp=greedy       σ=1.0
  built (aNbNcN, L=128, T=64)  vocab=7  |X|=100
   → both_rules=1.0000 ± 0.0000 (5 reps)  steps=63.1/64  n_corr=500  elapsed=237.2s
[696/848  eta=95.8min]
>> aNbNcN  L=128  T=64   strat=gaussian   samp=greedy       σ=2.0
  built (aNbNcN, L=128, T=64)  vocab=7  |X|=100
   → both_rules=1.0000 ± 0.0000 (5 reps)  steps=62.7/65  n_corr=500  elapsed=226.4s
[697/848  eta=95.1min]
>> aNbNcN  L=128  T=64   strat=gaussian   samp=greedy       σ=20.0
  built (aNbNcN, L=128, T=64)  vocab=7  |X|=100
   → both_rules=0.9840 ± 0.0120 (5 reps)  steps=60.5/65  n_corr=492  elapsed=191.6s
[698/848  eta=94.8min]
>> aNbNcN  L=128  T=128  strat=gaussian   samp=greedy       σ=100.0
  built (aNbNcN, L=128, T=128)  vocab=7  |X|=100
   → both_rules=0.9460 ± 0.0136 (5 reps)  steps=121.1/129  n_corr=473  elapsed=184.6s
[699/848  eta=94.1min]
>> aNbNcN  L=128  T=512  strat=uniform    samp=categorical  —
  built (aNbNcN, L=128, T=512)  vocab=7  |X|=100
   → both_rules=0.9300 ± 0.0219 (5 reps)  steps=471.6/509  n_corr=465  elapsed=805.4s
[700/848  eta=93.4min]
>> aNbNcN  L=128  T=128  strat=gaussian   samp=greedy       σ=10.0
  built (aNbNcN, L=128, T=128)  vocab=7  |X|=100
   → both_rules=1.0000 ± 0.0000 (5 reps)  steps=121.7/129  n_corr=500  elapsed=254.9s
[701/848  eta=92.9min]
>> aNbNcN  L=128  T=128  strat=gaussian   samp=greedy       σ=1.0
  built (aNbNcN, L=128, T=128)  vocab=7  |X|=100
   → both_rules=1.0000 ± 0.0000 (5 reps)  steps=125.9/128  n_corr=500  elapsed=433.9s
[702/848  eta=92.2min]
>> aNbNcN  L=128  T=128  strat=gaussian   samp=greedy       σ=256.0
  built (aNbNcN, L=128, T=128)  vocab=7  |X|=100
   → both_rules=0.9560 ± 0.0224 (5 reps)  steps=123.9/129  n_corr=478  elapsed=288.2s
[703/848  eta=91.4min]
>> aNbNcN  L=128  T=128  strat=gaussian   samp=greedy       σ=5.0
  built (aNbNcN, L=128, T=128)  vocab=7  |X|=100
   → both_rules=1.0000 ± 0.0000 (5 reps)  steps=123.0/129  n_corr=500  elapsed=446.8s
[704/848  eta=90.7min]
>> aNbNcN  L=128  T=128  strat=gaussian   samp=greedy       σ=2.0
  built (aNbNcN, L=128, T=128)  vocab=7  |X|=100
   → both_rules=1.0000 ± 0.0000 (5 reps)  steps=124.7/129  n_corr=500  elapsed=458.8s
[705/848  eta=90.0min]
>> aNbNcN  L=128  T=128  strat=gaussian   samp=greedy       σ=50.0
  built (aNbNcN, L=128, T=128)  vocab=7  |X|=100
   → both_rules=0.9560 ± 0.0233 (5 reps)  steps=120.3/129  n_corr=478  elapsed=331.6s
[706/848  eta=89.4min]
>> aNbNcN  L=128  T=128  strat=gaussian   samp=greedy       σ=20.0
  built (aNbNcN, L=128, T=128)  vocab=7  |X|=100
   → both_rules=0.9920 ± 0.0117 (5 reps)  steps=121.2/129  n_corr=496  elapsed=384.9s
[707/848  eta=88.8min]
>> baN     L=128  T=512  strat=gaussian   samp=categorical  σ=2.0
   → both_rules=0.9480 ± 0.0147 (5 reps)  steps=494.2/510  n_corr=474  elapsed=16557.9s
[708/848  eta=88.7min]
>> aNbNcN  L=128  T=256  strat=gaussian   samp=greedy       σ=50.0
  built (aNbNcN, L=128, T=256)  vocab=7  |X|=100
   → both_rules=0.9820 ± 0.0098 (5 reps)  steps=242.8/256  n_corr=491  elapsed=411.2s
[709/848  eta=88.3min]
>> baN     L=128  T=512  strat=gaussian   samp=categorical  σ=5.0
  built (baN, L=128, T=512)  vocab=6  |X|=100
   → both_rules=0.9540 ± 0.0185 (5 reps)  steps=486.5/510  n_corr=477  elapsed=16227.1s
[710/848  eta=87.8min]
>> aNbNcN  L=128  T=1024 strat=uniform    samp=greedy       —
  built (aNbNcN, L=128, T=1024)  vocab=7  |X|=100
   → both_rules=0.9840 ± 0.0120 (5 reps)  steps=995.8/1017  n_corr=492  elapsed=1718.8s
[711/848  eta=87.2min]
>> aNbNcN  L=128  T=256  strat=gaussian   samp=greedy       σ=100.0
  built (aNbNcN, L=128, T=256)  vocab=7  |X|=100
   → both_rules=0.9740 ± 0.0102 (5 reps)  steps=245.4/256  n_corr=487  elapsed=590.0s
[712/848  eta=86.5min]
>> aNbNcN  L=128  T=256  strat=gaussian   samp=greedy       σ=256.0
  built (aNbNcN, L=128, T=256)  vocab=7  |X|=100
   → both_rules=0.9740 ± 0.0102 (5 reps)  steps=249.0/256  n_corr=487  elapsed=580.4s
[713/848  eta=85.8min]
>> aNbNcN  L=128  T=256  strat=gaussian   samp=greedy       σ=5.0
  built (aNbNcN, L=128, T=256)  vocab=7  |X|=100
   → both_rules=1.0000 ± 0.0000 (5 reps)  steps=244.0/256  n_corr=500  elapsed=868.7s
[714/848  eta=85.1min]
>> aNbNcN  L=128  T=256  strat=gaussian   samp=greedy       σ=2.0
  built (aNbNcN, L=128, T=256)  vocab=7  |X|=100
   → both_rules=1.0000 ± 0.0000 (5 reps)  steps=248.1/256  n_corr=500  elapsed=883.8s
[715/848  eta=84.4min]
>> aNbNcN  L=128  T=256  strat=gaussian   samp=greedy       σ=1.0
  built (aNbNcN, L=128, T=256)  vocab=7  |X|=100
   → both_rules=1.0000 ± 0.0000 (5 reps)  steps=250.1/256  n_corr=500  elapsed=908.2s
[716/848  eta=83.7min]
>> aNbNcN  L=128  T=256  strat=gaussian   samp=greedy       σ=20.0
  built (aNbNcN, L=128, T=256)  vocab=7  |X|=100
   → both_rules=0.9940 ± 0.0080 (5 reps)  steps=240.9/256  n_corr=497  elapsed=766.1s
[717/848  eta=83.0min]
>> aNbNcN  L=128  T=256  strat=gaussian   samp=greedy       σ=10.0
   → both_rules=1.0000 ± 0.0000 (5 reps)  steps=242.5/256  n_corr=500  elapsed=775.4s
[718/848  eta=82.6min]
>> aNbNcN  L=128  T=1024 strat=uniform    samp=categorical  —
  built (aNbNcN, L=128, T=1024)  vocab=7  |X|=100
   → both_rules=0.9740 ± 0.0150 (5 reps)  steps=983.2/1017  n_corr=487  elapsed=1581.6s
[719/848  eta=82.2min]
>> baN     L=128  T=512  strat=gaussian   samp=categorical  σ=1.0
  built (baN, L=128, T=512)  vocab=6  |X|=100
   → both_rules=0.9280 ± 0.0319 (5 reps)  steps=498.4/508  n_corr=464  elapsed=17592.9s
[720/848  eta=81.5min]
>> aNbNcN  L=128  T=1    strat=gaussian   samp=categorical  σ=1.0
  built (aNbNcN, L=128, T=1)  vocab=7  |X|=100
   → both_rules=0.0000 ± 0.0000 (5 reps)  steps=1.0/1  n_corr=0  elapsed=8.5s
[721/848  eta=80.7min]
>> aNbNcN  L=128  T=1    strat=gaussian   samp=categorical  σ=2.0
   → both_rules=0.0000 ± 0.0000 (5 reps)  steps=1.0/1  n_corr=0  elapsed=8.5s
[722/848  eta=80.0min]
>> aNbNcN  L=128  T=1    strat=gaussian   samp=categorical  σ=5.0
   → both_rules=0.0000 ± 0.0000 (5 reps)  steps=1.0/1  n_corr=0  elapsed=8.5s
[723/848  eta=79.3min]
>> aNbNcN  L=128  T=1    strat=gaussian   samp=categorical  σ=10.0
   → both_rules=0.0000 ± 0.0000 (5 reps)  steps=1.0/1  n_corr=0  elapsed=8.5s
[724/848  eta=78.6min]
>> aNbNcN  L=128  T=1    strat=gaussian   samp=categorical  σ=20.0
   → both_rules=0.0000 ± 0.0000 (5 reps)  steps=1.0/1  n_corr=0  elapsed=8.5s
[725/848  eta=77.9min]
>> aNbNcN  L=128  T=1    strat=gaussian   samp=categorical  σ=50.0
   → both_rules=0.0000 ± 0.0000 (5 reps)  steps=1.0/1  n_corr=0  elapsed=8.5s
[726/848  eta=77.1min]
>> aNbNcN  L=128  T=1    strat=gaussian   samp=categorical  σ=100.0
   → both_rules=0.0000 ± 0.0000 (5 reps)  steps=1.0/1  n_corr=0  elapsed=8.5s
[727/848  eta=76.4min]
>> aNbNcN  L=128  T=1    strat=gaussian   samp=categorical  σ=256.0
   → both_rules=0.0000 ± 0.0000 (5 reps)  steps=1.0/1  n_corr=0  elapsed=8.6s
[728/848  eta=75.7min]
>> aNbNcN  L=128  T=2    strat=gaussian   samp=categorical  σ=1.0
  built (aNbNcN, L=128, T=2)  vocab=7  |X|=100
   → both_rules=0.0000 ± 0.0000 (5 reps)  steps=1.0/1  n_corr=0  elapsed=17.5s
[729/848  eta=75.1min]
>> aNbNcN  L=128  T=2    strat=gaussian   samp=categorical  σ=2.0
   → both_rules=0.0000 ± 0.0000 (5 reps)  steps=1.0/1  n_corr=0  elapsed=17.5s
[730/848  eta=74.4min]
>> aNbNcN  L=128  T=2    strat=gaussian   samp=categorical  σ=5.0
   → both_rules=0.0000 ± 0.0000 (5 reps)  steps=1.0/1  n_corr=0  elapsed=17.4s
[731/848  eta=73.7min]
>> aNbNcN  L=128  T=2    strat=gaussian   samp=categorical  σ=10.0
   → both_rules=0.0000 ± 0.0000 (5 reps)  steps=1.0/1  n_corr=0  elapsed=17.3s
[732/848  eta=73.0min]
>> aNbNcN  L=128  T=2    strat=gaussian   samp=categorical  σ=20.0
   → both_rules=0.0000 ± 0.0000 (5 reps)  steps=1.0/1  n_corr=0  elapsed=16.9s
[733/848  eta=72.3min]
>> baN     L=128  T=1024 strat=gaussian   samp=categorical  σ=100.0
   → both_rules=0.9080 ± 0.0098 (5 reps)  steps=992.8/1018  n_corr=454  elapsed=12070.0s
[734/848  eta=71.6min]
>> aNbNcN  L=128  T=2    strat=gaussian   samp=categorical  σ=50.0
   → both_rules=0.0000 ± 0.0000 (5 reps)  steps=1.0/1  n_corr=0  elapsed=16.4s
[735/848  eta=70.9min]
>> aNbNcN  L=128  T=2    strat=gaussian   samp=categorical  σ=100.0
  built (aNbNcN, L=128, T=2)  vocab=7  |X|=100
   → both_rules=0.0000 ± 0.0000 (5 reps)  steps=1.0/1  n_corr=0  elapsed=16.7s
[736/848  eta=70.2min]
>> aNbNcN  L=128  T=2    strat=gaussian   samp=categorical  σ=256.0
   → both_rules=0.0000 ± 0.0000 (5 reps)  steps=1.0/1  n_corr=0  elapsed=16.2s
[737/848  eta=69.5min]
>> aNbNcN  L=128  T=4    strat=gaussian   samp=categorical  σ=1.0
  built (aNbNcN, L=128, T=4)  vocab=7  |X|=100
   → both_rules=0.0000 ± 0.0000 (5 reps)  steps=1.0/1  n_corr=0  elapsed=14.7s
[738/848  eta=68.8min]
>> aNbNcN  L=128  T=4    strat=gaussian   samp=categorical  σ=2.0
  built (aNbNcN, L=128, T=4)  vocab=7  |X|=100
   → both_rules=0.0000 ± 0.0000 (5 reps)  steps=1.0/1  n_corr=0  elapsed=16.5s
[739/848  eta=68.1min]
>> aNbNcN  L=128  T=4    strat=gaussian   samp=categorical  σ=5.0
   → both_rules=0.0000 ± 0.0000 (5 reps)  steps=1.0/1  n_corr=0  elapsed=10.3s
[740/848  eta=67.4min]
>> aNbNcN  L=128  T=4    strat=gaussian   samp=categorical  σ=20.0
   → both_rules=0.0020 ± 0.0040 (5 reps)  steps=1.0/4  n_corr=1  elapsed=9.5s
[741/848  eta=66.7min]
>> aNbNcN  L=128  T=4    strat=gaussian   samp=categorical  σ=10.0
   → both_rules=0.0000 ± 0.0000 (5 reps)  steps=1.0/1  n_corr=0  elapsed=15.8s
[742/848  eta=66.0min]
>> aNbNcN  L=128  T=4    strat=gaussian   samp=categorical  σ=50.0
   → both_rules=0.0040 ± 0.0049 (5 reps)  steps=1.0/5  n_corr=2  elapsed=8.8s
[743/848  eta=65.3min]
>> aNbNcN  L=128  T=4    strat=gaussian   samp=categorical  σ=100.0
   → both_rules=0.0020 ± 0.0040 (5 reps)  steps=1.0/4  n_corr=1  elapsed=13.4s
[744/848  eta=64.6min]
>> aNbNcN  L=128  T=512  strat=gaussian   samp=greedy       σ=50.0
  built (aNbNcN, L=128, T=512)  vocab=7  |X|=100
   → both_rules=0.9880 ± 0.0117 (5 reps)  steps=484.8/510  n_corr=494  elapsed=797.0s
[745/848  eta=63.9min]
>> aNbNcN  L=128  T=4    strat=gaussian   samp=categorical  σ=256.0
   → both_rules=0.0000 ± 0.0000 (5 reps)  steps=1.0/1  n_corr=0  elapsed=8.3s
[746/848  eta=63.2min]
>> aNbNcN  L=128  T=8    strat=gaussian   samp=categorical  σ=2.0
  built (aNbNcN, L=128, T=8)  vocab=7  |X|=100
   → both_rules=0.0320 ± 0.0040 (5 reps)  steps=1.4/8  n_corr=16  elapsed=11.2s
[747/848  eta=62.5min]
>> aNbNcN  L=128  T=8    strat=gaussian   samp=categorical  σ=5.0
  built (aNbNcN, L=128, T=8)  vocab=7  |X|=100
   → both_rules=0.0460 ± 0.0287 (5 reps)  steps=1.7/8  n_corr=23  elapsed=12.2s
[748/848  eta=61.8min]
>> aNbNcN  L=128  T=8    strat=gaussian   samp=categorical  σ=1.0
  built (aNbNcN, L=128, T=8)  vocab=7  |X|=100
   → both_rules=0.0240 ± 0.0136 (5 reps)  steps=1.3/8  n_corr=12  elapsed=17.7s
[749/848  eta=61.1min]
>> aNbNcN  L=128  T=8    strat=gaussian   samp=categorical  σ=10.0
   → both_rules=0.0600 ± 0.0352 (5 reps)  steps=2.1/9  n_corr=30  elapsed=13.3s
[750/848  eta=60.4min]
>> aNbNcN  L=128  T=8    strat=gaussian   samp=categorical  σ=20.0
   → both_rules=0.1040 ± 0.0372 (5 reps)  steps=2.6/9  n_corr=52  elapsed=17.2s
[751/848  eta=59.7min]
>> aNbNcN  L=128  T=8    strat=gaussian   samp=categorical  σ=100.0
   → both_rules=0.1400 ± 0.0415 (5 reps)  steps=2.6/9  n_corr=70  elapsed=11.6s
[752/848  eta=59.1min]
>> aNbNcN  L=128  T=8    strat=gaussian   samp=categorical  σ=50.0
   → both_rules=0.1700 ± 0.0434 (5 reps)  steps=2.9/9  n_corr=85  elapsed=19.9s
[753/848  eta=58.4min]
>> aNbNcN  L=128  T=8    strat=gaussian   samp=categorical  σ=256.0
   → both_rules=0.1540 ± 0.0422 (5 reps)  steps=2.5/9  n_corr=77  elapsed=17.0s
[754/848  eta=57.7min]
>> aNbNcN  L=128  T=16   strat=gaussian   samp=categorical  σ=1.0
  built (aNbNcN, L=128, T=16)  vocab=7  |X|=100
   → both_rules=0.1460 ± 0.0361 (5 reps)  steps=4.1/16  n_corr=73  elapsed=16.2s
[755/848  eta=57.0min]
>> aNbNcN  L=128  T=16   strat=gaussian   samp=categorical  σ=2.0
  built (aNbNcN, L=128, T=16)  vocab=7  |X|=100
   → both_rules=0.1400 ± 0.0405 (5 reps)  steps=4.2/16  n_corr=70  elapsed=28.3s
[756/848  eta=56.4min]
>> aNbNcN  L=128  T=16   strat=gaussian   samp=categorical  σ=10.0
   → both_rules=0.3040 ± 0.0356 (5 reps)  steps=7.0/17  n_corr=152  elapsed=22.7s
[757/848  eta=55.7min]
>> aNbNcN  L=128  T=16   strat=gaussian   samp=categorical  σ=5.0
  built (aNbNcN, L=128, T=16)  vocab=7  |X|=100
   → both_rules=0.2120 ± 0.0271 (5 reps)  steps=5.5/17  n_corr=106  elapsed=33.0s
[758/848  eta=55.0min]
>> aNbNcN  L=128  T=16   strat=gaussian   samp=categorical  σ=50.0
   → both_rules=0.4260 ± 0.0314 (5 reps)  steps=8.8/17  n_corr=213  elapsed=23.4s
[759/848  eta=54.4min]
>> aNbNcN  L=128  T=16   strat=gaussian   samp=categorical  σ=20.0
   → both_rules=0.3540 ± 0.0564 (5 reps)  steps=7.9/17  n_corr=177  elapsed=37.6s
[760/848  eta=53.7min]
>> aNbNcN  L=128  T=16   strat=gaussian   samp=categorical  σ=100.0
   → both_rules=0.4040 ± 0.0393 (5 reps)  steps=8.5/17  n_corr=202  elapsed=32.5s
[761/848  eta=53.0min]
>> aNbNcN  L=128  T=16   strat=gaussian   samp=categorical  σ=256.0
   → both_rules=0.4540 ± 0.0578 (5 reps)  steps=9.1/17  n_corr=227  elapsed=19.9s
[762/848  eta=52.4min]
>> aNbNcN  L=128  T=32   strat=gaussian   samp=categorical  σ=1.0
  built (aNbNcN, L=128, T=32)  vocab=7  |X|=100
   → both_rules=0.3560 ± 0.0174 (5 reps)  steps=14.1/32  n_corr=178  elapsed=55.1s
[763/848  eta=51.8min]
>> aNbNcN  L=128  T=32   strat=gaussian   samp=categorical  σ=5.0
  built (aNbNcN, L=128, T=32)  vocab=7  |X|=100
   → both_rules=0.4940 ± 0.0320 (5 reps)  steps=18.2/33  n_corr=247  elapsed=43.7s
[764/848  eta=51.1min]
>> aNbNcN  L=128  T=32   strat=gaussian   samp=categorical  σ=2.0
  built (aNbNcN, L=128, T=32)  vocab=7  |X|=100
   → both_rules=0.3980 ± 0.0793 (5 reps)  steps=15.3/32  n_corr=199  elapsed=59.4s
[765/848  eta=50.5min]
>> aNbNcN  L=128  T=32   strat=gaussian   samp=categorical  σ=20.0
   → both_rules=0.6340 ± 0.0432 (5 reps)  steps=22.1/33  n_corr=317  elapsed=47.3s
[766/848  eta=49.9min]
>> aNbNcN  L=128  T=32   strat=gaussian   samp=categorical  σ=50.0
   → both_rules=0.6620 ± 0.0172 (5 reps)  steps=23.1/33  n_corr=331  elapsed=56.3s
[767/848  eta=49.2min]
>> aNbNcN  L=128  T=32   strat=gaussian   samp=categorical  σ=10.0
   → both_rules=0.5980 ± 0.0306 (5 reps)  steps=20.9/33  n_corr=299  elapsed=75.5s
[768/848  eta=48.6min]
>> aNbNcN  L=128  T=32   strat=gaussian   samp=categorical  σ=100.0
   → both_rules=0.6240 ± 0.0564 (5 reps)  steps=22.3/33  n_corr=312  elapsed=42.4s
[769/848  eta=47.9min]
>> aNbNcN  L=128  T=32   strat=gaussian   samp=categorical  σ=256.0
   → both_rules=0.6340 ± 0.0528 (5 reps)  steps=22.6/33  n_corr=317  elapsed=39.9s
[770/848  eta=47.4min]
>> aNbNcN  L=128  T=64   strat=gaussian   samp=categorical  σ=2.0
   → both_rules=0.6640 ± 0.0287 (5 reps)  steps=44.9/65  n_corr=332  elapsed=91.5s
[771/848  eta=46.7min]
>> aNbNcN  L=128  T=64   strat=gaussian   samp=categorical  σ=1.0
  built (aNbNcN, L=128, T=64)  vocab=7  |X|=100
   → both_rules=0.6080 ± 0.0331 (5 reps)  steps=42.1/64  n_corr=304  elapsed=130.6s
[772/848  eta=46.1min]
>> aNbNcN  L=128  T=64   strat=gaussian   samp=categorical  σ=5.0
  built (aNbNcN, L=128, T=64)  vocab=7  |X|=100
   → both_rules=0.6920 ± 0.0183 (5 reps)  steps=46.0/65  n_corr=346  elapsed=120.2s
[773/848  eta=45.5min]
>> aNbNcN  L=128  T=512  strat=gaussian   samp=greedy       σ=100.0
  built (aNbNcN, L=128, T=512)  vocab=7  |X|=100
   → both_rules=0.9860 ± 0.0080 (5 reps)  steps=493.7/510  n_corr=493  elapsed=1101.0s
[774/848  eta=44.8min]
>> aNbNcN  L=128  T=512  strat=gaussian   samp=greedy       σ=20.0
  built (aNbNcN, L=128, T=512)  vocab=7  |X|=100
   → both_rules=0.9960 ± 0.0049 (5 reps)  steps=480.3/510  n_corr=498  elapsed=1407.4s
[775/848  eta=44.2min]
>> aNbNcN  L=128  T=512  strat=gaussian   samp=greedy       σ=256.0
  built (aNbNcN, L=128, T=512)  vocab=7  |X|=100
   → both_rules=0.9900 ± 0.0110 (5 reps)  steps=503.0/510  n_corr=495  elapsed=1045.2s
[776/848  eta=43.6min]
>> aNbNcN  L=128  T=64   strat=gaussian   samp=categorical  σ=10.0
   → both_rules=0.7540 ± 0.0585 (5 reps)  steps=49.3/65  n_corr=377  elapsed=100.4s
[777/848  eta=42.9min]
>> aNbNcN  L=128  T=512  strat=gaussian   samp=greedy       σ=5.0
  built (aNbNcN, L=128, T=512)  vocab=7  |X|=100
   → both_rules=1.0000 ± 0.0000 (5 reps)  steps=488.5/510  n_corr=500  elapsed=1568.6s
[778/848  eta=42.3min]
>> aNbNcN  L=128  T=64   strat=gaussian   samp=categorical  σ=256.0
  built (aNbNcN, L=128, T=64)  vocab=7  |X|=100
   → both_rules=0.7880 ± 0.0325 (5 reps)  steps=53.4/65  n_corr=394  elapsed=102.7s
[779/848  eta=41.7min]
>> aNbNcN  L=128  T=64   strat=gaussian   samp=categorical  σ=20.0
   → both_rules=0.8000 ± 0.0179 (5 reps)  steps=51.6/65  n_corr=400  elapsed=166.6s
[780/848  eta=41.1min]
>> aNbNcN  L=128  T=64   strat=gaussian   samp=categorical  σ=100.0
  built (aNbNcN, L=128, T=64)  vocab=7  |X|=100
   → both_rules=0.8200 ± 0.0283 (5 reps)  steps=53.9/65  n_corr=410  elapsed=138.7s
[781/848  eta=40.4min]
>> aNbNcN  L=128  T=64   strat=gaussian   samp=categorical  σ=50.0
   → both_rules=0.8140 ± 0.0422 (5 reps)  steps=53.1/65  n_corr=407  elapsed=155.9s
[782/848  eta=39.8min]
>> aNbNcN  L=128  T=512  strat=gaussian   samp=greedy       σ=10.0
  built (aNbNcN, L=128, T=512)  vocab=7  |X|=100
   → both_rules=1.0000 ± 0.0000 (5 reps)  steps=481.8/510  n_corr=500  elapsed=1637.9s
[783/848  eta=39.2min]
>> aNbNcN  L=128  T=512  strat=gaussian   samp=greedy       σ=1.0
  built (aNbNcN, L=128, T=512)  vocab=7  |X|=100
   → both_rules=1.0000 ± 0.0000 (5 reps)  steps=498.8/508  n_corr=500  elapsed=1768.2s
[784/848  eta=38.6min]
>> aNbNcN  L=128  T=512  strat=gaussian   samp=greedy       σ=2.0
  built (aNbNcN, L=128, T=512)  vocab=7  |X|=100
   → both_rules=1.0000 ± 0.0000 (5 reps)  steps=494.7/510  n_corr=500  elapsed=1791.8s
[785/848  eta=38.0min]
>> aNbNcN  L=128  T=128  strat=gaussian   samp=categorical  σ=1.0
  built (aNbNcN, L=128, T=128)  vocab=7  |X|=100
   → both_rules=0.7760 ± 0.0582 (5 reps)  steps=102.1/128  n_corr=388  elapsed=255.1s
[786/848  eta=37.4min]
>> aNbNcN  L=128  T=128  strat=gaussian   samp=categorical  σ=2.0
   → both_rules=0.8260 ± 0.0467 (5 reps)  steps=106.6/129  n_corr=413  elapsed=271.1s
[787/848  eta=36.8min]
>> aNbNcN  L=128  T=128  strat=gaussian   samp=categorical  σ=10.0
  built (aNbNcN, L=128, T=128)  vocab=7  |X|=100
   → both_rules=0.8760 ± 0.0432 (5 reps)  steps=109.6/129  n_corr=438  elapsed=227.8s
[788/848  eta=36.2min]
>> aNbNcN  L=128  T=128  strat=gaussian   samp=categorical  σ=5.0
   → both_rules=0.8280 ± 0.0392 (5 reps)  steps=105.6/129  n_corr=414  elapsed=295.5s
[789/848  eta=35.6min]
>> aNbNcN  L=128  T=128  strat=gaussian   samp=categorical  σ=100.0
  built (aNbNcN, L=128, T=128)  vocab=7  |X|=100
   → both_rules=0.9200 ± 0.0352 (5 reps)  steps=118.3/129  n_corr=460  elapsed=286.3s
[790/848  eta=34.9min]
>> aNbNcN  L=128  T=128  strat=gaussian   samp=categorical  σ=50.0
  built (aNbNcN, L=128, T=128)  vocab=7  |X|=100
   → both_rules=0.8780 ± 0.0204 (5 reps)  steps=111.4/129  n_corr=439  elapsed=296.3s
[791/848  eta=34.3min]
>> aNbNcN  L=128  T=128  strat=gaussian   samp=categorical  σ=20.0
  built (aNbNcN, L=128, T=128)  vocab=7  |X|=100
   → both_rules=0.8860 ± 0.0273 (5 reps)  steps=110.8/129  n_corr=443  elapsed=326.1s
[792/848  eta=33.7min]
>> aNbNcN  L=128  T=128  strat=gaussian   samp=categorical  σ=256.0
   → both_rules=0.9280 ± 0.0319 (5 reps)  steps=120.4/129  n_corr=464  elapsed=282.7s
[793/848  eta=33.5min]
>> aNbNcN  L=128  T=1024 strat=gaussian   samp=greedy       σ=100.0
  built (aNbNcN, L=128, T=1024)  vocab=7  |X|=100
   → both_rules=0.9960 ± 0.0049 (5 reps)  steps=992.7/1018  n_corr=498  elapsed=1695.7s
[794/848  eta=32.8min]
>> aNbNcN  L=128  T=256  strat=gaussian   samp=categorical  σ=20.0
  built (aNbNcN, L=128, T=256)  vocab=7  |X|=100
   → both_rules=0.9360 ± 0.0120 (5 reps)  steps=229.5/256  n_corr=468  elapsed=498.7s
[795/848  eta=32.2min]
>> aNbNcN  L=128  T=256  strat=gaussian   samp=categorical  σ=1.0
  built (aNbNcN, L=128, T=256)  vocab=7  |X|=100
   → both_rules=0.8660 ± 0.0215 (5 reps)  steps=221.6/255  n_corr=433  elapsed=637.6s
[796/848  eta=31.6min]
>> aNbNcN  L=128  T=256  strat=gaussian   samp=categorical  σ=2.0
  built (aNbNcN, L=128, T=256)  vocab=7  |X|=100
   → both_rules=0.8860 ± 0.0367 (5 reps)  steps=224.9/256  n_corr=443  elapsed=660.6s
[797/848  eta=31.0min]
>> aNbNcN  L=128  T=256  strat=gaussian   samp=categorical  σ=5.0
  built (aNbNcN, L=128, T=256)  vocab=7  |X|=100
   → both_rules=0.9340 ± 0.0049 (5 reps)  steps=230.9/256  n_corr=467  elapsed=659.7s
[798/848  eta=30.4min]
>> aNbNcN  L=128  T=256  strat=gaussian   samp=categorical  σ=10.0
   → both_rules=0.9320 ± 0.0232 (5 reps)  steps=229.0/256  n_corr=466  elapsed=673.9s
[799/848  eta=29.8min]
>> aNbNcN  L=128  T=256  strat=gaussian   samp=categorical  σ=100.0
  built (aNbNcN, L=128, T=256)  vocab=7  |X|=100
   → both_rules=0.9400 ± 0.0089 (5 reps)  steps=238.4/256  n_corr=470  elapsed=572.3s
[800/848  eta=29.1min]
>> aNbNcN  L=128  T=256  strat=gaussian   samp=categorical  σ=50.0
  built (aNbNcN, L=128, T=256)  vocab=7  |X|=100
   → both_rules=0.9520 ± 0.0075 (5 reps)  steps=236.4/256  n_corr=476  elapsed=642.9s
[801/848  eta=28.5min]
>> aNbNcN  L=128  T=256  strat=gaussian   samp=categorical  σ=256.0
  built (aNbNcN, L=128, T=256)  vocab=7  |X|=100
   → both_rules=0.9600 ± 0.0089 (5 reps)  steps=245.6/256  n_corr=480  elapsed=640.3s
[802/848  eta=28.3min]
>> aNbNcN  L=128  T=1024 strat=gaussian   samp=greedy       σ=256.0
   → both_rules=0.9960 ± 0.0049 (5 reps)  steps=1006.8/1018  n_corr=498  elapsed=2195.8s
[803/848  eta=27.9min]
>> aNbNcN  L=128  T=512  strat=gaussian   samp=categorical  σ=5.0
  built (aNbNcN, L=128, T=512)  vocab=7  |X|=100
   → both_rules=0.9580 ± 0.0366 (5 reps)  steps=471.6/510  n_corr=479  elapsed=898.4s
[804/848  eta=27.2min]
>> aNbNcN  L=128  T=1024 strat=gaussian   samp=greedy       σ=50.0
  built (aNbNcN, L=128, T=1024)  vocab=7  |X|=100
   → both_rules=1.0000 ± 0.0000 (5 reps)  steps=981.0/1018  n_corr=500  elapsed=2597.7s
[805/848  eta=26.6min]
>> aNbNcN  L=128  T=1024 strat=gaussian   samp=greedy       σ=5.0
  built (aNbNcN, L=128, T=1024)  vocab=7  |X|=100
   → both_rules=1.0000 ± 0.0000 (5 reps)  steps=973.5/1018  n_corr=500  elapsed=2684.5s
[806/848  eta=26.0min]
>> aNbNcN  L=128  T=512  strat=gaussian   samp=categorical  σ=1.0
  built (aNbNcN, L=128, T=512)  vocab=7  |X|=100
   → both_rules=0.9480 ± 0.0240 (5 reps)  steps=476.8/510  n_corr=474  elapsed=1378.6s
[807/848  eta=25.4min]
>> aNbNcN  L=128  T=512  strat=gaussian   samp=categorical  σ=2.0
   → both_rules=0.9500 ± 0.0190 (5 reps)  steps=473.4/510  n_corr=475  elapsed=1369.0s
[808/848  eta=24.8min]
>> aNbNcN  L=128  T=130  strat=ar         samp=greedy       —
  built (aNbNcN, L=128, T=130)  vocab=7  |X|=100
   → both_rules=1.0000 (det)  steps=129.0/129  n_corr=100  elapsed=84.6s
[809/848  eta=24.2min]
>> aNbNcN  L=128  T=512  strat=gaussian   samp=categorical  σ=100.0
   → both_rules=0.9740 ± 0.0049 (5 reps)  steps=488.2/510  n_corr=487  elapsed=1031.5s
[810/848  eta=23.6min]
>> aNbNcN  L=128  T=512  strat=gaussian   samp=categorical  σ=256.0
   → both_rules=0.9740 ± 0.0080 (5 reps)  steps=496.2/510  n_corr=487  elapsed=1020.5s
[811/848  eta=22.9min]
>> aNbNcN  L=128  T=128  strat=ebsampler  samp=greedy       γ=0.1
   → both_rules=1.0000 (det)  steps=42.0/42  n_corr=100  elapsed=39.8s
[812/848  eta=22.3min]
>> aNbNcN  L=128  T=1024 strat=gaussian   samp=greedy       σ=20.0
  built (aNbNcN, L=128, T=1024)  vocab=7  |X|=100
   → both_rules=1.0000 ± 0.0000 (5 reps)  steps=963.0/1018  n_corr=500  elapsed=2931.1s
[813/848  eta=21.6min]
>> aNbNcN  L=128  T=128  strat=ebsampler  samp=greedy       γ=2.0
  built (aNbNcN, L=128, T=128)  vocab=7  |X|=100
   → both_rules=1.0000 (det)  steps=13.0/13  n_corr=100  elapsed=6.7s
[814/848  eta=21.0min]
>> aNbNcN  L=128  T=128  strat=ebsampler  samp=greedy       γ=0.5
   → both_rules=1.0000 (det)  steps=28.0/28  n_corr=100  elapsed=27.9s
[815/848  eta=20.4min]
>> aNbNcN  L=128  T=128  strat=ebsampler  samp=greedy       γ=5.0
   → both_rules=0.0000 (det)  steps=8.0/8  n_corr=0  elapsed=4.1s
[816/848  eta=19.7min]
>> aNbNcN  L=128  T=128  strat=ebsampler  samp=greedy       γ=0.9
   → both_rules=1.0000 (det)  steps=19.0/19  n_corr=100  elapsed=16.0s
[817/848  eta=19.1min]
>> aNbNcN  L=128  T=128  strat=ebsampler  samp=greedy       γ=10.0
   → both_rules=0.0000 (det)  steps=5.0/5  n_corr=0  elapsed=5.2s
[818/848  eta=18.5min]
>> aNbNcN  L=128  T=128  strat=ebsampler  samp=categorical  γ=0.9
   → both_rules=0.2960 ± 0.0233 (5 reps)  steps=4.6/17  n_corr=148  elapsed=39.0s
[819/848  eta=17.8min]
>> aNbNcN  L=128  T=128  strat=ebsampler  samp=categorical  γ=0.5
   → both_rules=0.2580 ± 0.0264 (5 reps)  steps=8.1/28  n_corr=129  elapsed=56.1s
[820/848  eta=17.2min]
>> aNbNcN  L=128  T=128  strat=ebsampler  samp=categorical  γ=2.0
   → both_rules=0.1460 ± 0.0196 (5 reps)  steps=2.5/12  n_corr=73  elapsed=26.2s
[821/848  eta=16.6min]
>> aNbNcN  L=128  T=128  strat=ebsampler  samp=categorical  γ=5.0
   → both_rules=0.0260 ± 0.0233 (5 reps)  steps=1.3/7  n_corr=13  elapsed=17.3s
[822/848  eta=15.9min]
>> aNbNcN  L=128  T=128  strat=ebsampler  samp=categorical  γ=10.0
   → both_rules=0.0020 ± 0.0040 (5 reps)  steps=1.0/2  n_corr=1  elapsed=11.3s
[823/848  eta=15.3min]
>> aNbNcN  L=128  T=128  strat=ebsampler  samp=categorical  γ=0.1
   → both_rules=1.0000 ± 0.0000 (5 reps)  steps=23.1/42  n_corr=500  elapsed=82.6s
[824/848  eta=14.7min]
>> aNbNcN  L=128  T=1024 strat=gaussian   samp=greedy       σ=10.0
  built (aNbNcN, L=128, T=1024)  vocab=7  |X|=100
   → both_rules=1.0000 ± 0.0000 (5 reps)  steps=964.2/1018  n_corr=500  elapsed=3092.5s
[825/848  eta=14.1min]
>> aNbNcN  L=128  T=512  strat=gaussian   samp=categorical  σ=20.0
   → both_rules=0.9840 ± 0.0080 (5 reps)  steps=473.4/510  n_corr=492  elapsed=1309.8s
[826/848  eta=13.5min]
>> aNbNcN  L=128  T=512  strat=gaussian   samp=categorical  σ=10.0
   → both_rules=0.9720 ± 0.0240 (5 reps)  steps=470.2/510  n_corr=486  elapsed=1387.3s
[827/848  eta=12.8min]
>> aNbNcN  L=128  T=130  strat=ar         samp=categorical  —
   → both_rules=1.0000 ± 0.0000 (5 reps)  steps=129.0/129  n_corr=500  elapsed=302.6s
[828/848  eta=12.2min]
>> aNbNcN  L=128  T=512  strat=gaussian   samp=categorical  σ=50.0
   → both_rules=0.9700 ± 0.0110 (5 reps)  steps=477.6/510  n_corr=485  elapsed=1320.1s
[829/848  eta=11.6min]
>> aNbNcN  L=128  T=1024 strat=gaussian   samp=greedy       σ=2.0
  built (aNbNcN, L=128, T=1024)  vocab=7  |X|=100
   → both_rules=1.0000 ± 0.0000 (5 reps)  steps=988.3/1018  n_corr=500  elapsed=3233.8s
[830/848  eta=11.0min]
>> aNbNcN  L=128  T=1024 strat=gaussian   samp=greedy       σ=1.0
  built (aNbNcN, L=128, T=1024)  vocab=7  |X|=100
   → both_rules=1.0000 ± 0.0000 (5 reps)  steps=996.4/1018  n_corr=500  elapsed=3291.1s
[831/848  eta=10.6min]
>> baN     L=128  T=1024 strat=gaussian   samp=greedy       σ=10.0
  built (baN, L=128, T=1024)  vocab=6  |X|=100
   → both_rules=0.9780 ± 0.0147 (5 reps)  steps=964.0/1018  n_corr=489  elapsed=28563.2s
[832/848  eta=10.0min]
>> aNbNcN  L=128  T=1024 strat=gaussian   samp=categorical  σ=1.0
  built (aNbNcN, L=128, T=1024)  vocab=7  |X|=100
   → both_rules=0.9820 ± 0.0117 (5 reps)  steps=981.2/1015  n_corr=491  elapsed=2037.0s
[833/848  eta=9.4min]
>> aNbNcN  L=128  T=1024 strat=gaussian   samp=categorical  σ=2.0
  built (aNbNcN, L=128, T=1024)  vocab=7  |X|=100
   → both_rules=0.9720 ± 0.0075 (5 reps)  steps=964.5/1018  n_corr=486  elapsed=2058.4s
[834/848  eta=8.7min]
>> aNbNcN  L=128  T=1024 strat=gaussian   samp=categorical  σ=100.0
   → both_rules=0.9800 ± 0.0126 (5 reps)  steps=979.8/1018  n_corr=490  elapsed=1371.3s
[835/848  eta=8.1min]
>> aNbNcN  L=128  T=1024 strat=gaussian   samp=categorical  σ=256.0
  built (aNbNcN, L=128, T=1024)  vocab=7  |X|=100
   → both_rules=0.9780 ± 0.0172 (5 reps)  steps=994.1/1018  n_corr=489  elapsed=1341.9s
[836/848  eta=7.5min]
>> aNbNcN  L=128  T=1024 strat=gaussian   samp=categorical  σ=10.0
   → both_rules=0.9940 ± 0.0080 (5 reps)  steps=959.0/1018  n_corr=497  elapsed=1741.6s
[837/848  eta=6.9min]
>> aNbNcN  L=128  T=1024 strat=gaussian   samp=categorical  σ=5.0
  built (aNbNcN, L=128, T=1024)  vocab=7  |X|=100
   → both_rules=0.9720 ± 0.0117 (5 reps)  steps=948.4/1018  n_corr=486  elapsed=2181.1s
[838/848  eta=6.3min]
>> aNbNcN  L=128  T=1024 strat=gaussian   samp=categorical  σ=50.0
   → both_rules=0.9860 ± 0.0136 (5 reps)  steps=965.3/1018  n_corr=493  elapsed=1607.0s
[839/848  eta=5.6min]
>> aNbNcN  L=128  T=1024 strat=gaussian   samp=categorical  σ=20.0
   → both_rules=0.9880 ± 0.0117 (5 reps)  steps=950.8/1018  n_corr=494  elapsed=1689.2s
[840/848  eta=5.0min]
>> baN     L=128  T=1024 strat=gaussian   samp=categorical  σ=50.0
  built (baN, L=128, T=1024)  vocab=6  |X|=100
   → both_rules=0.9680 ± 0.0117 (5 reps)  steps=980.0/1018  n_corr=484  elapsed=16354.3s
[841/848  eta=4.5min]
>> baN     L=128  T=1024 strat=gaussian   samp=greedy       σ=5.0
  built (baN, L=128, T=1024)  vocab=6  |X|=100
   → both_rules=0.9840 ± 0.0049 (5 reps)  steps=973.7/1018  n_corr=492  elapsed=29754.7s
[842/848  eta=3.9min]
>> baN     L=128  T=1024 strat=gaussian   samp=greedy       σ=1.0
  built (baN, L=128, T=1024)  vocab=6  |X|=100
   → both_rules=0.9620 ± 0.0098 (5 reps)  steps=995.7/1018  n_corr=481  elapsed=30458.2s
[843/848  eta=3.2min]
>> baN     L=128  T=1024 strat=gaussian   samp=greedy       σ=2.0
  built (baN, L=128, T=1024)  vocab=6  |X|=100
   → both_rules=0.9740 ± 0.0049 (5 reps)  steps=987.5/1018  n_corr=487  elapsed=30416.6s
[844/848  eta=2.7min]
>> baN     L=128  T=1024 strat=gaussian   samp=categorical  σ=20.0
  built (baN, L=128, T=1024)  vocab=6  |X|=100
   → both_rules=0.9960 ± 0.0080 (5 reps)  steps=957.4/1018  n_corr=498  elapsed=20114.2s
[845/848  eta=2.2min]
>> baN     L=128  T=1024 strat=gaussian   samp=categorical  σ=10.0
  built (baN, L=128, T=1024)  vocab=6  |X|=100
   → both_rules=0.9840 ± 0.0120 (5 reps)  steps=962.7/1018  n_corr=492  elapsed=23027.8s
[846/848  eta=1.5min]
>> baN     L=128  T=1024 strat=gaussian   samp=categorical  σ=2.0
   → both_rules=0.9700 ± 0.0179 (5 reps)  steps=987.7/1018  n_corr=485  elapsed=24549.5s
[847/848  eta=0.7min]
>> baN     L=128  T=1024 strat=gaussian   samp=categorical  σ=5.0
  built (baN, L=128, T=1024)  vocab=6  |X|=100
   → both_rules=0.9860 ± 0.0136 (5 reps)  steps=972.1/1018  n_corr=493  elapsed=24516.1s
[848/848  eta=0.0min]
>> baN     L=128  T=1024 strat=gaussian   samp=categorical  σ=1.0
  built (baN, L=128, T=1024)  vocab=6  |X|=100
   → both_rules=0.9540 ± 0.0258 (5 reps)  steps=995.3/1015  n_corr=477  elapsed=25076.1s

============================================================
T-SWEEP COMPLETE
============================================================
CSV: results/T-sweep-nonDyck-4/oracle_T_sweep_results.csv
Distributions: results/T-sweep-nonDyck-4/distributions

Log: results/T-sweep-nonDyck-4/run.log
