dataset,grammar,L,strategy,sampling_strategy,sigma,eb_gamma,T,n_reps,mean_rule1,std_rule1,mean_rule2,std_rule2,mean_both_rules,std_both_rules,mean_format,std_format,n_steps_mean,n_steps_max,deterministic,elapsed_s,n_correct,n_correct_too_low,uniqueness,duplication_rate,mean_lev_dist_normalized,lev_n_used,bigram_diversity,trigram_diversity,dfa_state_coverage,dfa_transition_coverage,n_entropy,n_coverage,m_entropy,nm_joint_coverage,max_depth_ratio_mean,max_depth_ratio_std,brackets_parens_ratio_mean,brackets_parens_ratio_std,n_zero_paren_sequences,distribution_path
unconditional,baN,128,uniform,categorical,,,2,5,0.514,0.052383,0.858,0.023152,0.438,0.054918,0.566,0.066513,1.7,2,False,21.89,137,False,1.0,0.0,0.15865285647274802,137,0.00023129409043598937,0.00046628198402984207,0.75,0.625,,,,,,,,,,results/T-sweep-nonDyck-3/distributions/baN_L128_T2_uniform_categorical_none.json
unconditional,baN,128,uniform,greedy,,,1,5,0.0,0.0,1.0,0.0,0.0,0.0,1.0,0.0,1.0,1,False,22.97,0,True,,,,0,,,,,,,,,,,,,,results/T-sweep-nonDyck-3/distributions/baN_L128_T1_uniform_greedy_none.json
unconditional,baN,128,uniform,greedy,,,4,5,0.0,0.0,1.0,0.0,0.0,0.0,1.0,0.0,4.0,4,False,28.5,0,True,,,,0,,,,,,,,,,,,,,results/T-sweep-nonDyck-3/distributions/baN_L128_T4_uniform_greedy_none.json
unconditional,baN,128,gaussian,greedy,2.0,,1,5,0.0,0.0,1.0,0.0,0.0,0.0,0.988,0.007483,1.0,1,False,29.87,0,True,,,,0,,,,,,,,,,,,,,results/T-sweep-nonDyck-3/distributions/baN_L128_T1_gaussian_greedy_sigma2.0.json
unconditional,baN,128,gaussian,greedy,20.0,,1,5,0.154,0.012,1.0,0.0,0.154,0.012,0.984,0.010198,1.158,2,False,30.04,77,False,0.2727272727272727,0.7272727272727273,0.007297184723171565,77,0.00030677983433888945,0.00041228612657184083,0.75,0.625,,,,,,,,,,results/T-sweep-nonDyck-3/distributions/baN_L128_T1_gaussian_greedy_sigma20.0.json
unconditional,baN,128,gaussian,greedy,5.0,,1,5,0.016,0.013565,1.0,0.0,0.016,0.013565,0.988,0.011662,1.016,2,False,30.26,8,False,0.75,0.25,0.007254464285714286,8,0.002952755905511811,0.003968253968253968,0.75,0.625,,,,,,,,,,results/T-sweep-nonDyck-3/distributions/baN_L128_T1_gaussian_greedy_sigma5.0.json
unconditional,baN,128,uniform,greedy,,,2,5,0.0,0.0,1.0,0.0,0.0,0.0,1.0,0.0,2.0,2,False,30.64,0,True,,,,0,,,,,,,,,,,,,,results/T-sweep-nonDyck-3/distributions/baN_L128_T2_uniform_greedy_none.json
unconditional,baN,128,gaussian,greedy,100.0,,1,5,0.386,0.070597,1.0,0.0,0.386,0.070597,0.99,0.008944,1.562,2,False,30.31,193,False,0.3626943005181347,0.6373056994818653,0.00766744926597582,193,0.00012239402717147404,0.00016448721111933547,0.75,0.625,,,,,,,,,,results/T-sweep-nonDyck-3/distributions/baN_L128_T1_gaussian_greedy_sigma100.0.json
unconditional,baN,128,gaussian,greedy,50.0,,1,5,0.324,0.040792,1.0,0.0,0.324,0.040792,0.99,0.008944,1.37,2,False,30.3,162,False,0.24691358024691357,0.7530864197530864,0.007571073920711602,162,0.00014581510644502772,0.0001959631589261219,0.75,0.625,,,,,,,,,,results/T-sweep-nonDyck-3/distributions/baN_L128_T1_gaussian_greedy_sigma50.0.json
unconditional,baN,128,gaussian,greedy,1.0,,1,5,0.0,0.0,1.0,0.0,0.0,0.0,1.0,0.0,1.0,1,False,31.65,0,True,,,,0,,,,,,,,,,,,,,results/T-sweep-nonDyck-3/distributions/baN_L128_T1_gaussian_greedy_sigma1.0.json
unconditional,baN,128,uniform,categorical,,,4,5,0.47,0.04858,0.878,0.022271,0.404,0.054259,0.746,0.044989,3.534,4,False,33.26,171,False,1.0,0.0,0.15856543417624605,171,0.00018542555164101615,0.00037381430774262883,0.75,0.625,,,,,,,,,,results/T-sweep-nonDyck-3/distributions/baN_L128_T4_uniform_categorical_none.json
unconditional,baN,128,uniform,categorical,,,16,5,0.486,0.038781,0.97,0.010954,0.472,0.043081,0.938,0.036,15.47,16,False,33.69,232,False,1.0,0.0,0.15887977336473658,200,0.00013680358425390745,0.00027579549763850106,0.75,0.625,,,,,,,,,,results/T-sweep-nonDyck-3/distributions/baN_L128_T16_uniform_categorical_none.json
unconditional,baN,128,uniform,greedy,,,8,5,0.0,0.0,1.0,0.0,0.0,0.0,1.0,0.0,8.0,8,False,34.29,0,True,,,,0,,,,,,,,,,,,,,results/T-sweep-nonDyck-3/distributions/baN_L128_T8_uniform_greedy_none.json
unconditional,baN,128,uniform,categorical,,,1,5,0.502,0.040694,1.0,0.0,0.502,0.040694,0.45,0.035214,1.0,1,False,36.36,108,False,1.0,0.0,0.15964897580475404,108,0.0006612298875909191,0.0015552099533437014,0.75,0.625,,,,,,,,,,results/T-sweep-nonDyck-3/distributions/baN_L128_T1_uniform_categorical_none.json
unconditional,baN,128,gaussian,greedy,10.0,,1,5,0.06,0.029665,1.0,0.0,0.06,0.029665,0.984,0.013565,1.062,2,False,36.47,30,False,0.3,0.7,0.006950431034482759,30,0.0007874015748031496,0.0010582010582010583,0.75,0.625,,,,,,,,,,results/T-sweep-nonDyck-3/distributions/baN_L128_T1_gaussian_greedy_sigma10.0.json
unconditional,baN,128,gaussian,greedy,2.0,,2,5,0.0,0.0,1.0,0.0,0.0,0.0,0.994,0.004899,2.0,2,False,48.9,0,True,,,,0,,,,,,,,,,,,,,results/T-sweep-nonDyck-3/distributions/baN_L128_T2_gaussian_greedy_sigma2.0.json
unconditional,baN,128,uniform,greedy,,,16,5,0.002,0.004,1.0,0.0,0.002,0.004,1.0,0.0,16.0,16,False,51.51,1,True,1.0,0.0,,1,0.023622047244094488,0.031746031746031744,0.75,0.5,,,,,,,,,,results/T-sweep-nonDyck-3/distributions/baN_L128_T16_uniform_greedy_none.json
unconditional,baN,128,gaussian,greedy,10.0,,2,5,0.066,0.023324,1.0,0.0,0.066,0.023324,0.992,0.007483,2.068,3,False,30.33,33,False,0.2727272727272727,0.7272727272727273,0.006909919507575758,33,0.0007158196134574087,0.000962000962000962,0.75,0.625,,,,,,,,,,results/T-sweep-nonDyck-3/distributions/baN_L128_T2_gaussian_greedy_sigma10.0.json
unconditional,baN,128,gaussian,greedy,5.0,,2,5,0.024,0.012,1.0,0.0,0.024,0.012,0.992,0.007483,2.024,3,False,54.23,12,False,0.5,0.5,0.006747159090909091,12,0.001968503937007874,0.0026455026455026454,0.75,0.625,,,,,,,,,,results/T-sweep-nonDyck-3/distributions/baN_L128_T2_gaussian_greedy_sigma5.0.json
unconditional,baN,128,gaussian,greedy,1.0,,2,5,0.0,0.0,1.0,0.0,0.0,0.0,1.0,0.0,2.0,2,False,54.81,0,True,,,,0,,,,,,,,,,,,,,results/T-sweep-nonDyck-3/distributions/baN_L128_T2_gaussian_greedy_sigma1.0.json
unconditional,baN,128,uniform,categorical,,,8,5,0.478,0.029257,0.926,0.008,0.45,0.032863,0.856,0.021541,7.362,8,False,57.93,208,False,1.0,0.0,0.15956786332576015,200,0.00015255530129672007,0.00030755036137167463,0.75,0.625,,,,,,,,,,results/T-sweep-nonDyck-3/distributions/baN_L128_T8_uniform_categorical_none.json
unconditional,baN,128,gaussian,greedy,50.0,,2,5,0.282,0.039699,1.0,0.0,0.282,0.039699,0.992,0.009798,2.326,3,False,32.57,141,False,0.3049645390070922,0.6950354609929078,0.0075845364741641335,141,0.00016753224995811694,0.00022514916131937407,0.75,0.625,,,,,,,,,,results/T-sweep-nonDyck-3/distributions/baN_L128_T2_gaussian_greedy_sigma50.0.json
unconditional,baN,128,gaussian,greedy,100.0,,2,5,0.386,0.036111,1.0,0.0,0.386,0.036111,0.99,0.012649,2.568,3,False,31.44,193,False,0.37305699481865284,0.6269430051813472,0.007702025313039724,193,0.00012239402717147404,0.00016448721111933547,0.75,0.625,,,,,,,,,,results/T-sweep-nonDyck-3/distributions/baN_L128_T2_gaussian_greedy_sigma100.0.json
unconditional,baN,128,gaussian,greedy,20.0,,2,5,0.128,0.03763,1.0,0.0,0.128,0.03763,0.992,0.007483,2.134,3,False,40.28,64,False,0.3125,0.6875,0.00724671378968254,64,0.00036909448818897637,0.000496031746031746,0.75,0.625,,,,,,,,,,results/T-sweep-nonDyck-3/distributions/baN_L128_T2_gaussian_greedy_sigma20.0.json
unconditional,baN,128,gaussian,greedy,100.0,,4,5,0.374,0.047582,1.0,0.0,0.374,0.047582,0.988,0.011662,4.578,5,False,42.05,187,False,0.3850267379679144,0.6149732620320856,0.00768716577540107,187,0.00012632110825718976,0.0001697648756472286,0.75,0.625,,,,,,,,,,results/T-sweep-nonDyck-3/distributions/baN_L128_T4_gaussian_greedy_sigma100.0.json
unconditional,baN,128,uniform,greedy,,,32,5,0.068,0.021354,1.0,0.0,0.068,0.021354,1.0,0.0,31.984,32,False,81.76,34,False,0.8823529411764706,0.11764705882352944,0.007742869875222816,34,0.0009263547938860583,0.0011671335200746965,0.75,0.625,,,,,,,,,,results/T-sweep-nonDyck-3/distributions/baN_L128_T32_uniform_greedy_none.json
unconditional,baN,128,gaussian,greedy,2.0,,4,5,0.0,0.0,1.0,0.0,0.0,0.0,0.996,0.008,4.0,4,False,51.98,0,True,,,,0,,,,,,,,,,,,,,results/T-sweep-nonDyck-3/distributions/baN_L128_T4_gaussian_greedy_sigma2.0.json
unconditional,baN,128,gaussian,greedy,50.0,,4,5,0.288,0.034293,1.0,0.0,0.288,0.034293,0.984,0.012,4.342,5,False,56.78,144,False,0.3263888888888889,0.6736111111111112,0.007603074009324009,144,0.00016404199475065617,0.0002204585537918871,0.75,0.625,,,,,,,,,,results/T-sweep-nonDyck-3/distributions/baN_L128_T4_gaussian_greedy_sigma50.0.json
unconditional,baN,128,uniform,categorical,,,32,5,0.582,0.033705,0.982,0.004,0.57,0.032863,0.962,0.013266,31.264,32,False,92.66,277,False,1.0,0.0,0.1585716864093625,200,0.00011460661280155865,0.00023104693140794225,0.75,0.625,,,,,,,,,,results/T-sweep-nonDyck-3/distributions/baN_L128_T32_uniform_categorical_none.json
unconditional,baN,128,gaussian,greedy,20.0,,4,5,0.102,0.021354,1.0,0.0,0.102,0.021354,0.992,0.007483,4.114,5,False,71.41,51,False,0.27450980392156865,0.7254901960784313,0.007052696078431372,51,0.0004631773969430292,0.0006224712107065049,0.75,0.625,,,,,,,,,,results/T-sweep-nonDyck-3/distributions/baN_L128_T4_gaussian_greedy_sigma20.0.json
unconditional,baN,128,gaussian,greedy,100.0,,8,5,0.436,0.024166,1.0,0.0,0.436,0.024166,0.986,0.010198,8.57,9,False,51.25,218,False,0.3853211009174312,0.6146788990825688,0.007704538316582915,200,0.00010835801488116738,0.000145623998835008,0.75,0.625,,,,,,,,,,results/T-sweep-nonDyck-3/distributions/baN_L128_T8_gaussian_greedy_sigma100.0.json
unconditional,baN,128,gaussian,greedy,5.0,,4,5,0.042,0.017205,1.0,0.0,0.042,0.017205,0.99,0.010954,4.012,5,False,79.74,21,False,0.38095238095238093,0.6190476190476191,0.006287202380952381,21,0.0011248593925759281,0.0015117157974300832,0.75,0.625,,,,,,,,,,results/T-sweep-nonDyck-3/distributions/baN_L128_T4_gaussian_greedy_sigma5.0.json
unconditional,baN,128,gaussian,greedy,10.0,,4,5,0.044,0.028705,1.0,0.0,0.044,0.028705,0.986,0.014967,4.048,5,False,82.34,22,False,0.4090909090909091,0.5909090909090908,0.006831709956709957,22,0.0010737294201861132,0.001443001443001443,0.75,0.625,,,,,,,,,,results/T-sweep-nonDyck-3/distributions/baN_L128_T4_gaussian_greedy_sigma10.0.json
unconditional,baN,128,gaussian,greedy,1.0,,4,5,0.0,0.0,1.0,0.0,0.0,0.0,1.0,0.0,4.0,4,False,85.64,0,True,,,,0,,,,,,,,,,,,,,results/T-sweep-nonDyck-3/distributions/baN_L128_T4_gaussian_greedy_sigma1.0.json
unconditional,baN,128,gaussian,greedy,50.0,,8,5,0.458,0.03544,1.0,0.0,0.458,0.03544,0.99,0.010954,8.322,9,False,84.3,229,False,0.24890829694323144,0.7510917030567685,0.007584406407035176,200,0.00010315304473403707,0.0001386289595896583,0.75,0.625,,,,,,,,,,results/T-sweep-nonDyck-3/distributions/baN_L128_T8_gaussian_greedy_sigma50.0.json
unconditional,baN,128,gaussian,greedy,1.0,,8,5,0.494,0.037202,1.0,0.0,0.494,0.037202,1.0,0.0,8.0,8,False,101.62,247,False,0.020242914979757085,0.979757085020243,0.0026692054020100503,200,9.563581880200198e-05,0.000128526444315918,0.75,0.625,,,,,,,,,,results/T-sweep-nonDyck-3/distributions/baN_L128_T8_gaussian_greedy_sigma1.0.json
unconditional,baN,128,uniform,categorical,,,64,5,0.682,0.027857,0.99,0.008944,0.674,0.026533,0.982,0.004,63.398,64,False,156.43,336,False,1.0,0.0,0.15841110313472123,200,9.462752241489437e-05,0.0001907714319780613,0.75,0.625,,,,,,,,,,results/T-sweep-nonDyck-3/distributions/baN_L128_T64_uniform_categorical_none.json
unconditional,baN,128,gaussian,greedy,2.0,,8,5,0.374,0.025768,1.0,0.0,0.374,0.025768,1.0,0.0,8.004,9,False,128.32,187,False,0.0481283422459893,0.9518716577540107,0.005964830947041574,187,0.00012632110825718976,0.0001697648756472286,0.75,0.625,,,,,,,,,,results/T-sweep-nonDyck-3/distributions/baN_L128_T8_gaussian_greedy_sigma2.0.json
unconditional,baN,128,gaussian,greedy,10.0,,8,5,0.096,0.031369,1.0,0.0,0.096,0.031369,0.98,0.008944,8.044,9,False,127.21,48,False,0.3125,0.6875,0.006988308953900709,48,0.0004921259842519685,0.0006613756613756613,0.75,0.625,,,,,,,,,,results/T-sweep-nonDyck-3/distributions/baN_L128_T8_gaussian_greedy_sigma10.0.json
unconditional,baN,128,gaussian,greedy,20.0,,8,5,0.304,0.043174,1.0,0.0,0.304,0.043174,0.976,0.020591,8.06,9,False,115.36,152,False,0.19078947368421054,0.8092105263157895,0.007368638898570931,152,0.0001554082055532532,0.00020885547201336674,0.75,0.625,,,,,,,,,,results/T-sweep-nonDyck-3/distributions/baN_L128_T8_gaussian_greedy_sigma20.0.json
unconditional,baN,128,uniform,greedy,,,64,5,0.298,0.032496,1.0,0.0,0.298,0.032496,1.0,0.0,63.874,64,False,173.12,149,False,0.5302013422818792,0.4697986577181208,0.007735267776165428,149,0.00021138297310151666,0.00026632576968147435,0.75,0.625,,,,,,,,,,results/T-sweep-nonDyck-3/distributions/baN_L128_T64_uniform_greedy_none.json
unconditional,baN,128,gaussian,greedy,5.0,,8,5,0.124,0.023324,1.0,0.0,0.124,0.023324,0.994,0.008,8.022,9,False,140.6,62,False,0.27419354838709675,0.7258064516129032,0.007093634320465362,62,0.000381000762001524,0.0005120327700972862,0.75,0.625,,,,,,,,,,results/T-sweep-nonDyck-3/distributions/baN_L128_T8_gaussian_greedy_sigma5.0.json
unconditional,baN,128,gaussian,greedy,100.0,,16,5,0.558,0.049153,1.0,0.0,0.558,0.049153,0.982,0.007483,16.39,17,False,118.0,279,False,0.3548387096774194,0.6451612903225806,0.007714353015075377,200,8.466683600033866e-05,0.00011378506002161917,0.75,0.625,,,,,,,,,,results/T-sweep-nonDyck-3/distributions/baN_L128_T16_gaussian_greedy_sigma100.0.json
unconditional,baN,128,uniform,greedy,,,128,5,0.57,0.06,0.996,0.004899,0.57,0.06,0.994,0.004899,127.45,128,False,212.6,285,False,0.38596491228070173,0.6140350877192983,0.007756752512562814,200,0.00011051250172675784,0.0001670843776106934,0.75,0.625,,,,,,,,,,results/T-sweep-nonDyck-3/distributions/baN_L128_T128_uniform_greedy_none.json
unconditional,baN,128,gaussian,greedy,50.0,,16,5,0.658,0.051923,1.0,0.0,0.658,0.051923,0.974,0.014967,15.934,17,False,149.64,329,False,0.19148936170212766,0.8085106382978724,0.007618168969849246,200,7.179953569633584e-05,9.649249770830318e-05,0.75,0.625,,,,,,,,,,results/T-sweep-nonDyck-3/distributions/baN_L128_T16_gaussian_greedy_sigma50.0.json
unconditional,baN,128,gaussian,greedy,20.0,,16,5,0.592,0.060795,1.0,0.0,0.592,0.060795,0.972,0.017205,15.64,17,False,161.51,296,False,0.11148648648648649,0.8885135135135135,0.0073798680904522615,200,7.980421366248138e-05,0.00010725010725010725,0.75,0.625,,,,,,,,,,results/T-sweep-nonDyck-3/distributions/baN_L128_T16_gaussian_greedy_sigma20.0.json
unconditional,baN,128,uniform,categorical,,,128,5,0.798,0.050359,0.996,0.004899,0.796,0.053141,0.992,0.011662,126.982,128,False,254.36,397,False,1.0,0.0,0.1586029418314737,200,8.000960115213825e-05,0.00016130007863378833,0.75,0.625,,,,,,,,,,results/T-sweep-nonDyck-3/distributions/baN_L128_T128_uniform_categorical_none.json
unconditional,baN,128,gaussian,greedy,10.0,,16,5,0.402,0.037094,1.0,0.0,0.402,0.037094,0.926,0.028705,15.554,17,False,262.88,201,False,0.08955223880597014,0.9104477611940298,0.00703910175879397,200,0.0001175226231049477,0.00015794045644791914,0.75,0.625,,,,,,,,,,results/T-sweep-nonDyck-3/distributions/baN_L128_T16_gaussian_greedy_sigma10.0.json
unconditional,baN,128,gaussian,greedy,2.0,,16,5,0.512,0.060465,1.0,0.0,0.512,0.060465,0.996,0.004899,15.996,16,False,286.25,256,False,0.14453125,0.85546875,0.007897298994974874,200,9.227362204724409e-05,0.0001240079365079365,0.75,0.625,,,,,,,,,,results/T-sweep-nonDyck-3/distributions/baN_L128_T16_gaussian_greedy_sigma2.0.json
unconditional,baN,128,gaussian,greedy,100.0,,32,5,0.68,0.042426,1.0,0.0,0.68,0.042426,0.99,0.006325,32.04,33,False,253.01,340,False,0.2823529411764706,0.7176470588235294,0.007693938442211055,200,6.947660954145438e-05,9.337068160597572e-05,0.75,0.625,,,,,,,,,,results/T-sweep-nonDyck-3/distributions/baN_L128_T32_gaussian_greedy_sigma100.0.json
unconditional,baN,128,gaussian,greedy,5.0,,16,5,0.484,0.067112,1.0,0.0,0.484,0.067112,0.858,0.026382,15.688,17,False,324.67,242,False,0.1322314049586777,0.8677685950413223,0.007132341394472361,200,9.761176547146483e-05,0.00013118194936376755,0.75,0.625,,,,,,,,,,results/T-sweep-nonDyck-3/distributions/baN_L128_T16_gaussian_greedy_sigma5.0.json
unconditional,baN,128,gaussian,greedy,50.0,,32,5,0.728,0.011662,1.0,0.0,0.728,0.011662,0.988,0.011662,31.186,33,False,293.12,364,False,0.16758241758241757,0.8324175824175825,0.0075706658291457285,200,6.489573418707277e-05,8.721437292865864e-05,0.75,0.625,,,,,,,,,,results/T-sweep-nonDyck-3/distributions/baN_L128_T32_gaussian_greedy_sigma50.0.json
unconditional,baN,128,gaussian,greedy,1.0,,16,5,0.538,0.045343,1.0,0.0,0.538,0.045343,1.0,0.0,16.0,16,False,358.61,269,False,0.11895910780669144,0.8810408921933086,0.008594535175879396,200,8.78143020226561e-05,0.00011801498790346374,0.75,0.625,,,,,,,,,,results/T-sweep-nonDyck-3/distributions/baN_L128_T16_gaussian_greedy_sigma1.0.json
unconditional,baN,128,gaussian,greedy,100.0,,64,5,0.712,0.014697,0.998,0.004,0.712,0.014697,0.994,0.004899,63.34,65,False,250.05,356,False,0.2752808988764045,0.7247191011235955,0.00771356783919598,200,6.635406529240025e-05,0.00011146780809702159,0.75,0.625,,,,,,,,,,results/T-sweep-nonDyck-3/distributions/baN_L128_T64_gaussian_greedy_sigma100.0.json
unconditional,baN,128,gaussian,greedy,10.0,,32,5,0.63,0.037417,1.0,0.0,0.63,0.037417,0.93,0.026833,30.63,33,False,344.09,315,False,0.06666666666666667,0.9333333333333333,0.007105841708542714,200,9.998750156230471e-05,0.00012597631645250694,0.75,0.625,,,,,,,,,,results/T-sweep-nonDyck-3/distributions/baN_L128_T32_gaussian_greedy_sigma10.0.json
unconditional,baN,128,gaussian,categorical,1.0,,1,5,0.502,0.040694,1.0,0.0,0.502,0.040694,0.45,0.035214,1.0,1,False,28.63,108,False,1.0,0.0,0.15964897580475404,108,0.0006612298875909191,0.0015552099533437014,0.75,0.625,,,,,,,,,,results/T-sweep-nonDyck-3/distributions/baN_L128_T1_gaussian_categorical_sigma1.0.json
unconditional,baN,128,gaussian,categorical,2.0,,1,5,0.5,0.039497,1.0,0.0,0.5,0.039497,0.448,0.038158,1.0,1,False,30.73,107,False,1.0,0.0,0.1595216183690551,107,0.0006673587423995255,0.001569624037670977,0.75,0.625,,,,,,,,,,results/T-sweep-nonDyck-3/distributions/baN_L128_T1_gaussian_categorical_sigma2.0.json
unconditional,baN,128,gaussian,categorical,5.0,,1,5,0.508,0.067646,1.0,0.0,0.508,0.067646,0.438,0.046648,1.01,2,False,29.15,108,False,1.0,0.0,0.15985912284316706,108,0.0005867253392005867,0.001478524432616249,0.75,0.625,,,,,,,,,,results/T-sweep-nonDyck-3/distributions/baN_L128_T1_gaussian_categorical_sigma5.0.json
unconditional,baN,128,gaussian,categorical,10.0,,1,5,0.514,0.058856,1.0,0.0,0.514,0.058856,0.44,0.057966,1.016,2,False,29.7,112,False,1.0,0.0,0.16002914865434176,112,0.0005661712668082095,0.0014267370523612499,0.75,0.625,,,,,,,,,,results/T-sweep-nonDyck-3/distributions/baN_L128_T1_gaussian_categorical_sigma10.0.json
unconditional,baN,128,gaussian,categorical,20.0,,1,5,0.512,0.055281,1.0,0.0,0.512,0.055281,0.42,0.055498,1.038,2,False,29.33,105,False,1.0,0.0,0.15893296530422907,105,0.0006040471156750226,0.0013699672730040338,0.75,0.625,,,,,,,,,,results/T-sweep-nonDyck-3/distributions/baN_L128_T1_gaussian_categorical_sigma20.0.json
unconditional,baN,128,uniform,categorical,,,256,5,0.886,0.021541,0.998,0.004,0.884,0.02245,0.998,0.004,253.312,255,False,505.54,442,False,1.0,0.0,0.15943482675290593,200,7.186360288173047e-05,0.0001448776689183071,0.75,0.625,,,,,,,,,,results/T-sweep-nonDyck-3/distributions/baN_L128_T256_uniform_categorical_none.json
unconditional,baN,128,gaussian,categorical,50.0,,1,5,0.534,0.038781,1.0,0.0,0.534,0.038781,0.378,0.028566,1.078,2,False,30.38,115,False,1.0,0.0,0.15857495013970488,115,0.0005518763796909492,0.001390723871775259,0.75,0.625,,,,,,,,,,results/T-sweep-nonDyck-3/distributions/baN_L128_T1_gaussian_categorical_sigma50.0.json
unconditional,baN,128,gaussian,categorical,100.0,,1,5,0.516,0.017436,1.0,0.0,0.516,0.017436,0.356,0.018547,1.164,2,False,29.69,104,False,1.0,0.0,0.15874876246434172,104,0.0006095238095238095,0.0014591813224790722,0.75,0.625,,,,,,,,,,results/T-sweep-nonDyck-3/distributions/baN_L128_T1_gaussian_categorical_sigma100.0.json
unconditional,baN,128,gaussian,greedy,20.0,,32,5,0.714,0.042708,1.0,0.0,0.714,0.042708,0.952,0.017205,30.674,33,False,443.85,357,False,0.11204481792717087,0.8879551820728291,0.007402245603015075,200,6.616819956328988e-05,8.892445867235783e-05,0.75,0.625,,,,,,,,,,results/T-sweep-nonDyck-3/distributions/baN_L128_T32_gaussian_greedy_sigma20.0.json
unconditional,baN,128,gaussian,categorical,1.0,,2,5,0.486,0.046303,1.0,0.0,0.486,0.046303,0.464,0.052383,2.0,2,False,48.38,119,False,1.0,0.0,0.16002392663395051,119,0.0005995203836930455,0.001477204055596589,0.75,0.625,,,,,,,,,,results/T-sweep-nonDyck-3/distributions/baN_L128_T2_gaussian_categorical_sigma1.0.json
unconditional,baN,128,gaussian,categorical,5.0,,2,5,0.5,0.028284,1.0,0.0,0.5,0.028284,0.462,0.020396,2.016,3,False,28.92,111,False,1.0,0.0,0.15910508343534566,111,0.0006429030645046075,0.0015120967741935483,0.75,0.625,,,,,,,,,,results/T-sweep-nonDyck-3/distributions/baN_L128_T2_gaussian_categorical_sigma5.0.json
unconditional,baN,128,gaussian,categorical,2.0,,2,5,0.508,0.032496,1.0,0.0,0.508,0.032496,0.464,0.052383,2.0,2,False,48.82,111,False,1.0,0.0,0.1601913943341099,111,0.0005708169818052087,0.0014384349827387803,0.75,0.625,,,,,,,,,,results/T-sweep-nonDyck-3/distributions/baN_L128_T2_gaussian_categorical_sigma2.0.json
unconditional,baN,128,gaussian,categorical,50.0,,2,5,0.568,0.019391,1.0,0.0,0.568,0.019391,0.474,0.013565,2.134,3,False,19.75,145,False,1.0,0.0,0.15971281903145632,145,0.0004367289005349929,0.0009904803829857481,0.75,0.625,,,,,,,,,,results/T-sweep-nonDyck-3/distributions/baN_L128_T2_gaussian_categorical_sigma50.0.json
unconditional,baN,128,gaussian,categorical,10.0,,2,5,0.524,0.064062,1.0,0.0,0.524,0.064062,0.432,0.031241,2.026,3,False,46.49,120,False,1.0,0.0,0.15928477482396802,120,0.0005287158813032846,0.0013323562720671507,0.75,0.625,,,,,,,,,,results/T-sweep-nonDyck-3/distributions/baN_L128_T2_gaussian_categorical_sigma10.0.json
unconditional,baN,128,gaussian,categorical,20.0,,2,5,0.52,0.043359,1.0,0.0,0.52,0.043359,0.432,0.023152,2.05,3,False,50.71,112,False,1.0,0.0,0.1592161902353926,112,0.0005671747607231478,0.001286357464446509,0.75,0.625,,,,,,,,,,results/T-sweep-nonDyck-3/distributions/baN_L128_T2_gaussian_categorical_sigma20.0.json
unconditional,baN,128,gaussian,categorical,100.0,,2,5,0.596,0.028,0.98,0.010954,0.582,0.024819,0.528,0.033705,2.17,3,False,32.47,173,False,1.0,0.0,0.1587485880247577,173,0.0003667201466880587,0.0006930967563071804,0.75,0.625,,,,,,,,,,results/T-sweep-nonDyck-3/distributions/baN_L128_T2_gaussian_categorical_sigma100.0.json
unconditional,baN,128,gaussian,greedy,2.0,,32,5,0.676,0.05678,1.0,0.0,0.676,0.05678,0.896,0.013565,31.454,32,False,531.14,338,False,0.5946745562130178,0.4053254437869822,0.014928156407035176,200,9.318361831989936e-05,0.0001643655489809336,0.75,0.625,,,,,,,,,,results/T-sweep-nonDyck-3/distributions/baN_L128_T32_gaussian_greedy_sigma2.0.json
unconditional,baN,128,uniform,greedy,,,256,5,0.788,0.027129,1.0,0.0,0.788,0.027129,0.998,0.004,253.392,255,False,613.71,394,False,0.31218274111675126,0.6878172588832487,0.007754396984924623,200,7.993924617290859e-05,0.00012086052695189751,0.75,0.625,,,,,,,,,,results/T-sweep-nonDyck-3/distributions/baN_L128_T256_uniform_greedy_none.json
unconditional,baN,128,gaussian,greedy,1.0,,32,5,0.73,0.032863,1.0,0.0,0.73,0.032863,0.876,0.018547,31.844,32,False,582.97,365,False,0.6246575342465753,0.37534246575342467,0.017117619346733667,200,8.629058354007119e-05,0.00015220700152207003,0.75,0.625,,,,,,,,,,results/T-sweep-nonDyck-3/distributions/baN_L128_T32_gaussian_greedy_sigma1.0.json
unconditional,baN,128,gaussian,categorical,50.0,,4,5,0.582,0.027857,0.998,0.004,0.58,0.026077,0.63,0.060332,3.904,5,False,52.15,205,False,1.0,0.0,0.15906918822431995,200,0.00015461925009663702,0.0003117085525034093,0.75,0.625,,,,,,,,,,results/T-sweep-nonDyck-3/distributions/baN_L128_T4_gaussian_categorical_sigma50.0.json
unconditional,baN,128,gaussian,categorical,1.0,,4,5,0.552,0.017205,1.0,0.0,0.552,0.017205,0.476,0.028,4.002,5,False,85.99,130,False,1.0,0.0,0.15817521915306204,130,0.0004884004884004884,0.0011692307692307692,0.75,0.625,,,,,,,,,,results/T-sweep-nonDyck-3/distributions/baN_L128_T4_gaussian_categorical_sigma1.0.json
unconditional,baN,128,gaussian,greedy,5.0,,32,5,0.612,0.022271,1.0,0.0,0.612,0.022271,0.89,0.015492,30.934,33,False,591.51,306,False,0.13071895424836602,0.869281045751634,0.007526892273869347,200,0.00010292831043178426,0.00018155410312273057,0.75,0.625,,,,,,,,,,results/T-sweep-nonDyck-3/distributions/baN_L128_T32_gaussian_greedy_sigma5.0.json
unconditional,baN,128,gaussian,categorical,20.0,,4,5,0.532,0.061123,1.0,0.0,0.532,0.061123,0.574,0.040299,3.944,5,False,67.35,153,False,1.0,0.0,0.15877769905186356,153,0.0004143145683360091,0.0006264355815410315,0.75,0.625,,,,,,,,,,results/T-sweep-nonDyck-3/distributions/baN_L128_T4_gaussian_categorical_sigma20.0.json
unconditional,baN,128,gaussian,categorical,10.0,,4,5,0.52,0.008944,1.0,0.0,0.52,0.008944,0.476,0.032,4.026,5,False,76.11,126,False,1.0,0.0,0.15973341669271648,126,0.0005041275442687,0.0010798450104808487,0.75,0.625,,,,,,,,,,results/T-sweep-nonDyck-3/distributions/baN_L128_T4_gaussian_categorical_sigma10.0.json
unconditional,baN,128,gaussian,greedy,50.0,,64,5,0.842,0.014697,1.0,0.0,0.842,0.014697,0.992,0.007483,61.836,65,False,538.3,421,False,0.16389548693586697,0.836104513064133,0.007609139447236181,200,5.6109375876709e-05,7.540625117822267e-05,0.75,0.625,,,,,,,,,,results/T-sweep-nonDyck-3/distributions/baN_L128_T64_gaussian_greedy_sigma50.0.json
unconditional,baN,128,gaussian,categorical,2.0,,4,5,0.5,0.035777,1.0,0.0,0.5,0.035777,0.476,0.028,4.002,5,False,111.77,124,False,1.0,0.0,0.15805544677265645,124,0.0005117379901490437,0.001289573795860468,0.75,0.625,,,,,,,,,,results/T-sweep-nonDyck-3/distributions/baN_L128_T4_gaussian_categorical_sigma2.0.json
unconditional,baN,128,gaussian,categorical,100.0,,4,5,0.654,0.052764,0.964,0.023324,0.636,0.059532,0.666,0.026533,4.012,5,False,45.84,235,False,1.0,0.0,0.15863478885108773,200,0.00013487086115044844,0.00027189613567617173,0.75,0.625,,,,,,,,,,results/T-sweep-nonDyck-3/distributions/baN_L128_T4_gaussian_categorical_sigma100.0.json
unconditional,baN,128,gaussian,categorical,5.0,,4,5,0.516,0.067705,1.0,0.0,0.516,0.067705,0.468,0.019391,4.01,5,False,114.47,130,False,1.0,0.0,0.1596536006693725,130,0.00048813228384892305,0.001230087951288517,0.75,0.625,,,,,,,,,,results/T-sweep-nonDyck-3/distributions/baN_L128_T4_gaussian_categorical_sigma5.0.json
unconditional,baN,128,gaussian,categorical,20.0,,8,5,0.658,0.020396,1.0,0.0,0.658,0.020396,0.704,0.035553,7.74,9,False,101.6,252,False,1.0,0.0,0.15953767265234262,200,0.0001256715573847749,0.00025334895651898536,0.75,0.625,,,,,,,,,,results/T-sweep-nonDyck-3/distributions/baN_L128_T8_gaussian_categorical_sigma20.0.json
unconditional,baN,128,gaussian,categorical,100.0,,8,5,0.662,0.023152,0.982,0.016,0.656,0.027276,0.816,0.034409,7.9,9,False,88.77,285,False,1.0,0.0,0.1592626992233429,200,0.00011133687755726891,0.00022445429549408,0.75,0.625,,,,,,,,,,results/T-sweep-nonDyck-3/distributions/baN_L128_T8_gaussian_categorical_sigma100.0.json
unconditional,baN,128,gaussian,categorical,1.0,,8,5,0.526,0.024166,1.0,0.0,0.526,0.024166,0.444,0.027276,8.002,9,False,129.59,106,False,1.0,0.0,0.15954889449473217,106,0.0005982650314089142,0.0013568521031207597,0.75,0.625,,,,,,,,,,results/T-sweep-nonDyck-3/distributions/baN_L128_T8_gaussian_categorical_sigma1.0.json
unconditional,baN,128,gaussian,categorical,10.0,,8,5,0.528,0.034871,1.0,0.0,0.528,0.034871,0.584,0.052383,7.73,9,False,114.89,166,False,1.0,0.0,0.15947341286424743,166,0.0001910675901600191,0.0003851894650681304,0.75,0.625,,,,,,,,,,results/T-sweep-nonDyck-3/distributions/baN_L128_T8_gaussian_categorical_sigma10.0.json
unconditional,baN,128,gaussian,categorical,50.0,,8,5,0.664,0.045869,1.0,0.0,0.664,0.045869,0.784,0.052383,7.76,9,False,101.34,277,False,1.0,0.0,0.15887760337000403,200,0.00011446886446886447,0.00023076701185565523,0.75,0.625,,,,,,,,,,results/T-sweep-nonDyck-3/distributions/baN_L128_T8_gaussian_categorical_sigma50.0.json
unconditional,baN,128,gaussian,categorical,2.0,,8,5,0.484,0.020591,1.0,0.0,0.484,0.020591,0.444,0.027276,8.002,9,False,144.71,110,False,1.0,0.0,0.1583011583011583,110,0.0006486019025655808,0.0015254976027894813,0.75,0.625,,,,,,,,,,results/T-sweep-nonDyck-3/distributions/baN_L128_T8_gaussian_categorical_sigma2.0.json
unconditional,baN,128,gaussian,categorical,5.0,,8,5,0.508,0.064622,1.0,0.0,0.508,0.064622,0.542,0.036,7.98,9,False,146.78,140,False,1.0,0.0,0.15881956452608692,140,0.00045346332615349736,0.0009713175637070049,0.75,0.625,,,,,,,,,,results/T-sweep-nonDyck-3/distributions/baN_L128_T8_gaussian_categorical_sigma5.0.json
unconditional,baN,128,gaussian,categorical,50.0,,16,5,0.774,0.056071,0.996,0.004899,0.774,0.056071,0.85,0.044272,15.29,17,False,93.82,347,False,1.0,0.0,0.15837491273763543,200,9.148293843198243e-05,0.0001844295363902529,0.75,0.625,,,,,,,,,,results/T-sweep-nonDyck-3/distributions/baN_L128_T16_gaussian_categorical_sigma50.0.json
unconditional,baN,128,gaussian,categorical,100.0,,16,5,0.774,0.025768,0.984,0.013565,0.768,0.027129,0.918,0.031875,15.848,17,False,95.8,367,False,1.0,0.0,0.15910044022987255,200,8.650519031141868e-05,0.00017439452401194603,0.75,0.625,,,,,,,,,,results/T-sweep-nonDyck-3/distributions/baN_L128_T16_gaussian_categorical_sigma100.0.json
unconditional,baN,128,gaussian,categorical,20.0,,16,5,0.718,0.029257,1.0,0.0,0.718,0.029257,0.782,0.032496,15.104,17,False,178.61,319,False,1.0,0.0,0.15916797397792984,200,9.92950054612253e-05,0.00020017515325910173,0.75,0.625,,,,,,,,,,results/T-sweep-nonDyck-3/distributions/baN_L128_T16_gaussian_categorical_sigma20.0.json
unconditional,baN,128,gaussian,greedy,20.0,,64,5,0.828,0.016,1.0,0.0,0.828,0.016,0.974,0.019596,60.842,65,False,826.1,414,False,0.09178743961352658,0.9082125603864735,0.00739321608040201,200,5.705808513066301e-05,7.668123610152595e-05,0.75,0.625,,,,,,,,,,results/T-sweep-nonDyck-3/distributions/baN_L128_T64_gaussian_greedy_sigma20.0.json
unconditional,baN,128,gaussian,categorical,2.0,,16,5,0.574,0.037736,1.0,0.0,0.574,0.037736,0.518,0.038678,15.88,17,False,286.47,153,False,1.0,0.0,0.15955251773991577,153,0.0003114456267843239,0.0005232314776056927,0.75,0.625,,,,,,,,,,results/T-sweep-nonDyck-3/distributions/baN_L128_T16_gaussian_categorical_sigma2.0.json
unconditional,baN,128,gaussian,categorical,10.0,,16,5,0.662,0.039699,1.0,0.0,0.662,0.039699,0.686,0.048826,15.186,17,False,239.34,268,False,1.0,0.0,0.15839449427197264,200,0.00011819632409432067,0.0002382796211354024,0.75,0.625,,,,,,,,,,results/T-sweep-nonDyck-3/distributions/baN_L128_T16_gaussian_categorical_sigma10.0.json
unconditional,baN,128,gaussian,greedy,10.0,,64,5,0.804,0.037202,1.0,0.0,0.804,0.037202,0.964,0.02498,60.964,65,False,905.42,402,False,0.05970149253731343,0.9402985074626866,0.0071831815326633165,200,7.834841540329847e-05,0.00011845534233593936,0.75,0.625,,,,,,,,,,results/T-sweep-nonDyck-3/distributions/baN_L128_T64_gaussian_greedy_sigma10.0.json
unconditional,baN,128,gaussian,categorical,5.0,,16,5,0.614,0.051614,1.0,0.0,0.614,0.051614,0.552,0.039192,15.478,17,False,276.39,220,False,1.0,0.0,0.15897294746775717,200,0.0002882259691598213,0.00047210923881464267,0.75,0.625,,,,,,,,,,results/T-sweep-nonDyck-3/distributions/baN_L128_T16_gaussian_categorical_sigma5.0.json
unconditional,baN,128,gaussian,categorical,1.0,,16,5,0.482,0.041665,1.0,0.0,0.482,0.041665,0.452,0.033106,15.938,17,False,369.98,117,False,1.0,0.0,0.1596538017456272,117,0.0005432568246638599,0.0010952152782531316,0.75,0.625,,,,,,,,,,results/T-sweep-nonDyck-3/distributions/baN_L128_T16_gaussian_categorical_sigma1.0.json
unconditional,baN,128,gaussian,greedy,2.0,,64,5,0.732,0.016,1.0,0.0,0.732,0.016,0.88,0.012649,62.446,65,False,974.75,366,False,0.8524590163934426,0.14754098360655743,0.0205990891959799,200,8.6054816918377e-05,0.00017347558331164888,0.75,0.625,,,,,,,,,,results/T-sweep-nonDyck-3/distributions/baN_L128_T64_gaussian_greedy_sigma2.0.json
unconditional,baN,128,gaussian,greedy,100.0,,128,5,0.774,0.029394,1.0,0.0,0.774,0.029394,0.998,0.004,125.854,129,False,875.19,387,False,0.2351421188630491,0.7648578811369509,0.007714353015075377,200,6.103888176768602e-05,8.203108978302776e-05,0.75,0.625,,,,,,,,,,results/T-sweep-nonDyck-3/distributions/baN_L128_T128_gaussian_greedy_sigma100.0.json
unconditional,baN,128,gaussian,categorical,100.0,,32,5,0.842,0.039699,0.988,0.004,0.836,0.040299,0.944,0.012,31.328,33,False,144.62,409,False,1.0,0.0,0.15870353935457956,200,7.762619107686934e-05,0.00015649452269170578,0.75,0.625,,,,,,,,,,results/T-sweep-nonDyck-3/distributions/baN_L128_T32_gaussian_categorical_sigma100.0.json
unconditional,baN,128,gaussian,greedy,5.0,,64,5,0.778,0.03763,1.0,0.0,0.778,0.03763,0.93,0.022804,61.52,65,False,1049.77,389,False,0.16195372750642673,0.8380462724935733,0.007868640075376885,200,8.096674291034957e-05,0.00016321867221610152,0.75,0.625,,,,,,,,,,results/T-sweep-nonDyck-3/distributions/baN_L128_T64_gaussian_greedy_sigma5.0.json
unconditional,baN,128,gaussian,categorical,10.0,,32,5,0.756,0.041761,1.0,0.0,0.756,0.041761,0.778,0.046648,30.234,33,False,317.09,339,False,1.0,0.0,0.15832838641055627,200,9.347760042999697e-05,0.00018844812965231321,0.75,0.625,,,,,,,,,,results/T-sweep-nonDyck-3/distributions/baN_L128_T32_gaussian_categorical_sigma10.0.json
unconditional,baN,128,gaussian,categorical,50.0,,32,5,0.838,0.024819,0.998,0.004,0.836,0.024166,0.932,0.025612,30.506,33,False,295.78,404,False,1.0,0.0,0.1600957902198146,200,7.860090391039497e-05,0.00015845977102563086,0.75,0.625,,,,,,,,,,results/T-sweep-nonDyck-3/distributions/baN_L128_T32_gaussian_categorical_sigma50.0.json
unconditional,baN,128,gaussian,categorical,5.0,,32,5,0.734,0.052764,1.0,0.0,0.734,0.052764,0.704,0.039294,30.668,33,False,477.15,302,False,1.0,0.0,0.15970216465428172,200,0.00010511654797256458,0.0002119149161611613,0.75,0.625,,,,,,,,,,results/T-sweep-nonDyck-3/distributions/baN_L128_T32_gaussian_categorical_sigma5.0.json
unconditional,baN,128,gaussian,categorical,1.0,,32,5,0.686,0.040792,1.0,0.0,0.686,0.040792,0.464,0.028705,31.534,32,False,557.32,218,False,1.0,0.0,0.15794865144972678,200,0.00014504840990680639,0.00029240834825834276,0.75,0.625,,,,,,,,,,results/T-sweep-nonDyck-3/distributions/baN_L128_T32_gaussian_categorical_sigma1.0.json
unconditional,baN,128,gaussian,categorical,20.0,,32,5,0.816,0.055353,1.0,0.0,0.816,0.055353,0.872,0.036551,30.074,33,False,402.39,379,False,1.0,0.0,0.15890087815559037,200,8.37205408346938e-05,0.00016877993206607735,0.75,0.625,,,,,,,,,,results/T-sweep-nonDyck-3/distributions/baN_L128_T32_gaussian_categorical_sigma20.0.json
unconditional,baN,128,gaussian,greedy,50.0,,128,5,0.868,0.031875,1.0,0.0,0.868,0.031875,0.994,0.008,123.946,129,False,1187.2,434,False,0.16129032258064516,0.8387096774193549,0.007629161432160804,200,5.4428680285932e-05,7.31475385853266e-05,0.75,0.625,,,,,,,,,,results/T-sweep-nonDyck-3/distributions/baN_L128_T128_gaussian_greedy_sigma50.0.json
unconditional,baN,128,gaussian,categorical,2.0,,32,5,0.658,0.031241,1.0,0.0,0.658,0.031241,0.532,0.049558,31.22,33,False,595.7,224,False,1.0,0.0,0.15916022088959733,200,0.0001416280140211734,0.00028552053963381993,0.75,0.625,,,,,,,,,,results/T-sweep-nonDyck-3/distributions/baN_L128_T32_gaussian_categorical_sigma2.0.json
unconditional,baN,128,gaussian,greedy,1.0,,64,5,0.738,0.038678,1.0,0.0,0.738,0.038678,0.842,0.042615,63.004,64,False,1442.04,369,False,0.986449864498645,0.013550135501354976,0.026167752826633167,200,8.535518426050402e-05,0.0001720652127156192,0.75,0.625,,,,,,,,,,results/T-sweep-nonDyck-3/distributions/baN_L128_T64_gaussian_greedy_sigma1.0.json
unconditional,baN,128,gaussian,categorical,100.0,,64,5,0.858,0.004,0.996,0.004899,0.856,0.004899,0.968,0.007483,62.446,65,False,422.53,423,False,1.0,0.0,0.1591213916852982,200,7.505535332307577e-05,0.00015131168315333547,0.75,0.625,,,,,,,,,,results/T-sweep-nonDyck-3/distributions/baN_L128_T64_gaussian_categorical_sigma100.0.json
unconditional,baN,128,gaussian,categorical,50.0,,64,5,0.908,0.026382,1.0,0.0,0.908,0.026382,0.952,0.011662,61.076,65,False,587.61,447,False,1.0,0.0,0.15943272108780215,200,7.105552989661421e-05,0.00014324851827313912,0.75,0.625,,,,,,,,,,results/T-sweep-nonDyck-3/distributions/baN_L128_T64_gaussian_categorical_sigma50.0.json
unconditional,baN,128,gaussian,greedy,20.0,,128,5,0.912,0.017205,1.0,0.0,0.912,0.017205,0.992,0.009798,121.002,129,False,1588.99,456,False,0.07675438596491228,0.9232456140350878,0.007407741834170855,200,5.1802735184417735e-05,6.961849067112225e-05,0.75,0.625,,,,,,,,,,results/T-sweep-nonDyck-3/distributions/baN_L128_T128_gaussian_greedy_sigma20.0.json
unconditional,baN,128,gaussian,categorical,5.0,,64,5,0.814,0.020591,1.0,0.0,0.814,0.020591,0.81,0.012649,61.13,65,False,780.53,377,False,1.0,0.0,0.15948984782122508,200,8.415206277743884e-05,0.00016964967342437867,0.75,0.625,,,,,,,,,,results/T-sweep-nonDyck-3/distributions/baN_L128_T64_gaussian_categorical_sigma5.0.json
unconditional,baN,128,gaussian,categorical,20.0,,64,5,0.892,0.033106,1.0,0.0,0.892,0.033106,0.944,0.02498,60.254,65,False,784.5,435,False,1.0,0.0,0.16006547291927775,200,7.296473978949673e-05,0.00014709667929246499,0.75,0.625,,,,,,,,,,results/T-sweep-nonDyck-3/distributions/baN_L128_T64_gaussian_categorical_sigma20.0.json
unconditional,baN,128,gaussian,greedy,10.0,,128,5,0.912,0.014697,1.0,0.0,0.912,0.014697,0.968,0.007483,121.578,129,False,1711.27,456,False,0.05263157894736842,0.9473684210526316,0.007090727072864322,200,6.907031357922365e-05,8.702311333890281e-05,0.75,0.625,,,,,,,,,,results/T-sweep-nonDyck-3/distributions/baN_L128_T128_gaussian_greedy_sigma10.0.json
unconditional,baN,128,gaussian,categorical,10.0,,64,5,0.9,0.027568,1.0,0.0,0.9,0.027568,0.906,0.016248,60.66,65,False,990.75,427,False,1.0,0.0,0.15874025264858385,200,7.429420505200594e-05,0.00014977627169415685,0.75,0.625,,,,,,,,,,results/T-sweep-nonDyck-3/distributions/baN_L128_T64_gaussian_categorical_sigma10.0.json
unconditional,baN,128,gaussian,greedy,1.0,,128,5,0.812,0.039699,1.0,0.0,0.812,0.039699,0.842,0.036551,125.58,129,False,2007.89,406,False,1.0,0.0,0.03451986494974874,200,7.757650983282262e-05,0.0001563843928375948,0.75,0.625,,,,,,,,,,results/T-sweep-nonDyck-3/distributions/baN_L128_T128_gaussian_greedy_sigma1.0.json
unconditional,baN,128,gaussian,categorical,1.0,,64,5,0.704,0.036111,1.0,0.0,0.704,0.036111,0.586,0.030067,62.664,64,False,1165.83,276,False,1.0,0.0,0.15950792104446732,200,0.00011485341832486289,0.0002315417788197158,0.75,0.625,,,,,,,,,,results/T-sweep-nonDyck-3/distributions/baN_L128_T64_gaussian_categorical_sigma1.0.json
unconditional,baN,128,ar,greedy,,,130,1,1.0,0.0,1.0,0.0,1.0,0.0,1.0,0.0,129.0,129,True,392.25,100,False,0.01,0.99,0.0,100,0.00031496062992125983,0.0003968253968253968,0.75,0.5,,,,,,,,,,results/T-sweep-nonDyck-3/distributions/baN_L128_T130_ar_greedy_none.json
unconditional,baN,128,gaussian,greedy,100.0,,256,5,0.726,0.025768,1.0,0.0,0.726,0.025768,0.998,0.004,250.008,256,False,1908.37,363,False,0.26721763085399447,0.7327823691460056,0.007714745603015076,200,8.676601375241318e-05,0.00010931829113647296,0.75,0.625,,,,,,,,,,results/T-sweep-nonDyck-3/distributions/baN_L128_T256_gaussian_greedy_sigma100.0.json
unconditional,baN,128,ebsampler,greedy,,0.1,1,1,1.0,0.0,1.0,0.0,1.0,0.0,1.0,0.0,128.0,128,True,229.63,100,False,0.01,0.99,0.0,100,0.00023622047244094488,0.00031746031746031746,0.75,0.5,,,,,,,,,,results/T-sweep-nonDyck-3/distributions/baN_L128_T1_ebsampler_greedy_gamma0.1.json
unconditional,baN,128,ebsampler,greedy,,0.9,1,1,0.0,0.0,1.0,0.0,0.0,0.0,1.0,0.0,64.0,64,True,109.37,0,True,,,,0,,,,,,,,,,,,,,results/T-sweep-nonDyck-3/distributions/baN_L128_T1_ebsampler_greedy_gamma0.9.json
unconditional,baN,128,ebsampler,greedy,,2.0,1,1,0.0,0.0,1.0,0.0,0.0,0.0,1.0,0.0,43.0,43,True,95.15,0,True,,,,0,,,,,,,,,,,,,,results/T-sweep-nonDyck-3/distributions/baN_L128_T1_ebsampler_greedy_gamma2.0.json
unconditional,baN,128,ebsampler,greedy,,0.5,1,1,1.0,0.0,1.0,0.0,1.0,0.0,1.0,0.0,128.0,128,True,222.41,100,False,0.01,0.99,0.0,100,0.00023622047244094488,0.00031746031746031746,0.75,0.5,,,,,,,,,,results/T-sweep-nonDyck-3/distributions/baN_L128_T1_ebsampler_greedy_gamma0.5.json
unconditional,baN,128,ebsampler,greedy,,10.0,1,1,0.0,0.0,1.0,0.0,0.0,0.0,1.0,0.0,9.0,9,True,15.43,0,True,,,,0,,,,,,,,,,,,,,results/T-sweep-nonDyck-3/distributions/baN_L128_T1_ebsampler_greedy_gamma10.0.json
unconditional,baN,128,ebsampler,greedy,,5.0,1,1,0.0,0.0,1.0,0.0,0.0,0.0,1.0,0.0,16.0,16,True,33.57,0,True,,,,0,,,,,,,,,,,,,,results/T-sweep-nonDyck-3/distributions/baN_L128_T1_ebsampler_greedy_gamma5.0.json
unconditional,baN,128,gaussian,categorical,100.0,,128,5,0.878,0.017205,0.998,0.004,0.878,0.017205,0.986,0.008,125.702,129,False,1055.95,436,False,1.0,0.0,0.15884794422806037,200,7.287301876480233e-05,0.00014691299078120983,0.75,0.625,,,,,,,,,,results/T-sweep-nonDyck-3/distributions/baN_L128_T128_gaussian_categorical_sigma100.0.json
unconditional,baN,128,gaussian,categorical,2.0,,64,5,0.736,0.04128,1.0,0.0,0.736,0.04128,0.666,0.038262,62.108,65,False,1428.87,309,False,1.0,0.0,0.15872941424197232,200,0.00010269840047241264,0.00020703933747412008,0.75,0.625,,,,,,,,,,results/T-sweep-nonDyck-3/distributions/baN_L128_T64_gaussian_categorical_sigma2.0.json
unconditional,baN,128,ebsampler,greedy,,5.0,2,1,0.0,0.0,1.0,0.0,0.0,0.0,1.0,0.0,16.0,16,True,19.66,0,True,,,,0,,,,,,,,,,,,,,results/T-sweep-nonDyck-3/distributions/baN_L128_T2_ebsampler_greedy_gamma5.0.json
unconditional,baN,128,ebsampler,greedy,,10.0,2,1,0.0,0.0,1.0,0.0,0.0,0.0,1.0,0.0,9.0,9,True,21.49,0,True,,,,0,,,,,,,,,,,,,,results/T-sweep-nonDyck-3/distributions/baN_L128_T2_ebsampler_greedy_gamma10.0.json
unconditional,baN,128,ebsampler,greedy,,2.0,2,1,0.0,0.0,1.0,0.0,0.0,0.0,1.0,0.0,43.0,43,True,76.71,0,True,,,,0,,,,,,,,,,,,,,results/T-sweep-nonDyck-3/distributions/baN_L128_T2_ebsampler_greedy_gamma2.0.json
unconditional,baN,128,gaussian,greedy,50.0,,256,5,0.904,0.044989,1.0,0.0,0.904,0.044989,0.998,0.004,245.684,256,False,2122.85,452,False,0.1415929203539823,0.8584070796460177,0.007609139447236181,200,5.226116646923559e-05,7.023458350891979e-05,0.75,0.625,,,,,,,,,,results/T-sweep-nonDyck-3/distributions/baN_L128_T256_gaussian_greedy_sigma50.0.json
unconditional,baN,128,gaussian,categorical,50.0,,128,5,0.942,0.020396,0.998,0.004,0.942,0.020396,0.98,0.014142,122.922,129,False,1152.29,468,False,1.0,0.0,0.15877374028926688,200,6.781615041622162e-05,0.00013671708109031872,0.75,0.625,,,,,,,,,,results/T-sweep-nonDyck-3/distributions/baN_L128_T128_gaussian_categorical_sigma50.0.json
unconditional,baN,128,ebsampler,greedy,,0.9,2,1,0.0,0.0,1.0,0.0,0.0,0.0,1.0,0.0,64.0,64,True,112.75,0,True,,,,0,,,,,,,,,,,,,,results/T-sweep-nonDyck-3/distributions/baN_L128_T2_ebsampler_greedy_gamma0.9.json
unconditional,baN,128,ebsampler,greedy,,10.0,4,1,0.0,0.0,1.0,0.0,0.0,0.0,1.0,0.0,9.0,9,True,15.46,0,True,,,,0,,,,,,,,,,,,,,results/T-sweep-nonDyck-3/distributions/baN_L128_T4_ebsampler_greedy_gamma10.0.json
unconditional,baN,128,ebsampler,greedy,,5.0,4,1,0.0,0.0,1.0,0.0,0.0,0.0,1.0,0.0,16.0,16,True,33.44,0,True,,,,0,,,,,,,,,,,,,,results/T-sweep-nonDyck-3/distributions/baN_L128_T4_ebsampler_greedy_gamma5.0.json
unconditional,baN,128,ebsampler,greedy,,2.0,4,1,0.0,0.0,1.0,0.0,0.0,0.0,1.0,0.0,43.0,43,True,75.02,0,True,,,,0,,,,,,,,,,,,,,results/T-sweep-nonDyck-3/distributions/baN_L128_T4_ebsampler_greedy_gamma2.0.json
unconditional,baN,128,ebsampler,greedy,,0.9,4,1,0.0,0.0,1.0,0.0,0.0,0.0,1.0,0.0,64.0,64,True,113.55,0,True,,,,0,,,,,,,,,,,,,,results/T-sweep-nonDyck-3/distributions/baN_L128_T4_ebsampler_greedy_gamma0.9.json
unconditional,baN,128,gaussian,categorical,2.0,,128,5,0.848,0.025612,1.0,0.0,0.848,0.025612,0.814,0.034409,124.156,128,False,1412.22,388,False,1.0,0.0,0.1583833646319561,200,8.181464891288785e-05,0.0001649382512421912,0.75,0.625,,,,,,,,,,results/T-sweep-nonDyck-3/distributions/baN_L128_T128_gaussian_categorical_sigma2.0.json
unconditional,baN,128,ebsampler,greedy,,0.1,4,1,1.0,0.0,1.0,0.0,1.0,0.0,1.0,0.0,128.0,128,True,160.79,100,False,0.01,0.99,0.0,100,0.00023622047244094488,0.00031746031746031746,0.75,0.5,,,,,,,,,,results/T-sweep-nonDyck-3/distributions/baN_L128_T4_ebsampler_greedy_gamma0.1.json
unconditional,baN,128,ebsampler,greedy,,0.5,2,1,1.0,0.0,1.0,0.0,1.0,0.0,1.0,0.0,128.0,128,True,223.81,100,False,0.01,0.99,0.0,100,0.00023622047244094488,0.00031746031746031746,0.75,0.5,,,,,,,,,,results/T-sweep-nonDyck-3/distributions/baN_L128_T2_ebsampler_greedy_gamma0.5.json
unconditional,baN,128,ebsampler,greedy,,0.1,2,1,1.0,0.0,1.0,0.0,1.0,0.0,1.0,0.0,128.0,128,True,230.81,100,False,0.01,0.99,0.0,100,0.00023622047244094488,0.00031746031746031746,0.75,0.5,,,,,,,,,,results/T-sweep-nonDyck-3/distributions/baN_L128_T2_ebsampler_greedy_gamma0.1.json
unconditional,baN,128,ebsampler,greedy,,5.0,8,1,0.0,0.0,1.0,0.0,0.0,0.0,1.0,0.0,16.0,16,True,20.36,0,True,,,,0,,,,,,,,,,,,,,results/T-sweep-nonDyck-3/distributions/baN_L128_T8_ebsampler_greedy_gamma5.0.json
unconditional,baN,128,ebsampler,greedy,,10.0,8,1,0.0,0.0,1.0,0.0,0.0,0.0,1.0,0.0,9.0,9,True,15.12,0,True,,,,0,,,,,,,,,,,,,,results/T-sweep-nonDyck-3/distributions/baN_L128_T8_ebsampler_greedy_gamma10.0.json
unconditional,baN,128,ebsampler,greedy,,0.5,4,1,1.0,0.0,1.0,0.0,1.0,0.0,1.0,0.0,128.0,128,True,200.81,100,False,0.01,0.99,0.0,100,0.00023622047244094488,0.00031746031746031746,0.75,0.5,,,,,,,,,,results/T-sweep-nonDyck-3/distributions/baN_L128_T4_ebsampler_greedy_gamma0.5.json
unconditional,baN,128,ebsampler,greedy,,2.0,8,1,0.0,0.0,1.0,0.0,0.0,0.0,1.0,0.0,43.0,43,True,77.1,0,True,,,,0,,,,,,,,,,,,,,results/T-sweep-nonDyck-3/distributions/baN_L128_T8_ebsampler_greedy_gamma2.0.json
unconditional,baN,128,gaussian,categorical,10.0,,128,5,0.926,0.019596,1.0,0.0,0.926,0.019596,0.952,0.021354,121.366,129,False,1335.97,456,False,1.0,0.0,0.15989447275683505,200,6.96124327804946e-05,0.00014033856679238662,0.75,0.625,,,,,,,,,,results/T-sweep-nonDyck-3/distributions/baN_L128_T128_gaussian_categorical_sigma10.0.json
unconditional,baN,128,ebsampler,greedy,,0.9,8,1,0.0,0.0,1.0,0.0,0.0,0.0,1.0,0.0,64.0,64,True,111.12,0,True,,,,0,,,,,,,,,,,,,,results/T-sweep-nonDyck-3/distributions/baN_L128_T8_ebsampler_greedy_gamma0.9.json
unconditional,baN,128,ebsampler,greedy,,0.9,16,1,0.0,0.0,1.0,0.0,0.0,0.0,1.0,0.0,64.0,64,True,68.77,0,True,,,,0,,,,,,,,,,,,,,results/T-sweep-nonDyck-3/distributions/baN_L128_T16_ebsampler_greedy_gamma0.9.json
unconditional,baN,128,ebsampler,greedy,,10.0,16,1,0.0,0.0,1.0,0.0,0.0,0.0,1.0,0.0,9.0,9,True,15.61,0,True,,,,0,,,,,,,,,,,,,,results/T-sweep-nonDyck-3/distributions/baN_L128_T16_ebsampler_greedy_gamma10.0.json
unconditional,baN,128,ebsampler,greedy,,5.0,16,1,0.0,0.0,1.0,0.0,0.0,0.0,1.0,0.0,16.0,16,True,32.7,0,True,,,,0,,,,,,,,,,,,,,results/T-sweep-nonDyck-3/distributions/baN_L128_T16_ebsampler_greedy_gamma5.0.json
unconditional,baN,128,ebsampler,greedy,,2.0,16,1,0.0,0.0,1.0,0.0,0.0,0.0,1.0,0.0,43.0,43,True,74.57,0,True,,,,0,,,,,,,,,,,,,,results/T-sweep-nonDyck-3/distributions/baN_L128_T16_ebsampler_greedy_gamma2.0.json
unconditional,baN,128,ebsampler,greedy,,10.0,32,1,0.0,0.0,1.0,0.0,0.0,0.0,1.0,0.0,9.0,9,True,15.1,0,True,,,,0,,,,,,,,,,,,,,results/T-sweep-nonDyck-3/distributions/baN_L128_T32_ebsampler_greedy_gamma10.0.json
unconditional,baN,128,gaussian,greedy,5.0,,128,5,0.888,0.017205,1.0,0.0,0.888,0.017205,0.964,0.024166,122.744,129,False,2573.95,444,False,0.1463963963963964,0.8536036036036037,0.008426900125628141,200,7.093707881109456e-05,0.000143000143000143,0.75,0.625,,,,,,,,,,results/T-sweep-nonDyck-3/distributions/baN_L128_T128_gaussian_greedy_sigma5.0.json
unconditional,baN,128,ebsampler,greedy,,5.0,32,1,0.0,0.0,1.0,0.0,0.0,0.0,1.0,0.0,16.0,16,True,32.77,0,True,,,,0,,,,,,,,,,,,,,results/T-sweep-nonDyck-3/distributions/baN_L128_T32_ebsampler_greedy_gamma5.0.json
unconditional,baN,128,ebsampler,greedy,,0.1,8,1,1.0,0.0,1.0,0.0,1.0,0.0,1.0,0.0,128.0,128,True,230.53,100,False,0.01,0.99,0.0,100,0.00023622047244094488,0.00031746031746031746,0.75,0.5,,,,,,,,,,results/T-sweep-nonDyck-3/distributions/baN_L128_T8_ebsampler_greedy_gamma0.1.json
unconditional,baN,128,ebsampler,greedy,,0.9,32,1,0.0,0.0,1.0,0.0,0.0,0.0,1.0,0.0,64.0,64,True,68.99,0,True,,,,0,,,,,,,,,,,,,,results/T-sweep-nonDyck-3/distributions/baN_L128_T32_ebsampler_greedy_gamma0.9.json
unconditional,baN,128,ebsampler,greedy,,0.5,8,1,1.0,0.0,1.0,0.0,1.0,0.0,1.0,0.0,128.0,128,True,231.17,100,False,0.01,0.99,0.0,100,0.00023622047244094488,0.00031746031746031746,0.75,0.5,,,,,,,,,,results/T-sweep-nonDyck-3/distributions/baN_L128_T8_ebsampler_greedy_gamma0.5.json
unconditional,baN,128,ebsampler,greedy,,2.0,32,1,0.0,0.0,1.0,0.0,0.0,0.0,1.0,0.0,43.0,43,True,77.03,0,True,,,,0,,,,,,,,,,,,,,results/T-sweep-nonDyck-3/distributions/baN_L128_T32_ebsampler_greedy_gamma2.0.json
unconditional,baN,128,ebsampler,greedy,,5.0,64,1,0.0,0.0,1.0,0.0,0.0,0.0,1.0,0.0,16.0,16,True,20.3,0,True,,,,0,,,,,,,,,,,,,,results/T-sweep-nonDyck-3/distributions/baN_L128_T64_ebsampler_greedy_gamma5.0.json
unconditional,baN,128,ebsampler,greedy,,10.0,64,1,0.0,0.0,1.0,0.0,0.0,0.0,1.0,0.0,9.0,9,True,15.49,0,True,,,,0,,,,,,,,,,,,,,results/T-sweep-nonDyck-3/distributions/baN_L128_T64_ebsampler_greedy_gamma10.0.json
unconditional,baN,128,ebsampler,greedy,,0.1,32,1,1.0,0.0,1.0,0.0,1.0,0.0,1.0,0.0,128.0,128,True,141.46,100,False,0.01,0.99,0.0,100,0.00023622047244094488,0.00031746031746031746,0.75,0.5,,,,,,,,,,results/T-sweep-nonDyck-3/distributions/baN_L128_T32_ebsampler_greedy_gamma0.1.json
unconditional,baN,128,ebsampler,greedy,,2.0,64,1,0.0,0.0,1.0,0.0,0.0,0.0,1.0,0.0,43.0,43,True,76.36,0,True,,,,0,,,,,,,,,,,,,,results/T-sweep-nonDyck-3/distributions/baN_L128_T64_ebsampler_greedy_gamma2.0.json
unconditional,baN,128,ebsampler,greedy,,0.9,64,1,0.0,0.0,1.0,0.0,0.0,0.0,1.0,0.0,64.0,64,True,109.85,0,True,,,,0,,,,,,,,,,,,,,results/T-sweep-nonDyck-3/distributions/baN_L128_T64_ebsampler_greedy_gamma0.9.json
unconditional,baN,128,ebsampler,greedy,,0.1,16,1,1.0,0.0,1.0,0.0,1.0,0.0,1.0,0.0,128.0,128,True,224.12,100,False,0.01,0.99,0.0,100,0.00023622047244094488,0.00031746031746031746,0.75,0.5,,,,,,,,,,results/T-sweep-nonDyck-3/distributions/baN_L128_T16_ebsampler_greedy_gamma0.1.json
unconditional,baN,128,ebsampler,greedy,,0.5,16,1,1.0,0.0,1.0,0.0,1.0,0.0,1.0,0.0,128.0,128,True,230.93,100,False,0.01,0.99,0.0,100,0.00023622047244094488,0.00031746031746031746,0.75,0.5,,,,,,,,,,results/T-sweep-nonDyck-3/distributions/baN_L128_T16_ebsampler_greedy_gamma0.5.json
unconditional,baN,128,ebsampler,greedy,,10.0,128,1,0.0,0.0,1.0,0.0,0.0,0.0,1.0,0.0,9.0,9,True,15.05,0,True,,,,0,,,,,,,,,,,,,,results/T-sweep-nonDyck-3/distributions/baN_L128_T128_ebsampler_greedy_gamma10.0.json
unconditional,baN,128,ebsampler,greedy,,0.5,64,1,1.0,0.0,1.0,0.0,1.0,0.0,1.0,0.0,128.0,128,True,138.79,100,False,0.01,0.99,0.0,100,0.00023622047244094488,0.00031746031746031746,0.75,0.5,,,,,,,,,,results/T-sweep-nonDyck-3/distributions/baN_L128_T64_ebsampler_greedy_gamma0.5.json
unconditional,baN,128,ebsampler,greedy,,2.0,128,1,0.0,0.0,1.0,0.0,0.0,0.0,1.0,0.0,43.0,43,True,45.16,0,True,,,,0,,,,,,,,,,,,,,results/T-sweep-nonDyck-3/distributions/baN_L128_T128_ebsampler_greedy_gamma2.0.json
unconditional,baN,128,ebsampler,greedy,,5.0,128,1,0.0,0.0,1.0,0.0,0.0,0.0,1.0,0.0,16.0,16,True,33.67,0,True,,,,0,,,,,,,,,,,,,,results/T-sweep-nonDyck-3/distributions/baN_L128_T128_ebsampler_greedy_gamma5.0.json
unconditional,baN,128,ebsampler,greedy,,10.0,256,1,0.0,0.0,1.0,0.0,0.0,0.0,1.0,0.0,9.0,9,True,15.44,0,True,,,,0,,,,,,,,,,,,,,results/T-sweep-nonDyck-3/distributions/baN_L128_T256_ebsampler_greedy_gamma10.0.json
unconditional,baN,128,ebsampler,greedy,,5.0,256,1,0.0,0.0,1.0,0.0,0.0,0.0,1.0,0.0,16.0,16,True,19.75,0,True,,,,0,,,,,,,,,,,,,,results/T-sweep-nonDyck-3/distributions/baN_L128_T256_ebsampler_greedy_gamma5.0.json
unconditional,baN,128,gaussian,greedy,2.0,,128,5,0.832,0.050359,1.0,0.0,0.832,0.050359,0.894,0.036111,124.592,129,False,2743.61,416,False,0.9591346153846154,0.04086538461538458,0.02528207443467337,200,7.571168988491823e-05,0.00015262515262515263,0.75,0.625,,,,,,,,,,results/T-sweep-nonDyck-3/distributions/baN_L128_T128_gaussian_greedy_sigma2.0.json
unconditional,baN,128,ebsampler,greedy,,0.9,128,1,0.0,0.0,1.0,0.0,0.0,0.0,1.0,0.0,64.0,64,True,112.95,0,True,,,,0,,,,,,,,,,,,,,results/T-sweep-nonDyck-3/distributions/baN_L128_T128_ebsampler_greedy_gamma0.9.json
unconditional,baN,128,ebsampler,greedy,,0.5,32,1,1.0,0.0,1.0,0.0,1.0,0.0,1.0,0.0,128.0,128,True,226.24,100,False,0.01,0.99,0.0,100,0.00023622047244094488,0.00031746031746031746,0.75,0.5,,,,,,,,,,results/T-sweep-nonDyck-3/distributions/baN_L128_T32_ebsampler_greedy_gamma0.5.json
unconditional,baN,128,ebsampler,greedy,,0.5,128,1,1.0,0.0,1.0,0.0,1.0,0.0,1.0,0.0,128.0,128,True,140.04,100,False,0.01,0.99,0.0,100,0.00023622047244094488,0.00031746031746031746,0.75,0.5,,,,,,,,,,results/T-sweep-nonDyck-3/distributions/baN_L128_T128_ebsampler_greedy_gamma0.5.json
unconditional,baN,128,ebsampler,greedy,,2.0,256,1,0.0,0.0,1.0,0.0,0.0,0.0,1.0,0.0,43.0,43,True,63.82,0,True,,,,0,,,,,,,,,,,,,,results/T-sweep-nonDyck-3/distributions/baN_L128_T256_ebsampler_greedy_gamma2.0.json
unconditional,baN,128,gaussian,categorical,20.0,,128,5,0.942,0.027857,1.0,0.0,0.942,0.027857,0.968,0.024819,120.86,129,False,1623.93,467,False,1.0,0.0,0.15891487512751729,200,6.798558705554423e-05,0.00013705905532046121,0.75,0.625,,,,,,,,,,results/T-sweep-nonDyck-3/distributions/baN_L128_T128_gaussian_categorical_sigma20.0.json
unconditional,baN,128,ebsampler,greedy,,0.9,256,1,0.0,0.0,1.0,0.0,0.0,0.0,1.0,0.0,64.0,64,True,110.28,0,True,,,,0,,,,,,,,,,,,,,results/T-sweep-nonDyck-3/distributions/baN_L128_T256_ebsampler_greedy_gamma0.9.json
unconditional,baN,128,ebsampler,categorical,,10.0,1,5,0.534,0.047582,1.0,0.0,0.534,0.047582,0.988,0.004,9.0,9,False,52.51,263,False,1.0,0.0,0.16010421399481775,200,0.00012060543930531267,0.0002431389235024162,0.75,0.625,,,,,,,,,,results/T-sweep-nonDyck-3/distributions/baN_L128_T1_ebsampler_categorical_gamma10.0.json
unconditional,baN,128,ebsampler,greedy,,0.1,64,1,1.0,0.0,1.0,0.0,1.0,0.0,1.0,0.0,128.0,128,True,265.39,100,False,0.01,0.99,0.0,100,0.00023622047244094488,0.00031746031746031746,0.75,0.5,,,,,,,,,,results/T-sweep-nonDyck-3/distributions/baN_L128_T64_ebsampler_greedy_gamma0.1.json
unconditional,baN,128,ebsampler,greedy,,0.1,128,1,1.0,0.0,1.0,0.0,1.0,0.0,1.0,0.0,128.0,128,True,231.42,100,False,0.01,0.99,0.0,100,0.00023622047244094488,0.00031746031746031746,0.75,0.5,,,,,,,,,,results/T-sweep-nonDyck-3/distributions/baN_L128_T128_ebsampler_greedy_gamma0.1.json
unconditional,baN,128,ebsampler,greedy,,0.1,256,1,1.0,0.0,1.0,0.0,1.0,0.0,1.0,0.0,128.0,128,True,224.23,100,False,0.01,0.99,0.0,100,0.00023622047244094488,0.00031746031746031746,0.75,0.5,,,,,,,,,,results/T-sweep-nonDyck-3/distributions/baN_L128_T256_ebsampler_greedy_gamma0.1.json
unconditional,baN,128,ebsampler,categorical,,5.0,1,5,0.506,0.04128,1.0,0.0,0.506,0.04128,0.99,0.006325,16.008,17,False,173.14,249,False,1.0,0.0,0.15917615136728325,200,0.00012738447820133118,0.00025680534155110427,0.75,0.625,,,,,,,,,,results/T-sweep-nonDyck-3/distributions/baN_L128_T1_ebsampler_categorical_gamma5.0.json
unconditional,baN,128,ebsampler,greedy,,0.5,256,1,1.0,0.0,1.0,0.0,1.0,0.0,1.0,0.0,128.0,128,True,231.21,100,False,0.01,0.99,0.0,100,0.00023622047244094488,0.00031746031746031746,0.75,0.5,,,,,,,,,,results/T-sweep-nonDyck-3/distributions/baN_L128_T256_ebsampler_greedy_gamma0.5.json
unconditional,baN,128,ebsampler,categorical,,10.0,2,5,0.534,0.047582,1.0,0.0,0.534,0.047582,0.988,0.004,9.0,9,False,86.36,263,False,1.0,0.0,0.16010421399481775,200,0.00012060543930531267,0.0002431389235024162,0.75,0.625,,,,,,,,,,results/T-sweep-nonDyck-3/distributions/baN_L128_T2_ebsampler_categorical_gamma10.0.json
unconditional,baN,128,ebsampler,categorical,,5.0,2,5,0.506,0.04128,1.0,0.0,0.506,0.04128,0.99,0.006325,16.008,17,False,189.15,249,False,1.0,0.0,0.15917615136728325,200,0.00012738447820133118,0.00025680534155110427,0.75,0.625,,,,,,,,,,results/T-sweep-nonDyck-3/distributions/baN_L128_T2_ebsampler_categorical_gamma5.0.json
unconditional,baN,128,gaussian,categorical,5.0,,128,5,0.916,0.02245,1.0,0.0,0.916,0.02245,0.896,0.024166,122.448,129,False,1920.43,437,False,1.0,0.0,0.1596661252356609,200,7.2670457642207e-05,0.0001465040471743032,0.75,0.625,,,,,,,,,,results/T-sweep-nonDyck-3/distributions/baN_L128_T128_gaussian_categorical_sigma5.0.json
unconditional,baN,128,ebsampler,categorical,,2.0,2,5,0.502,0.036551,1.0,0.0,0.502,0.036551,1.0,0.0,43.0,43,False,256.75,251,False,1.0,0.0,0.15927535647059102,200,0.00012645422357106728,0.00025493132787355406,0.75,0.625,,,,,,,,,,results/T-sweep-nonDyck-3/distributions/baN_L128_T2_ebsampler_categorical_gamma2.0.json
unconditional,baN,128,ebsampler,categorical,,10.0,4,5,0.534,0.047582,1.0,0.0,0.534,0.047582,0.988,0.004,9.0,9,False,86.56,263,False,1.0,0.0,0.16010421399481775,200,0.00012060543930531267,0.0002431389235024162,0.75,0.625,,,,,,,,,,results/T-sweep-nonDyck-3/distributions/baN_L128_T4_ebsampler_categorical_gamma10.0.json
unconditional,baN,128,gaussian,greedy,1.0,,256,5,0.872,0.047497,1.0,0.0,0.872,0.047497,0.894,0.05004,249.796,255,False,3044.82,436,False,1.0,0.0,0.03774203046482412,200,7.223867658744492e-05,0.000145623998835008,0.75,0.625,,,,,,,,,,results/T-sweep-nonDyck-3/distributions/baN_L128_T256_gaussian_greedy_sigma1.0.json
unconditional,baN,128,ebsampler,categorical,,2.0,1,5,0.502,0.036551,1.0,0.0,0.502,0.036551,1.0,0.0,43.0,43,False,422.49,251,False,1.0,0.0,0.15927535647059102,200,0.00012645422357106728,0.00025493132787355406,0.75,0.625,,,,,,,,,,results/T-sweep-nonDyck-3/distributions/baN_L128_T1_ebsampler_categorical_gamma2.0.json
unconditional,baN,128,ebsampler,categorical,,0.9,1,5,0.528,0.048332,1.0,0.0,0.528,0.048332,1.0,0.0,64.0,64,False,448.98,264,False,1.0,0.0,0.16021747500551803,200,0.00012040214315814821,0.00024273317555676923,0.75,0.625,,,,,,,,,,results/T-sweep-nonDyck-3/distributions/baN_L128_T1_ebsampler_categorical_gamma0.9.json
unconditional,baN,128,ebsampler,categorical,,5.0,4,5,0.506,0.04128,1.0,0.0,0.506,0.04128,0.99,0.006325,16.008,17,False,171.45,249,False,1.0,0.0,0.15917615136728325,200,0.00012738447820133118,0.00025680534155110427,0.75,0.625,,,,,,,,,,results/T-sweep-nonDyck-3/distributions/baN_L128_T4_ebsampler_categorical_gamma5.0.json
unconditional,baN,128,gaussian,categorical,1.0,,128,5,0.842,0.016,1.0,0.0,0.842,0.016,0.754,0.033226,125.32,128,False,2228.34,368,False,1.0,0.0,0.159137533422031,200,8.612522607871846e-05,0.00017362618282837052,0.75,0.625,,,,,,,,,,results/T-sweep-nonDyck-3/distributions/baN_L128_T128_gaussian_categorical_sigma1.0.json
unconditional,baN,128,ebsampler,categorical,,10.0,8,5,0.534,0.047582,1.0,0.0,0.534,0.047582,0.988,0.004,9.0,9,False,83.74,263,False,1.0,0.0,0.16010421399481775,200,0.00012060543930531267,0.0002431389235024162,0.75,0.625,,,,,,,,,,results/T-sweep-nonDyck-3/distributions/baN_L128_T8_ebsampler_categorical_gamma10.0.json
unconditional,baN,128,gaussian,greedy,20.0,,256,5,0.938,0.019391,1.0,0.0,0.938,0.019391,0.994,0.004899,240.752,256,False,3109.56,469,False,0.08102345415778252,0.9189765458422174,0.00743483040201005,200,5.036683847354901e-05,6.76887670491082e-05,0.75,0.625,,,,,,,,,,results/T-sweep-nonDyck-3/distributions/baN_L128_T256_gaussian_greedy_sigma20.0.json
unconditional,baN,128,gaussian,categorical,100.0,,256,5,0.902,0.034293,0.998,0.004,0.902,0.034293,0.99,0.008944,248.89,256,False,1625.53,449,False,1.0,0.0,0.15862129178712092,200,7.070385689539365e-05,0.00014253897550111359,0.75,0.625,,,,,,,,,,results/T-sweep-nonDyck-3/distributions/baN_L128_T256_gaussian_categorical_sigma100.0.json
unconditional,baN,128,ebsampler,categorical,,2.0,4,5,0.502,0.036551,1.0,0.0,0.502,0.036551,1.0,0.0,43.0,43,False,423.35,251,False,1.0,0.0,0.15927535647059102,200,0.00012645422357106728,0.00025493132787355406,0.75,0.625,,,,,,,,,,results/T-sweep-nonDyck-3/distributions/baN_L128_T4_ebsampler_categorical_gamma2.0.json
unconditional,baN,128,ebsampler,categorical,,5.0,8,5,0.506,0.04128,1.0,0.0,0.506,0.04128,0.99,0.006325,16.008,17,False,172.88,249,False,1.0,0.0,0.15917615136728325,200,0.00012738447820133118,0.00025680534155110427,0.75,0.625,,,,,,,,,,results/T-sweep-nonDyck-3/distributions/baN_L128_T8_ebsampler_categorical_gamma5.0.json
unconditional,baN,128,ebsampler,categorical,,0.9,2,5,0.528,0.048332,1.0,0.0,0.528,0.048332,1.0,0.0,64.0,64,False,612.64,264,False,1.0,0.0,0.16021747500551803,200,0.00012040214315814821,0.00024273317555676923,0.75,0.625,,,,,,,,,,results/T-sweep-nonDyck-3/distributions/baN_L128_T2_ebsampler_categorical_gamma0.9.json
unconditional,baN,128,ebsampler,categorical,,10.0,16,5,0.534,0.047582,1.0,0.0,0.534,0.047582,0.988,0.004,9.0,9,False,84.43,263,False,1.0,0.0,0.16010421399481775,200,0.00012060543930531267,0.0002431389235024162,0.75,0.625,,,,,,,,,,results/T-sweep-nonDyck-3/distributions/baN_L128_T16_ebsampler_categorical_gamma10.0.json
unconditional,baN,128,ebsampler,categorical,,0.5,1,5,1.0,0.0,1.0,0.0,1.0,0.0,1.0,0.0,128.0,128,False,746.02,500,False,1.0,0.0,0.15902156824114272,200,6.350819255683983e-05,0.00012803277639075603,0.75,0.625,,,,,,,,,,results/T-sweep-nonDyck-3/distributions/baN_L128_T1_ebsampler_categorical_gamma0.5.json
unconditional,baN,128,ebsampler,categorical,,5.0,16,5,0.506,0.04128,1.0,0.0,0.506,0.04128,0.99,0.006325,16.008,17,False,176.82,249,False,1.0,0.0,0.15917615136728325,200,0.00012738447820133118,0.00025680534155110427,0.75,0.625,,,,,,,,,,results/T-sweep-nonDyck-3/distributions/baN_L128_T16_ebsampler_categorical_gamma5.0.json
unconditional,baN,128,ebsampler,categorical,,0.9,4,5,0.528,0.048332,1.0,0.0,0.528,0.048332,1.0,0.0,64.0,64,False,610.6,264,False,1.0,0.0,0.16021747500551803,200,0.00012040214315814821,0.00024273317555676923,0.75,0.625,,,,,,,,,,results/T-sweep-nonDyck-3/distributions/baN_L128_T4_ebsampler_categorical_gamma0.9.json
unconditional,baN,128,gaussian,categorical,50.0,,256,5,0.958,0.007483,0.998,0.004,0.958,0.007483,0.994,0.008,244.556,256,False,1910.89,479,False,1.0,0.0,0.15940439794316397,200,6.622078008078935e-05,0.00013350020859407592,0.75,0.625,,,,,,,,,,results/T-sweep-nonDyck-3/distributions/baN_L128_T256_gaussian_categorical_sigma50.0.json
unconditional,baN,128,ebsampler,categorical,,2.0,8,5,0.502,0.036551,1.0,0.0,0.502,0.036551,1.0,0.0,43.0,43,False,422.06,251,False,1.0,0.0,0.15927535647059102,200,0.00012645422357106728,0.00025493132787355406,0.75,0.625,,,,,,,,,,results/T-sweep-nonDyck-3/distributions/baN_L128_T8_ebsampler_categorical_gamma2.0.json
unconditional,baN,128,ebsampler,categorical,,2.0,16,5,0.502,0.036551,1.0,0.0,0.502,0.036551,1.0,0.0,43.0,43,False,284.7,251,False,1.0,0.0,0.15927535647059102,200,0.00012645422357106728,0.00025493132787355406,0.75,0.625,,,,,,,,,,results/T-sweep-nonDyck-3/distributions/baN_L128_T16_ebsampler_categorical_gamma2.0.json
unconditional,baN,128,ebsampler,categorical,,10.0,32,5,0.534,0.047582,1.0,0.0,0.534,0.047582,0.988,0.004,9.0,9,False,86.33,263,False,1.0,0.0,0.16010421399481775,200,0.00012060543930531267,0.0002431389235024162,0.75,0.625,,,,,,,,,,results/T-sweep-nonDyck-3/distributions/baN_L128_T32_ebsampler_categorical_gamma10.0.json
unconditional,baN,128,ebsampler,categorical,,5.0,32,5,0.506,0.04128,1.0,0.0,0.506,0.04128,0.99,0.006325,16.008,17,False,141.39,249,False,1.0,0.0,0.15917615136728325,200,0.00012738447820133118,0.00025680534155110427,0.75,0.625,,,,,,,,,,results/T-sweep-nonDyck-3/distributions/baN_L128_T32_ebsampler_categorical_gamma5.0.json
unconditional,baN,128,ebsampler,categorical,,0.9,8,5,0.528,0.048332,1.0,0.0,0.528,0.048332,1.0,0.0,64.0,64,False,620.97,264,False,1.0,0.0,0.16021747500551803,200,0.00012040214315814821,0.00024273317555676923,0.75,0.625,,,,,,,,,,results/T-sweep-nonDyck-3/distributions/baN_L128_T8_ebsampler_categorical_gamma0.9.json
unconditional,baN,128,ebsampler,categorical,,0.9,32,5,0.528,0.048332,1.0,0.0,0.528,0.048332,1.0,0.0,64.0,64,False,373.62,264,False,1.0,0.0,0.16021747500551803,200,0.00012040214315814821,0.00024273317555676923,0.75,0.625,,,,,,,,,,results/T-sweep-nonDyck-3/distributions/baN_L128_T32_ebsampler_categorical_gamma0.9.json
unconditional,baN,128,ebsampler,categorical,,0.1,8,5,1.0,0.0,1.0,0.0,1.0,0.0,1.0,0.0,128.0,128,False,783.17,500,False,1.0,0.0,0.15902156824114272,200,6.350819255683983e-05,0.00012803277639075603,0.75,0.625,,,,,,,,,,results/T-sweep-nonDyck-3/distributions/baN_L128_T8_ebsampler_categorical_gamma0.1.json
unconditional,baN,128,ebsampler,categorical,,10.0,64,5,0.534,0.047582,1.0,0.0,0.534,0.047582,0.988,0.004,9.0,9,False,51.04,263,False,1.0,0.0,0.16010421399481775,200,0.00012060543930531267,0.0002431389235024162,0.75,0.625,,,,,,,,,,results/T-sweep-nonDyck-3/distributions/baN_L128_T64_ebsampler_categorical_gamma10.0.json
unconditional,baN,128,ebsampler,categorical,,5.0,64,5,0.506,0.04128,1.0,0.0,0.506,0.04128,0.99,0.006325,16.008,17,False,177.78,249,False,1.0,0.0,0.15917615136728325,200,0.00012738447820133118,0.00025680534155110427,0.75,0.625,,,,,,,,,,results/T-sweep-nonDyck-3/distributions/baN_L128_T64_ebsampler_categorical_gamma5.0.json
unconditional,baN,128,gaussian,greedy,10.0,,256,5,0.936,0.010198,1.0,0.0,0.936,0.010198,0.992,0.007483,241.378,256,False,3747.94,468,False,0.049145299145299144,0.9508547008547008,0.007133715452261306,200,5.047445992327882e-05,6.78334011667345e-05,0.75,0.625,,,,,,,,,,results/T-sweep-nonDyck-3/distributions/baN_L128_T256_gaussian_greedy_sigma10.0.json
unconditional,baN,128,ebsampler,categorical,,0.9,16,5,0.528,0.048332,1.0,0.0,0.528,0.048332,1.0,0.0,64.0,64,False,631.47,264,False,1.0,0.0,0.16021747500551803,200,0.00012040214315814821,0.00024273317555676923,0.75,0.625,,,,,,,,,,results/T-sweep-nonDyck-3/distributions/baN_L128_T16_ebsampler_categorical_gamma0.9.json
unconditional,baN,128,ebsampler,categorical,,0.1,2,5,1.0,0.0,1.0,0.0,1.0,0.0,1.0,0.0,128.0,128,False,1174.28,500,False,1.0,0.0,0.15902156824114272,200,6.350819255683983e-05,0.00012803277639075603,0.75,0.625,,,,,,,,,,results/T-sweep-nonDyck-3/distributions/baN_L128_T2_ebsampler_categorical_gamma0.1.json
unconditional,baN,128,ebsampler,categorical,,2.0,32,5,0.502,0.036551,1.0,0.0,0.502,0.036551,1.0,0.0,43.0,43,False,423.34,251,False,1.0,0.0,0.15927535647059102,200,0.00012645422357106728,0.00025493132787355406,0.75,0.625,,,,,,,,,,results/T-sweep-nonDyck-3/distributions/baN_L128_T32_ebsampler_categorical_gamma2.0.json
unconditional,baN,128,ebsampler,categorical,,0.1,1,5,1.0,0.0,1.0,0.0,1.0,0.0,1.0,0.0,128.0,128,False,1249.48,500,False,1.0,0.0,0.15902156824114272,200,6.350819255683983e-05,0.00012803277639075603,0.75,0.625,,,,,,,,,,results/T-sweep-nonDyck-3/distributions/baN_L128_T1_ebsampler_categorical_gamma0.1.json
unconditional,baN,128,ar,categorical,,,130,5,1.0,0.0,1.0,0.0,1.0,0.0,1.0,0.0,129.0,129,False,2093.16,500,False,1.0,0.0,0.15786497864242446,200,6.344775077723494e-05,0.00012790995139421848,0.75,0.625,,,,,,,,,,results/T-sweep-nonDyck-3/distributions/baN_L128_T130_ar_categorical_none.json
unconditional,baN,128,gaussian,greedy,5.0,,256,5,0.932,0.016,1.0,0.0,0.932,0.016,0.98,0.012649,243.768,256,False,3837.99,466,False,0.17381974248927037,0.8261802575107297,0.008892509422110553,200,6.758811800885405e-05,0.00013624906328768988,0.75,0.625,,,,,,,,,,results/T-sweep-nonDyck-3/distributions/baN_L128_T256_gaussian_greedy_sigma5.0.json
unconditional,baN,128,ebsampler,categorical,,0.5,2,5,1.0,0.0,1.0,0.0,1.0,0.0,1.0,0.0,128.0,128,False,1214.28,500,False,1.0,0.0,0.15902156824114272,200,6.350819255683983e-05,0.00012803277639075603,0.75,0.625,,,,,,,,,,results/T-sweep-nonDyck-3/distributions/baN_L128_T2_ebsampler_categorical_gamma0.5.json
unconditional,baN,128,ebsampler,categorical,,10.0,128,5,0.534,0.047582,1.0,0.0,0.534,0.047582,0.988,0.004,9.0,9,False,83.76,263,False,1.0,0.0,0.16010421399481775,200,0.00012060543930531267,0.0002431389235024162,0.75,0.625,,,,,,,,,,results/T-sweep-nonDyck-3/distributions/baN_L128_T128_ebsampler_categorical_gamma10.0.json
unconditional,baN,128,ebsampler,categorical,,5.0,128,5,0.506,0.04128,1.0,0.0,0.506,0.04128,0.99,0.006325,16.008,17,False,118.04,249,False,1.0,0.0,0.15917615136728325,200,0.00012738447820133118,0.00025680534155110427,0.75,0.625,,,,,,,,,,results/T-sweep-nonDyck-3/distributions/baN_L128_T128_ebsampler_categorical_gamma5.0.json
unconditional,bbaN,128,uniform,greedy,,,1,5,1.0,0.0,1.0,0.0,1.0,0.0,0.0,0.0,1.0,1,False,0.98,0,True,,,,0,,,,,,,,,,,,,,results/T-sweep-nonDyck-3/distributions/bbaN_L128_T1_uniform_greedy_none.json
unconditional,bbaN,128,uniform,greedy,,,2,5,0.692,0.021354,1.0,0.0,0.692,0.021354,0.522,0.051923,1.75,2,False,1.65,214,False,0.056074766355140186,0.9439252336448598,0.009491741085825862,200,0.00016550810989738498,0.00022331397945511388,0.8,0.5,1.2337199169355573,,1.0184118552962866,0.0028846153846153848,,,,,,results/T-sweep-nonDyck-3/distributions/bbaN_L128_T2_uniform_greedy_none.json
unconditional,bbaN,128,uniform,greedy,,,4,5,0.834,0.026533,1.0,0.0,0.834,0.026533,0.708,0.065238,3.544,4,False,1.7,332,False,0.21987951807228914,0.7801204819277109,0.025350344403375386,200,0.0001066477070742979,0.00014389524426217714,0.8,0.5,2.2966162126129217,,1.9712932839236104,0.017548076923076923,,,,,,results/T-sweep-nonDyck-3/distributions/bbaN_L128_T4_uniform_greedy_none.json
unconditional,bbaN,128,uniform,greedy,,,8,5,0.896,0.031369,1.0,0.0,0.896,0.031369,0.788,0.045343,7.288,8,False,2.22,390,False,0.46923076923076923,0.5307692307692308,0.06360593576355071,200,9.047317470370036e-05,0.0001220665873233849,0.8,0.5,2.9675854937358714,,2.7499519095725105,0.04399038461538462,,,,,,results/T-sweep-nonDyck-3/distributions/bbaN_L128_T8_uniform_greedy_none.json
unconditional,bbaN,128,uniform,greedy,,,16,5,0.95,0.026077,1.0,0.0,0.95,0.026077,0.898,0.024819,15.276,16,False,3.56,447,False,0.6957494407158836,0.3042505592841164,0.1080495653201952,200,7.875255945818238e-05,0.0001062501660158844,0.8,0.5,3.6230190131065654,,3.2807827966434084,0.07475961538461538,,,,,,results/T-sweep-nonDyck-3/distributions/bbaN_L128_T16_uniform_greedy_none.json
unconditional,bbaN,128,uniform,greedy,,,32,5,0.972,0.009798,0.998,0.004,0.97,0.008944,0.93,0.022804,31.02,32,False,6.44,465,False,0.8064516129032258,0.19354838709677424,0.14756129191768708,200,7.4360499702558e-05,0.00010030341783896286,0.8,0.5,3.852057885549099,,3.5480636298561086,0.09014423076923077,,,,,,results/T-sweep-nonDyck-3/distributions/bbaN_L128_T32_uniform_greedy_none.json
unconditional,bbaN,128,uniform,greedy,,,64,5,0.984,0.004899,1.0,0.0,0.984,0.004899,0.972,0.009798,62.802,64,False,12.55,486,False,0.8621399176954733,0.13786008230452673,0.18006046947831078,200,7.029712250445215e-05,9.480919649205973e-05,0.8,0.5,4.136878817871038,,3.684763925278027,0.10072115384615385,,,,,,results/T-sweep-nonDyck-3/distributions/bbaN_L128_T64_uniform_greedy_none.json
unconditional,baN,128,ebsampler,categorical,,10.0,256,5,0.534,0.047582,1.0,0.0,0.534,0.047582,0.988,0.004,9.0,9,False,73.96,263,False,1.0,0.0,0.16010421399481775,200,0.00012060543930531267,0.0002431389235024162,0.75,0.625,,,,,,,,,,results/T-sweep-nonDyck-3/distributions/baN_L128_T256_ebsampler_categorical_gamma10.0.json
unconditional,baN,128,ebsampler,categorical,,2.0,64,5,0.502,0.036551,1.0,0.0,0.502,0.036551,1.0,0.0,43.0,43,False,423.36,251,False,1.0,0.0,0.15927535647059102,200,0.00012645422357106728,0.00025493132787355406,0.75,0.625,,,,,,,,,,results/T-sweep-nonDyck-3/distributions/baN_L128_T64_ebsampler_categorical_gamma2.0.json
unconditional,bbaN,128,uniform,categorical,,,1,5,0.492,0.060133,0.0,0.0,0.0,0.0,0.39,0.037417,1.0,1,False,1.57,0,True,,,,0,,,,,,,,,,,,,,results/T-sweep-nonDyck-3/distributions/bbaN_L128_T1_uniform_categorical_none.json
unconditional,bbaN,128,uniform,categorical,,,2,5,0.53,0.048166,0.0,0.0,0.0,0.0,0.0,0.0,1.0,1,False,5.25,0,True,,,,0,,,,,,,,,,,,,,results/T-sweep-nonDyck-3/distributions/bbaN_L128_T2_uniform_categorical_none.json
unconditional,bbaN,128,uniform,categorical,,,4,5,0.518,0.060465,0.006,0.004899,0.004,0.004899,0.0,0.0,1.0,1,False,3.62,0,True,,,,0,,,,,,,,,,,,,,results/T-sweep-nonDyck-3/distributions/bbaN_L128_T4_uniform_categorical_none.json
unconditional,bbaN,128,uniform,greedy,,,128,5,0.994,0.008,1.0,0.0,0.994,0.008,0.982,0.014697,126.47,128,False,24.95,491,False,0.8818737270875764,0.11812627291242361,0.1802567293581879,200,6.86766018817389e-05,9.260974254491573e-05,0.8,0.5,4.236733279244194,,3.6960974990551327,0.10408653846153847,,,,,,results/T-sweep-nonDyck-3/distributions/bbaN_L128_T128_uniform_greedy_none.json
unconditional,bbaN,128,uniform,categorical,,,16,5,0.57,0.054772,0.46,0.018974,0.264,0.034986,0.12,0.017889,3.092,16,False,1.89,60,False,0.9833333333333333,0.01666666666666672,0.2590538573990526,60,0.0005937067088858105,0.0008011215701982776,0.8,0.5,3.646630545471393,,3.477627509850915,0.014182692307692308,,,,,,results/T-sweep-nonDyck-3/distributions/bbaN_L128_T16_uniform_categorical_none.json
unconditional,bbaN,128,uniform,categorical,,,8,5,0.47,0.047749,0.156,0.026533,0.074,0.017436,0.01,0.006325,1.086,8,False,2.84,5,False,1.0,0.0,0.25608272506082724,5,0.007389162561576354,0.00997506234413965,0.8,0.5,1.6094379124341005,,1.6094379124341005,0.001201923076923077,,,,,,results/T-sweep-nonDyck-3/distributions/bbaN_L128_T8_uniform_categorical_none.json
unconditional,bbaN,128,uniform,categorical,,,32,5,0.738,0.020396,0.662,0.040694,0.546,0.030725,0.43,0.02,15.046,32,False,4.16,215,False,0.9534883720930233,0.046511627906976716,0.27793614603727956,200,0.0001683312759510717,0.00022718237064803771,0.8,0.5,4.324312090822229,,3.709072695748837,0.04927884615384615,,,,,,results/T-sweep-nonDyck-3/distributions/bbaN_L128_T32_uniform_categorical_none.json
unconditional,baN,128,ebsampler,categorical,,0.1,4,5,1.0,0.0,1.0,0.0,1.0,0.0,1.0,0.0,128.0,128,False,1216.28,500,False,1.0,0.0,0.15902156824114272,200,6.350819255683983e-05,0.00012803277639075603,0.75,0.625,,,,,,,,,,results/T-sweep-nonDyck-3/distributions/baN_L128_T4_ebsampler_categorical_gamma0.1.json
unconditional,bbaN,128,uniform,categorical,,,64,5,0.808,0.038678,0.802,0.031241,0.712,0.023152,0.662,0.022271,44.262,64,False,15.69,331,False,0.9516616314199395,0.048338368580060465,0.2828216210435208,200,0.00010798358649485278,0.0001457141816327274,0.8,0.5,4.450266310024882,,3.825328704803364,0.07572115384615384,,,,,,results/T-sweep-nonDyck-3/distributions/bbaN_L128_T64_uniform_categorical_none.json
unconditional,bbaN,128,gaussian,greedy,1.0,,1,5,1.0,0.0,1.0,0.0,1.0,0.0,0.0,0.0,1.0,1,False,1.62,0,True,,,,0,,,,,,,,,,,,,,results/T-sweep-nonDyck-3/distributions/bbaN_L128_T1_gaussian_greedy_sigma1.0.json
unconditional,bbaN,128,gaussian,greedy,2.0,,1,5,1.0,0.0,1.0,0.0,1.0,0.0,0.0,0.0,1.0,1,False,1.63,0,True,,,,0,,,,,,,,,,,,,,results/T-sweep-nonDyck-3/distributions/bbaN_L128_T1_gaussian_greedy_sigma2.0.json
unconditional,bbaN,128,gaussian,greedy,5.0,,1,5,1.0,0.0,1.0,0.0,1.0,0.0,0.0,0.0,1.0,1,False,1.62,0,True,,,,0,,,,,,,,,,,,,,results/T-sweep-nonDyck-3/distributions/bbaN_L128_T1_gaussian_greedy_sigma5.0.json
unconditional,bbaN,128,gaussian,greedy,10.0,,1,5,1.0,0.0,1.0,0.0,1.0,0.0,0.0,0.0,1.0,1,False,1.63,0,True,,,,0,,,,,,,,,,,,,,results/T-sweep-nonDyck-3/distributions/bbaN_L128_T1_gaussian_greedy_sigma10.0.json
unconditional,bbaN,128,gaussian,greedy,20.0,,1,5,1.0,0.0,1.0,0.0,1.0,0.0,0.0,0.0,1.0,1,False,1.63,0,True,,,,0,,,,,,,,,,,,,,results/T-sweep-nonDyck-3/distributions/bbaN_L128_T1_gaussian_greedy_sigma20.0.json
unconditional,bbaN,128,gaussian,greedy,50.0,,1,5,0.968,0.030594,1.0,0.0,0.968,0.030594,0.0,0.0,1.0,1,False,1.64,0,True,,,,0,,,,,,,,,,,,,,results/T-sweep-nonDyck-3/distributions/bbaN_L128_T1_gaussian_greedy_sigma50.0.json
unconditional,bbaN,128,uniform,categorical,,,128,5,0.922,0.016,0.876,0.014967,0.852,0.014697,0.806,0.004899,104.758,128,False,22.59,403,False,0.9602977667493796,0.03970223325062039,0.30004500112502813,200,8.774752113252801e-05,0.0001183922334694844,0.8,0.5,4.50370025596538,,3.863325563734129,0.09302884615384616,,,,,,results/T-sweep-nonDyck-3/distributions/bbaN_L128_T128_uniform_categorical_none.json
unconditional,bbaN,128,gaussian,greedy,100.0,,1,5,0.836,0.040792,1.0,0.0,0.836,0.040792,0.004,0.004899,1.004,2,False,1.65,2,True,,,,2,,,0.8,0.5,0.0,,0.0,0.0002403846153846154,,,,,,results/T-sweep-nonDyck-3/distributions/bbaN_L128_T1_gaussian_greedy_sigma100.0.json
unconditional,bbaN,128,gaussian,greedy,1.0,,2,5,0.594,0.030067,1.0,0.0,0.594,0.030067,0.0,0.0,2.0,2,False,1.24,0,True,,,,0,,,,,,,,,,,,,,results/T-sweep-nonDyck-3/distributions/bbaN_L128_T2_gaussian_greedy_sigma1.0.json
unconditional,bbaN,128,gaussian,greedy,5.0,,2,5,0.49,0.067823,1.0,0.0,0.49,0.067823,0.0,0.0,2.0,2,False,1.24,0,True,,,,0,,,,,,,,,,,,,,results/T-sweep-nonDyck-3/distributions/bbaN_L128_T2_gaussian_greedy_sigma5.0.json
unconditional,bbaN,128,gaussian,greedy,2.0,,2,5,0.566,0.017436,1.0,0.0,0.566,0.017436,0.0,0.0,2.0,2,False,1.99,0,True,,,,0,,,,,,,,,,,,,,results/T-sweep-nonDyck-3/distributions/bbaN_L128_T2_gaussian_greedy_sigma2.0.json
unconditional,bbaN,128,gaussian,greedy,10.0,,2,5,0.536,0.059195,1.0,0.0,0.536,0.059195,0.006,0.008,1.998,2,False,1.25,3,True,,,,3,,,0.8,0.5,0.0,,0.6365141682948128,0.0004807692307692308,,,,,,results/T-sweep-nonDyck-3/distributions/bbaN_L128_T2_gaussian_greedy_sigma10.0.json
unconditional,baN,128,ebsampler,categorical,,0.5,4,5,1.0,0.0,1.0,0.0,1.0,0.0,1.0,0.0,128.0,128,False,1224.35,500,False,1.0,0.0,0.15902156824114272,200,6.350819255683983e-05,0.00012803277639075603,0.75,0.625,,,,,,,,,,results/T-sweep-nonDyck-3/distributions/baN_L128_T4_ebsampler_categorical_gamma0.5.json
unconditional,bbaN,128,gaussian,greedy,20.0,,2,5,0.584,0.036111,1.0,0.0,0.584,0.036111,0.146,0.028705,2.0,3,False,2.15,72,False,0.125,0.875,0.01500948668142122,72,0.0004861448711716091,0.0006558452205279554,0.8,0.5,0.3711196717817733,,1.127982086793071,0.0021634615384615386,,,,,,results/T-sweep-nonDyck-3/distributions/bbaN_L128_T2_gaussian_greedy_sigma20.0.json
unconditional,bbaN,128,gaussian,greedy,50.0,,2,5,0.664,0.026533,1.0,0.0,0.664,0.026533,0.382,0.044,2.008,3,False,1.51,176,False,0.05113636363636364,0.9488636363636364,0.00794583758841106,176,0.0002009107956067506,0.0002710761724044456,0.8,0.5,0.8118032140321573,,0.8992188790094487,0.0021634615384615386,,,,,,results/T-sweep-nonDyck-3/distributions/bbaN_L128_T2_gaussian_greedy_sigma50.0.json
unconditional,bbaN,128,uniform,greedy,,,256,5,0.996,0.004899,1.0,0.0,0.996,0.004899,0.996,0.004899,253.08,255,False,46.79,498,False,0.8795180722891566,0.12048192771084343,0.18434435206005725,200,6.70436006883143e-05,9.039752310786685e-05,0.8,0.5,4.236384498754615,,3.771131050463876,0.10528846153846154,,,,,,results/T-sweep-nonDyck-3/distributions/bbaN_L128_T256_uniform_greedy_none.json
unconditional,bbaN,128,gaussian,greedy,100.0,,2,5,0.68,0.046476,1.0,0.0,0.68,0.046476,0.42,0.050596,2.054,3,False,2.56,195,False,0.06666666666666667,0.9333333333333333,0.009462860891013117,195,0.00018151016456921588,0.0002449029572032082,0.8,0.5,1.1915070774010392,,1.0063511942127357,0.003125,,,,,,results/T-sweep-nonDyck-3/distributions/bbaN_L128_T2_gaussian_greedy_sigma100.0.json
unconditional,bbaN,128,gaussian,greedy,2.0,,4,5,0.594,0.044989,1.0,0.0,0.594,0.044989,0.178,0.038158,3.536,5,False,2.7,89,False,0.16853932584269662,0.8314606741573034,0.008407211327611052,89,0.0003481490077753278,0.00046904315196998124,0.8,0.5,1.354503555729289,,0.9203447445922872,0.003605769230769231,,,,,,results/T-sweep-nonDyck-3/distributions/bbaN_L128_T4_gaussian_greedy_sigma2.0.json
unconditional,bbaN,128,gaussian,greedy,1.0,,4,5,0.774,0.025768,1.0,0.0,0.774,0.025768,0.05,0.015492,3.738,4,False,4.02,25,False,0.12,0.88,0.002674897119341564,25,0.0012474012474012475,0.0016806722689075631,0.8,0.5,0.5929533174474745,,0.167944147734173,0.0007211538461538462,,,,,,results/T-sweep-nonDyck-3/distributions/bbaN_L128_T4_gaussian_greedy_sigma1.0.json
unconditional,bbaN,128,gaussian,greedy,5.0,,4,5,0.626,0.028705,1.0,0.0,0.626,0.028705,0.346,0.042237,3.482,5,False,2.79,173,False,0.2254335260115607,0.7745664739884393,0.03249794329514216,173,0.00017429700209156402,0.0002347555607723458,0.8,0.5,2.3364256196915827,,1.8705536675315493,0.009375,,,,,,results/T-sweep-nonDyck-3/distributions/bbaN_L128_T4_gaussian_greedy_sigma5.0.json
unconditional,bbaN,128,gaussian,greedy,20.0,,4,5,0.646,0.035553,1.0,0.0,0.646,0.035553,0.346,0.047582,3.392,5,False,2.94,171,False,0.7076023391812866,0.29239766081871343,0.08285833435382818,171,0.0001704351778207022,0.00022947622052664794,0.8,0.5,3.3647745134250595,,2.9385000650208926,0.029086538461538462,,,,,,results/T-sweep-nonDyck-3/distributions/bbaN_L128_T4_gaussian_greedy_sigma20.0.json
unconditional,bbaN,128,gaussian,greedy,10.0,,4,5,0.682,0.055281,1.0,0.0,0.682,0.055281,0.404,0.06375,3.482,5,False,4.44,202,False,0.4752475247524752,0.5247524752475248,0.05377329637401181,200,0.00014441823520916576,0.0001944484954547664,0.8,0.5,3.0072284280414996,,2.605927505530418,0.023076923076923078,,,,,,results/T-sweep-nonDyck-3/distributions/bbaN_L128_T4_gaussian_greedy_sigma10.0.json
unconditional,bbaN,128,gaussian,greedy,100.0,,4,5,0.7,0.031623,1.0,0.0,0.7,0.031623,0.442,0.037094,3.528,5,False,2.54,219,False,0.6712328767123288,0.3287671232876712,0.08160786854854975,200,0.00015781167806417674,0.00021286786227449312,0.8,0.5,2.9315691482068518,,3.046428031635376,0.03533653846153846,,,,,,results/T-sweep-nonDyck-3/distributions/bbaN_L128_T4_gaussian_greedy_sigma100.0.json
unconditional,bbaN,128,gaussian,greedy,50.0,,4,5,0.692,0.026382,1.0,0.0,0.692,0.026382,0.43,0.050596,3.502,5,False,4.43,214,False,0.7663551401869159,0.23364485981308414,0.08884676857615045,200,0.00015048154093097913,0.00020281918669506134,0.8,0.5,3.137500185262061,,3.101047342784814,0.03942307692307692,,,,,,results/T-sweep-nonDyck-3/distributions/bbaN_L128_T4_gaussian_greedy_sigma50.0.json
unconditional,bbaN,128,gaussian,greedy,1.0,,8,5,0.364,0.048826,1.0,0.0,0.364,0.048826,0.046,0.018547,7.742,8,False,4.42,23,False,0.21739130434782608,0.782608695652174,0.00541001287269944,23,0.0011583011583011582,0.0015582391897156214,0.8,0.5,1.0538437102109437,,0.6145033203107282,0.001201923076923077,,,,,,results/T-sweep-nonDyck-3/distributions/bbaN_L128_T8_gaussian_greedy_sigma1.0.json
unconditional,bbaN,128,gaussian,greedy,5.0,,8,5,0.662,0.056356,1.0,0.0,0.662,0.056356,0.372,0.049153,7.408,8,False,4.42,186,False,0.3548387096774194,0.6451612903225806,0.04073031212366494,186,0.00013813426650704486,0.0001857700167193015,0.8,0.5,2.7167185412373307,,2.3585370859704136,0.015865384615384615,,,,,,results/T-sweep-nonDyck-3/distributions/bbaN_L128_T8_gaussian_greedy_sigma5.0.json
unconditional,bbaN,128,gaussian,greedy,2.0,,8,5,0.504,0.028,1.0,0.0,0.504,0.028,0.194,0.050438,7.514,9,False,6.93,97,False,0.17525773195876287,0.8247422680412371,0.013544461836613,97,0.00027068483262654517,0.0003640997633351538,0.8,0.5,1.5439251149636606,,1.2110092281999074,0.004086538461538462,,,,,,results/T-sweep-nonDyck-3/distributions/bbaN_L128_T8_gaussian_greedy_sigma2.0.json
unconditional,bbaN,128,gaussian,greedy,20.0,,8,5,0.77,0.041473,1.0,0.0,0.77,0.041473,0.578,0.038678,7.222,9,False,3.94,289,False,0.8096885813148789,0.19031141868512114,0.10208209833195013,200,9.533191394705901e-05,0.0001282873636946761,0.8,0.5,4.025690526625285,,3.3925874143192822,0.05625,,,,,,results/T-sweep-nonDyck-3/distributions/bbaN_L128_T8_gaussian_greedy_sigma20.0.json
unconditional,bbaN,128,gaussian,greedy,50.0,,8,5,0.81,0.012649,1.0,0.0,0.81,0.012649,0.646,0.030067,7.238,9,False,3.32,323,False,0.8947368421052632,0.10526315789473684,0.12830606803790923,200,9.335324869305452e-05,0.0001257347625184673,0.8,0.5,3.9933480228946228,,3.479292696683051,0.06947115384615385,,,,,,results/T-sweep-nonDyck-3/distributions/bbaN_L128_T8_gaussian_greedy_sigma50.0.json
unconditional,bbaN,128,gaussian,greedy,10.0,,8,5,0.718,0.027857,1.0,0.0,0.718,0.027857,0.426,0.056071,7.346,9,False,6.85,213,False,0.6056338028169014,0.3943661971830986,0.069917518566906,200,0.00012441421639779372,0.00016736401673640169,0.8,0.5,3.428147128477129,,2.9414890635556086,0.031009615384615385,,,,,,results/T-sweep-nonDyck-3/distributions/bbaN_L128_T8_gaussian_greedy_sigma10.0.json
unconditional,bbaN,128,gaussian,greedy,100.0,,8,5,0.84,0.034641,1.0,0.0,0.84,0.034641,0.664,0.043174,7.334,9,False,4.88,332,False,0.8855421686746988,0.11445783132530118,0.1321561476570198,200,9.740575992727037e-05,0.0001312895920175928,0.8,0.5,3.963182959716649,,3.442667644598475,0.07067307692307692,,,,,,results/T-sweep-nonDyck-3/distributions/bbaN_L128_T8_gaussian_greedy_sigma100.0.json
unconditional,bbaN,128,gaussian,greedy,1.0,,16,5,0.29,0.055498,1.0,0.0,0.29,0.055498,0.16,0.052154,15.732,16,False,8.27,80,False,0.1125,0.8875,0.011673501873133837,80,0.0003027856277755349,0.000407000407000407,0.8,0.5,0.9220766477101425,,0.5245880777047198,0.0021634615384615386,,,,,,results/T-sweep-nonDyck-3/distributions/bbaN_L128_T16_gaussian_greedy_sigma1.0.json
unconditional,bbaN,128,gaussian,greedy,2.0,,16,5,0.612,0.027129,1.0,0.0,0.612,0.027129,0.252,0.051536,15.38,16,False,8.14,126,False,0.29365079365079366,0.7063492063492063,0.019614497738709474,126,0.00019264110961279138,0.00025894995792063183,0.8,0.5,2.140456175068252,,1.9208778112140632,0.008894230769230769,,,,,,results/T-sweep-nonDyck-3/distributions/bbaN_L128_T16_gaussian_greedy_sigma2.0.json
unconditional,bbaN,128,gaussian,greedy,5.0,,16,5,0.726,0.045869,1.0,0.0,0.726,0.045869,0.5,0.063246,15.218,17,False,12.73,250,False,0.372,0.628,0.03523411081849594,200,9.87231802027116e-05,0.00013272280841462606,0.8,0.5,2.9479194371652744,,2.49299175522133,0.02235576923076923,,,,,,results/T-sweep-nonDyck-3/distributions/bbaN_L128_T16_gaussian_greedy_sigma5.0.json
unconditional,bbaN,128,gaussian,greedy,50.0,,16,5,0.9,0.024495,1.0,0.0,0.9,0.024495,0.814,0.025768,14.938,17,False,5.7,407,False,0.8427518427518428,0.15724815724815722,0.14830396830639106,200,7.15444052275112e-05,9.632751354605659e-05,0.8,0.5,4.25485317699162,,3.680858434215817,0.08245192307692308,,,,,,results/T-sweep-nonDyck-3/distributions/bbaN_L128_T16_gaussian_greedy_sigma50.0.json
unconditional,bbaN,128,gaussian,greedy,20.0,,16,5,0.866,0.043174,1.0,0.0,0.866,0.043174,0.736,0.020591,14.688,17,False,6.91,367,False,0.7574931880108992,0.24250681198910085,0.10951481703330117,200,7.118113225454372e-05,9.574187989181168e-05,0.8,0.5,4.098744951759509,,3.4196354927175223,0.06682692307692308,,,,,,results/T-sweep-nonDyck-3/distributions/bbaN_L128_T16_gaussian_greedy_sigma20.0.json
unconditional,bbaN,128,gaussian,greedy,10.0,,16,5,0.79,0.028284,1.0,0.0,0.79,0.028284,0.642,0.027857,14.894,17,False,11.61,318,False,0.559748427672956,0.44025157232704404,0.05337573092358114,200,7.874015748031496e-05,0.00010587052035360753,0.8,0.5,3.595394088023217,,2.950221542212912,0.04278846153846154,,,,,,results/T-sweep-nonDyck-3/distributions/bbaN_L128_T16_gaussian_greedy_sigma10.0.json
unconditional,bbaN,128,gaussian,greedy,100.0,,16,5,0.896,0.032,1.0,0.0,0.896,0.032,0.816,0.026533,15.234,17,False,8.63,408,False,0.8946078431372549,0.10539215686274506,0.1546700962232085,200,7.564487253838978e-05,0.0001019082316374105,0.8,0.5,4.16633636116275,,3.631035106453221,0.08774038461538461,,,,,,results/T-sweep-nonDyck-3/distributions/bbaN_L128_T16_gaussian_greedy_sigma100.0.json
unconditional,bbaN,128,gaussian,greedy,1.0,,32,5,0.728,0.037094,1.0,0.0,0.728,0.037094,0.592,0.057758,31.59,32,False,15.43,295,False,0.0576271186440678,0.9423728813559322,0.010515116812269293,200,8.048937540244688e-05,0.00010817535224599074,0.8,0.5,1.5597371748831996,,1.4640034163908784,0.004086538461538462,,,,,,results/T-sweep-nonDyck-3/distributions/bbaN_L128_T32_gaussian_greedy_sigma1.0.json
unconditional,bbaN,128,gaussian,greedy,2.0,,32,5,0.784,0.034409,1.0,0.0,0.784,0.034409,0.692,0.016,31.256,33,False,15.88,339,False,0.12389380530973451,0.8761061946902655,0.01680556879266408,200,7.02740688685875e-05,9.444877334655616e-05,0.8,0.5,2.3379750637742367,,1.8372505834674993,0.010096153846153847,,,,,,results/T-sweep-nonDyck-3/distributions/bbaN_L128_T32_gaussian_greedy_sigma2.0.json
unconditional,baN,128,ebsampler,categorical,,5.0,256,5,0.506,0.04128,1.0,0.0,0.506,0.04128,0.99,0.006325,16.008,17,False,172.03,249,False,1.0,0.0,0.15917615136728325,200,0.00012738447820133118,0.00025680534155110427,0.75,0.625,,,,,,,,,,results/T-sweep-nonDyck-3/distributions/baN_L128_T256_ebsampler_categorical_gamma5.0.json
unconditional,bbaN,128,uniform,categorical,,,256,5,0.952,0.020396,0.946,0.010198,0.922,0.01833,0.904,0.008,231.058,255,False,73.51,452,False,0.9469026548672567,0.053097345132743334,0.2983743120363723,200,8.013248570970672e-05,0.00010814902936246147,0.8,0.5,4.529182768433039,,3.8475657312412,0.10288461538461538,,,,,,results/T-sweep-nonDyck-3/distributions/bbaN_L128_T256_uniform_categorical_none.json
unconditional,bbaN,128,gaussian,greedy,5.0,,32,5,0.868,0.033106,1.0,0.0,0.868,0.033106,0.774,0.033823,30.66,33,False,23.43,383,False,0.2819843342036554,0.7180156657963446,0.03151454141083932,200,6.311803071744161e-05,8.484102912168325e-05,0.8,0.5,3.101034608368285,,2.4345447085605127,0.025961538461538463,,,,,,results/T-sweep-nonDyck-3/distributions/bbaN_L128_T32_gaussian_greedy_sigma5.0.json
unconditional,bbaN,128,gaussian,greedy,50.0,,32,5,0.944,0.016248,1.0,0.0,0.944,0.016248,0.898,0.019391,30.196,33,False,11.53,449,False,0.9064587973273942,0.0935412026726058,0.1605871874650577,200,6.297890206780728e-05,8.477090662484635e-05,0.8,0.5,4.4016436073441625,,3.7423431007074837,0.09783653846153846,,,,,,results/T-sweep-nonDyck-3/distributions/bbaN_L128_T32_gaussian_greedy_sigma50.0.json
unconditional,bbaN,128,gaussian,greedy,20.0,,32,5,0.948,0.019391,1.0,0.0,0.948,0.019391,0.87,0.034059,29.856,33,False,13.07,435,False,0.7402298850574712,0.2597701149425288,0.09853859390891262,200,5.933544303797468e-05,7.98004987531172e-05,0.8,0.5,4.075656818492039,,3.3846938091305026,0.07740384615384616,,,,,,results/T-sweep-nonDyck-3/distributions/bbaN_L128_T32_gaussian_greedy_sigma20.0.json
unconditional,bbaN,128,gaussian,greedy,10.0,,32,5,0.894,0.019596,1.0,0.0,0.894,0.019596,0.806,0.024166,30.01,33,False,23.13,401,False,0.48877805486284287,0.5112219451371571,0.05524370347919078,200,6.147666960388533e-05,8.264804330757469e-05,0.8,0.5,3.6033601605448373,,2.9334936189413154,0.047115384615384615,,,,,,results/T-sweep-nonDyck-3/distributions/bbaN_L128_T32_gaussian_greedy_sigma10.0.json
unconditional,bbaN,128,gaussian,greedy,100.0,,32,5,0.952,0.027129,1.0,0.0,0.952,0.027129,0.902,0.032496,30.542,33,False,15.73,451,False,0.9068736141906873,0.09312638580931265,0.17229182996805875,200,6.792709158836183e-05,9.150386603834012e-05,0.8,0.5,4.3332326203713185,,3.755635518040174,0.09831730769230769,,,,,,results/T-sweep-nonDyck-3/distributions/bbaN_L128_T32_gaussian_greedy_sigma100.0.json
unconditional,bbaN,128,gaussian,greedy,10.0,,64,5,0.938,0.017205,1.0,0.0,0.938,0.017205,0.884,0.021541,60.272,65,False,28.12,442,False,0.4411764705882353,0.5588235294117647,0.05483779665504019,200,5.5483632328463106e-05,7.458790184232118e-05,0.8,0.5,3.5889006943859956,,2.9083130632702634,0.046875,,,,,,results/T-sweep-nonDyck-3/distributions/bbaN_L128_T64_gaussian_greedy_sigma10.0.json
unconditional,bbaN,128,gaussian,greedy,5.0,,64,5,0.928,0.016,1.0,0.0,0.928,0.016,0.87,0.027568,61.2,65,False,30.41,434,False,0.23732718894009217,0.7626728110599078,0.03292932438821207,200,5.543646980560278e-05,7.451287209865504e-05,0.8,0.5,3.0608036083886834,,2.418465385946075,0.024759615384615383,,,,,,results/T-sweep-nonDyck-3/distributions/bbaN_L128_T64_gaussian_greedy_sigma5.0.json
unconditional,bbaN,128,gaussian,greedy,50.0,,64,5,0.978,0.007483,1.0,0.0,0.978,0.007483,0.95,0.02,60.694,65,False,33.97,475,False,0.8778947368421053,0.12210526315789472,0.1512793781409972,200,5.912961210974456e-05,7.958456855215774e-05,0.8,0.5,4.396386089942451,,3.703616323662441,0.10024038461538462,,,,,,results/T-sweep-nonDyck-3/distributions/bbaN_L128_T64_gaussian_greedy_sigma50.0.json
unconditional,bbaN,128,gaussian,greedy,1.0,,64,5,0.754,0.043174,1.0,0.0,0.754,0.043174,0.808,0.034293,62.974,64,False,47.34,372,False,0.043010752688172046,0.956989247311828,0.008592259280558413,200,6.375111564452378e-05,8.567879021548216e-05,0.8,0.5,1.9664269471436786,,1.3246901089179195,0.0038461538461538464,,,,,,results/T-sweep-nonDyck-3/distributions/bbaN_L128_T64_gaussian_greedy_sigma1.0.json
unconditional,bbaN,128,gaussian,greedy,2.0,,64,5,0.836,0.016248,1.0,0.0,0.836,0.016248,0.792,0.009798,62.276,65,False,47.21,391,False,0.07161125319693094,0.928388746803069,0.013501079518193985,200,6.076933984240485e-05,8.167265599477295e-05,0.8,0.5,2.3756380241844024,,1.728295466968216,0.006730769230769231,,,,,,results/T-sweep-nonDyck-3/distributions/bbaN_L128_T64_gaussian_greedy_sigma2.0.json
unconditional,bbaN,128,gaussian,greedy,20.0,,64,5,0.962,0.013266,1.0,0.0,0.962,0.013266,0.93,0.022804,59.892,65,False,41.58,465,False,0.7032258064516129,0.2967741935483871,0.09761349492427732,200,5.472155846998522e-05,7.358622465874389e-05,0.8,0.5,4.116201592223752,,3.390453257569336,0.07860576923076923,,,,,,results/T-sweep-nonDyck-3/distributions/bbaN_L128_T64_gaussian_greedy_sigma20.0.json
unconditional,bbaN,128,gaussian,greedy,100.0,,64,5,0.976,0.017436,1.0,0.0,0.976,0.017436,0.948,0.016,62.022,65,False,19.91,474,False,0.919831223628692,0.08016877637130804,0.17426966180106884,200,6.339948012426299e-05,8.538798164158395e-05,0.8,0.5,4.379639191973545,,3.743388480827667,0.10480769230769231,,,,,,results/T-sweep-nonDyck-3/distributions/bbaN_L128_T64_gaussian_greedy_sigma100.0.json
unconditional,baN,128,ebsampler,categorical,,0.9,64,5,0.528,0.048332,1.0,0.0,0.528,0.048332,1.0,0.0,64.0,64,False,630.76,264,False,1.0,0.0,0.16021747500551803,200,0.00012040214315814821,0.00024273317555676923,0.75,0.625,,,,,,,,,,results/T-sweep-nonDyck-3/distributions/baN_L128_T64_ebsampler_categorical_gamma0.9.json
unconditional,bbaN,128,gaussian,greedy,50.0,,128,5,0.982,0.004,1.0,0.0,0.982,0.004,0.962,0.007483,121.642,129,False,43.12,481,False,0.9022869022869023,0.09771309771309766,0.1612180035411649,200,5.833965346245843e-05,7.852067056652664e-05,0.8,0.5,4.443119656133406,,3.7489226432747134,0.10432692307692308,,,,,,results/T-sweep-nonDyck-3/distributions/bbaN_L128_T128_gaussian_greedy_sigma50.0.json
unconditional,bbaN,128,gaussian,greedy,1.0,,128,5,0.798,0.016,1.0,0.0,0.798,0.016,0.822,0.020396,125.554,128,False,62.28,396,False,0.03282828282828283,0.9671717171717171,0.008976249188940553,200,5.9784774810681545e-05,8.034709946970914e-05,0.8,0.5,1.7437217932020816,,1.2475367691290007,0.003125,,,,,,results/T-sweep-nonDyck-3/distributions/bbaN_L128_T128_gaussian_greedy_sigma1.0.json
unconditional,bbaN,128,gaussian,greedy,20.0,,128,5,0.972,0.013266,1.0,0.0,0.972,0.013266,0.954,0.014967,120.282,129,False,82.27,477,False,0.6960167714884696,0.30398322851153037,0.09398331674309138,200,5.337128624799858e-05,7.17707641792116e-05,0.8,0.5,4.123470182623963,,3.394433482519447,0.0798076923076923,,,,,,results/T-sweep-nonDyck-3/distributions/bbaN_L128_T128_gaussian_greedy_sigma20.0.json
unconditional,bbaN,128,gaussian,greedy,2.0,,128,5,0.91,0.034059,1.0,0.0,0.91,0.034059,0.902,0.036,124.59,129,False,88.75,447,False,0.07606263982102908,0.9239373601789709,0.015310282474465111,200,5.311614730878187e-05,7.13865043813467e-05,0.8,0.5,2.416202377377162,,1.7850069246167017,0.008173076923076924,,,,,,results/T-sweep-nonDyck-3/distributions/bbaN_L128_T128_gaussian_greedy_sigma2.0.json
unconditional,bbaN,128,gaussian,greedy,10.0,,128,5,0.966,0.019596,1.0,0.0,0.966,0.019596,0.944,0.024166,120.872,129,False,86.95,472,False,0.4194915254237288,0.5805084745762712,0.05018518168379625,200,5.197325110010048e-05,6.986899563318777e-05,0.8,0.5,3.5482229822696145,,2.835697047523851,0.047596153846153844,,,,,,results/T-sweep-nonDyck-3/distributions/bbaN_L128_T128_gaussian_greedy_sigma10.0.json
unconditional,bbaN,128,gaussian,greedy,5.0,,128,5,0.952,0.019391,1.0,0.0,0.952,0.019391,0.936,0.021541,122.294,129,False,90.98,468,False,0.202991452991453,0.7970085470085471,0.03225366393804233,200,5.124788602470148e-05,6.888119715520656e-05,0.8,0.5,3.0484909527454525,,2.4484117828766334,0.02283653846153846,,,,,,results/T-sweep-nonDyck-3/distributions/bbaN_L128_T128_gaussian_greedy_sigma5.0.json
unconditional,baN,128,ebsampler,categorical,,2.0,128,5,0.502,0.036551,1.0,0.0,0.502,0.036551,1.0,0.0,43.0,43,False,415.54,251,False,1.0,0.0,0.15927535647059102,200,0.00012645422357106728,0.00025493132787355406,0.75,0.625,,,,,,,,,,results/T-sweep-nonDyck-3/distributions/baN_L128_T128_ebsampler_categorical_gamma2.0.json
unconditional,bbaN,128,gaussian,greedy,100.0,,128,5,0.992,0.009798,1.0,0.0,0.992,0.009798,0.98,0.012649,124.964,129,False,64.69,490,False,0.9081632653061225,0.09183673469387754,0.18174950365445597,200,6.113341348603102e-05,8.233332647222279e-05,0.8,0.5,4.447313146327592,,3.807976105776521,0.10697115384615384,,,,,,results/T-sweep-nonDyck-3/distributions/bbaN_L128_T128_gaussian_greedy_sigma100.0.json
unconditional,bbaN,128,gaussian,categorical,1.0,,1,5,0.492,0.060133,0.0,0.0,0.0,0.0,0.388,0.034871,1.0,1,False,1.67,0,True,,,,0,,,,,,,,,,,,,,results/T-sweep-nonDyck-3/distributions/bbaN_L128_T1_gaussian_categorical_sigma1.0.json
unconditional,baN,128,ebsampler,categorical,,0.5,8,5,1.0,0.0,1.0,0.0,1.0,0.0,1.0,0.0,128.0,128,False,1254.74,500,False,1.0,0.0,0.15902156824114272,200,6.350819255683983e-05,0.00012803277639075603,0.75,0.625,,,,,,,,,,results/T-sweep-nonDyck-3/distributions/baN_L128_T8_ebsampler_categorical_gamma0.5.json
unconditional,bbaN,128,gaussian,categorical,2.0,,1,5,0.492,0.060133,0.0,0.0,0.0,0.0,0.386,0.032619,1.0,1,False,1.72,0,True,,,,0,,,,,,,,,,,,,,results/T-sweep-nonDyck-3/distributions/bbaN_L128_T1_gaussian_categorical_sigma2.0.json
unconditional,bbaN,128,gaussian,categorical,5.0,,1,5,0.492,0.060133,0.0,0.0,0.0,0.0,0.382,0.032496,1.0,1,False,1.67,0,True,,,,0,,,,,,,,,,,,,,results/T-sweep-nonDyck-3/distributions/bbaN_L128_T1_gaussian_categorical_sigma5.0.json
unconditional,bbaN,128,gaussian,categorical,10.0,,1,5,0.492,0.0598,0.0,0.0,0.0,0.0,0.354,0.040299,1.0,1,False,1.67,0,True,,,,0,,,,,,,,,,,,,,results/T-sweep-nonDyck-3/distributions/bbaN_L128_T1_gaussian_categorical_sigma10.0.json
unconditional,bbaN,128,gaussian,categorical,20.0,,1,5,0.494,0.058515,0.0,0.0,0.0,0.0,0.328,0.038678,1.0,1,False,1.67,0,True,,,,0,,,,,,,,,,,,,,results/T-sweep-nonDyck-3/distributions/bbaN_L128_T1_gaussian_categorical_sigma20.0.json
unconditional,baN,128,gaussian,greedy,2.0,,256,5,0.916,0.032,1.0,0.0,0.916,0.032,0.936,0.032619,247.726,256,False,4221.84,458,False,0.9716157205240175,0.028384279475982543,0.027444448806532663,200,6.876869648935804e-05,0.0001386289595896583,0.75,0.625,,,,,,,,,,results/T-sweep-nonDyck-3/distributions/baN_L128_T256_gaussian_greedy_sigma2.0.json
unconditional,bbaN,128,gaussian,categorical,50.0,,1,5,0.488,0.064931,0.0,0.0,0.0,0.0,0.268,0.034293,1.0,1,False,1.66,0,True,,,,0,,,,,,,,,,,,,,results/T-sweep-nonDyck-3/distributions/bbaN_L128_T1_gaussian_categorical_sigma50.0.json
unconditional,bbaN,128,gaussian,categorical,100.0,,1,5,0.48,0.057619,0.0,0.0,0.0,0.0,0.172,0.050359,1.0,1,False,1.69,0,True,,,,0,,,,,,,,,,,,,,results/T-sweep-nonDyck-3/distributions/bbaN_L128_T1_gaussian_categorical_sigma100.0.json
unconditional,bbaN,128,gaussian,categorical,1.0,,2,5,0.61,0.032249,0.0,0.0,0.0,0.0,0.0,0.0,1.0,1,False,5.21,0,True,,,,0,,,,,,,,,,,,,,results/T-sweep-nonDyck-3/distributions/bbaN_L128_T2_gaussian_categorical_sigma1.0.json
unconditional,bbaN,128,gaussian,categorical,2.0,,2,5,0.602,0.026382,0.0,0.0,0.0,0.0,0.0,0.0,1.0,1,False,5.41,0,True,,,,0,,,,,,,,,,,,,,results/T-sweep-nonDyck-3/distributions/bbaN_L128_T2_gaussian_categorical_sigma2.0.json
unconditional,bbaN,128,gaussian,categorical,5.0,,2,5,0.582,0.019391,0.0,0.0,0.0,0.0,0.0,0.0,1.0,1,False,5.41,0,True,,,,0,,,,,,,,,,,,,,results/T-sweep-nonDyck-3/distributions/bbaN_L128_T2_gaussian_categorical_sigma5.0.json
unconditional,bbaN,128,gaussian,categorical,10.0,,2,5,0.592,0.031875,0.0,0.0,0.0,0.0,0.0,0.0,1.0,1,False,5.28,0,True,,,,0,,,,,,,,,,,,,,results/T-sweep-nonDyck-3/distributions/bbaN_L128_T2_gaussian_categorical_sigma10.0.json
unconditional,bbaN,128,gaussian,categorical,20.0,,2,5,0.518,0.03544,0.0,0.0,0.0,0.0,0.0,0.0,1.0,1,False,5.38,0,True,,,,0,,,,,,,,,,,,,,results/T-sweep-nonDyck-3/distributions/bbaN_L128_T2_gaussian_categorical_sigma20.0.json
unconditional,bbaN,128,gaussian,categorical,50.0,,2,5,0.536,0.028705,0.0,0.0,0.0,0.0,0.0,0.0,1.0,1,False,5.43,0,True,,,,0,,,,,,,,,,,,,,results/T-sweep-nonDyck-3/distributions/bbaN_L128_T2_gaussian_categorical_sigma50.0.json
unconditional,bbaN,128,gaussian,categorical,1.0,,4,5,0.738,0.061449,0.0,0.0,0.0,0.0,0.0,0.0,1.0,1,False,3.7,0,True,,,,0,,,,,,,,,,,,,,results/T-sweep-nonDyck-3/distributions/bbaN_L128_T4_gaussian_categorical_sigma1.0.json
unconditional,bbaN,128,gaussian,categorical,2.0,,4,5,0.708,0.050359,0.0,0.0,0.0,0.0,0.0,0.0,1.0,1,False,3.63,0,True,,,,0,,,,,,,,,,,,,,results/T-sweep-nonDyck-3/distributions/bbaN_L128_T4_gaussian_categorical_sigma2.0.json
unconditional,bbaN,128,gaussian,categorical,100.0,,2,5,0.532,0.064931,0.0,0.0,0.0,0.0,0.0,0.0,1.0,1,False,5.26,0,True,,,,0,,,,,,,,,,,,,,results/T-sweep-nonDyck-3/distributions/bbaN_L128_T2_gaussian_categorical_sigma100.0.json
unconditional,bbaN,128,gaussian,categorical,5.0,,4,5,0.696,0.052764,0.01,0.008944,0.006,0.008,0.0,0.0,1.01,2,False,3.48,0,True,,,,0,,,,,,,,,,,,,,results/T-sweep-nonDyck-3/distributions/bbaN_L128_T4_gaussian_categorical_sigma5.0.json
unconditional,bbaN,128,gaussian,categorical,10.0,,4,5,0.744,0.045869,0.026,0.014967,0.02,0.012649,0.002,0.004,1.044,4,False,3.28,1,True,1.0,0.0,,1,0.04,0.041666666666666664,0.4,0.2,0.0,,0.0,0.0002403846153846154,,,,,,results/T-sweep-nonDyck-3/distributions/bbaN_L128_T4_gaussian_categorical_sigma10.0.json
unconditional,bbaN,128,gaussian,categorical,20.0,,4,5,0.666,0.048415,0.062,0.031241,0.042,0.030594,0.002,0.004,1.098,4,False,3.03,1,True,1.0,0.0,,1,0.09090909090909091,0.09375,0.8,0.4,0.0,,0.0,0.0002403846153846154,,,,,,results/T-sweep-nonDyck-3/distributions/bbaN_L128_T4_gaussian_categorical_sigma20.0.json
unconditional,bbaN,128,gaussian,categorical,50.0,,4,5,0.558,0.065544,0.104,0.020591,0.058,0.007483,0.006,0.008,1.14,5,False,3.01,3,True,,,,3,,,0.8,0.5,1.0986122886681096,,1.0986122886681096,0.0007211538461538462,,,,,,results/T-sweep-nonDyck-3/distributions/bbaN_L128_T4_gaussian_categorical_sigma50.0.json
unconditional,bbaN,128,gaussian,categorical,100.0,,4,5,0.548,0.032496,0.152,0.024819,0.076,0.02498,0.004,0.004899,1.09,5,False,2.92,2,True,,,,2,,,0.8,0.5,0.6931471805599453,,0.6931471805599453,0.0004807692307692308,,,,,,results/T-sweep-nonDyck-3/distributions/bbaN_L128_T4_gaussian_categorical_sigma100.0.json
unconditional,bbaN,128,gaussian,categorical,1.0,,8,5,0.788,0.017205,0.084,0.013565,0.038,0.011662,0.002,0.004,1.376,8,False,3.24,1,True,1.0,0.0,,1,0.06666666666666667,0.09090909090909091,0.8,0.5,0.0,,0.0,0.0002403846153846154,,,,,,results/T-sweep-nonDyck-3/distributions/bbaN_L128_T8_gaussian_categorical_sigma1.0.json
unconditional,bbaN,128,gaussian,categorical,2.0,,8,5,0.808,0.024819,0.114,0.020591,0.072,0.020396,0.006,0.008,1.51,8,False,3.36,3,True,,,,3,,,0.8,0.5,0.6365141682948128,,1.0986122886681096,0.0007211538461538462,,,,,,results/T-sweep-nonDyck-3/distributions/bbaN_L128_T8_gaussian_categorical_sigma2.0.json
unconditional,bbaN,128,gaussian,categorical,5.0,,8,5,0.764,0.027276,0.158,0.030594,0.088,0.029257,0.014,0.004899,1.89,8,False,3.77,7,False,1.0,0.0,0.19111969111969113,7,0.011904761904761904,0.0163265306122449,0.8,0.5,1.7478680974667573,,1.7478680974667573,0.0016826923076923078,,,,,,results/T-sweep-nonDyck-3/distributions/bbaN_L128_T8_gaussian_categorical_sigma5.0.json
unconditional,bbaN,128,gaussian,categorical,10.0,,8,5,0.722,0.038678,0.186,0.058856,0.096,0.043174,0.014,0.010198,2.302,9,False,4.13,7,False,1.0,0.0,0.29051383399209485,7,0.012195121951219513,0.016736401673640166,0.8,0.5,1.945910149055313,,1.15374194270109,0.0016826923076923078,,,,,,results/T-sweep-nonDyck-3/distributions/bbaN_L128_T8_gaussian_categorical_sigma10.0.json
unconditional,bbaN,128,gaussian,categorical,20.0,,8,5,0.684,0.051614,0.214,0.041761,0.142,0.029257,0.038,0.007483,2.698,9,False,4.41,19,False,1.0,0.0,0.36804763714683897,19,0.0034965034965034965,0.004767580452920143,0.8,0.5,2.798513256943294,,2.40615957539782,0.0045673076923076926,,,,,,results/T-sweep-nonDyck-3/distributions/bbaN_L128_T8_gaussian_categorical_sigma20.0.json
unconditional,bbaN,128,gaussian,categorical,50.0,,8,5,0.64,0.043359,0.416,0.034986,0.27,0.020976,0.092,0.029257,3.002,9,False,4.12,46,False,0.9565217391304348,0.04347826086956519,0.34430505774591796,46,0.0009085402786190188,0.0012285012285012285,0.8,0.5,3.4857612635307595,,3.071232503050594,0.010576923076923078,,,,,,results/T-sweep-nonDyck-3/distributions/bbaN_L128_T8_gaussian_categorical_sigma50.0.json
unconditional,bbaN,128,gaussian,categorical,100.0,,8,5,0.614,0.050833,0.468,0.042615,0.302,0.04996,0.114,0.021541,2.886,9,False,3.65,57,False,1.0,0.0,0.295730231498619,57,0.0006048387096774194,0.0008158270446665307,0.8,0.5,3.6598773782849485,,3.3983082572546333,0.013701923076923077,,,,,,results/T-sweep-nonDyck-3/distributions/bbaN_L128_T8_gaussian_categorical_sigma100.0.json
unconditional,baN,128,ebsampler,categorical,,0.1,16,5,1.0,0.0,1.0,0.0,1.0,0.0,1.0,0.0,128.0,128,False,1165.04,500,False,1.0,0.0,0.15902156824114272,200,6.350819255683983e-05,0.00012803277639075603,0.75,0.625,,,,,,,,,,results/T-sweep-nonDyck-3/distributions/baN_L128_T16_ebsampler_categorical_gamma0.1.json
unconditional,bbaN,128,gaussian,categorical,1.0,,16,5,0.794,0.040792,0.258,0.023152,0.14,0.016733,0.014,0.008,3.58,16,False,5.1,7,False,1.0,0.0,0.4945945945945946,7,0.016853932584269662,0.023391812865497075,0.8,0.5,1.945910149055313,,1.277034259466139,0.0016826923076923078,,,,,,results/T-sweep-nonDyck-3/distributions/bbaN_L128_T16_gaussian_categorical_sigma1.0.json
unconditional,bbaN,128,gaussian,categorical,2.0,,16,5,0.8,0.026833,0.292,0.046648,0.172,0.044452,0.02,0.008944,3.914,16,False,5.42,10,False,1.0,0.0,0.4020434227330779,10,0.007058823529411765,0.00963855421686747,0.8,0.5,2.0253262207700673,,2.3025850929940455,0.002403846153846154,,,,,,results/T-sweep-nonDyck-3/distributions/bbaN_L128_T16_gaussian_categorical_sigma2.0.json
unconditional,bbaN,128,gaussian,categorical,5.0,,16,5,0.788,0.057061,0.312,0.039699,0.208,0.034293,0.056,0.014967,5.062,16,False,6.35,28,False,0.9642857142857143,0.0357142857142857,0.35129443825096,28,0.002044989775051125,0.002779708130646282,0.8,0.5,2.750214000894922,,2.6487207797777175,0.006490384615384616,,,,,,results/T-sweep-nonDyck-3/distributions/bbaN_L128_T16_gaussian_categorical_sigma5.0.json
unconditional,bbaN,128,gaussian,categorical,10.0,,16,5,0.7,0.012649,0.4,0.0498,0.252,0.0449,0.082,0.023152,6.064,17,False,4.38,41,False,1.0,0.0,0.37307545731707314,41,0.0011614401858304297,0.0015735641227380016,0.8,0.5,3.430313456150073,,3.0515106866800332,0.00985576923076923,,,,,,results/T-sweep-nonDyck-3/distributions/bbaN_L128_T16_gaussian_categorical_sigma10.0.json
unconditional,bbaN,128,gaussian,categorical,20.0,,16,5,0.74,0.060332,0.516,0.04128,0.37,0.012649,0.204,0.010198,7.488,17,False,7.51,102,False,0.9901960784313726,0.009803921568627416,0.3161622397441007,102,0.0004,0.0005406866720735334,0.8,0.5,4.031149016408685,,3.643166107300804,0.024278846153846154,,,,,,results/T-sweep-nonDyck-3/distributions/bbaN_L128_T16_gaussian_categorical_sigma20.0.json
unconditional,bbaN,128,gaussian,categorical,50.0,,16,5,0.686,0.013565,0.634,0.048415,0.466,0.024166,0.294,0.05004,8.394,17,False,6.98,147,False,0.9795918367346939,0.020408163265306145,0.31030952386378396,147,0.0002526315789473684,0.00034106412005457026,0.8,0.5,4.218004752253762,,3.6905040236449866,0.03461538461538462,,,,,,results/T-sweep-nonDyck-3/distributions/bbaN_L128_T16_gaussian_categorical_sigma50.0.json
unconditional,bbaN,128,gaussian,categorical,100.0,,16,5,0.742,0.039699,0.68,0.071274,0.534,0.070597,0.378,0.042615,9.222,17,False,6.62,189,False,0.9841269841269841,0.015873015873015928,0.30504194505073395,189,0.00019821605550049553,0.00026763013515321824,0.8,0.5,4.309880427773064,,3.6849527283759644,0.04471153846153846,,,,,,results/T-sweep-nonDyck-3/distributions/bbaN_L128_T16_gaussian_categorical_sigma100.0.json
unconditional,bbaN,128,gaussian,categorical,1.0,,32,5,0.762,0.030594,0.42,0.024495,0.212,0.021354,0.052,0.013266,10.402,32,False,6.88,26,False,1.0,0.0,0.36715497301464917,26,0.0023603461841070024,0.00321285140562249,0.8,0.5,2.7047814705228883,,2.8647385121905677,0.00625,,,,,,results/T-sweep-nonDyck-3/distributions/bbaN_L128_T32_gaussian_categorical_sigma1.0.json
unconditional,baN,128,ebsampler,categorical,,2.0,256,5,0.502,0.036551,1.0,0.0,0.502,0.036551,1.0,0.0,43.0,43,False,413.22,251,False,1.0,0.0,0.15927535647059102,200,0.00012645422357106728,0.00025493132787355406,0.75,0.625,,,,,,,,,,results/T-sweep-nonDyck-3/distributions/baN_L128_T256_ebsampler_categorical_gamma2.0.json
unconditional,bbaN,128,gaussian,categorical,2.0,,32,5,0.8,0.02,0.458,0.044452,0.294,0.039799,0.1,0.017889,11.906,32,False,11.75,50,False,0.98,0.020000000000000018,0.34793995806641176,50,0.0010857763300760044,0.001474382602285293,0.8,0.5,3.2483442427780993,,3.1770159733670367,0.011778846153846154,,,,,,results/T-sweep-nonDyck-3/distributions/bbaN_L128_T32_gaussian_categorical_sigma2.0.json
unconditional,bbaN,128,gaussian,categorical,20.0,,32,5,0.804,0.048826,0.736,0.034409,0.604,0.054259,0.482,0.061123,21.228,33,False,10.04,241,False,0.966804979253112,0.03319502074688796,0.3195359104554872,200,0.00015594947237095182,0.0002105706464518846,0.8,0.5,4.256144040437653,,3.7784480532015494,0.05600961538461539,,,,,,results/T-sweep-nonDyck-3/distributions/bbaN_L128_T32_gaussian_categorical_sigma20.0.json
unconditional,bbaN,128,gaussian,categorical,5.0,,32,5,0.786,0.023324,0.538,0.034871,0.396,0.039294,0.208,0.039192,15.444,33,False,14.13,104,False,0.9903846153846154,0.009615384615384581,0.34775118915749004,104,0.0004256526674233825,0.000576036866359447,0.8,0.5,3.838648270807174,,3.6740043251673953,0.024759615384615383,,,,,,results/T-sweep-nonDyck-3/distributions/bbaN_L128_T32_gaussian_categorical_sigma5.0.json
unconditional,bbaN,128,gaussian,categorical,10.0,,32,5,0.8,0.037417,0.626,0.024166,0.496,0.023324,0.322,0.029257,18.602,33,False,15.41,161,False,0.968944099378882,0.03105590062111796,0.3341224222517878,161,0.00025284450063211124,0.0003417634996582365,0.8,0.5,4.1643534803339195,,3.63590907371727,0.0375,,,,,,results/T-sweep-nonDyck-3/distributions/bbaN_L128_T32_gaussian_categorical_sigma10.0.json
unconditional,bbaN,128,gaussian,greedy,2.0,,256,5,0.938,0.019391,1.0,0.0,0.938,0.019391,0.932,0.019391,247.66,256,False,123.11,463,False,0.06479481641468683,0.9352051835853131,0.01397187712922783,200,5.12610211195407e-05,6.889306074645632e-05,0.8,0.5,2.3056814702086204,,1.6889728858539526,0.007211538461538462,,,,,,results/T-sweep-nonDyck-3/distributions/bbaN_L128_T256_gaussian_greedy_sigma2.0.json
unconditional,bbaN,128,gaussian,categorical,50.0,,32,5,0.792,0.021354,0.736,0.065299,0.626,0.05004,0.502,0.051923,20.794,33,False,13.81,251,False,0.9681274900398407,0.031872509960159334,0.3063869860016265,200,0.0001426126640045636,0.00019244647582391147,0.8,0.5,4.368702466241084,,3.8277259216026227,0.05841346153846154,,,,,,results/T-sweep-nonDyck-3/distributions/bbaN_L128_T32_gaussian_categorical_sigma50.0.json
unconditional,bbaN,128,gaussian,categorical,100.0,,32,5,0.81,0.030332,0.802,0.041183,0.692,0.022271,0.596,0.008,22.938,33,False,13.74,298,False,0.9765100671140939,0.023489932885906062,0.28834751125449903,200,0.00011683152893527533,0.00015760441292356187,0.8,0.5,4.456232883486922,,3.8716750391336046,0.06995192307692308,,,,,,results/T-sweep-nonDyck-3/distributions/bbaN_L128_T32_gaussian_categorical_sigma100.0.json
unconditional,bbaN,128,gaussian,categorical,1.0,,64,5,0.714,0.0602,0.634,0.030067,0.356,0.034409,0.192,0.041183,33.046,64,False,16.8,96,False,0.9791666666666666,0.02083333333333337,0.3342757965940782,96,0.00042857142857142855,0.0005793742757821553,0.8,0.5,3.8233363786917565,,3.6869174106746496,0.022596153846153846,,,,,,results/T-sweep-nonDyck-3/distributions/bbaN_L128_T64_gaussian_categorical_sigma1.0.json
unconditional,bbaN,128,gaussian,categorical,2.0,,64,5,0.79,0.034059,0.638,0.088408,0.444,0.069742,0.258,0.029257,37.094,65,False,30.1,128,False,0.9921875,0.0078125,0.3204111441523462,128,0.0003321891263425977,0.00044928675727282937,0.8,0.5,3.8858500239426936,,3.7567921976745153,0.030528846153846153,,,,,,results/T-sweep-nonDyck-3/distributions/bbaN_L128_T64_gaussian_categorical_sigma2.0.json
unconditional,bbaN,128,gaussian,categorical,10.0,,64,5,0.814,0.039294,0.798,0.024819,0.67,0.047329,0.544,0.037202,46.142,65,False,27.17,272,False,0.9816176470588235,0.018382352941176516,0.29596793204894745,200,0.00013500135001350013,0.00018223234624145787,0.8,0.5,4.392109463863218,,3.8294917592737914,0.0641826923076923,,,,,,results/T-sweep-nonDyck-3/distributions/bbaN_L128_T64_gaussian_categorical_sigma10.0.json
unconditional,bbaN,128,gaussian,categorical,20.0,,64,5,0.886,0.025768,0.864,0.017436,0.786,0.018547,0.696,0.036111,50.158,65,False,29.98,348,False,0.9626436781609196,0.03735632183908044,0.32054854983216285,200,0.00010700527892709374,0.0001444669170759896,0.8,0.5,4.442542425599167,,3.880799996263583,0.08052884615384616,,,,,,results/T-sweep-nonDyck-3/distributions/bbaN_L128_T64_gaussian_categorical_sigma20.0.json
unconditional,bbaN,128,gaussian,greedy,10.0,,256,5,0.986,0.008,1.0,0.0,0.986,0.008,0.976,0.010198,241.518,256,False,117.41,488,False,0.4098360655737705,0.5901639344262295,0.05139542566780955,200,5.00175061271445e-05,6.723706106806072e-05,0.8,0.5,3.600270739208769,,2.903245324498358,0.04807692307692308,,,,,,results/T-sweep-nonDyck-3/distributions/bbaN_L128_T256_gaussian_greedy_sigma10.0.json
unconditional,bbaN,128,gaussian,categorical,5.0,,64,5,0.828,0.011662,0.734,0.023324,0.6,0.024495,0.46,0.018974,43.648,65,False,32.63,230,False,0.9739130434782609,0.02608695652173909,0.31915504043738613,200,0.00016542597187758478,0.0002234012845573862,0.8,0.5,4.31819297236956,,3.88043119684311,0.05384615384615385,,,,,,results/T-sweep-nonDyck-3/distributions/bbaN_L128_T64_gaussian_categorical_sigma5.0.json
unconditional,bbaN,128,gaussian,categorical,100.0,,64,5,0.91,0.006325,0.906,0.004899,0.842,0.007483,0.794,0.010198,54.164,65,False,21.57,397,False,0.9521410579345088,0.04785894206549124,0.2959703998035718,200,9.249267766301835e-05,0.00012485173856045944,0.8,0.5,4.511487082958982,,3.8217537283527467,0.09086538461538461,,,,,,results/T-sweep-nonDyck-3/distributions/bbaN_L128_T64_gaussian_categorical_sigma100.0.json
unconditional,bbaN,128,gaussian,categorical,50.0,,64,5,0.886,0.039799,0.886,0.012,0.812,0.029933,0.736,0.032619,51.412,65,False,31.09,368,False,0.9565217391304348,0.04347826086956519,0.3049497606969194,200,9.908511411302309e-05,0.00013373900832525326,0.8,0.5,4.42760862466083,,3.8815346076202766,0.08461538461538462,,,,,,results/T-sweep-nonDyck-3/distributions/bbaN_L128_T64_gaussian_categorical_sigma50.0.json
unconditional,bbaN,128,gaussian,greedy,100.0,,256,5,0.992,0.011662,1.0,0.0,0.992,0.011662,0.982,0.014697,248.156,256,False,123.26,491,False,0.8818737270875764,0.11812627291242361,0.16922554209369134,200,6.172966521944896e-05,8.314625426124553e-05,0.8,0.5,4.389545151129819,,3.7983123308333444,0.10408653846153847,,,,,,results/T-sweep-nonDyck-3/distributions/bbaN_L128_T256_gaussian_greedy_sigma100.0.json
unconditional,bbaN,128,gaussian,greedy,1.0,,256,5,0.884,0.030725,1.0,0.0,0.884,0.030725,0.892,0.011662,249.784,255,False,170.07,439,False,0.022779043280182234,0.9772209567198178,0.007424844965656034,200,5.393258426966292e-05,7.24821512702497e-05,0.8,0.5,1.6049662938304146,,1.1119322960036,0.002403846153846154,,,,,,results/T-sweep-nonDyck-3/distributions/bbaN_L128_T256_gaussian_greedy_sigma1.0.json
unconditional,bbaN,128,gaussian,greedy,50.0,,256,5,0.992,0.007483,1.0,0.0,0.992,0.007483,0.984,0.008,244.582,256,False,134.8,492,False,0.8577235772357723,0.1422764227642277,0.15948587832790795,200,5.685156057533779e-05,7.65154848212407e-05,0.8,0.5,4.454454236130543,,3.7789852189762394,0.10144230769230769,,,,,,results/T-sweep-nonDyck-3/distributions/bbaN_L128_T256_gaussian_greedy_sigma50.0.json
unconditional,baN,128,ebsampler,categorical,,0.9,128,5,0.528,0.048332,1.0,0.0,0.528,0.048332,1.0,0.0,64.0,64,False,566.41,264,False,1.0,0.0,0.16021747500551803,200,0.00012040214315814821,0.00024273317555676923,0.75,0.625,,,,,,,,,,results/T-sweep-nonDyck-3/distributions/baN_L128_T128_ebsampler_categorical_gamma0.9.json
unconditional,bbaN,128,gaussian,greedy,20.0,,256,5,0.994,0.008,1.0,0.0,0.994,0.008,0.986,0.013565,240.09,256,False,157.01,493,False,0.6855983772819473,0.3144016227180527,0.10162499665111165,200,5.1633334480740765e-05,6.943359544515614e-05,0.8,0.5,4.114061637057398,,3.4084042244078003,0.08125,,,,,,results/T-sweep-nonDyck-3/distributions/bbaN_L128_T256_gaussian_greedy_sigma20.0.json
unconditional,bbaN,128,gaussian,categorical,5.0,,128,5,0.868,0.036551,0.85,0.032863,0.744,0.042237,0.632,0.017205,99.714,129,False,44.45,316,False,0.9620253164556962,0.03797468354430378,0.32798117315428865,200,0.0001225940909648155,0.00016559718484785758,0.8,0.5,4.352578787607424,,3.852658613077385,0.07307692307692308,,,,,,results/T-sweep-nonDyck-3/distributions/bbaN_L128_T128_gaussian_categorical_sigma5.0.json
unconditional,bbaN,128,gaussian,categorical,10.0,,128,5,0.892,0.027857,0.892,0.024,0.804,0.028,0.718,0.041183,102.73,129,False,44.62,359,False,0.9498607242339833,0.05013927576601673,0.30339925786122285,200,0.00010475591870940707,0.00014144771738746066,0.8,0.5,4.418077163691433,,3.871760581353422,0.08197115384615385,,,,,,results/T-sweep-nonDyck-3/distributions/bbaN_L128_T128_gaussian_categorical_sigma10.0.json
unconditional,bbaN,128,gaussian,categorical,1.0,,128,5,0.712,0.03544,0.792,0.040694,0.506,0.052383,0.438,0.042143,89.336,128,False,64.9,219,False,0.9726027397260274,0.0273972602739726,0.31313359116477435,200,0.000178359096313912,0.00024094934040118065,0.8,0.5,4.2350490317564295,,3.772779829878765,0.051201923076923075,,,,,,results/T-sweep-nonDyck-3/distributions/bbaN_L128_T128_gaussian_categorical_sigma1.0.json
unconditional,bbaN,128,gaussian,categorical,2.0,,128,5,0.808,0.025612,0.774,0.054259,0.604,0.082365,0.49,0.076158,91.79,128,False,65.67,245,False,0.963265306122449,0.03673469387755102,0.31805790993542243,200,0.000160926939169617,0.00021742675436212425,0.8,0.5,4.279556088707152,,3.829632628405712,0.05673076923076923,,,,,,results/T-sweep-nonDyck-3/distributions/bbaN_L128_T128_gaussian_categorical_sigma2.0.json
unconditional,bbaN,128,gaussian,categorical,50.0,,128,5,0.944,0.028,0.944,0.014967,0.902,0.032496,0.856,0.020591,111.944,129,False,62.65,428,False,0.9509345794392523,0.0490654205607477,0.3012458455651725,200,8.177506405713351e-05,0.00011032048099729714,0.8,0.5,4.491874154592903,,3.910525755534767,0.09783653846153846,,,,,,results/T-sweep-nonDyck-3/distributions/bbaN_L128_T128_gaussian_categorical_sigma50.0.json
unconditional,bbaN,128,gaussian,greedy,5.0,,256,5,0.972,0.014697,1.0,0.0,0.972,0.014697,0.962,0.016,243.584,256,False,186.7,481,False,0.20166320166320167,0.7983367983367984,0.03224493860430384,200,4.9891071161297836e-05,6.705783738474434e-05,0.8,0.5,3.0765121343341155,,2.4361732338217164,0.023317307692307693,,,,,,results/T-sweep-nonDyck-3/distributions/bbaN_L128_T256_gaussian_greedy_sigma5.0.json
unconditional,bbaN,128,gaussian,categorical,100.0,,128,5,0.952,0.014697,0.948,0.025612,0.916,0.027276,0.89,0.024495,116.572,129,False,62.02,445,False,0.950561797752809,0.04943820224719098,0.28889783085853327,200,7.901182543654033e-05,0.00010659844366272253,0.8,0.5,4.5230219805036045,,3.9132419686995066,0.10168269230769231,,,,,,results/T-sweep-nonDyck-3/distributions/bbaN_L128_T128_gaussian_categorical_sigma100.0.json
unconditional,bbaN,128,gaussian,categorical,20.0,,128,5,0.936,0.020591,0.93,0.006325,0.884,0.017436,0.842,0.024819,110.624,129,False,70.04,421,False,0.9596199524940617,0.040380047505938266,0.2822649478434067,200,8.659508139937652e-05,0.0001168804605090144,0.8,0.5,4.473285378769358,,3.9192120736730116,0.09711538461538462,,,,,,results/T-sweep-nonDyck-3/distributions/bbaN_L128_T128_gaussian_categorical_sigma20.0.json
unconditional,bbaN,128,ebsampler,greedy,,0.5,1,1,1.0,0.0,1.0,0.0,1.0,0.0,1.0,0.0,46.0,46,True,4.86,100,False,0.01,0.99,0.0,100,0.0004347826086956522,0.0004411764705882353,0.8,0.4,0.0,,0.0,0.0002403846153846154,,,,,,results/T-sweep-nonDyck-3/distributions/bbaN_L128_T1_ebsampler_greedy_gamma0.5.json
unconditional,bbaN,128,ebsampler,greedy,,2.0,1,1,0.0,0.0,1.0,0.0,0.0,0.0,1.0,0.0,19.0,19,True,2.15,0,True,,,,0,,,,,,,,,,,,,,results/T-sweep-nonDyck-3/distributions/bbaN_L128_T1_ebsampler_greedy_gamma2.0.json
unconditional,bbaN,128,ebsampler,greedy,,0.1,1,1,1.0,0.0,1.0,0.0,1.0,0.0,1.0,0.0,111.0,111,True,7.99,100,False,0.01,0.99,0.0,100,0.0015789473684210526,0.0016666666666666668,0.8,0.4,0.0,,0.0,0.0002403846153846154,,,,,,results/T-sweep-nonDyck-3/distributions/bbaN_L128_T1_ebsampler_greedy_gamma0.1.json
unconditional,bbaN,128,ebsampler,greedy,,5.0,1,1,0.0,0.0,1.0,0.0,0.0,0.0,1.0,0.0,11.0,11,True,1.33,0,True,,,,0,,,,,,,,,,,,,,results/T-sweep-nonDyck-3/distributions/bbaN_L128_T1_ebsampler_greedy_gamma5.0.json
unconditional,bbaN,128,ebsampler,greedy,,0.9,1,1,1.0,0.0,1.0,0.0,1.0,0.0,1.0,0.0,31.0,31,True,3.5,100,False,0.01,0.99,0.0,100,0.00014084507042253522,0.00014285714285714287,0.4,0.2,0.0,,0.0,0.0002403846153846154,,,,,,results/T-sweep-nonDyck-3/distributions/bbaN_L128_T1_ebsampler_greedy_gamma0.9.json
unconditional,bbaN,128,ebsampler,greedy,,10.0,1,1,1.0,0.0,1.0,0.0,1.0,0.0,1.0,0.0,7.0,7,True,0.93,100,False,0.01,0.99,0.0,100,0.0004347826086956522,0.000588235294117647,0.8,0.5,0.0,,0.0,0.0002403846153846154,,,,,,results/T-sweep-nonDyck-3/distributions/bbaN_L128_T1_ebsampler_greedy_gamma10.0.json
unconditional,bbaN,128,ebsampler,greedy,,2.0,2,1,0.0,0.0,1.0,0.0,0.0,0.0,1.0,0.0,19.0,19,True,2.14,0,True,,,,0,,,,,,,,,,,,,,results/T-sweep-nonDyck-3/distributions/bbaN_L128_T2_ebsampler_greedy_gamma2.0.json
unconditional,bbaN,128,ar,greedy,,,130,1,1.0,0.0,1.0,0.0,1.0,0.0,1.0,0.0,129.0,129,True,15.9,100,False,0.01,0.99,0.0,100,7.874015748031496e-05,7.936507936507937e-05,0.4,0.2,0.0,,0.0,0.0002403846153846154,,,,,,results/T-sweep-nonDyck-3/distributions/bbaN_L128_T130_ar_greedy_none.json
unconditional,bbaN,128,ebsampler,greedy,,0.9,2,1,1.0,0.0,1.0,0.0,1.0,0.0,1.0,0.0,31.0,31,True,3.49,100,False,0.01,0.99,0.0,100,0.00014084507042253522,0.00014285714285714287,0.4,0.2,0.0,,0.0,0.0002403846153846154,,,,,,results/T-sweep-nonDyck-3/distributions/bbaN_L128_T2_ebsampler_greedy_gamma0.9.json
unconditional,bbaN,128,ebsampler,greedy,,5.0,2,1,0.0,0.0,1.0,0.0,0.0,0.0,1.0,0.0,11.0,11,True,1.3,0,True,,,,0,,,,,,,,,,,,,,results/T-sweep-nonDyck-3/distributions/bbaN_L128_T2_ebsampler_greedy_gamma5.0.json
unconditional,bbaN,128,ebsampler,greedy,,10.0,2,1,1.0,0.0,1.0,0.0,1.0,0.0,1.0,0.0,7.0,7,True,0.9,100,False,0.01,0.99,0.0,100,0.0004347826086956522,0.000588235294117647,0.8,0.5,0.0,,0.0,0.0002403846153846154,,,,,,results/T-sweep-nonDyck-3/distributions/bbaN_L128_T2_ebsampler_greedy_gamma10.0.json
unconditional,bbaN,128,ebsampler,greedy,,0.5,2,1,1.0,0.0,1.0,0.0,1.0,0.0,1.0,0.0,46.0,46,True,4.84,100,False,0.01,0.99,0.0,100,0.0004347826086956522,0.0004411764705882353,0.8,0.4,0.0,,0.0,0.0002403846153846154,,,,,,results/T-sweep-nonDyck-3/distributions/bbaN_L128_T2_ebsampler_greedy_gamma0.5.json
unconditional,bbaN,128,ebsampler,greedy,,2.0,4,1,0.0,0.0,1.0,0.0,0.0,0.0,1.0,0.0,19.0,19,True,2.13,0,True,,,,0,,,,,,,,,,,,,,results/T-sweep-nonDyck-3/distributions/bbaN_L128_T4_ebsampler_greedy_gamma2.0.json
unconditional,bbaN,128,ebsampler,greedy,,0.9,4,1,1.0,0.0,1.0,0.0,1.0,0.0,1.0,0.0,31.0,31,True,3.49,100,False,0.01,0.99,0.0,100,0.00014084507042253522,0.00014285714285714287,0.4,0.2,0.0,,0.0,0.0002403846153846154,,,,,,results/T-sweep-nonDyck-3/distributions/bbaN_L128_T4_ebsampler_greedy_gamma0.9.json
unconditional,bbaN,128,ebsampler,greedy,,0.1,2,1,1.0,0.0,1.0,0.0,1.0,0.0,1.0,0.0,111.0,111,True,7.96,100,False,0.01,0.99,0.0,100,0.0015789473684210526,0.0016666666666666668,0.8,0.4,0.0,,0.0,0.0002403846153846154,,,,,,results/T-sweep-nonDyck-3/distributions/bbaN_L128_T2_ebsampler_greedy_gamma0.1.json
unconditional,bbaN,128,ebsampler,greedy,,5.0,4,1,0.0,0.0,1.0,0.0,0.0,0.0,1.0,0.0,11.0,11,True,1.33,0,True,,,,0,,,,,,,,,,,,,,results/T-sweep-nonDyck-3/distributions/bbaN_L128_T4_ebsampler_greedy_gamma5.0.json
unconditional,bbaN,128,ebsampler,greedy,,10.0,4,1,1.0,0.0,1.0,0.0,1.0,0.0,1.0,0.0,7.0,7,True,0.89,100,False,0.01,0.99,0.0,100,0.0004347826086956522,0.000588235294117647,0.8,0.5,0.0,,0.0,0.0002403846153846154,,,,,,results/T-sweep-nonDyck-3/distributions/bbaN_L128_T4_ebsampler_greedy_gamma10.0.json
unconditional,bbaN,128,ebsampler,greedy,,0.5,4,1,1.0,0.0,1.0,0.0,1.0,0.0,1.0,0.0,46.0,46,True,4.92,100,False,0.01,0.99,0.0,100,0.0004347826086956522,0.0004411764705882353,0.8,0.4,0.0,,0.0,0.0002403846153846154,,,,,,results/T-sweep-nonDyck-3/distributions/bbaN_L128_T4_ebsampler_greedy_gamma0.5.json
unconditional,bbaN,128,ebsampler,greedy,,2.0,8,1,0.0,0.0,1.0,0.0,0.0,0.0,1.0,0.0,19.0,19,True,2.14,0,True,,,,0,,,,,,,,,,,,,,results/T-sweep-nonDyck-3/distributions/bbaN_L128_T8_ebsampler_greedy_gamma2.0.json
unconditional,bbaN,128,ebsampler,greedy,,0.9,8,1,1.0,0.0,1.0,0.0,1.0,0.0,1.0,0.0,31.0,31,True,3.48,100,False,0.01,0.99,0.0,100,0.00014084507042253522,0.00014285714285714287,0.4,0.2,0.0,,0.0,0.0002403846153846154,,,,,,results/T-sweep-nonDyck-3/distributions/bbaN_L128_T8_ebsampler_greedy_gamma0.9.json
unconditional,bbaN,128,ebsampler,greedy,,5.0,8,1,0.0,0.0,1.0,0.0,0.0,0.0,1.0,0.0,11.0,11,True,1.29,0,True,,,,0,,,,,,,,,,,,,,results/T-sweep-nonDyck-3/distributions/bbaN_L128_T8_ebsampler_greedy_gamma5.0.json
unconditional,bbaN,128,ebsampler,greedy,,10.0,8,1,1.0,0.0,1.0,0.0,1.0,0.0,1.0,0.0,7.0,7,True,0.9,100,False,0.01,0.99,0.0,100,0.0004347826086956522,0.000588235294117647,0.8,0.5,0.0,,0.0,0.0002403846153846154,,,,,,results/T-sweep-nonDyck-3/distributions/bbaN_L128_T8_ebsampler_greedy_gamma10.0.json
unconditional,bbaN,128,ebsampler,greedy,,0.5,8,1,1.0,0.0,1.0,0.0,1.0,0.0,1.0,0.0,46.0,46,True,4.84,100,False,0.01,0.99,0.0,100,0.0004347826086956522,0.0004411764705882353,0.8,0.4,0.0,,0.0,0.0002403846153846154,,,,,,results/T-sweep-nonDyck-3/distributions/bbaN_L128_T8_ebsampler_greedy_gamma0.5.json
unconditional,bbaN,128,ebsampler,greedy,,0.1,8,1,1.0,0.0,1.0,0.0,1.0,0.0,1.0,0.0,111.0,111,True,7.95,100,False,0.01,0.99,0.0,100,0.0015789473684210526,0.0016666666666666668,0.8,0.4,0.0,,0.0,0.0002403846153846154,,,,,,results/T-sweep-nonDyck-3/distributions/bbaN_L128_T8_ebsampler_greedy_gamma0.1.json
unconditional,bbaN,128,ebsampler,greedy,,0.9,16,1,1.0,0.0,1.0,0.0,1.0,0.0,1.0,0.0,31.0,31,True,3.39,100,False,0.01,0.99,0.0,100,0.00014084507042253522,0.00014285714285714287,0.4,0.2,0.0,,0.0,0.0002403846153846154,,,,,,results/T-sweep-nonDyck-3/distributions/bbaN_L128_T16_ebsampler_greedy_gamma0.9.json
unconditional,bbaN,128,ebsampler,greedy,,0.1,4,1,1.0,0.0,1.0,0.0,1.0,0.0,1.0,0.0,111.0,111,True,12.88,100,False,0.01,0.99,0.0,100,0.0015789473684210526,0.0016666666666666668,0.8,0.4,0.0,,0.0,0.0002403846153846154,,,,,,results/T-sweep-nonDyck-3/distributions/bbaN_L128_T4_ebsampler_greedy_gamma0.1.json
unconditional,bbaN,128,ebsampler,greedy,,2.0,16,1,0.0,0.0,1.0,0.0,0.0,0.0,1.0,0.0,19.0,19,True,1.35,0,True,,,,0,,,,,,,,,,,,,,results/T-sweep-nonDyck-3/distributions/bbaN_L128_T16_ebsampler_greedy_gamma2.0.json
unconditional,bbaN,128,ebsampler,greedy,,10.0,16,1,1.0,0.0,1.0,0.0,1.0,0.0,1.0,0.0,7.0,7,True,0.9,100,False,0.01,0.99,0.0,100,0.0004347826086956522,0.000588235294117647,0.8,0.5,0.0,,0.0,0.0002403846153846154,,,,,,results/T-sweep-nonDyck-3/distributions/bbaN_L128_T16_ebsampler_greedy_gamma10.0.json
unconditional,bbaN,128,ebsampler,greedy,,5.0,16,1,0.0,0.0,1.0,0.0,0.0,0.0,1.0,0.0,11.0,11,True,1.3,0,True,,,,0,,,,,,,,,,,,,,results/T-sweep-nonDyck-3/distributions/bbaN_L128_T16_ebsampler_greedy_gamma5.0.json
unconditional,bbaN,128,ebsampler,greedy,,0.5,16,1,1.0,0.0,1.0,0.0,1.0,0.0,1.0,0.0,46.0,46,True,4.98,100,False,0.01,0.99,0.0,100,0.0004347826086956522,0.0004411764705882353,0.8,0.4,0.0,,0.0,0.0002403846153846154,,,,,,results/T-sweep-nonDyck-3/distributions/bbaN_L128_T16_ebsampler_greedy_gamma0.5.json
unconditional,bbaN,128,ebsampler,greedy,,2.0,32,1,0.0,0.0,1.0,0.0,0.0,0.0,1.0,0.0,19.0,19,True,2.19,0,True,,,,0,,,,,,,,,,,,,,results/T-sweep-nonDyck-3/distributions/bbaN_L128_T32_ebsampler_greedy_gamma2.0.json
unconditional,bbaN,128,ebsampler,greedy,,0.9,32,1,1.0,0.0,1.0,0.0,1.0,0.0,1.0,0.0,31.0,31,True,3.38,100,False,0.01,0.99,0.0,100,0.00014084507042253522,0.00014285714285714287,0.4,0.2,0.0,,0.0,0.0002403846153846154,,,,,,results/T-sweep-nonDyck-3/distributions/bbaN_L128_T32_ebsampler_greedy_gamma0.9.json
unconditional,bbaN,128,ebsampler,greedy,,5.0,32,1,0.0,0.0,1.0,0.0,0.0,0.0,1.0,0.0,11.0,11,True,1.33,0,True,,,,0,,,,,,,,,,,,,,results/T-sweep-nonDyck-3/distributions/bbaN_L128_T32_ebsampler_greedy_gamma5.0.json
unconditional,bbaN,128,ebsampler,greedy,,10.0,32,1,1.0,0.0,1.0,0.0,1.0,0.0,1.0,0.0,7.0,7,True,0.87,100,False,0.01,0.99,0.0,100,0.0004347826086956522,0.000588235294117647,0.8,0.5,0.0,,0.0,0.0002403846153846154,,,,,,results/T-sweep-nonDyck-3/distributions/bbaN_L128_T32_ebsampler_greedy_gamma10.0.json
unconditional,bbaN,128,ebsampler,greedy,,0.5,32,1,1.0,0.0,1.0,0.0,1.0,0.0,1.0,0.0,46.0,46,True,4.98,100,False,0.01,0.99,0.0,100,0.0004347826086956522,0.0004411764705882353,0.8,0.4,0.0,,0.0,0.0002403846153846154,,,,,,results/T-sweep-nonDyck-3/distributions/bbaN_L128_T32_ebsampler_greedy_gamma0.5.json
unconditional,bbaN,128,ebsampler,greedy,,0.1,16,1,1.0,0.0,1.0,0.0,1.0,0.0,1.0,0.0,111.0,111,True,12.54,100,False,0.01,0.99,0.0,100,0.0015789473684210526,0.0016666666666666668,0.8,0.4,0.0,,0.0,0.0002403846153846154,,,,,,results/T-sweep-nonDyck-3/distributions/bbaN_L128_T16_ebsampler_greedy_gamma0.1.json
unconditional,bbaN,128,ebsampler,greedy,,0.1,32,1,1.0,0.0,1.0,0.0,1.0,0.0,1.0,0.0,111.0,111,True,7.94,100,False,0.01,0.99,0.0,100,0.0015789473684210526,0.0016666666666666668,0.8,0.4,0.0,,0.0,0.0002403846153846154,,,,,,results/T-sweep-nonDyck-3/distributions/bbaN_L128_T32_ebsampler_greedy_gamma0.1.json
unconditional,bbaN,128,ebsampler,greedy,,5.0,64,1,0.0,0.0,1.0,0.0,0.0,0.0,1.0,0.0,11.0,11,True,0.82,0,True,,,,0,,,,,,,,,,,,,,results/T-sweep-nonDyck-3/distributions/bbaN_L128_T64_ebsampler_greedy_gamma5.0.json
unconditional,bbaN,128,ebsampler,greedy,,0.9,64,1,1.0,0.0,1.0,0.0,1.0,0.0,1.0,0.0,31.0,31,True,3.48,100,False,0.01,0.99,0.0,100,0.00014084507042253522,0.00014285714285714287,0.4,0.2,0.0,,0.0,0.0002403846153846154,,,,,,results/T-sweep-nonDyck-3/distributions/bbaN_L128_T64_ebsampler_greedy_gamma0.9.json
unconditional,bbaN,128,ebsampler,greedy,,10.0,64,1,1.0,0.0,1.0,0.0,1.0,0.0,1.0,0.0,7.0,7,True,0.56,100,False,0.01,0.99,0.0,100,0.0004347826086956522,0.000588235294117647,0.8,0.5,0.0,,0.0,0.0002403846153846154,,,,,,results/T-sweep-nonDyck-3/distributions/bbaN_L128_T64_ebsampler_greedy_gamma10.0.json
unconditional,bbaN,128,ebsampler,greedy,,0.5,64,1,1.0,0.0,1.0,0.0,1.0,0.0,1.0,0.0,46.0,46,True,4.84,100,False,0.01,0.99,0.0,100,0.0004347826086956522,0.0004411764705882353,0.8,0.4,0.0,,0.0,0.0002403846153846154,,,,,,results/T-sweep-nonDyck-3/distributions/bbaN_L128_T64_ebsampler_greedy_gamma0.5.json
unconditional,bbaN,128,ebsampler,greedy,,2.0,64,1,0.0,0.0,1.0,0.0,0.0,0.0,1.0,0.0,19.0,19,True,2.14,0,True,,,,0,,,,,,,,,,,,,,results/T-sweep-nonDyck-3/distributions/bbaN_L128_T64_ebsampler_greedy_gamma2.0.json
unconditional,bbaN,128,ebsampler,greedy,,2.0,128,1,0.0,0.0,1.0,0.0,0.0,0.0,1.0,0.0,19.0,19,True,2.15,0,True,,,,0,,,,,,,,,,,,,,results/T-sweep-nonDyck-3/distributions/bbaN_L128_T128_ebsampler_greedy_gamma2.0.json
unconditional,bbaN,128,ebsampler,greedy,,0.5,128,1,1.0,0.0,1.0,0.0,1.0,0.0,1.0,0.0,46.0,46,True,3.06,100,False,0.01,0.99,0.0,100,0.0004347826086956522,0.0004411764705882353,0.8,0.4,0.0,,0.0,0.0002403846153846154,,,,,,results/T-sweep-nonDyck-3/distributions/bbaN_L128_T128_ebsampler_greedy_gamma0.5.json
unconditional,bbaN,128,ebsampler,greedy,,10.0,128,1,1.0,0.0,1.0,0.0,1.0,0.0,1.0,0.0,7.0,7,True,0.55,100,False,0.01,0.99,0.0,100,0.0004347826086956522,0.000588235294117647,0.8,0.5,0.0,,0.0,0.0002403846153846154,,,,,,results/T-sweep-nonDyck-3/distributions/bbaN_L128_T128_ebsampler_greedy_gamma10.0.json
unconditional,bbaN,128,ebsampler,greedy,,0.9,128,1,1.0,0.0,1.0,0.0,1.0,0.0,1.0,0.0,31.0,31,True,3.41,100,False,0.01,0.99,0.0,100,0.00014084507042253522,0.00014285714285714287,0.4,0.2,0.0,,0.0,0.0002403846153846154,,,,,,results/T-sweep-nonDyck-3/distributions/bbaN_L128_T128_ebsampler_greedy_gamma0.9.json
unconditional,bbaN,128,ebsampler,greedy,,5.0,128,1,0.0,0.0,1.0,0.0,0.0,0.0,1.0,0.0,11.0,11,True,1.35,0,True,,,,0,,,,,,,,,,,,,,results/T-sweep-nonDyck-3/distributions/bbaN_L128_T128_ebsampler_greedy_gamma5.0.json
unconditional,bbaN,128,ebsampler,greedy,,0.9,256,1,1.0,0.0,1.0,0.0,1.0,0.0,1.0,0.0,31.0,31,True,3.4,100,False,0.01,0.99,0.0,100,0.00014084507042253522,0.00014285714285714287,0.4,0.2,0.0,,0.0,0.0002403846153846154,,,,,,results/T-sweep-nonDyck-3/distributions/bbaN_L128_T256_ebsampler_greedy_gamma0.9.json
unconditional,bbaN,128,ebsampler,greedy,,0.1,64,1,1.0,0.0,1.0,0.0,1.0,0.0,1.0,0.0,111.0,111,True,12.84,100,False,0.01,0.99,0.0,100,0.0015789473684210526,0.0016666666666666668,0.8,0.4,0.0,,0.0,0.0002403846153846154,,,,,,results/T-sweep-nonDyck-3/distributions/bbaN_L128_T64_ebsampler_greedy_gamma0.1.json
unconditional,bbaN,128,ebsampler,greedy,,0.5,256,1,1.0,0.0,1.0,0.0,1.0,0.0,1.0,0.0,46.0,46,True,4.9,100,False,0.01,0.99,0.0,100,0.0004347826086956522,0.0004411764705882353,0.8,0.4,0.0,,0.0,0.0002403846153846154,,,,,,results/T-sweep-nonDyck-3/distributions/bbaN_L128_T256_ebsampler_greedy_gamma0.5.json
unconditional,bbaN,128,ebsampler,greedy,,5.0,256,1,0.0,0.0,1.0,0.0,0.0,0.0,1.0,0.0,11.0,11,True,1.33,0,True,,,,0,,,,,,,,,,,,,,results/T-sweep-nonDyck-3/distributions/bbaN_L128_T256_ebsampler_greedy_gamma5.0.json
unconditional,bbaN,128,ebsampler,greedy,,2.0,256,1,0.0,0.0,1.0,0.0,0.0,0.0,1.0,0.0,19.0,19,True,2.18,0,True,,,,0,,,,,,,,,,,,,,results/T-sweep-nonDyck-3/distributions/bbaN_L128_T256_ebsampler_greedy_gamma2.0.json
unconditional,bbaN,128,ebsampler,greedy,,10.0,256,1,1.0,0.0,1.0,0.0,1.0,0.0,1.0,0.0,7.0,7,True,0.88,100,False,0.01,0.99,0.0,100,0.0004347826086956522,0.000588235294117647,0.8,0.5,0.0,,0.0,0.0002403846153846154,,,,,,results/T-sweep-nonDyck-3/distributions/bbaN_L128_T256_ebsampler_greedy_gamma10.0.json
unconditional,bbaN,128,ebsampler,greedy,,0.1,256,1,1.0,0.0,1.0,0.0,1.0,0.0,1.0,0.0,111.0,111,True,8.02,100,False,0.01,0.99,0.0,100,0.0015789473684210526,0.0016666666666666668,0.8,0.4,0.0,,0.0,0.0002403846153846154,,,,,,results/T-sweep-nonDyck-3/distributions/bbaN_L128_T256_ebsampler_greedy_gamma0.1.json
unconditional,bbaN,128,ebsampler,greedy,,0.1,128,1,1.0,0.0,1.0,0.0,1.0,0.0,1.0,0.0,111.0,111,True,12.85,100,False,0.01,0.99,0.0,100,0.0015789473684210526,0.0016666666666666668,0.8,0.4,0.0,,0.0,0.0002403846153846154,,,,,,results/T-sweep-nonDyck-3/distributions/bbaN_L128_T128_ebsampler_greedy_gamma0.1.json
unconditional,bbaN,128,ebsampler,categorical,,2.0,1,5,0.6,0.054772,0.538,0.072222,0.226,0.043174,0.03,0.020976,3.024,13,False,2.65,15,False,0.8666666666666667,0.1333333333333333,0.35248447204968947,15,0.002356637863315004,0.003179650238473768,0.8,0.5,1.8594288151492286,,2.4307913288782323,0.003125,,,,,,results/T-sweep-nonDyck-3/distributions/bbaN_L128_T1_ebsampler_categorical_gamma2.0.json
unconditional,bbaN,128,ebsampler,categorical,,5.0,1,5,0.588,0.033106,0.304,0.056427,0.12,0.030332,0.004,0.004899,1.37,5,False,3.32,2,True,,,,2,,,0.8,0.5,0.6931471805599453,,0.6931471805599453,0.0004807692307692308,,,,,,results/T-sweep-nonDyck-3/distributions/bbaN_L128_T1_ebsampler_categorical_gamma5.0.json
unconditional,bbaN,128,ebsampler,categorical,,0.9,1,5,0.646,0.035553,0.624,0.047582,0.306,0.043174,0.086,0.021541,5.946,23,False,6.23,43,False,0.9534883720930233,0.046511627906976716,0.3647668121352332,43,0.0011219147344801795,0.0015203344735841885,0.8,0.5,2.529968575387155,,3.003258987328545,0.00985576923076923,,,,,,results/T-sweep-nonDyck-3/distributions/bbaN_L128_T1_ebsampler_categorical_gamma0.9.json
unconditional,bbaN,128,ebsampler,categorical,,10.0,1,5,0.538,0.0402,0.168,0.048332,0.074,0.034986,0.0,0.0,1.044,2,False,2.12,0,True,,,,0,,,,,,,,,,,,,,results/T-sweep-nonDyck-3/distributions/bbaN_L128_T1_ebsampler_categorical_gamma10.0.json
unconditional,bbaN,128,ebsampler,categorical,,0.5,1,5,0.624,0.033226,0.69,0.054037,0.342,0.023152,0.14,0.024495,11.408,45,False,9.82,70,False,0.9285714285714286,0.0714285714285714,0.36926753435758347,70,0.0005782575173477255,0.0007815552950371239,0.8,0.5,3.3815773008716303,,3.3786106664841187,0.015625,,,,,,results/T-sweep-nonDyck-3/distributions/bbaN_L128_T1_ebsampler_categorical_gamma0.5.json
unconditional,bbaN,128,ebsampler,categorical,,0.9,2,5,0.646,0.035553,0.624,0.047582,0.306,0.043174,0.086,0.021541,5.946,23,False,3.95,43,False,0.9534883720930233,0.046511627906976716,0.3647668121352332,43,0.0011219147344801795,0.0015203344735841885,0.8,0.5,2.529968575387155,,3.003258987328545,0.00985576923076923,,,,,,results/T-sweep-nonDyck-3/distributions/bbaN_L128_T2_ebsampler_categorical_gamma0.9.json
unconditional,bbaN,128,ebsampler,categorical,,5.0,2,5,0.588,0.033106,0.304,0.056427,0.12,0.030332,0.004,0.004899,1.37,5,False,2.02,2,True,,,,2,,,0.8,0.5,0.6931471805599453,,0.6931471805599453,0.0004807692307692308,,,,,,results/T-sweep-nonDyck-3/distributions/bbaN_L128_T2_ebsampler_categorical_gamma5.0.json
unconditional,bbaN,128,ebsampler,categorical,,2.0,2,5,0.6,0.054772,0.538,0.072222,0.226,0.043174,0.03,0.020976,3.024,13,False,4.2,15,False,0.8666666666666667,0.1333333333333333,0.35248447204968947,15,0.002356637863315004,0.003179650238473768,0.8,0.5,1.8594288151492286,,2.4307913288782323,0.003125,,,,,,results/T-sweep-nonDyck-3/distributions/bbaN_L128_T2_ebsampler_categorical_gamma2.0.json
unconditional,bbaN,128,ebsampler,categorical,,10.0,2,5,0.538,0.0402,0.168,0.048332,0.074,0.034986,0.0,0.0,1.044,2,False,2.1,0,True,,,,0,,,,,,,,,,,,,,results/T-sweep-nonDyck-3/distributions/bbaN_L128_T2_ebsampler_categorical_gamma10.0.json
unconditional,bbaN,128,ebsampler,categorical,,0.5,2,5,0.624,0.033226,0.69,0.054037,0.342,0.023152,0.14,0.024495,11.408,45,False,9.78,70,False,0.9285714285714286,0.0714285714285714,0.36926753435758347,70,0.0005782575173477255,0.0007815552950371239,0.8,0.5,3.3815773008716303,,3.3786106664841187,0.015625,,,,,,results/T-sweep-nonDyck-3/distributions/bbaN_L128_T2_ebsampler_categorical_gamma0.5.json
unconditional,bbaN,128,ar,categorical,,,130,5,1.0,0.0,1.0,0.0,1.0,0.0,1.0,0.0,129.0,129,False,64.03,500,False,0.928,0.07199999999999995,0.2991190520503753,200,7.048540952022932e-05,9.509771290000475e-05,0.8,0.5,4.575230526051666,,3.8472937606676436,0.11153846153846154,,,,,,results/T-sweep-nonDyck-3/distributions/bbaN_L128_T130_ar_categorical_none.json
unconditional,bbaN,128,ebsampler,categorical,,2.0,4,5,0.6,0.054772,0.538,0.072222,0.226,0.043174,0.03,0.020976,3.024,13,False,4.23,15,False,0.8666666666666667,0.1333333333333333,0.35248447204968947,15,0.002356637863315004,0.003179650238473768,0.8,0.5,1.8594288151492286,,2.4307913288782323,0.003125,,,,,,results/T-sweep-nonDyck-3/distributions/bbaN_L128_T4_ebsampler_categorical_gamma2.0.json
unconditional,bbaN,128,ebsampler,categorical,,0.5,4,5,0.624,0.033226,0.69,0.054037,0.342,0.023152,0.14,0.024495,11.408,45,False,6.22,70,False,0.9285714285714286,0.0714285714285714,0.36926753435758347,70,0.0005782575173477255,0.0007815552950371239,0.8,0.5,3.3815773008716303,,3.3786106664841187,0.015625,,,,,,results/T-sweep-nonDyck-3/distributions/bbaN_L128_T4_ebsampler_categorical_gamma0.5.json
unconditional,bbaN,128,ebsampler,categorical,,0.9,4,5,0.646,0.035553,0.624,0.047582,0.306,0.043174,0.086,0.021541,5.946,23,False,6.23,43,False,0.9534883720930233,0.046511627906976716,0.3647668121352332,43,0.0011219147344801795,0.0015203344735841885,0.8,0.5,2.529968575387155,,3.003258987328545,0.00985576923076923,,,,,,results/T-sweep-nonDyck-3/distributions/bbaN_L128_T4_ebsampler_categorical_gamma0.9.json
unconditional,bbaN,128,ebsampler,categorical,,10.0,4,5,0.538,0.0402,0.168,0.048332,0.074,0.034986,0.0,0.0,1.044,2,False,2.1,0,True,,,,0,,,,,,,,,,,,,,results/T-sweep-nonDyck-3/distributions/bbaN_L128_T4_ebsampler_categorical_gamma10.0.json
unconditional,bbaN,128,ebsampler,categorical,,5.0,4,5,0.588,0.033106,0.304,0.056427,0.12,0.030332,0.004,0.004899,1.37,5,False,3.32,2,True,,,,2,,,0.8,0.5,0.6931471805599453,,0.6931471805599453,0.0004807692307692308,,,,,,results/T-sweep-nonDyck-3/distributions/bbaN_L128_T4_ebsampler_categorical_gamma5.0.json
unconditional,baN,128,ebsampler,categorical,,0.9,256,5,0.528,0.048332,1.0,0.0,0.528,0.048332,1.0,0.0,64.0,64,False,609.14,264,False,1.0,0.0,0.16021747500551803,200,0.00012040214315814821,0.00024273317555676923,0.75,0.625,,,,,,,,,,results/T-sweep-nonDyck-3/distributions/baN_L128_T256_ebsampler_categorical_gamma0.9.json
unconditional,bbaN,128,gaussian,categorical,50.0,,256,5,0.988,0.007483,0.974,0.013565,0.97,0.012649,0.962,0.017205,239.636,256,False,93.66,481,False,0.9459459459459459,0.05405405405405406,0.2944797852900868,200,7.415463713664228e-05,0.00010006253908692933,0.8,0.5,4.503098174001548,,3.8866237038924663,0.109375,,,,,,results/T-sweep-nonDyck-3/distributions/bbaN_L128_T256_gaussian_categorical_sigma50.0.json
unconditional,bbaN,128,ebsampler,categorical,,0.5,8,5,0.624,0.033226,0.69,0.054037,0.342,0.023152,0.14,0.024495,11.408,45,False,6.3,70,False,0.9285714285714286,0.0714285714285714,0.36926753435758347,70,0.0005782575173477255,0.0007815552950371239,0.8,0.5,3.3815773008716303,,3.3786106664841187,0.015625,,,,,,results/T-sweep-nonDyck-3/distributions/bbaN_L128_T8_ebsampler_categorical_gamma0.5.json
unconditional,bbaN,128,ebsampler,categorical,,0.9,8,5,0.646,0.035553,0.624,0.047582,0.306,0.043174,0.086,0.021541,5.946,23,False,6.35,43,False,0.9534883720930233,0.046511627906976716,0.3647668121352332,43,0.0011219147344801795,0.0015203344735841885,0.8,0.5,2.529968575387155,,3.003258987328545,0.00985576923076923,,,,,,results/T-sweep-nonDyck-3/distributions/bbaN_L128_T8_ebsampler_categorical_gamma0.9.json
unconditional,bbaN,128,gaussian,categorical,2.0,,256,5,0.896,0.032,0.87,0.026077,0.778,0.042615,0.718,0.047917,212.34,256,False,125.33,359,False,0.9554317548746518,0.04456824512534818,0.3130726767504336,200,0.00010360904852357106,0.00013987970345502866,0.8,0.5,4.397448320816835,,3.8933346339954613,0.08245192307692308,,,,,,results/T-sweep-nonDyck-3/distributions/bbaN_L128_T256_gaussian_categorical_sigma2.0.json
unconditional,bbaN,128,ebsampler,categorical,,10.0,8,5,0.538,0.0402,0.168,0.048332,0.074,0.034986,0.0,0.0,1.044,2,False,2.1,0,True,,,,0,,,,,,,,,,,,,,results/T-sweep-nonDyck-3/distributions/bbaN_L128_T8_ebsampler_categorical_gamma10.0.json
unconditional,bbaN,128,ebsampler,categorical,,2.0,8,5,0.6,0.054772,0.538,0.072222,0.226,0.043174,0.03,0.020976,3.024,13,False,4.16,15,False,0.8666666666666667,0.1333333333333333,0.35248447204968947,15,0.002356637863315004,0.003179650238473768,0.8,0.5,1.8594288151492286,,2.4307913288782323,0.003125,,,,,,results/T-sweep-nonDyck-3/distributions/bbaN_L128_T8_ebsampler_categorical_gamma2.0.json
unconditional,bbaN,128,ebsampler,categorical,,5.0,8,5,0.588,0.033106,0.304,0.056427,0.12,0.030332,0.004,0.004899,1.37,5,False,3.25,2,True,,,,2,,,0.8,0.5,0.6931471805599453,,0.6931471805599453,0.0004807692307692308,,,,,,results/T-sweep-nonDyck-3/distributions/bbaN_L128_T8_ebsampler_categorical_gamma5.0.json
unconditional,bbaN,128,ebsampler,categorical,,5.0,16,5,0.588,0.033106,0.304,0.056427,0.12,0.030332,0.004,0.004899,1.37,5,False,3.22,2,True,,,,2,,,0.8,0.5,0.6931471805599453,,0.6931471805599453,0.0004807692307692308,,,,,,results/T-sweep-nonDyck-3/distributions/bbaN_L128_T16_ebsampler_categorical_gamma5.0.json
unconditional,bbaN,128,ebsampler,categorical,,0.9,16,5,0.646,0.035553,0.624,0.047582,0.306,0.043174,0.086,0.021541,5.946,23,False,4.06,43,False,0.9534883720930233,0.046511627906976716,0.3647668121352332,43,0.0011219147344801795,0.0015203344735841885,0.8,0.5,2.529968575387155,,3.003258987328545,0.00985576923076923,,,,,,results/T-sweep-nonDyck-3/distributions/bbaN_L128_T16_ebsampler_categorical_gamma0.9.json
unconditional,bbaN,128,ebsampler,categorical,,2.0,16,5,0.6,0.054772,0.538,0.072222,0.226,0.043174,0.03,0.020976,3.024,13,False,4.17,15,False,0.8666666666666667,0.1333333333333333,0.35248447204968947,15,0.002356637863315004,0.003179650238473768,0.8,0.5,1.8594288151492286,,2.4307913288782323,0.003125,,,,,,results/T-sweep-nonDyck-3/distributions/bbaN_L128_T16_ebsampler_categorical_gamma2.0.json
unconditional,bbaN,128,ebsampler,categorical,,0.1,1,5,0.972,0.014697,0.978,0.017205,0.95,0.030332,0.94,0.031623,52.924,109,False,36.74,470,False,0.9148936170212766,0.08510638297872342,0.3020449460946149,200,7.560102817398316e-05,0.00010200958890135672,0.8,0.5,4.518667608516943,,3.8556891932944577,0.10336538461538461,,,,,,results/T-sweep-nonDyck-3/distributions/bbaN_L128_T1_ebsampler_categorical_gamma0.1.json
unconditional,bbaN,128,ebsampler,categorical,,0.5,16,5,0.624,0.033226,0.69,0.054037,0.342,0.023152,0.14,0.024495,11.408,45,False,6.3,70,False,0.9285714285714286,0.0714285714285714,0.36926753435758347,70,0.0005782575173477255,0.0007815552950371239,0.8,0.5,3.3815773008716303,,3.3786106664841187,0.015625,,,,,,results/T-sweep-nonDyck-3/distributions/bbaN_L128_T16_ebsampler_categorical_gamma0.5.json
unconditional,bbaN,128,ebsampler,categorical,,10.0,16,5,0.538,0.0402,0.168,0.048332,0.074,0.034986,0.0,0.0,1.044,2,False,3.44,0,True,,,,0,,,,,,,,,,,,,,results/T-sweep-nonDyck-3/distributions/bbaN_L128_T16_ebsampler_categorical_gamma10.0.json
unconditional,bbaN,128,ebsampler,categorical,,2.0,32,5,0.6,0.054772,0.538,0.072222,0.226,0.043174,0.03,0.020976,3.024,13,False,2.64,15,False,0.8666666666666667,0.1333333333333333,0.35248447204968947,15,0.002356637863315004,0.003179650238473768,0.8,0.5,1.8594288151492286,,2.4307913288782323,0.003125,,,,,,results/T-sweep-nonDyck-3/distributions/bbaN_L128_T32_ebsampler_categorical_gamma2.0.json
unconditional,bbaN,128,gaussian,categorical,10.0,,256,5,0.962,0.014697,0.956,0.008,0.922,0.017205,0.868,0.027857,225.972,256,False,121.52,434,False,0.9377880184331797,0.062211981566820285,0.32792345068883916,200,8.419162012740999e-05,0.00011363636363636364,0.8,0.5,4.491596093031552,,3.9106586872421536,0.09783653846153846,,,,,,results/T-sweep-nonDyck-3/distributions/bbaN_L128_T256_gaussian_categorical_sigma10.0.json
unconditional,bbaN,128,ebsampler,categorical,,10.0,32,5,0.538,0.0402,0.168,0.048332,0.074,0.034986,0.0,0.0,1.044,2,False,2.09,0,True,,,,0,,,,,,,,,,,,,,results/T-sweep-nonDyck-3/distributions/bbaN_L128_T32_ebsampler_categorical_gamma10.0.json
unconditional,bbaN,128,ebsampler,categorical,,5.0,32,5,0.588,0.033106,0.304,0.056427,0.12,0.030332,0.004,0.004899,1.37,5,False,3.3,2,True,,,,2,,,0.8,0.5,0.6931471805599453,,0.6931471805599453,0.0004807692307692308,,,,,,results/T-sweep-nonDyck-3/distributions/bbaN_L128_T32_ebsampler_categorical_gamma5.0.json
unconditional,bbaN,128,gaussian,categorical,100.0,,256,5,0.97,0.012649,0.96,0.021909,0.938,0.030594,0.92,0.027568,236.236,256,False,107.38,460,False,0.9565217391304348,0.04347826086956519,0.3010801652427371,200,7.698822080221726e-05,0.00010387721712935311,0.8,0.5,4.506660534411958,,3.9528291021577586,0.10576923076923077,,,,,,results/T-sweep-nonDyck-3/distributions/bbaN_L128_T256_gaussian_categorical_sigma100.0.json
unconditional,bbaN,128,ebsampler,categorical,,0.9,32,5,0.646,0.035553,0.624,0.047582,0.306,0.043174,0.086,0.021541,5.946,23,False,6.46,43,False,0.9534883720930233,0.046511627906976716,0.3647668121352332,43,0.0011219147344801795,0.0015203344735841885,0.8,0.5,2.529968575387155,,3.003258987328545,0.00985576923076923,,,,,,results/T-sweep-nonDyck-3/distributions/bbaN_L128_T32_ebsampler_categorical_gamma0.9.json
unconditional,bbaN,128,ebsampler,categorical,,0.1,2,5,0.972,0.014697,0.978,0.017205,0.95,0.030332,0.94,0.031623,52.924,109,False,36.85,470,False,0.9148936170212766,0.08510638297872342,0.3020449460946149,200,7.560102817398316e-05,0.00010200958890135672,0.8,0.5,4.518667608516943,,3.8556891932944577,0.10336538461538461,,,,,,results/T-sweep-nonDyck-3/distributions/bbaN_L128_T2_ebsampler_categorical_gamma0.1.json
unconditional,bbaN,128,gaussian,categorical,1.0,,256,5,0.84,0.016733,0.878,0.031241,0.718,0.044,0.666,0.05678,209.984,255,False,139.31,333,False,0.960960960960961,0.03903903903903905,0.30814768981474583,200,0.00011219986536016157,0.00015148646089755728,0.8,0.5,4.393005239735086,,3.8576948606854784,0.07692307692307693,,,,,,results/T-sweep-nonDyck-3/distributions/bbaN_L128_T256_gaussian_categorical_sigma1.0.json
unconditional,bbaN,128,ebsampler,categorical,,2.0,64,5,0.6,0.054772,0.538,0.072222,0.226,0.043174,0.03,0.020976,3.024,13,False,2.81,15,False,0.8666666666666667,0.1333333333333333,0.35248447204968947,15,0.002356637863315004,0.003179650238473768,0.8,0.5,1.8594288151492286,,2.4307913288782323,0.003125,,,,,,results/T-sweep-nonDyck-3/distributions/bbaN_L128_T64_ebsampler_categorical_gamma2.0.json
unconditional,bbaN,128,ebsampler,categorical,,0.5,32,5,0.624,0.033226,0.69,0.054037,0.342,0.023152,0.14,0.024495,11.408,45,False,9.77,70,False,0.9285714285714286,0.0714285714285714,0.36926753435758347,70,0.0005782575173477255,0.0007815552950371239,0.8,0.5,3.3815773008716303,,3.3786106664841187,0.015625,,,,,,results/T-sweep-nonDyck-3/distributions/bbaN_L128_T32_ebsampler_categorical_gamma0.5.json
unconditional,bbaN,128,ebsampler,categorical,,5.0,64,5,0.588,0.033106,0.304,0.056427,0.12,0.030332,0.004,0.004899,1.37,5,False,3.38,2,True,,,,2,,,0.8,0.5,0.6931471805599453,,0.6931471805599453,0.0004807692307692308,,,,,,results/T-sweep-nonDyck-3/distributions/bbaN_L128_T64_ebsampler_categorical_gamma5.0.json
unconditional,bbaN,128,ebsampler,categorical,,10.0,64,5,0.538,0.0402,0.168,0.048332,0.074,0.034986,0.0,0.0,1.044,2,False,3.61,0,True,,,,0,,,,,,,,,,,,,,results/T-sweep-nonDyck-3/distributions/bbaN_L128_T64_ebsampler_categorical_gamma10.0.json
unconditional,bbaN,128,ebsampler,categorical,,0.5,64,5,0.624,0.033226,0.69,0.054037,0.342,0.023152,0.14,0.024495,11.408,45,False,6.29,70,False,0.9285714285714286,0.0714285714285714,0.36926753435758347,70,0.0005782575173477255,0.0007815552950371239,0.8,0.5,3.3815773008716303,,3.3786106664841187,0.015625,,,,,,results/T-sweep-nonDyck-3/distributions/bbaN_L128_T64_ebsampler_categorical_gamma0.5.json
unconditional,bbaN,128,ebsampler,categorical,,0.9,64,5,0.646,0.035553,0.624,0.047582,0.306,0.043174,0.086,0.021541,5.946,23,False,6.29,43,False,0.9534883720930233,0.046511627906976716,0.3647668121352332,43,0.0011219147344801795,0.0015203344735841885,0.8,0.5,2.529968575387155,,3.003258987328545,0.00985576923076923,,,,,,results/T-sweep-nonDyck-3/distributions/bbaN_L128_T64_ebsampler_categorical_gamma0.9.json
unconditional,bbaN,128,ebsampler,categorical,,10.0,128,5,0.538,0.0402,0.168,0.048332,0.074,0.034986,0.0,0.0,1.044,2,False,2.1,0,True,,,,0,,,,,,,,,,,,,,results/T-sweep-nonDyck-3/distributions/bbaN_L128_T128_ebsampler_categorical_gamma10.0.json
unconditional,bbaN,128,ebsampler,categorical,,5.0,128,5,0.588,0.033106,0.304,0.056427,0.12,0.030332,0.004,0.004899,1.37,5,False,3.35,2,True,,,,2,,,0.8,0.5,0.6931471805599453,,0.6931471805599453,0.0004807692307692308,,,,,,results/T-sweep-nonDyck-3/distributions/bbaN_L128_T128_ebsampler_categorical_gamma5.0.json
unconditional,bbaN,128,ebsampler,categorical,,0.1,4,5,0.972,0.014697,0.978,0.017205,0.95,0.030332,0.94,0.031623,52.924,109,False,36.09,470,False,0.9148936170212766,0.08510638297872342,0.3020449460946149,200,7.560102817398316e-05,0.00010200958890135672,0.8,0.5,4.518667608516943,,3.8556891932944577,0.10336538461538461,,,,,,results/T-sweep-nonDyck-3/distributions/bbaN_L128_T4_ebsampler_categorical_gamma0.1.json
unconditional,bbaN,128,ebsampler,categorical,,2.0,128,5,0.6,0.054772,0.538,0.072222,0.226,0.043174,0.03,0.020976,3.024,13,False,4.38,15,False,0.8666666666666667,0.1333333333333333,0.35248447204968947,15,0.002356637863315004,0.003179650238473768,0.8,0.5,1.8594288151492286,,2.4307913288782323,0.003125,,,,,,results/T-sweep-nonDyck-3/distributions/bbaN_L128_T128_ebsampler_categorical_gamma2.0.json
unconditional,bbaN,128,ebsampler,categorical,,0.5,128,5,0.624,0.033226,0.69,0.054037,0.342,0.023152,0.14,0.024495,11.408,45,False,6.58,70,False,0.9285714285714286,0.0714285714285714,0.36926753435758347,70,0.0005782575173477255,0.0007815552950371239,0.8,0.5,3.3815773008716303,,3.3786106664841187,0.015625,,,,,,results/T-sweep-nonDyck-3/distributions/bbaN_L128_T128_ebsampler_categorical_gamma0.5.json
unconditional,bbaN,128,ebsampler,categorical,,0.9,128,5,0.646,0.035553,0.624,0.047582,0.306,0.043174,0.086,0.021541,5.946,23,False,6.28,43,False,0.9534883720930233,0.046511627906976716,0.3647668121352332,43,0.0011219147344801795,0.0015203344735841885,0.8,0.5,2.529968575387155,,3.003258987328545,0.00985576923076923,,,,,,results/T-sweep-nonDyck-3/distributions/bbaN_L128_T128_ebsampler_categorical_gamma0.9.json
unconditional,aNbN,128,uniform,greedy,,,1,5,0.0,0.0,1.0,0.0,0.0,0.0,0.0,0.0,1.0,1,False,1.23,0,True,,,,0,,,,,,,,,,,,,,results/T-sweep-nonDyck-3/distributions/aNbN_L128_T1_uniform_greedy_none.json
unconditional,bbaN,128,ebsampler,categorical,,10.0,256,5,0.538,0.0402,0.168,0.048332,0.074,0.034986,0.0,0.0,1.044,2,False,2.22,0,True,,,,0,,,,,,,,,,,,,,results/T-sweep-nonDyck-3/distributions/bbaN_L128_T256_ebsampler_categorical_gamma10.0.json
unconditional,bbaN,128,ebsampler,categorical,,5.0,256,5,0.588,0.033106,0.304,0.056427,0.12,0.030332,0.004,0.004899,1.37,5,False,3.42,2,True,,,,2,,,0.8,0.5,0.6931471805599453,,0.6931471805599453,0.0004807692307692308,,,,,,results/T-sweep-nonDyck-3/distributions/bbaN_L128_T256_ebsampler_categorical_gamma5.0.json
unconditional,baN,128,ebsampler,categorical,,0.5,64,5,1.0,0.0,1.0,0.0,1.0,0.0,1.0,0.0,128.0,128,False,1015.15,500,False,1.0,0.0,0.15902156824114272,200,6.350819255683983e-05,0.00012803277639075603,0.75,0.625,,,,,,,,,,results/T-sweep-nonDyck-3/distributions/baN_L128_T64_ebsampler_categorical_gamma0.5.json
unconditional,bbaN,128,ebsampler,categorical,,2.0,256,5,0.6,0.054772,0.538,0.072222,0.226,0.043174,0.03,0.020976,3.024,13,False,4.35,15,False,0.8666666666666667,0.1333333333333333,0.35248447204968947,15,0.002356637863315004,0.003179650238473768,0.8,0.5,1.8594288151492286,,2.4307913288782323,0.003125,,,,,,results/T-sweep-nonDyck-3/distributions/bbaN_L128_T256_ebsampler_categorical_gamma2.0.json
unconditional,aNbN,128,uniform,greedy,,,4,5,0.116,0.010198,1.0,0.0,0.116,0.010198,0.076,0.017436,1.234,4,False,2.17,38,False,0.2894736842105263,0.7105263157894737,0.04156598371474404,38,0.0011432926829268292,0.0015467904098994587,,,2.032161188918524,0.171875,,,,,,,,results/T-sweep-nonDyck-3/distributions/aNbN_L128_T4_uniform_greedy_none.json
unconditional,bbaN,128,ebsampler,categorical,,0.9,256,5,0.646,0.035553,0.624,0.047582,0.306,0.043174,0.086,0.021541,5.946,23,False,6.6,43,False,0.9534883720930233,0.046511627906976716,0.3647668121352332,43,0.0011219147344801795,0.0015203344735841885,0.8,0.5,2.529968575387155,,3.003258987328545,0.00985576923076923,,,,,,results/T-sweep-nonDyck-3/distributions/bbaN_L128_T256_ebsampler_categorical_gamma0.9.json
unconditional,bbaN,128,gaussian,categorical,5.0,,256,5,0.95,0.022804,0.932,0.022271,0.886,0.032619,0.82,0.041952,222.576,256,False,144.97,410,False,0.9560975609756097,0.04390243902439028,0.31698702113914634,200,9.215174320380894e-05,0.0001244322777328439,0.8,0.5,4.417838508221574,,3.881042123751711,0.09423076923076923,,,,,,results/T-sweep-nonDyck-3/distributions/bbaN_L128_T256_gaussian_categorical_sigma5.0.json
unconditional,aNbN,128,uniform,greedy,,,8,5,0.44,0.046043,1.0,0.0,0.44,0.046043,0.396,0.034409,3.826,8,False,3.02,198,False,0.10101010101010101,0.898989898989899,0.05938438700228651,198,0.00021324992891669036,0.00028839221341023794,,,2.631819085445577,0.3125,,,,,,,,results/T-sweep-nonDyck-3/distributions/aNbN_L128_T8_uniform_greedy_none.json
unconditional,aNbN,128,uniform,greedy,,,2,5,0.004,0.004899,1.0,0.0,0.004,0.004899,0.0,0.0,1.0,1,False,4.85,0,True,,,,0,,,,,,,,,,,,,,results/T-sweep-nonDyck-3/distributions/aNbN_L128_T2_uniform_greedy_none.json
unconditional,bbaN,128,ebsampler,categorical,,0.1,8,5,0.972,0.014697,0.978,0.017205,0.95,0.030332,0.94,0.031623,52.924,109,False,36.14,470,False,0.9148936170212766,0.08510638297872342,0.3020449460946149,200,7.560102817398316e-05,0.00010200958890135672,0.8,0.5,4.518667608516943,,3.8556891932944577,0.10336538461538461,,,,,,results/T-sweep-nonDyck-3/distributions/bbaN_L128_T8_ebsampler_categorical_gamma0.1.json
unconditional,aNbN,128,uniform,categorical,,,1,5,0.078,0.021354,0.0,0.0,0.0,0.0,0.38,0.027568,1.0,1,False,1.34,0,True,,,,0,,,,,,,,,,,,,,results/T-sweep-nonDyck-3/distributions/aNbN_L128_T1_uniform_categorical_none.json
unconditional,bbaN,128,ebsampler,categorical,,0.5,256,5,0.624,0.033226,0.69,0.054037,0.342,0.023152,0.14,0.024495,11.408,45,False,9.21,70,False,0.9285714285714286,0.0714285714285714,0.36926753435758347,70,0.0005782575173477255,0.0007815552950371239,0.8,0.5,3.3815773008716303,,3.3786106664841187,0.015625,,,,,,results/T-sweep-nonDyck-3/distributions/bbaN_L128_T256_ebsampler_categorical_gamma0.5.json
unconditional,aNbN,128,uniform,greedy,,,16,5,0.754,0.04128,1.0,0.0,0.754,0.04128,0.722,0.051536,11.974,16,False,4.78,361,False,0.09141274238227147,0.9085872576177285,0.08247519894823588,200,0.00011406410402646287,0.00015420200462606013,,,3.0620874680368906,0.515625,,,,,,,,results/T-sweep-nonDyck-3/distributions/aNbN_L128_T16_uniform_greedy_none.json
unconditional,aNbN,128,uniform,categorical,,,8,5,0.148,0.039699,0.53,0.049396,0.082,0.022271,0.01,0.006325,1.07,8,False,2.65,5,False,1.0,0.0,0.44565217391304346,5,0.01675977653631285,0.022988505747126436,,,1.6094379124341005,0.078125,,,,,,,,results/T-sweep-nonDyck-3/distributions/aNbN_L128_T8_uniform_categorical_none.json
unconditional,aNbN,128,uniform,categorical,,,16,5,0.258,0.029933,0.818,0.011662,0.208,0.027857,0.092,0.019391,2.526,16,False,2.51,46,False,0.5217391304347826,0.4782608695652174,0.21563962249187088,46,0.0010885341074020319,0.0014760147601476014,,,3.024227849917982,0.375,,,,,,,,results/T-sweep-nonDyck-3/distributions/aNbN_L128_T16_uniform_categorical_none.json
unconditional,aNbN,128,uniform,categorical,,,4,5,0.126,0.034986,0.162,0.011662,0.016,0.010198,0.0,0.0,1.0,1,False,3.28,0,True,,,,0,,,,,,,,,,,,,,results/T-sweep-nonDyck-3/distributions/aNbN_L128_T4_uniform_categorical_none.json
unconditional,aNbN,128,uniform,categorical,,,2,5,0.064,0.017436,0.02,0.012649,0.002,0.004,0.0,0.0,1.0,1,False,5.1,0,True,,,,0,,,,,,,,,,,,,,results/T-sweep-nonDyck-3/distributions/aNbN_L128_T2_uniform_categorical_none.json
unconditional,aNbN,128,uniform,greedy,,,32,5,0.912,0.019391,1.0,0.0,0.912,0.019391,0.896,0.023324,28.93,32,False,9.03,448,False,0.11383928571428571,0.8861607142857143,0.123884393254212,200,9.27873314363479e-05,0.00012545477355413375,,,3.406434771400052,0.796875,,,,,,,,results/T-sweep-nonDyck-3/distributions/aNbN_L128_T32_uniform_greedy_none.json
unconditional,aNbN,128,gaussian,greedy,1.0,,1,5,0.0,0.0,1.0,0.0,0.0,0.0,0.0,0.0,1.0,1,False,0.96,0,True,,,,0,,,,,,,,,,,,,,results/T-sweep-nonDyck-3/distributions/aNbN_L128_T1_gaussian_greedy_sigma1.0.json
unconditional,aNbN,128,uniform,categorical,,,32,5,0.494,0.056427,0.916,0.021541,0.462,0.036551,0.364,0.042708,12.67,32,False,5.58,182,False,0.3241758241758242,0.6758241758241759,0.24819947476894666,182,0.0002512562814070352,0.0003401939105290015,,,3.882148903542096,0.921875,,,,,,,,results/T-sweep-nonDyck-3/distributions/aNbN_L128_T32_uniform_categorical_none.json
unconditional,aNbN,128,gaussian,greedy,5.0,,1,5,0.0,0.0,1.0,0.0,0.0,0.0,0.0,0.0,1.0,1,False,0.86,0,True,,,,0,,,,,,,,,,,,,,results/T-sweep-nonDyck-3/distributions/aNbN_L128_T1_gaussian_greedy_sigma5.0.json
unconditional,aNbN,128,gaussian,greedy,2.0,,1,5,0.0,0.0,1.0,0.0,0.0,0.0,0.0,0.0,1.0,1,False,1.37,0,True,,,,0,,,,,,,,,,,,,,results/T-sweep-nonDyck-3/distributions/aNbN_L128_T1_gaussian_greedy_sigma2.0.json
unconditional,aNbN,128,gaussian,greedy,20.0,,1,5,0.0,0.0,1.0,0.0,0.0,0.0,0.0,0.0,1.0,1,False,0.85,0,True,,,,0,,,,,,,,,,,,,,results/T-sweep-nonDyck-3/distributions/aNbN_L128_T1_gaussian_greedy_sigma20.0.json
unconditional,aNbN,128,gaussian,greedy,10.0,,1,5,0.0,0.0,1.0,0.0,0.0,0.0,0.0,0.0,1.0,1,False,1.38,0,True,,,,0,,,,,,,,,,,,,,results/T-sweep-nonDyck-3/distributions/aNbN_L128_T1_gaussian_greedy_sigma10.0.json
unconditional,aNbN,128,gaussian,greedy,50.0,,1,5,0.0,0.0,1.0,0.0,0.0,0.0,0.0,0.0,1.0,1,False,1.37,0,True,,,,0,,,,,,,,,,,,,,results/T-sweep-nonDyck-3/distributions/aNbN_L128_T1_gaussian_greedy_sigma50.0.json
unconditional,bbaN,128,ebsampler,categorical,,0.1,16,5,0.972,0.014697,0.978,0.017205,0.95,0.030332,0.94,0.031623,52.924,109,False,36.45,470,False,0.9148936170212766,0.08510638297872342,0.3020449460946149,200,7.560102817398316e-05,0.00010200958890135672,0.8,0.5,4.518667608516943,,3.8556891932944577,0.10336538461538461,,,,,,results/T-sweep-nonDyck-3/distributions/bbaN_L128_T16_ebsampler_categorical_gamma0.1.json
unconditional,aNbN,128,gaussian,greedy,100.0,,1,5,0.0,0.0,1.0,0.0,0.0,0.0,0.0,0.0,1.0,1,False,0.9,0,True,,,,0,,,,,,,,,,,,,,results/T-sweep-nonDyck-3/distributions/aNbN_L128_T1_gaussian_greedy_sigma100.0.json
unconditional,baN,128,ebsampler,categorical,,0.5,32,5,1.0,0.0,1.0,0.0,1.0,0.0,1.0,0.0,128.0,128,False,1191.26,500,False,1.0,0.0,0.15902156824114272,200,6.350819255683983e-05,0.00012803277639075603,0.75,0.625,,,,,,,,,,results/T-sweep-nonDyck-3/distributions/baN_L128_T32_ebsampler_categorical_gamma0.5.json
unconditional,aNbN,128,gaussian,greedy,1.0,,2,5,0.976,0.010198,1.0,0.0,0.976,0.010198,0.976,0.010198,1.978,3,False,1.87,488,False,0.0020491803278688526,0.9979508196721312,0.0,200,7.232401157184185e-05,9.75800156128025e-05,,,0.0,0.015625,,,,,,,,results/T-sweep-nonDyck-3/distributions/aNbN_L128_T2_gaussian_greedy_sigma1.0.json
unconditional,aNbN,128,uniform,greedy,,,64,5,0.942,0.019391,1.0,0.0,0.942,0.019391,0.936,0.018547,60.114,64,False,12.29,468,False,0.11752136752136752,0.8824786324786325,0.1674593394796621,200,8.983649757441457e-05,0.00012148454109214603,,,3.700360392942266,0.859375,,,,,,,,results/T-sweep-nonDyck-3/distributions/aNbN_L128_T64_uniform_greedy_none.json
unconditional,aNbN,128,gaussian,greedy,2.0,,2,5,0.766,0.036111,1.0,0.0,0.766,0.036111,0.766,0.036111,1.77,3,False,2.46,383,False,0.0026109660574412533,0.9973890339425587,0.0,200,9.215174320380894e-05,0.00012433171702101205,,,0.0,0.015625,,,,,,,,results/T-sweep-nonDyck-3/distributions/aNbN_L128_T2_gaussian_greedy_sigma2.0.json
unconditional,aNbN,128,gaussian,greedy,10.0,,2,5,0.028,0.016,1.0,0.0,0.028,0.016,0.028,0.016,1.03,3,False,2.97,14,False,0.07142857142857142,0.9285714285714286,0.0,14,0.0025210084033613447,0.003401360544217687,,,0.0,0.015625,,,,,,,,results/T-sweep-nonDyck-3/distributions/aNbN_L128_T2_gaussian_greedy_sigma10.0.json
unconditional,aNbN,128,gaussian,greedy,20.0,,2,5,0.004,0.004899,1.0,0.0,0.004,0.004899,0.004,0.004899,1.006,3,False,3.0,2,True,,,,2,,,,,0.6931471805599453,0.03125,,,,,,,,results/T-sweep-nonDyck-3/distributions/aNbN_L128_T2_gaussian_greedy_sigma20.0.json
unconditional,aNbN,128,gaussian,greedy,5.0,,2,5,0.25,0.05099,1.0,0.0,0.25,0.05099,0.25,0.05099,1.258,3,False,4.45,125,False,0.008,0.992,0.0,125,0.00028235294117647056,0.00038095238095238096,,,0.0,0.015625,,,,,,,,results/T-sweep-nonDyck-3/distributions/aNbN_L128_T2_gaussian_greedy_sigma5.0.json
unconditional,bbaN,128,ebsampler,categorical,,0.1,32,5,0.972,0.014697,0.978,0.017205,0.95,0.030332,0.94,0.031623,52.924,109,False,35.96,470,False,0.9148936170212766,0.08510638297872342,0.3020449460946149,200,7.560102817398316e-05,0.00010200958890135672,0.8,0.5,4.518667608516943,,3.8556891932944577,0.10336538461538461,,,,,,results/T-sweep-nonDyck-3/distributions/bbaN_L128_T32_ebsampler_categorical_gamma0.1.json
unconditional,aNbN,128,gaussian,greedy,100.0,,2,5,0.0,0.0,1.0,0.0,0.0,0.0,0.0,0.0,1.0,1,False,3.25,0,True,,,,0,,,,,,,,,,,,,,results/T-sweep-nonDyck-3/distributions/aNbN_L128_T2_gaussian_greedy_sigma100.0.json
unconditional,aNbN,128,gaussian,greedy,2.0,,4,5,1.0,0.0,1.0,0.0,1.0,0.0,1.0,0.0,4.008,5,False,1.79,500,False,0.01,0.99,0.0083766097705583,200,6.347325660121869e-05,8.553588230262595e-05,,,1.166437848960803,0.078125,,,,,,,,results/T-sweep-nonDyck-3/distributions/aNbN_L128_T4_gaussian_greedy_sigma2.0.json
unconditional,aNbN,128,gaussian,greedy,5.0,,4,5,1.0,0.0,1.0,0.0,1.0,0.0,1.0,0.0,4.054,5,False,1.83,500,False,0.024,0.976,0.019619356790188596,200,6.310209919649994e-05,8.503039836741636e-05,,,1.9213890502599713,0.1875,,,,,,,,results/T-sweep-nonDyck-3/distributions/aNbN_L128_T4_gaussian_greedy_sigma5.0.json
unconditional,aNbN,128,gaussian,greedy,1.0,,4,5,1.0,0.0,1.0,0.0,1.0,0.0,1.0,0.0,4.002,5,False,2.93,500,False,0.006,0.994,0.004983179671311482,200,6.332320162107397e-05,8.53315129277242e-05,,,0.7298907617959434,0.046875,,,,,,,,results/T-sweep-nonDyck-3/distributions/aNbN_L128_T4_gaussian_greedy_sigma1.0.json
unconditional,aNbN,128,gaussian,greedy,100.0,,4,5,0.41,0.039497,1.0,0.0,0.41,0.039497,0.388,0.048332,2.556,5,False,1.77,194,False,0.10824742268041238,0.8917525773195876,0.06952187315537482,194,0.00020466639377814163,0.0002765486725663717,,,2.7808737386182876,0.328125,,,,,,,,results/T-sweep-nonDyck-3/distributions/aNbN_L128_T4_gaussian_greedy_sigma100.0.json
unconditional,bbaN,128,gaussian,categorical,20.0,,256,5,0.944,0.025768,0.932,0.013266,0.898,0.024819,0.874,0.010198,225.266,256,False,142.39,437,False,0.9519450800915332,0.048054919908466776,0.3116178186426645,200,8.259002312520647e-05,0.00011146097472622398,0.8,0.5,4.512789337537221,,3.907972832294796,0.1,,,,,,results/T-sweep-nonDyck-3/distributions/bbaN_L128_T256_gaussian_categorical_sigma20.0.json
unconditional,aNbN,128,gaussian,greedy,50.0,,4,5,0.532,0.046217,1.0,0.0,0.532,0.046217,0.524,0.042237,2.996,5,False,2.11,262,False,0.10305343511450382,0.8969465648854962,0.08160185135573639,200,0.0001380961148959676,0.00018637592023110615,,,3.0859063684715333,0.421875,,,,,,,,results/T-sweep-nonDyck-3/distributions/aNbN_L128_T4_gaussian_greedy_sigma50.0.json
unconditional,aNbN,128,gaussian,greedy,50.0,,2,5,0.0,0.0,1.0,0.0,0.0,0.0,0.0,0.0,1.0,1,False,5.77,0,True,,,,0,,,,,,,,,,,,,,results/T-sweep-nonDyck-3/distributions/aNbN_L128_T2_gaussian_greedy_sigma50.0.json
unconditional,aNbN,128,gaussian,greedy,10.0,,4,5,0.996,0.004899,1.0,0.0,0.996,0.004899,0.996,0.004899,4.072,5,False,2.9,498,False,0.04417670682730924,0.9558232931726908,0.03713654980102826,200,6.290626965820927e-05,8.476012883539582e-05,,,2.4889460932276157,0.34375,,,,,,,,results/T-sweep-nonDyck-3/distributions/aNbN_L128_T4_gaussian_greedy_sigma10.0.json
unconditional,aNbN,128,gaussian,greedy,20.0,,4,5,0.84,0.028983,1.0,0.0,0.84,0.028983,0.822,0.029257,3.846,5,False,3.18,411,False,0.058394160583941604,0.9416058394160584,0.058839382724432975,200,7.810262685168312e-05,0.00010526315789473685,,,2.8805512158085156,0.375,,,,,,,,results/T-sweep-nonDyck-3/distributions/aNbN_L128_T4_gaussian_greedy_sigma20.0.json
unconditional,aNbN,128,gaussian,greedy,1.0,,8,5,1.0,0.0,1.0,0.0,1.0,0.0,1.0,0.0,8.002,9,False,3.24,500,False,0.012,0.988,0.0366054083529933,200,5.710370031978072e-05,7.686985932815743e-05,,,1.1080700957393708,0.09375,,,,,,,,results/T-sweep-nonDyck-3/distributions/aNbN_L128_T8_gaussian_greedy_sigma1.0.json
unconditional,aNbN,128,uniform,categorical,,,64,5,0.702,0.041665,0.962,0.022271,0.686,0.054991,0.622,0.056356,40.876,64,False,14.71,311,False,0.20257234726688103,0.797427652733119,0.2864213855308092,200,0.00014647722279185587,0.00019831432821021318,,,4.013689687654429,0.984375,,,,,,,,results/T-sweep-nonDyck-3/distributions/aNbN_L128_T64_uniform_categorical_none.json
unconditional,bbaN,128,ebsampler,categorical,,0.1,256,5,0.972,0.014697,0.978,0.017205,0.95,0.030332,0.94,0.031623,52.924,109,False,28.54,470,False,0.9148936170212766,0.08510638297872342,0.3020449460946149,200,7.560102817398316e-05,0.00010200958890135672,0.8,0.5,4.518667608516943,,3.8556891932944577,0.10336538461538461,,,,,,results/T-sweep-nonDyck-3/distributions/bbaN_L128_T256_ebsampler_categorical_gamma0.1.json
unconditional,aNbN,128,gaussian,greedy,5.0,,8,5,1.0,0.0,1.0,0.0,1.0,0.0,1.0,0.0,8.034,9,False,3.13,500,False,0.034,0.966,0.043602721373078364,200,6.044487427466151e-05,8.141333550435561e-05,,,2.3859429012374855,0.265625,,,,,,,,results/T-sweep-nonDyck-3/distributions/aNbN_L128_T8_gaussian_greedy_sigma5.0.json
unconditional,bbaN,128,ebsampler,categorical,,0.1,64,5,0.972,0.014697,0.978,0.017205,0.95,0.030332,0.94,0.031623,52.924,109,False,37.22,470,False,0.9148936170212766,0.08510638297872342,0.3020449460946149,200,7.560102817398316e-05,0.00010200958890135672,0.8,0.5,4.518667608516943,,3.8556891932944577,0.10336538461538461,,,,,,results/T-sweep-nonDyck-3/distributions/bbaN_L128_T64_ebsampler_categorical_gamma0.1.json
unconditional,aNbN,128,gaussian,greedy,20.0,,8,5,0.926,0.028705,1.0,0.0,0.926,0.028705,0.926,0.028705,7.81,9,False,3.46,463,False,0.056155507559395246,0.9438444924406048,0.06752786803038059,200,6.79671039217019e-05,9.158347834050737e-05,,,3.0789691041807106,0.40625,,,,,,,,results/T-sweep-nonDyck-3/distributions/aNbN_L128_T8_gaussian_greedy_sigma20.0.json
unconditional,aNbN,128,gaussian,greedy,2.0,,8,5,1.0,0.0,1.0,0.0,1.0,0.0,1.0,0.0,8.008,9,False,5.09,500,False,0.018,0.982,0.0431127918157386,200,5.8559437829396835e-05,7.88488074117879e-05,,,1.6160525221001734,0.140625,,,,,,,,results/T-sweep-nonDyck-3/distributions/aNbN_L128_T8_gaussian_greedy_sigma2.0.json
unconditional,aNbN,128,gaussian,greedy,50.0,,8,5,0.802,0.020396,1.0,0.0,0.802,0.020396,0.8,0.020976,7.354,9,False,4.78,400,False,0.0875,0.9125,0.09233197305450942,200,8.341675008341675e-05,0.00011247328759419637,,,3.3064954675229203,0.546875,,,,,,,,results/T-sweep-nonDyck-3/distributions/aNbN_L128_T8_gaussian_greedy_sigma50.0.json
unconditional,aNbN,128,gaussian,greedy,100.0,,8,5,0.752,0.022271,1.0,0.0,0.752,0.022271,0.744,0.020591,7.074,9,False,4.47,372,False,0.10752688172043011,0.8924731182795699,0.10742125186338027,200,9.9147332936744e-05,0.00013384193267750787,,,3.4139979415226636,0.625,,,,,,,,results/T-sweep-nonDyck-3/distributions/aNbN_L128_T8_gaussian_greedy_sigma100.0.json
unconditional,aNbN,128,gaussian,greedy,10.0,,8,5,0.994,0.004899,1.0,0.0,0.994,0.004899,0.994,0.004899,8.046,9,False,5.14,497,False,0.052313883299798795,0.9476861167002012,0.049549479301603624,200,6.110601894286588e-05,8.230791390592206e-05,,,2.8103991497037772,0.40625,,,,,,,,results/T-sweep-nonDyck-3/distributions/aNbN_L128_T8_gaussian_greedy_sigma10.0.json
unconditional,bbaN,128,ebsampler,categorical,,0.1,128,5,0.972,0.014697,0.978,0.017205,0.95,0.030332,0.94,0.031623,52.924,109,False,36.68,470,False,0.9148936170212766,0.08510638297872342,0.3020449460946149,200,7.560102817398316e-05,0.00010200958890135672,0.8,0.5,4.518667608516943,,3.8556891932944577,0.10336538461538461,,,,,,results/T-sweep-nonDyck-3/distributions/bbaN_L128_T128_ebsampler_categorical_gamma0.1.json
unconditional,baN,128,ebsampler,categorical,,0.1,32,5,1.0,0.0,1.0,0.0,1.0,0.0,1.0,0.0,128.0,128,False,1222.72,500,False,1.0,0.0,0.15902156824114272,200,6.350819255683983e-05,0.00012803277639075603,0.75,0.625,,,,,,,,,,results/T-sweep-nonDyck-3/distributions/baN_L128_T32_ebsampler_categorical_gamma0.1.json
unconditional,aNbN,128,gaussian,greedy,20.0,,16,5,0.97,0.012649,1.0,0.0,0.97,0.012649,0.97,0.012649,15.464,17,False,5.61,485,False,0.06804123711340206,0.931958762886598,0.07935092085212474,200,6.200268678309393e-05,8.350730688935282e-05,,,3.2321959091698753,0.515625,,,,,,,,results/T-sweep-nonDyck-3/distributions/aNbN_L128_T16_gaussian_greedy_sigma20.0.json
unconditional,aNbN,128,gaussian,greedy,100.0,,16,5,0.876,0.031369,1.0,0.0,0.876,0.031369,0.874,0.032,14.99,17,False,5.18,437,False,0.11212814645308924,0.8878718535469108,0.12193753727509463,200,8.302200083022001e-05,0.00011205109529945655,,,3.6091255654219574,0.765625,,,,,,,,results/T-sweep-nonDyck-3/distributions/aNbN_L128_T16_gaussian_greedy_sigma100.0.json
unconditional,aNbN,128,gaussian,greedy,1.0,,16,5,1.0,0.0,1.0,0.0,1.0,0.0,1.0,0.0,16.002,17,False,9.3,500,False,0.012,0.988,0.016037916895868302,200,5.142093174728326e-05,6.915390200892085e-05,,,1.100683572811324,0.09375,,,,,,,,results/T-sweep-nonDyck-3/distributions/aNbN_L128_T16_gaussian_greedy_sigma1.0.json
unconditional,aNbN,128,gaussian,greedy,2.0,,16,5,1.0,0.0,1.0,0.0,1.0,0.0,1.0,0.0,16.01,17,False,9.54,500,False,0.024,0.976,0.02214297292916194,200,5.208152494705045e-05,7.005008581135511e-05,,,1.8135497318984894,0.1875,,,,,,,,results/T-sweep-nonDyck-3/distributions/aNbN_L128_T16_gaussian_greedy_sigma2.0.json
unconditional,aNbN,128,gaussian,greedy,50.0,,16,5,0.894,0.016248,1.0,0.0,0.894,0.016248,0.894,0.016248,15.01,17,False,8.24,447,False,0.10067114093959731,0.8993288590604027,0.09854316219151042,200,7.332274227056092e-05,9.884353069091628e-05,,,3.469338018455044,0.703125,,,,,,,,results/T-sweep-nonDyck-3/distributions/aNbN_L128_T16_gaussian_greedy_sigma50.0.json
unconditional,aNbN,128,gaussian,greedy,5.0,,16,5,1.0,0.0,1.0,0.0,1.0,0.0,1.0,0.0,15.84,17,False,9.79,500,False,0.042,0.958,0.03627278846393555,200,5.377114998566103e-05,7.234319612240469e-05,,,2.557964638749808,0.328125,,,,,,,,results/T-sweep-nonDyck-3/distributions/aNbN_L128_T16_gaussian_greedy_sigma5.0.json
unconditional,baN,128,ebsampler,categorical,,0.5,16,5,1.0,0.0,1.0,0.0,1.0,0.0,1.0,0.0,128.0,128,False,1380.68,500,False,1.0,0.0,0.15902156824114272,200,6.350819255683983e-05,0.00012803277639075603,0.75,0.625,,,,,,,,,,results/T-sweep-nonDyck-3/distributions/baN_L128_T16_ebsampler_categorical_gamma0.5.json
unconditional,aNbN,128,gaussian,greedy,10.0,,16,5,1.0,0.0,1.0,0.0,1.0,0.0,1.0,0.0,15.666,17,False,9.39,500,False,0.056,0.944,0.056716572553489095,200,5.701254275940707e-05,7.674597083653108e-05,,,3.0327021007313073,0.4375,,,,,,,,results/T-sweep-nonDyck-3/distributions/aNbN_L128_T16_gaussian_greedy_sigma10.0.json
unconditional,aNbN,128,uniform,categorical,,,128,5,0.86,0.026077,0.984,0.012,0.85,0.027568,0.814,0.027276,104.87,128,False,26.37,407,False,0.15724815724815724,0.8427518427518428,0.2966598965342684,200,0.00011546010853250202,0.00015639662183296842,,,4.058688045353801,1.0,,,,,,,,results/T-sweep-nonDyck-3/distributions/aNbN_L128_T128_uniform_categorical_none.json
unconditional,aNbN,128,gaussian,greedy,100.0,,32,5,0.962,0.007483,1.0,0.0,0.962,0.007483,0.958,0.007483,31.236,33,False,9.26,479,False,0.10855949895615867,0.8914405010438413,0.1496121223807385,200,7.300513469447351e-05,9.848820603732703e-05,,,3.719171287973828,0.8125,,,,,,,,results/T-sweep-nonDyck-3/distributions/aNbN_L128_T32_gaussian_greedy_sigma100.0.json
unconditional,aNbN,128,uniform,greedy,,,128,5,0.982,0.004,1.0,0.0,0.982,0.004,0.982,0.004,125.198,128,False,37.15,491,False,0.12219959266802444,0.8778004073319756,0.19084788545947629,200,8.614006374364717e-05,0.00011649580615097856,,,3.8396180352252114,0.9375,,,,,,,,results/T-sweep-nonDyck-3/distributions/aNbN_L128_T128_uniform_greedy_none.json
unconditional,aNbN,128,gaussian,greedy,1.0,,32,5,1.0,0.0,1.0,0.0,1.0,0.0,1.0,0.0,31.978,33,False,17.74,500,False,0.016,0.984,0.010136073993912307,200,4.918355301987015e-05,6.612007405448295e-05,,,1.3156792666257195,0.125,,,,,,,,results/T-sweep-nonDyck-3/distributions/aNbN_L128_T32_gaussian_greedy_sigma1.0.json
unconditional,aNbN,128,gaussian,greedy,20.0,,32,5,0.988,0.007483,1.0,0.0,0.988,0.007483,0.988,0.007483,30.518,33,False,16.94,494,False,0.06882591093117409,0.9311740890688259,0.08140427844551913,200,5.963266279716944e-05,8.029871120568515e-05,,,3.286344787672537,0.53125,,,,,,,,results/T-sweep-nonDyck-3/distributions/aNbN_L128_T32_gaussian_greedy_sigma20.0.json
unconditional,aNbN,128,gaussian,greedy,10.0,,32,5,1.0,0.0,1.0,0.0,1.0,0.0,1.0,0.0,30.752,33,False,18.11,500,False,0.058,0.942,0.05192689923106156,200,5.469063331753382e-05,7.359163998969718e-05,,,3.016149554415785,0.453125,,,,,,,,results/T-sweep-nonDyck-3/distributions/aNbN_L128_T32_gaussian_greedy_sigma10.0.json
unconditional,aNbN,128,gaussian,greedy,5.0,,32,5,1.0,0.0,1.0,0.0,1.0,0.0,1.0,0.0,31.1,33,False,18.51,500,False,0.038,0.962,0.03299949551747145,200,5.154639175257732e-05,6.932409012131716e-05,,,2.5402473166996598,0.296875,,,,,,,,results/T-sweep-nonDyck-3/distributions/aNbN_L128_T32_gaussian_greedy_sigma5.0.json
unconditional,aNbN,128,gaussian,greedy,50.0,,32,5,0.948,0.011662,1.0,0.0,0.948,0.011662,0.946,0.008,30.352,33,False,15.56,473,False,0.09513742071881606,0.904862579281184,0.11197711186783507,200,6.802258349772124e-05,9.168003667201467e-05,,,3.553535548515541,0.703125,,,,,,,,results/T-sweep-nonDyck-3/distributions/aNbN_L128_T32_gaussian_greedy_sigma50.0.json
unconditional,aNbN,128,gaussian,greedy,2.0,,32,5,1.0,0.0,1.0,0.0,1.0,0.0,1.0,0.0,31.552,33,False,18.88,500,False,0.022,0.978,0.015581474995744736,200,4.9544193420531116e-05,6.6608938919603e-05,,,1.8935870296738302,0.171875,,,,,,,,results/T-sweep-nonDyck-3/distributions/aNbN_L128_T32_gaussian_greedy_sigma2.0.json
unconditional,aNbN,128,gaussian,greedy,1.0,,64,5,1.0,0.0,1.0,0.0,1.0,0.0,1.0,0.0,63.16,65,False,23.62,500,False,0.012,0.988,0.008380272344861437,200,4.812937175126741e-05,6.469142191745374e-05,,,1.3419089199999117,0.09375,,,,,,,,results/T-sweep-nonDyck-3/distributions/aNbN_L128_T64_gaussian_greedy_sigma1.0.json
unconditional,aNbN,128,gaussian,greedy,100.0,,64,5,0.978,0.007483,1.0,0.0,0.978,0.007483,0.976,0.010198,62.468,65,False,29.2,488,False,0.10655737704918032,0.8934426229508197,0.15583422330139055,200,7.16708872855846e-05,9.668842156151801e-05,,,3.756951624377885,0.8125,,,,,,,,results/T-sweep-nonDyck-3/distributions/aNbN_L128_T64_gaussian_greedy_sigma100.0.json
unconditional,aNbN,128,gaussian,greedy,50.0,,64,5,0.976,0.004899,1.0,0.0,0.976,0.004899,0.976,0.004899,61.294,65,False,30.59,488,False,0.09221311475409837,0.9077868852459017,0.11284210140833845,200,6.524575902566333e-05,8.792754770069463e-05,,,3.5694664004818497,0.703125,,,,,,,,results/T-sweep-nonDyck-3/distributions/aNbN_L128_T64_gaussian_greedy_sigma50.0.json
unconditional,aNbN,128,gaussian,greedy,2.0,,64,5,1.0,0.0,1.0,0.0,1.0,0.0,1.0,0.0,62.664,65,False,34.97,500,False,0.018,0.982,0.012635408180549618,200,4.8603460566392325e-05,6.533385600418136e-05,,,1.7146130798973829,0.140625,,,,,,,,results/T-sweep-nonDyck-3/distributions/aNbN_L128_T64_gaussian_greedy_sigma2.0.json
unconditional,aNbN,128,gaussian,greedy,10.0,,64,5,1.0,0.0,1.0,0.0,1.0,0.0,1.0,0.0,61.006,65,False,34.1,500,False,0.056,0.944,0.05486678541996774,200,5.3800078906782394e-05,7.238246896601644e-05,,,2.9858739914803727,0.4375,,,,,,,,results/T-sweep-nonDyck-3/distributions/aNbN_L128_T64_gaussian_greedy_sigma10.0.json
unconditional,aNbN,128,gaussian,greedy,5.0,,64,5,1.0,0.0,1.0,0.0,1.0,0.0,1.0,0.0,61.716,65,False,34.81,500,False,0.038,0.962,0.030624361114645844,200,5.0644878114660004e-05,6.810133478616181e-05,,,2.462219930977198,0.296875,,,,,,,,results/T-sweep-nonDyck-3/distributions/aNbN_L128_T64_gaussian_greedy_sigma5.0.json
unconditional,aNbN,128,gaussian,greedy,20.0,,64,5,0.988,0.011662,1.0,0.0,0.988,0.011662,0.988,0.011662,60.564,65,False,34.31,494,False,0.06882591093117409,0.9311740890688259,0.08510945253090003,200,5.8733701397862095e-05,7.907638779060572e-05,,,3.329307962233124,0.53125,,,,,,,,results/T-sweep-nonDyck-3/distributions/aNbN_L128_T64_gaussian_greedy_sigma20.0.json
unconditional,aNbN,128,gaussian,categorical,1.0,,1,5,0.078,0.021354,0.0,0.0,0.0,0.0,0.38,0.027568,1.0,1,False,1.36,0,True,,,,0,,,,,,,,,,,,,,results/T-sweep-nonDyck-3/distributions/aNbN_L128_T1_gaussian_categorical_sigma1.0.json
unconditional,aNbN,128,gaussian,categorical,2.0,,1,5,0.078,0.021354,0.0,0.0,0.0,0.0,0.38,0.027568,1.0,1,False,1.38,0,True,,,,0,,,,,,,,,,,,,,results/T-sweep-nonDyck-3/distributions/aNbN_L128_T1_gaussian_categorical_sigma2.0.json
unconditional,aNbN,128,gaussian,categorical,5.0,,1,5,0.078,0.021354,0.0,0.0,0.0,0.0,0.374,0.029394,1.0,1,False,1.34,0,True,,,,0,,,,,,,,,,,,,,results/T-sweep-nonDyck-3/distributions/aNbN_L128_T1_gaussian_categorical_sigma5.0.json
unconditional,aNbN,128,gaussian,categorical,10.0,,1,5,0.08,0.025298,0.0,0.0,0.0,0.0,0.362,0.034871,1.0,1,False,1.38,0,True,,,,0,,,,,,,,,,,,,,results/T-sweep-nonDyck-3/distributions/aNbN_L128_T1_gaussian_categorical_sigma10.0.json
unconditional,aNbN,128,gaussian,categorical,20.0,,1,5,0.08,0.025298,0.0,0.0,0.0,0.0,0.34,0.046904,1.0,1,False,1.34,0,True,,,,0,,,,,,,,,,,,,,results/T-sweep-nonDyck-3/distributions/aNbN_L128_T1_gaussian_categorical_sigma20.0.json
unconditional,aNbN,128,gaussian,categorical,50.0,,1,5,0.08,0.030332,0.0,0.0,0.0,0.0,0.256,0.050438,1.0,1,False,1.39,0,True,,,,0,,,,,,,,,,,,,,results/T-sweep-nonDyck-3/distributions/aNbN_L128_T1_gaussian_categorical_sigma50.0.json
unconditional,aNbN,128,gaussian,categorical,100.0,,1,5,0.078,0.046217,0.0,0.0,0.0,0.0,0.172,0.063687,1.0,1,False,1.38,0,True,,,,0,,,,,,,,,,,,,,results/T-sweep-nonDyck-3/distributions/aNbN_L128_T1_gaussian_categorical_sigma100.0.json
unconditional,aNbN,128,uniform,greedy,,,256,5,0.996,0.004899,1.0,0.0,0.996,0.004899,0.996,0.004899,252.57,255,False,70.99,498,False,0.11847389558232932,0.8815261044176707,0.20530766619249233,200,8.527087715308965e-05,0.00011532695190866105,,,3.868803507937783,0.921875,,,,,,,,results/T-sweep-nonDyck-3/distributions/aNbN_L128_T256_uniform_greedy_none.json
unconditional,aNbN,128,uniform,categorical,,,256,5,0.908,0.011662,0.992,0.007483,0.9,0.016733,0.876,0.017436,223.448,255,False,67.37,438,False,0.1461187214611872,0.8538812785388128,0.3252801263675925,200,0.00010768126346015793,0.00014586828094230908,,,4.088421917403128,1.0,,,,,,,,results/T-sweep-nonDyck-3/distributions/aNbN_L128_T256_uniform_categorical_none.json
unconditional,aNbN,128,gaussian,categorical,1.0,,2,5,0.0,0.0,0.0,0.0,0.0,0.0,0.0,0.0,1.0,1,False,5.42,0,True,,,,0,,,,,,,,,,,,,,results/T-sweep-nonDyck-3/distributions/aNbN_L128_T2_gaussian_categorical_sigma1.0.json
unconditional,aNbN,128,gaussian,categorical,2.0,,2,5,0.0,0.0,0.0,0.0,0.0,0.0,0.0,0.0,1.0,1,False,5.23,0,True,,,,0,,,,,,,,,,,,,,results/T-sweep-nonDyck-3/distributions/aNbN_L128_T2_gaussian_categorical_sigma2.0.json
unconditional,aNbN,128,gaussian,greedy,1.0,,128,5,1.0,0.0,1.0,0.0,1.0,0.0,1.0,0.0,125.852,128,False,43.83,500,False,0.012,0.988,0.007399194469778708,200,4.777830864787386e-05,6.42157649703002e-05,,,1.134459939520118,0.09375,,,,,,,,results/T-sweep-nonDyck-3/distributions/aNbN_L128_T128_gaussian_greedy_sigma1.0.json
unconditional,baN,128,ebsampler,categorical,,0.1,128,5,1.0,0.0,1.0,0.0,1.0,0.0,1.0,0.0,128.0,128,False,839.33,500,False,1.0,0.0,0.15902156824114272,200,6.350819255683983e-05,0.00012803277639075603,0.75,0.625,,,,,,,,,,results/T-sweep-nonDyck-3/distributions/baN_L128_T128_ebsampler_categorical_gamma0.1.json
unconditional,aNbN,128,gaussian,categorical,5.0,,2,5,0.0,0.0,0.0,0.0,0.0,0.0,0.0,0.0,1.0,1,False,4.89,0,True,,,,0,,,,,,,,,,,,,,results/T-sweep-nonDyck-3/distributions/aNbN_L128_T2_gaussian_categorical_sigma5.0.json
unconditional,aNbN,128,gaussian,categorical,10.0,,2,5,0.0,0.0,0.0,0.0,0.0,0.0,0.0,0.0,1.0,1,False,4.91,0,True,,,,0,,,,,,,,,,,,,,results/T-sweep-nonDyck-3/distributions/aNbN_L128_T2_gaussian_categorical_sigma10.0.json
unconditional,aNbN,128,gaussian,categorical,100.0,,2,5,0.046,0.020591,0.004,0.004899,0.0,0.0,0.0,0.0,1.0,1,False,2.97,0,True,,,,0,,,,,,,,,,,,,,results/T-sweep-nonDyck-3/distributions/aNbN_L128_T2_gaussian_categorical_sigma100.0.json
unconditional,aNbN,128,gaussian,categorical,1.0,,4,5,0.0,0.0,0.03,0.016733,0.0,0.0,0.0,0.0,1.0,1,False,3.61,0,True,,,,0,,,,,,,,,,,,,,results/T-sweep-nonDyck-3/distributions/aNbN_L128_T4_gaussian_categorical_sigma1.0.json
unconditional,aNbN,128,gaussian,categorical,20.0,,2,5,0.0,0.0,0.0,0.0,0.0,0.0,0.0,0.0,1.0,1,False,5.42,0,True,,,,0,,,,,,,,,,,,,,results/T-sweep-nonDyck-3/distributions/aNbN_L128_T2_gaussian_categorical_sigma20.0.json
unconditional,aNbN,128,gaussian,categorical,2.0,,4,5,0.0,0.0,0.05,0.006325,0.0,0.0,0.0,0.0,1.0,1,False,3.19,0,True,,,,0,,,,,,,,,,,,,,results/T-sweep-nonDyck-3/distributions/aNbN_L128_T4_gaussian_categorical_sigma2.0.json
unconditional,aNbN,128,gaussian,greedy,2.0,,128,5,1.0,0.0,1.0,0.0,1.0,0.0,1.0,0.0,124.728,129,False,43.79,500,False,0.016,0.984,0.012705883865906629,200,4.843709635753036e-05,6.510840549514942e-05,,,1.6628042522298216,0.125,,,,,,,,results/T-sweep-nonDyck-3/distributions/aNbN_L128_T128_gaussian_greedy_sigma2.0.json
unconditional,aNbN,128,gaussian,categorical,50.0,,2,5,0.026,0.004899,0.0,0.0,0.0,0.0,0.0,0.0,1.0,1,False,5.29,0,True,,,,0,,,,,,,,,,,,,,results/T-sweep-nonDyck-3/distributions/aNbN_L128_T2_gaussian_categorical_sigma50.0.json
unconditional,aNbN,128,gaussian,categorical,10.0,,4,5,0.002,0.004,0.182,0.023152,0.002,0.004,0.002,0.004,1.028,4,False,1.78,1,True,1.0,0.0,,1,0.07317073170731707,0.1,,,0.0,0.015625,,,,,,,,results/T-sweep-nonDyck-3/distributions/aNbN_L128_T4_gaussian_categorical_sigma10.0.json
unconditional,aNbN,128,gaussian,categorical,5.0,,4,5,0.0,0.0,0.088,0.011662,0.0,0.0,0.0,0.0,1.004,2,False,3.13,0,True,,,,0,,,,,,,,,,,,,,results/T-sweep-nonDyck-3/distributions/aNbN_L128_T4_gaussian_categorical_sigma5.0.json
unconditional,aNbN,128,gaussian,categorical,1.0,,8,5,0.022,0.007483,0.272,0.047917,0.022,0.007483,0.022,0.007483,1.392,8,False,1.75,11,False,0.36363636363636365,0.6363636363636364,0.12839506172839507,11,0.009584664536741214,0.013245033112582781,,,1.2636544318820966,0.0625,,,,,,,,results/T-sweep-nonDyck-3/distributions/aNbN_L128_T8_gaussian_categorical_sigma1.0.json
unconditional,aNbN,128,gaussian,categorical,50.0,,4,5,0.05,0.022804,0.424,0.032619,0.024,0.014967,0.02,0.015492,1.108,5,False,2.61,10,False,0.8,0.19999999999999996,0.26778577138289367,10,0.005494505494505495,0.007462686567164179,,,2.0253262207700673,0.125,,,,,,,,results/T-sweep-nonDyck-3/distributions/aNbN_L128_T4_gaussian_categorical_sigma50.0.json
unconditional,aNbN,128,gaussian,categorical,100.0,,4,5,0.084,0.013565,0.448,0.042143,0.036,0.016248,0.006,0.004899,1.038,5,False,2.44,3,True,,,,3,,,,,1.0986122886681096,0.046875,,,,,,,,results/T-sweep-nonDyck-3/distributions/aNbN_L128_T4_gaussian_categorical_sigma100.0.json
unconditional,aNbN,128,gaussian,categorical,20.0,,4,5,0.008,0.007483,0.286,0.05004,0.008,0.007483,0.008,0.007483,1.078,4,False,2.9,4,True,,,,4,,,,,1.3862943611198906,0.0625,,,,,,,,results/T-sweep-nonDyck-3/distributions/aNbN_L128_T4_gaussian_categorical_sigma20.0.json
unconditional,aNbN,128,gaussian,categorical,5.0,,8,5,0.052,0.020396,0.264,0.044091,0.048,0.017205,0.044,0.020591,1.936,9,False,2.03,22,False,0.5909090909090909,0.40909090909090906,0.30120481927710846,22,0.0037128712871287127,0.005089058524173028,,,2.476354019830674,0.203125,,,,,,,,results/T-sweep-nonDyck-3/distributions/aNbN_L128_T8_gaussian_categorical_sigma5.0.json
unconditional,aNbN,128,gaussian,categorical,2.0,,8,5,0.03,0.006325,0.336,0.033226,0.03,0.006325,0.028,0.007483,1.492,9,False,2.9,14,False,0.5,0.5,0.24384926814076613,14,0.00625,0.008583690987124463,,,1.7671949977916748,0.109375,,,,,,,,results/T-sweep-nonDyck-3/distributions/aNbN_L128_T8_gaussian_categorical_sigma2.0.json
unconditional,aNbN,128,gaussian,categorical,20.0,,8,5,0.152,0.031875,0.466,0.045869,0.142,0.026382,0.126,0.025768,2.862,9,False,2.24,63,False,0.6349206349206349,0.3650793650793651,0.35770609318996416,63,0.0008271298593879239,0.001122334455667789,,,3.5984115366390506,0.625,,,,,,,,results/T-sweep-nonDyck-3/distributions/aNbN_L128_T8_gaussian_categorical_sigma20.0.json
unconditional,aNbN,128,gaussian,categorical,10.0,,8,5,0.088,0.019391,0.29,0.040497,0.086,0.018547,0.08,0.016733,2.442,9,False,3.51,40,False,0.7,0.30000000000000004,0.3282138053711658,40,0.0012908777969018934,0.0017513134851138354,,,3.246828738589744,0.4375,,,,,,,,results/T-sweep-nonDyck-3/distributions/aNbN_L128_T8_gaussian_categorical_sigma10.0.json
unconditional,aNbN,128,gaussian,categorical,100.0,,8,5,0.322,0.029257,0.772,0.019391,0.29,0.028983,0.206,0.027276,3.18,9,False,3.05,103,False,0.5048543689320388,0.49514563106796117,0.3172642016461651,103,0.00046941010796432484,0.0006361323155216285,,,3.8019523152132932,0.8125,,,,,,,,results/T-sweep-nonDyck-3/distributions/aNbN_L128_T8_gaussian_categorical_sigma100.0.json
unconditional,aNbN,128,gaussian,categorical,2.0,,16,5,0.192,0.029257,0.306,0.029394,0.192,0.029257,0.192,0.029257,5.274,16,False,3.06,96,False,0.3020833333333333,0.6979166666666667,0.27471459516421753,96,0.0008571428571428571,0.0011750881316098707,,,3.0814878946610276,0.453125,,,,,,,,results/T-sweep-nonDyck-3/distributions/aNbN_L128_T16_gaussian_categorical_sigma2.0.json
unconditional,aNbN,128,gaussian,categorical,50.0,,8,5,0.248,0.045343,0.646,0.046733,0.208,0.044452,0.172,0.027857,3.08,9,False,3.49,86,False,0.5697674418604651,0.43023255813953487,0.29873172275973964,86,0.0005119453924914676,0.0006927606511950121,,,3.7709203965144744,0.765625,,,,,,,,results/T-sweep-nonDyck-3/distributions/aNbN_L128_T8_gaussian_categorical_sigma50.0.json
unconditional,aNbN,128,gaussian,categorical,1.0,,16,5,0.176,0.047159,0.284,0.044989,0.176,0.047159,0.176,0.047159,4.844,17,False,4.69,88,False,0.22727272727272727,0.7727272727272727,0.3038397964702208,88,0.0010238907849829352,0.0014074595355383533,,,2.5891863529474994,0.3125,,,,,,,,results/T-sweep-nonDyck-3/distributions/aNbN_L128_T16_gaussian_categorical_sigma1.0.json
unconditional,aNbN,128,gaussian,categorical,10.0,,16,5,0.32,0.033466,0.518,0.023152,0.308,0.037094,0.294,0.04128,7.206,17,False,3.78,147,False,0.3877551020408163,0.6122448979591837,0.33670214191888054,147,0.0003736455349358575,0.0005074854097944684,,,3.8907634120997883,0.890625,,,,,,,,results/T-sweep-nonDyck-3/distributions/aNbN_L128_T16_gaussian_categorical_sigma10.0.json
unconditional,aNbN,128,gaussian,categorical,5.0,,16,5,0.25,0.040497,0.394,0.058856,0.248,0.042143,0.246,0.04128,6.438,17,False,5.67,123,False,0.3902439024390244,0.6097560975609756,0.3281326154393087,123,0.0005361930294906167,0.0007309941520467836,,,3.6328513818224075,0.75,,,,,,,,results/T-sweep-nonDyck-3/distributions/aNbN_L128_T16_gaussian_categorical_sigma5.0.json
unconditional,aNbN,128,gaussian,categorical,100.0,,16,5,0.518,0.0402,0.88,0.038471,0.49,0.052154,0.436,0.035553,8.988,17,False,3.63,218,False,0.27522935779816515,0.7247706422018348,0.3166299921510314,200,0.00021821355833575792,0.00029563932002956393,,,3.989079896675159,0.9375,,,,,,,,results/T-sweep-nonDyck-3/distributions/aNbN_L128_T16_gaussian_categorical_sigma100.0.json
unconditional,aNbN,128,gaussian,categorical,20.0,,16,5,0.4,0.0502,0.668,0.049558,0.39,0.0502,0.368,0.036,8.314,17,False,6.23,184,False,0.33152173913043476,0.6684782608695652,0.29788169725469704,184,0.00024260067928190198,0.0003283533081595797,,,4.001680930381236,0.953125,,,,,,,,results/T-sweep-nonDyck-3/distributions/aNbN_L128_T16_gaussian_categorical_sigma20.0.json
unconditional,aNbN,128,gaussian,categorical,50.0,,16,5,0.488,0.055281,0.832,0.027129,0.466,0.050438,0.426,0.057131,9.044,17,False,6.0,213,False,0.2863849765258216,0.7136150234741784,0.305344059704838,200,0.00022815423226100844,0.00030921459492888067,,,4.002090550137586,0.953125,,,,,,,,results/T-sweep-nonDyck-3/distributions/aNbN_L128_T16_gaussian_categorical_sigma50.0.json
unconditional,aNbN,128,gaussian,categorical,5.0,,32,5,0.48,0.047749,0.558,0.044452,0.478,0.046648,0.47,0.049396,18.286,33,False,7.74,235,False,0.251063829787234,0.7489361702127659,0.31428953457079944,200,0.00021889821233126596,0.0002969561989606533,,,3.965039199591816,0.921875,,,,,,,,results/T-sweep-nonDyck-3/distributions/aNbN_L128_T32_gaussian_categorical_sigma5.0.json
unconditional,aNbN,128,gaussian,categorical,1.0,,32,5,0.354,0.044989,0.418,0.050359,0.354,0.044989,0.354,0.044989,14.794,32,False,10.47,177,False,0.2768361581920904,0.7231638418079096,0.34530004365106715,177,0.00038774718883288094,0.0005291005291005291,,,3.615305915266064,0.765625,,,,,,,,results/T-sweep-nonDyck-3/distributions/aNbN_L128_T32_gaussian_categorical_sigma1.0.json
unconditional,aNbN,128,gaussian,categorical,20.0,,32,5,0.672,0.020396,0.808,0.016,0.668,0.021354,0.662,0.020396,23.124,33,False,8.86,331,False,0.1903323262839879,0.8096676737160121,0.3150629287244567,200,0.00013422218245268667,0.00018165304268846503,,,4.018037923381344,0.984375,,,,,,,,results/T-sweep-nonDyck-3/distributions/aNbN_L128_T32_gaussian_categorical_sigma20.0.json
unconditional,aNbN,128,gaussian,categorical,2.0,,32,5,0.428,0.030594,0.496,0.035553,0.428,0.030594,0.428,0.030594,17.008,32,False,11.73,214,False,0.2570093457943925,0.7429906542056075,0.3401138533998405,200,0.00029342723004694836,0.0003996003996003996,,,3.777556530108833,0.859375,,,,,,,,results/T-sweep-nonDyck-3/distributions/aNbN_L128_T32_gaussian_categorical_sigma2.0.json
unconditional,aNbN,128,gaussian,categorical,10.0,,32,5,0.57,0.052915,0.688,0.033106,0.556,0.043635,0.552,0.0402,20.416,33,False,13.25,276,False,0.2246376811594203,0.7753623188405797,0.2928921895613762,200,0.0001663524453809471,0.00022525059128280213,,,4.033371987787037,0.96875,,,,,,,,results/T-sweep-nonDyck-3/distributions/aNbN_L128_T32_gaussian_categorical_sigma10.0.json
unconditional,aNbN,128,gaussian,greedy,100.0,,128,5,0.99,0.008944,1.0,0.0,0.99,0.008944,0.99,0.008944,125.194,129,False,60.45,495,False,0.11313131313131314,0.8868686868686868,0.1646414105313319,200,7.183736021646992e-05,9.693209906460525e-05,,,3.793571483837609,0.875,,,,,,,,results/T-sweep-nonDyck-3/distributions/aNbN_L128_T128_gaussian_greedy_sigma100.0.json
unconditional,aNbN,128,gaussian,categorical,50.0,,32,5,0.65,0.035777,0.9,0.028983,0.64,0.036332,0.62,0.043359,22.588,33,False,12.51,310,False,0.2064516129032258,0.7935483870967742,0.3224137879676986,200,0.00014508172937421413,0.00019638648860958367,,,4.084975166554882,1.0,,,,,,,,results/T-sweep-nonDyck-3/distributions/aNbN_L128_T32_gaussian_categorical_sigma50.0.json
unconditional,aNbN,128,gaussian,categorical,100.0,,32,5,0.726,0.028705,0.956,0.018547,0.714,0.032,0.696,0.043635,24.482,33,False,12.28,348,False,0.1810344827586207,0.8189655172413793,0.3259041396902449,200,0.00013504996848834067,0.00018293240647580719,,,4.059509760831229,0.984375,,,,,,,,results/T-sweep-nonDyck-3/distributions/aNbN_L128_T32_gaussian_categorical_sigma100.0.json
unconditional,aNbN,128,gaussian,greedy,20.0,,128,5,1.0,0.0,1.0,0.0,1.0,0.0,1.0,0.0,121.698,129,False,63.34,500,False,0.072,0.928,0.0915947949000536,200,5.793742757821553e-05,7.800312012480499e-05,,,3.365984518036022,0.5625,,,,,,,,results/T-sweep-nonDyck-3/distributions/aNbN_L128_T128_gaussian_greedy_sigma20.0.json
unconditional,aNbN,128,gaussian,greedy,50.0,,128,5,0.984,0.008,1.0,0.0,0.984,0.008,0.984,0.008,122.714,129,False,64.02,492,False,0.08943089430894309,0.9105691056910569,0.11991117730513282,200,6.526847097728658e-05,8.796622097114708e-05,,,3.5975361248896363,0.6875,,,,,,,,results/T-sweep-nonDyck-3/distributions/aNbN_L128_T128_gaussian_greedy_sigma50.0.json
unconditional,aNbN,128,gaussian,greedy,10.0,,128,5,1.0,0.0,1.0,0.0,1.0,0.0,1.0,0.0,121.884,129,False,67.0,500,False,0.06,0.94,0.06099145817899444,200,5.3746103407502955e-05,7.23091941140316e-05,,,3.0171570048194107,0.46875,,,,,,,,results/T-sweep-nonDyck-3/distributions/aNbN_L128_T128_gaussian_greedy_sigma10.0.json
unconditional,aNbN,128,gaussian,greedy,5.0,,128,5,1.0,0.0,1.0,0.0,1.0,0.0,1.0,0.0,122.958,129,False,70.02,500,False,0.034,0.966,0.030043266687160314,200,5.035753852351697e-05,6.771168365101398e-05,,,2.413839930604223,0.265625,,,,,,,,results/T-sweep-nonDyck-3/distributions/aNbN_L128_T128_gaussian_greedy_sigma5.0.json
unconditional,aNbN,128,gaussian,categorical,5.0,,64,5,0.67,0.053292,0.726,0.042237,0.67,0.053292,0.666,0.05678,45.958,65,False,17.52,333,False,0.1921921921921922,0.8078078078078078,0.338534864337792,200,0.0001442238353925292,0.00019542700801250732,,,4.05886729434925,1.0,,,,,,,,results/T-sweep-nonDyck-3/distributions/aNbN_L128_T64_gaussian_categorical_sigma5.0.json
unconditional,aNbN,128,gaussian,categorical,1.0,,64,5,0.576,0.043635,0.588,0.0402,0.576,0.043635,0.576,0.043635,41.802,64,False,22.68,288,False,0.21875,0.78125,0.3573559932795597,200,0.00020410940263981494,0.0002775850104094379,,,3.9812768676662045,0.984375,,,,,,,,results/T-sweep-nonDyck-3/distributions/aNbN_L128_T64_gaussian_categorical_sigma1.0.json
unconditional,aNbN,128,gaussian,categorical,20.0,,64,5,0.796,0.030067,0.896,0.023324,0.792,0.027857,0.78,0.025298,50.938,65,False,20.09,390,False,0.1641025641025641,0.8358974358974359,0.3210887849349619,200,0.00011834319526627219,0.00016025641025641026,,,4.096167912385503,1.0,,,,,,,,results/T-sweep-nonDyck-3/distributions/aNbN_L128_T64_gaussian_categorical_sigma20.0.json
unconditional,aNbN,128,gaussian,categorical,2.0,,64,5,0.652,0.089308,0.668,0.08727,0.652,0.089308,0.65,0.092087,45.624,65,False,27.92,325,False,0.19076923076923077,0.8092307692307692,0.32482382153784295,200,0.000162539957739611,0.00022060445621001543,,,3.982512611997747,0.96875,,,,,,,,results/T-sweep-nonDyck-3/distributions/aNbN_L128_T64_gaussian_categorical_sigma2.0.json
unconditional,aNbN,128,gaussian,categorical,10.0,,64,5,0.782,0.023152,0.84,0.018974,0.778,0.023152,0.772,0.024819,50.486,65,False,29.97,386,False,0.16580310880829016,0.8341968911917098,0.3558956682083905,200,0.00012320328542094456,0.00016691704223001168,,,4.0614975575930945,1.0,,,,,,,,results/T-sweep-nonDyck-3/distributions/aNbN_L128_T64_gaussian_categorical_sigma10.0.json
unconditional,aNbN,128,gaussian,categorical,100.0,,64,5,0.892,0.033106,0.986,0.010198,0.89,0.029665,0.87,0.031623,56.926,65,False,26.57,435,False,0.14482758620689656,0.8551724137931034,0.35429722615652265,200,0.00011178596713492567,0.00015150367396409362,,,4.092397536819621,0.984375,,,,,,,,results/T-sweep-nonDyck-3/distributions/aNbN_L128_T64_gaussian_categorical_sigma100.0.json
unconditional,aNbN,128,gaussian,categorical,50.0,,64,5,0.846,0.016248,0.962,0.014697,0.842,0.020396,0.826,0.008,54.244,65,False,29.02,413,False,0.1549636803874092,0.8450363196125907,0.3439092568954095,200,0.00011382175513146413,0.0001541782300339192,,,4.0767889603576934,1.0,,,,,,,,results/T-sweep-nonDyck-3/distributions/aNbN_L128_T64_gaussian_categorical_sigma50.0.json
unconditional,aNbN,128,gaussian,greedy,5.0,,256,5,1.0,0.0,1.0,0.0,1.0,0.0,1.0,0.0,244.422,256,False,91.56,500,False,0.038,0.962,0.02905390314315869,200,5.010689470871192e-05,6.737182510274203e-05,,,2.364149504170709,0.296875,,,,,,,,results/T-sweep-nonDyck-3/distributions/aNbN_L128_T256_gaussian_greedy_sigma5.0.json
unconditional,aNbN,128,gaussian,categorical,50.0,,128,5,0.934,0.016248,0.982,0.009798,0.932,0.017205,0.926,0.018547,116.486,129,False,36.91,463,False,0.13822894168466524,0.8617710583153347,0.32914610801250704,200,0.0001029901472759106,0.00013953812879369286,,,4.081610291651267,1.0,,,,,,,,results/T-sweep-nonDyck-3/distributions/aNbN_L128_T128_gaussian_categorical_sigma50.0.json
unconditional,aNbN,128,gaussian,categorical,100.0,,128,5,0.914,0.026533,0.99,0.006325,0.912,0.023152,0.906,0.019596,116.81,129,False,41.97,453,False,0.141280353200883,0.8587196467991169,0.32965033534397425,200,0.00010344470880314473,0.00014011489421325487,,,4.098117542673719,1.0,,,,,,,,results/T-sweep-nonDyck-3/distributions/aNbN_L128_T128_gaussian_categorical_sigma100.0.json
unconditional,aNbN,128,gaussian,categorical,1.0,,128,5,0.794,0.030725,0.802,0.030594,0.794,0.030725,0.794,0.030725,105.64,129,False,56.99,397,False,0.16120906801007556,0.8387909319899245,0.31088236883341436,200,0.00012699487787325912,0.0001722207870489968,,,4.080719250853038,1.0,,,,,,,,results/T-sweep-nonDyck-3/distributions/aNbN_L128_T128_gaussian_categorical_sigma1.0.json
unconditional,aNbN,128,gaussian,categorical,2.0,,128,5,0.822,0.042615,0.836,0.041761,0.822,0.042615,0.822,0.042615,107.492,129,False,58.06,411,False,0.15571776155717762,0.8442822384428224,0.3460168127999949,200,0.00011605864830360942,0.00015724506643604056,,,4.102046901943392,1.0,,,,,,,,results/T-sweep-nonDyck-3/distributions/aNbN_L128_T128_gaussian_categorical_sigma2.0.json
unconditional,aNbN,128,gaussian,categorical,10.0,,128,5,0.874,0.024166,0.916,0.034986,0.874,0.024166,0.87,0.021909,109.486,129,False,58.83,435,False,0.1471264367816092,0.8528735632183908,0.33561356696746625,200,0.0001111646348241746,0.00015064778547755348,,,4.094535969915699,1.0,,,,,,,,results/T-sweep-nonDyck-3/distributions/aNbN_L128_T128_gaussian_categorical_sigma10.0.json
unconditional,aNbN,128,gaussian,categorical,20.0,,128,5,0.88,0.016733,0.936,0.010198,0.874,0.014967,0.874,0.014967,110.126,129,False,60.08,437,False,0.14645308924485126,0.8535469107551488,0.31700763604499366,200,0.00010360904852357106,0.0001402622904832036,,,4.095322150183607,1.0,,,,,,,,results/T-sweep-nonDyck-3/distributions/aNbN_L128_T128_gaussian_categorical_sigma20.0.json
unconditional,aNbN,128,gaussian,categorical,5.0,,128,5,0.842,0.046648,0.856,0.039799,0.842,0.046648,0.84,0.047749,108.502,129,False,63.16,420,False,0.1523809523809524,0.8476190476190476,0.34438119949367174,200,0.0001166044776119403,0.000158052789631737,,,4.077986584413438,1.0,,,,,,,,results/T-sweep-nonDyck-3/distributions/aNbN_L128_T128_gaussian_categorical_sigma5.0.json
unconditional,aNbN,128,ebsampler,greedy,,0.5,1,1,1.0,0.0,1.0,0.0,1.0,0.0,1.0,0.0,29.0,29,True,3.37,100,False,0.01,0.99,0.0,100,0.00046153846153846153,0.000625,,,0.0,0.015625,,,,,,,,results/T-sweep-nonDyck-3/distributions/aNbN_L128_T1_ebsampler_greedy_gamma0.5.json
unconditional,aNbN,128,ebsampler,greedy,,5.0,1,1,1.0,0.0,1.0,0.0,1.0,0.0,1.0,0.0,8.0,8,True,0.94,100,False,0.01,0.99,0.0,100,0.0004761904761904762,0.0006451612903225806,,,0.0,0.015625,,,,,,,,results/T-sweep-nonDyck-3/distributions/aNbN_L128_T1_ebsampler_greedy_gamma5.0.json
unconditional,aNbN,128,ar,greedy,,,130,1,1.0,0.0,1.0,0.0,1.0,0.0,1.0,0.0,129.0,129,True,9.98,100,False,0.01,0.99,0.0,100,0.00023622047244094488,0.00031746031746031746,,,0.0,0.015625,,,,,,,,results/T-sweep-nonDyck-3/distributions/aNbN_L128_T130_ar_greedy_none.json
unconditional,aNbN,128,ebsampler,greedy,,2.0,1,1,1.0,0.0,1.0,0.0,1.0,0.0,1.0,0.0,14.0,14,True,1.7,100,False,0.01,0.99,0.0,100,0.0004918032786885246,0.0006666666666666666,,,0.0,0.015625,,,,,,,,results/T-sweep-nonDyck-3/distributions/aNbN_L128_T1_ebsampler_greedy_gamma2.0.json
unconditional,aNbN,128,ebsampler,greedy,,0.9,1,1,1.0,0.0,1.0,0.0,1.0,0.0,1.0,0.0,22.0,22,True,2.63,100,False,0.01,0.99,0.0,100,0.0004761904761904762,0.0006451612903225806,,,0.0,0.015625,,,,,,,,results/T-sweep-nonDyck-3/distributions/aNbN_L128_T1_ebsampler_greedy_gamma0.9.json
unconditional,aNbN,128,ebsampler,greedy,,10.0,1,1,0.0,0.0,1.0,0.0,0.0,0.0,0.0,0.0,5.0,5,True,0.69,0,True,,,,0,,,,,,,,,,,,,,results/T-sweep-nonDyck-3/distributions/aNbN_L128_T1_ebsampler_greedy_gamma10.0.json
unconditional,aNbN,128,ebsampler,greedy,,0.1,1,1,1.0,0.0,1.0,0.0,1.0,0.0,1.0,0.0,62.0,62,True,8.54,100,False,0.01,0.99,0.0,100,0.0027272727272727275,0.004,,,0.0,0.015625,,,,,,,,results/T-sweep-nonDyck-3/distributions/aNbN_L128_T1_ebsampler_greedy_gamma0.1.json
unconditional,aNbN,128,ebsampler,greedy,,5.0,2,1,1.0,0.0,1.0,0.0,1.0,0.0,1.0,0.0,8.0,8,True,0.97,100,False,0.01,0.99,0.0,100,0.0004761904761904762,0.0006451612903225806,,,0.0,0.015625,,,,,,,,results/T-sweep-nonDyck-3/distributions/aNbN_L128_T2_ebsampler_greedy_gamma5.0.json
unconditional,aNbN,128,ebsampler,greedy,,2.0,2,1,1.0,0.0,1.0,0.0,1.0,0.0,1.0,0.0,14.0,14,True,1.59,100,False,0.01,0.99,0.0,100,0.0004918032786885246,0.0006666666666666666,,,0.0,0.015625,,,,,,,,results/T-sweep-nonDyck-3/distributions/aNbN_L128_T2_ebsampler_greedy_gamma2.0.json
unconditional,aNbN,128,ebsampler,greedy,,10.0,2,1,0.0,0.0,1.0,0.0,0.0,0.0,0.0,0.0,5.0,5,True,0.65,0,True,,,,0,,,,,,,,,,,,,,results/T-sweep-nonDyck-3/distributions/aNbN_L128_T2_ebsampler_greedy_gamma10.0.json
unconditional,aNbN,128,ebsampler,greedy,,0.9,2,1,1.0,0.0,1.0,0.0,1.0,0.0,1.0,0.0,22.0,22,True,2.66,100,False,0.01,0.99,0.0,100,0.0004761904761904762,0.0006451612903225806,,,0.0,0.015625,,,,,,,,results/T-sweep-nonDyck-3/distributions/aNbN_L128_T2_ebsampler_greedy_gamma0.9.json
unconditional,aNbN,128,ebsampler,greedy,,0.5,2,1,1.0,0.0,1.0,0.0,1.0,0.0,1.0,0.0,29.0,29,True,3.6,100,False,0.01,0.99,0.0,100,0.00046153846153846153,0.000625,,,0.0,0.015625,,,,,,,,results/T-sweep-nonDyck-3/distributions/aNbN_L128_T2_ebsampler_greedy_gamma0.5.json
unconditional,aNbN,128,ebsampler,greedy,,2.0,4,1,1.0,0.0,1.0,0.0,1.0,0.0,1.0,0.0,14.0,14,True,1.7,100,False,0.01,0.99,0.0,100,0.0004918032786885246,0.0006666666666666666,,,0.0,0.015625,,,,,,,,results/T-sweep-nonDyck-3/distributions/aNbN_L128_T4_ebsampler_greedy_gamma2.0.json
unconditional,aNbN,128,ebsampler,greedy,,0.9,4,1,1.0,0.0,1.0,0.0,1.0,0.0,1.0,0.0,22.0,22,True,2.61,100,False,0.01,0.99,0.0,100,0.0004761904761904762,0.0006451612903225806,,,0.0,0.015625,,,,,,,,results/T-sweep-nonDyck-3/distributions/aNbN_L128_T4_ebsampler_greedy_gamma0.9.json
unconditional,aNbN,128,ebsampler,greedy,,0.5,4,1,1.0,0.0,1.0,0.0,1.0,0.0,1.0,0.0,29.0,29,True,3.45,100,False,0.01,0.99,0.0,100,0.00046153846153846153,0.000625,,,0.0,0.015625,,,,,,,,results/T-sweep-nonDyck-3/distributions/aNbN_L128_T4_ebsampler_greedy_gamma0.5.json
unconditional,aNbN,128,ebsampler,greedy,,10.0,4,1,0.0,0.0,1.0,0.0,0.0,0.0,0.0,0.0,5.0,5,True,0.69,0,True,,,,0,,,,,,,,,,,,,,results/T-sweep-nonDyck-3/distributions/aNbN_L128_T4_ebsampler_greedy_gamma10.0.json
unconditional,aNbN,128,ebsampler,greedy,,5.0,4,1,1.0,0.0,1.0,0.0,1.0,0.0,1.0,0.0,8.0,8,True,1.04,100,False,0.01,0.99,0.0,100,0.0004761904761904762,0.0006451612903225806,,,0.0,0.015625,,,,,,,,results/T-sweep-nonDyck-3/distributions/aNbN_L128_T4_ebsampler_greedy_gamma5.0.json
unconditional,aNbN,128,gaussian,greedy,1.0,,256,5,1.0,0.0,1.0,0.0,1.0,0.0,1.0,0.0,250.092,256,False,136.55,500,False,0.01,0.99,0.005197546716821694,200,4.759487244574184e-05,6.396724876863046e-05,,,0.902242976919729,0.078125,,,,,,,,results/T-sweep-nonDyck-3/distributions/aNbN_L128_T256_gaussian_greedy_sigma1.0.json
unconditional,aNbN,128,ebsampler,greedy,,0.1,2,1,1.0,0.0,1.0,0.0,1.0,0.0,1.0,0.0,62.0,62,True,8.44,100,False,0.01,0.99,0.0,100,0.0027272727272727275,0.004,,,0.0,0.015625,,,,,,,,results/T-sweep-nonDyck-3/distributions/aNbN_L128_T2_ebsampler_greedy_gamma0.1.json
unconditional,aNbN,128,ebsampler,greedy,,0.9,8,1,1.0,0.0,1.0,0.0,1.0,0.0,1.0,0.0,22.0,22,True,2.68,100,False,0.01,0.99,0.0,100,0.0004761904761904762,0.0006451612903225806,,,0.0,0.015625,,,,,,,,results/T-sweep-nonDyck-3/distributions/aNbN_L128_T8_ebsampler_greedy_gamma0.9.json
unconditional,aNbN,128,ebsampler,greedy,,5.0,8,1,1.0,0.0,1.0,0.0,1.0,0.0,1.0,0.0,8.0,8,True,0.95,100,False,0.01,0.99,0.0,100,0.0004761904761904762,0.0006451612903225806,,,0.0,0.015625,,,,,,,,results/T-sweep-nonDyck-3/distributions/aNbN_L128_T8_ebsampler_greedy_gamma5.0.json
unconditional,aNbN,128,ebsampler,greedy,,0.5,8,1,1.0,0.0,1.0,0.0,1.0,0.0,1.0,0.0,29.0,29,True,3.44,100,False,0.01,0.99,0.0,100,0.00046153846153846153,0.000625,,,0.0,0.015625,,,,,,,,results/T-sweep-nonDyck-3/distributions/aNbN_L128_T8_ebsampler_greedy_gamma0.5.json
unconditional,aNbN,128,ebsampler,greedy,,2.0,8,1,1.0,0.0,1.0,0.0,1.0,0.0,1.0,0.0,14.0,14,True,1.64,100,False,0.01,0.99,0.0,100,0.0004918032786885246,0.0006666666666666666,,,0.0,0.015625,,,,,,,,results/T-sweep-nonDyck-3/distributions/aNbN_L128_T8_ebsampler_greedy_gamma2.0.json
unconditional,aNbN,128,ebsampler,greedy,,10.0,8,1,0.0,0.0,1.0,0.0,0.0,0.0,0.0,0.0,5.0,5,True,0.74,0,True,,,,0,,,,,,,,,,,,,,results/T-sweep-nonDyck-3/distributions/aNbN_L128_T8_ebsampler_greedy_gamma10.0.json
unconditional,aNbN,128,gaussian,greedy,100.0,,256,5,0.988,0.007483,1.0,0.0,0.988,0.007483,0.986,0.008,248.296,256,False,116.71,493,False,0.11359026369168357,0.8864097363083164,0.17868695230847018,200,7.187178074315421e-05,9.69743987587277e-05,,,3.832613204583743,0.875,,,,,,,,results/T-sweep-nonDyck-3/distributions/aNbN_L128_T256_gaussian_greedy_sigma100.0.json
unconditional,aNbN,128,ebsampler,greedy,,0.1,4,1,1.0,0.0,1.0,0.0,1.0,0.0,1.0,0.0,62.0,62,True,8.4,100,False,0.01,0.99,0.0,100,0.0027272727272727275,0.004,,,0.0,0.015625,,,,,,,,results/T-sweep-nonDyck-3/distributions/aNbN_L128_T4_ebsampler_greedy_gamma0.1.json
unconditional,aNbN,128,ebsampler,greedy,,10.0,16,1,0.0,0.0,1.0,0.0,0.0,0.0,0.0,0.0,5.0,5,True,0.65,0,True,,,,0,,,,,,,,,,,,,,results/T-sweep-nonDyck-3/distributions/aNbN_L128_T16_ebsampler_greedy_gamma10.0.json
unconditional,aNbN,128,ebsampler,greedy,,5.0,16,1,1.0,0.0,1.0,0.0,1.0,0.0,1.0,0.0,8.0,8,True,1.01,100,False,0.01,0.99,0.0,100,0.0004761904761904762,0.0006451612903225806,,,0.0,0.015625,,,,,,,,results/T-sweep-nonDyck-3/distributions/aNbN_L128_T16_ebsampler_greedy_gamma5.0.json
unconditional,aNbN,128,ebsampler,greedy,,2.0,16,1,1.0,0.0,1.0,0.0,1.0,0.0,1.0,0.0,14.0,14,True,1.71,100,False,0.01,0.99,0.0,100,0.0004918032786885246,0.0006666666666666666,,,0.0,0.015625,,,,,,,,results/T-sweep-nonDyck-3/distributions/aNbN_L128_T16_ebsampler_greedy_gamma2.0.json
unconditional,aNbN,128,ebsampler,greedy,,0.9,16,1,1.0,0.0,1.0,0.0,1.0,0.0,1.0,0.0,22.0,22,True,2.55,100,False,0.01,0.99,0.0,100,0.0004761904761904762,0.0006451612903225806,,,0.0,0.015625,,,,,,,,results/T-sweep-nonDyck-3/distributions/aNbN_L128_T16_ebsampler_greedy_gamma0.9.json
unconditional,aNbN,128,gaussian,greedy,50.0,,256,5,0.994,0.004899,1.0,0.0,0.994,0.004899,0.994,0.004899,244.18,256,False,120.12,497,False,0.096579476861167,0.903420523138833,0.12172523209488358,200,6.517347005279051e-05,8.78464444151623e-05,,,3.6320451527638005,0.75,,,,,,,,results/T-sweep-nonDyck-3/distributions/aNbN_L128_T256_gaussian_greedy_sigma50.0.json
unconditional,aNbN,128,ebsampler,greedy,,0.5,16,1,1.0,0.0,1.0,0.0,1.0,0.0,1.0,0.0,29.0,29,True,3.53,100,False,0.01,0.99,0.0,100,0.00046153846153846153,0.000625,,,0.0,0.015625,,,,,,,,results/T-sweep-nonDyck-3/distributions/aNbN_L128_T16_ebsampler_greedy_gamma0.5.json
unconditional,aNbN,128,gaussian,greedy,2.0,,256,5,1.0,0.0,1.0,0.0,1.0,0.0,1.0,0.0,248.196,256,False,142.31,500,False,0.018,0.982,0.012756088132972555,200,4.8270313757039423e-05,6.4882400648824e-05,,,1.5817709964096056,0.140625,,,,,,,,results/T-sweep-nonDyck-3/distributions/aNbN_L128_T256_gaussian_greedy_sigma2.0.json
unconditional,aNbN,128,ebsampler,greedy,,10.0,32,1,0.0,0.0,1.0,0.0,0.0,0.0,0.0,0.0,5.0,5,True,0.68,0,True,,,,0,,,,,,,,,,,,,,results/T-sweep-nonDyck-3/distributions/aNbN_L128_T32_ebsampler_greedy_gamma10.0.json
unconditional,aNbN,128,ebsampler,greedy,,2.0,32,1,1.0,0.0,1.0,0.0,1.0,0.0,1.0,0.0,14.0,14,True,1.75,100,False,0.01,0.99,0.0,100,0.0004918032786885246,0.0006666666666666666,,,0.0,0.015625,,,,,,,,results/T-sweep-nonDyck-3/distributions/aNbN_L128_T32_ebsampler_greedy_gamma2.0.json
unconditional,aNbN,128,ebsampler,greedy,,5.0,32,1,1.0,0.0,1.0,0.0,1.0,0.0,1.0,0.0,8.0,8,True,1.04,100,False,0.01,0.99,0.0,100,0.0004761904761904762,0.0006451612903225806,,,0.0,0.015625,,,,,,,,results/T-sweep-nonDyck-3/distributions/aNbN_L128_T32_ebsampler_greedy_gamma5.0.json
unconditional,aNbN,128,ebsampler,greedy,,0.1,8,1,1.0,0.0,1.0,0.0,1.0,0.0,1.0,0.0,62.0,62,True,8.76,100,False,0.01,0.99,0.0,100,0.0027272727272727275,0.004,,,0.0,0.015625,,,,,,,,results/T-sweep-nonDyck-3/distributions/aNbN_L128_T8_ebsampler_greedy_gamma0.1.json
unconditional,aNbN,128,ebsampler,greedy,,0.9,32,1,1.0,0.0,1.0,0.0,1.0,0.0,1.0,0.0,22.0,22,True,2.73,100,False,0.01,0.99,0.0,100,0.0004761904761904762,0.0006451612903225806,,,0.0,0.015625,,,,,,,,results/T-sweep-nonDyck-3/distributions/aNbN_L128_T32_ebsampler_greedy_gamma0.9.json
unconditional,aNbN,128,ebsampler,greedy,,0.5,32,1,1.0,0.0,1.0,0.0,1.0,0.0,1.0,0.0,29.0,29,True,3.64,100,False,0.01,0.99,0.0,100,0.00046153846153846153,0.000625,,,0.0,0.015625,,,,,,,,results/T-sweep-nonDyck-3/distributions/aNbN_L128_T32_ebsampler_greedy_gamma0.5.json
unconditional,aNbN,128,ebsampler,greedy,,10.0,64,1,0.0,0.0,1.0,0.0,0.0,0.0,0.0,0.0,5.0,5,True,0.67,0,True,,,,0,,,,,,,,,,,,,,results/T-sweep-nonDyck-3/distributions/aNbN_L128_T64_ebsampler_greedy_gamma10.0.json
unconditional,aNbN,128,ebsampler,greedy,,5.0,64,1,1.0,0.0,1.0,0.0,1.0,0.0,1.0,0.0,8.0,8,True,1.05,100,False,0.01,0.99,0.0,100,0.0004761904761904762,0.0006451612903225806,,,0.0,0.015625,,,,,,,,results/T-sweep-nonDyck-3/distributions/aNbN_L128_T64_ebsampler_greedy_gamma5.0.json
unconditional,aNbN,128,ebsampler,greedy,,2.0,64,1,1.0,0.0,1.0,0.0,1.0,0.0,1.0,0.0,14.0,14,True,1.69,100,False,0.01,0.99,0.0,100,0.0004918032786885246,0.0006666666666666666,,,0.0,0.015625,,,,,,,,results/T-sweep-nonDyck-3/distributions/aNbN_L128_T64_ebsampler_greedy_gamma2.0.json
unconditional,aNbN,128,ebsampler,greedy,,0.9,64,1,1.0,0.0,1.0,0.0,1.0,0.0,1.0,0.0,22.0,22,True,2.54,100,False,0.01,0.99,0.0,100,0.0004761904761904762,0.0006451612903225806,,,0.0,0.015625,,,,,,,,results/T-sweep-nonDyck-3/distributions/aNbN_L128_T64_ebsampler_greedy_gamma0.9.json
unconditional,aNbN,128,ebsampler,greedy,,0.1,16,1,1.0,0.0,1.0,0.0,1.0,0.0,1.0,0.0,62.0,62,True,8.5,100,False,0.01,0.99,0.0,100,0.0027272727272727275,0.004,,,0.0,0.015625,,,,,,,,results/T-sweep-nonDyck-3/distributions/aNbN_L128_T16_ebsampler_greedy_gamma0.1.json
unconditional,aNbN,128,ebsampler,greedy,,0.5,64,1,1.0,0.0,1.0,0.0,1.0,0.0,1.0,0.0,29.0,29,True,3.58,100,False,0.01,0.99,0.0,100,0.00046153846153846153,0.000625,,,0.0,0.015625,,,,,,,,results/T-sweep-nonDyck-3/distributions/aNbN_L128_T64_ebsampler_greedy_gamma0.5.json
unconditional,aNbN,128,ebsampler,greedy,,2.0,128,1,1.0,0.0,1.0,0.0,1.0,0.0,1.0,0.0,14.0,14,True,1.68,100,False,0.01,0.99,0.0,100,0.0004918032786885246,0.0006666666666666666,,,0.0,0.015625,,,,,,,,results/T-sweep-nonDyck-3/distributions/aNbN_L128_T128_ebsampler_greedy_gamma2.0.json
unconditional,aNbN,128,ebsampler,greedy,,5.0,128,1,1.0,0.0,1.0,0.0,1.0,0.0,1.0,0.0,8.0,8,True,0.97,100,False,0.01,0.99,0.0,100,0.0004761904761904762,0.0006451612903225806,,,0.0,0.015625,,,,,,,,results/T-sweep-nonDyck-3/distributions/aNbN_L128_T128_ebsampler_greedy_gamma5.0.json
unconditional,aNbN,128,ebsampler,greedy,,0.9,128,1,1.0,0.0,1.0,0.0,1.0,0.0,1.0,0.0,22.0,22,True,2.63,100,False,0.01,0.99,0.0,100,0.0004761904761904762,0.0006451612903225806,,,0.0,0.015625,,,,,,,,results/T-sweep-nonDyck-3/distributions/aNbN_L128_T128_ebsampler_greedy_gamma0.9.json
unconditional,aNbN,128,ebsampler,greedy,,10.0,128,1,0.0,0.0,1.0,0.0,0.0,0.0,0.0,0.0,5.0,5,True,0.65,0,True,,,,0,,,,,,,,,,,,,,results/T-sweep-nonDyck-3/distributions/aNbN_L128_T128_ebsampler_greedy_gamma10.0.json
unconditional,aNbN,128,ebsampler,greedy,,0.5,128,1,1.0,0.0,1.0,0.0,1.0,0.0,1.0,0.0,29.0,29,True,3.59,100,False,0.01,0.99,0.0,100,0.00046153846153846153,0.000625,,,0.0,0.015625,,,,,,,,results/T-sweep-nonDyck-3/distributions/aNbN_L128_T128_ebsampler_greedy_gamma0.5.json
unconditional,aNbN,128,ebsampler,greedy,,5.0,256,1,1.0,0.0,1.0,0.0,1.0,0.0,1.0,0.0,8.0,8,True,0.95,100,False,0.01,0.99,0.0,100,0.0004761904761904762,0.0006451612903225806,,,0.0,0.015625,,,,,,,,results/T-sweep-nonDyck-3/distributions/aNbN_L128_T256_ebsampler_greedy_gamma5.0.json
unconditional,aNbN,128,ebsampler,greedy,,0.1,32,1,1.0,0.0,1.0,0.0,1.0,0.0,1.0,0.0,62.0,62,True,8.61,100,False,0.01,0.99,0.0,100,0.0027272727272727275,0.004,,,0.0,0.015625,,,,,,,,results/T-sweep-nonDyck-3/distributions/aNbN_L128_T32_ebsampler_greedy_gamma0.1.json
unconditional,aNbN,128,ebsampler,greedy,,10.0,256,1,0.0,0.0,1.0,0.0,0.0,0.0,0.0,0.0,5.0,5,True,0.69,0,True,,,,0,,,,,,,,,,,,,,results/T-sweep-nonDyck-3/distributions/aNbN_L128_T256_ebsampler_greedy_gamma10.0.json
unconditional,aNbN,128,ebsampler,greedy,,2.0,256,1,1.0,0.0,1.0,0.0,1.0,0.0,1.0,0.0,14.0,14,True,1.7,100,False,0.01,0.99,0.0,100,0.0004918032786885246,0.0006666666666666666,,,0.0,0.015625,,,,,,,,results/T-sweep-nonDyck-3/distributions/aNbN_L128_T256_ebsampler_greedy_gamma2.0.json
unconditional,aNbN,128,gaussian,greedy,20.0,,256,5,1.0,0.0,1.0,0.0,1.0,0.0,1.0,0.0,241.54,256,False,130.02,500,False,0.07,0.9299999999999999,0.08397179224401004,200,5.739869130983814e-05,7.72707955028397e-05,,,3.3069206450514637,0.546875,,,,,,,,results/T-sweep-nonDyck-3/distributions/aNbN_L128_T256_gaussian_greedy_sigma20.0.json
unconditional,aNbN,128,ebsampler,greedy,,0.9,256,1,1.0,0.0,1.0,0.0,1.0,0.0,1.0,0.0,22.0,22,True,2.56,100,False,0.01,0.99,0.0,100,0.0004761904761904762,0.0006451612903225806,,,0.0,0.015625,,,,,,,,results/T-sweep-nonDyck-3/distributions/aNbN_L128_T256_ebsampler_greedy_gamma0.9.json
unconditional,aNbN,128,ebsampler,greedy,,0.5,256,1,1.0,0.0,1.0,0.0,1.0,0.0,1.0,0.0,29.0,29,True,3.52,100,False,0.01,0.99,0.0,100,0.00046153846153846153,0.000625,,,0.0,0.015625,,,,,,,,results/T-sweep-nonDyck-3/distributions/aNbN_L128_T256_ebsampler_greedy_gamma0.5.json
unconditional,aNbN,128,ebsampler,greedy,,0.1,64,1,1.0,0.0,1.0,0.0,1.0,0.0,1.0,0.0,62.0,62,True,9.13,100,False,0.01,0.99,0.0,100,0.0027272727272727275,0.004,,,0.0,0.015625,,,,,,,,results/T-sweep-nonDyck-3/distributions/aNbN_L128_T64_ebsampler_greedy_gamma0.1.json
unconditional,aNbN,128,gaussian,greedy,10.0,,256,5,1.0,0.0,1.0,0.0,1.0,0.0,1.0,0.0,241.56,256,False,134.05,500,False,0.06,0.94,0.05241227070453454,200,5.316132690671959e-05,7.15154115711936e-05,,,2.953611956246288,0.46875,,,,,,,,results/T-sweep-nonDyck-3/distributions/aNbN_L128_T256_gaussian_greedy_sigma10.0.json
unconditional,aNbN,128,ebsampler,categorical,,5.0,1,5,0.088,0.039699,0.75,0.063246,0.088,0.039699,0.088,0.039699,1.414,4,False,3.0,44,False,0.11363636363636363,0.8863636363636364,0.31061835226248424,44,0.0009063444108761329,0.001224739742804654,,,1.3189122873323487,0.078125,,,,,,,,results/T-sweep-nonDyck-3/distributions/aNbN_L128_T1_ebsampler_categorical_gamma5.0.json
unconditional,aNbN,128,ebsampler,categorical,,2.0,1,5,0.202,0.034871,0.848,0.034293,0.198,0.031875,0.198,0.031875,2.634,11,False,3.63,99,False,0.13131313131313133,0.8686868686868687,0.3905192298049441,99,0.0004677997816934352,0.0006335128286347799,,,2.170026407670564,0.203125,,,,,,,,results/T-sweep-nonDyck-3/distributions/aNbN_L128_T1_ebsampler_categorical_gamma2.0.json
unconditional,aNbN,128,ebsampler,greedy,,0.1,128,1,1.0,0.0,1.0,0.0,1.0,0.0,1.0,0.0,62.0,62,True,8.89,100,False,0.01,0.99,0.0,100,0.0027272727272727275,0.004,,,0.0,0.015625,,,,,,,,results/T-sweep-nonDyck-3/distributions/aNbN_L128_T128_ebsampler_greedy_gamma0.1.json
unconditional,aNbN,128,ebsampler,categorical,,10.0,1,5,0.012,0.011662,0.706,0.064684,0.012,0.011662,0.012,0.011662,1.056,3,False,3.35,6,False,0.5,0.5,0.036303630363036306,6,0.005,0.006734006734006734,,,0.8675632284814612,0.046875,,,,,,,,results/T-sweep-nonDyck-3/distributions/aNbN_L128_T1_ebsampler_categorical_gamma10.0.json
unconditional,aNbN,128,ebsampler,categorical,,0.9,1,5,0.268,0.030594,0.862,0.029933,0.266,0.028,0.266,0.028,5.19,21,False,5.67,133,False,0.18045112781954886,0.8195488721804511,0.4434473376452899,133,0.0004008016032064128,0.000544069640914037,,,2.701698282616693,0.375,,,,,,,,results/T-sweep-nonDyck-3/distributions/aNbN_L128_T1_ebsampler_categorical_gamma0.9.json
unconditional,aNbN,128,ebsampler,greedy,,0.1,256,1,1.0,0.0,1.0,0.0,1.0,0.0,1.0,0.0,62.0,62,True,8.75,100,False,0.01,0.99,0.0,100,0.0027272727272727275,0.004,,,0.0,0.015625,,,,,,,,results/T-sweep-nonDyck-3/distributions/aNbN_L128_T256_ebsampler_greedy_gamma0.1.json
unconditional,aNbN,128,ebsampler,categorical,,5.0,2,5,0.088,0.039699,0.75,0.063246,0.088,0.039699,0.088,0.039699,1.414,4,False,2.97,44,False,0.11363636363636363,0.8863636363636364,0.31061835226248424,44,0.0009063444108761329,0.001224739742804654,,,1.3189122873323487,0.078125,,,,,,,,results/T-sweep-nonDyck-3/distributions/aNbN_L128_T2_ebsampler_categorical_gamma5.0.json
unconditional,aNbN,128,ebsampler,categorical,,2.0,2,5,0.202,0.034871,0.848,0.034293,0.198,0.031875,0.198,0.031875,2.634,11,False,3.49,99,False,0.13131313131313133,0.8686868686868687,0.3905192298049441,99,0.0004677997816934352,0.0006335128286347799,,,2.170026407670564,0.203125,,,,,,,,results/T-sweep-nonDyck-3/distributions/aNbN_L128_T2_ebsampler_categorical_gamma2.0.json
unconditional,aNbN,128,ebsampler,categorical,,0.5,1,5,0.456,0.030725,0.896,0.035553,0.456,0.030725,0.454,0.028705,8.31,29,False,7.69,227,False,0.14977973568281938,0.8502202643171806,0.3823729317638859,200,0.00020095116886596556,0.00027207182696231805,,,3.1396169017870994,0.53125,,,,,,,,results/T-sweep-nonDyck-3/distributions/aNbN_L128_T1_ebsampler_categorical_gamma0.5.json
unconditional,aNbN,128,ebsampler,categorical,,10.0,2,5,0.012,0.011662,0.706,0.064684,0.012,0.011662,0.012,0.011662,1.056,3,False,3.59,6,False,0.5,0.5,0.036303630363036306,6,0.005,0.006734006734006734,,,0.8675632284814612,0.046875,,,,,,,,results/T-sweep-nonDyck-3/distributions/aNbN_L128_T2_ebsampler_categorical_gamma10.0.json
unconditional,aNbN,128,ebsampler,categorical,,0.9,2,5,0.268,0.030594,0.862,0.029933,0.266,0.028,0.266,0.028,5.19,21,False,5.48,133,False,0.18045112781954886,0.8195488721804511,0.4434473376452899,133,0.0004008016032064128,0.000544069640914037,,,2.701698282616693,0.375,,,,,,,,results/T-sweep-nonDyck-3/distributions/aNbN_L128_T2_ebsampler_categorical_gamma0.9.json
unconditional,aNbN,128,ebsampler,categorical,,5.0,4,5,0.088,0.039699,0.75,0.063246,0.088,0.039699,0.088,0.039699,1.414,4,False,2.97,44,False,0.11363636363636363,0.8863636363636364,0.31061835226248424,44,0.0009063444108761329,0.001224739742804654,,,1.3189122873323487,0.078125,,,,,,,,results/T-sweep-nonDyck-3/distributions/aNbN_L128_T4_ebsampler_categorical_gamma5.0.json
unconditional,aNbN,128,ebsampler,categorical,,2.0,4,5,0.202,0.034871,0.848,0.034293,0.198,0.031875,0.198,0.031875,2.634,11,False,3.59,99,False,0.13131313131313133,0.8686868686868687,0.3905192298049441,99,0.0004677997816934352,0.0006335128286347799,,,2.170026407670564,0.203125,,,,,,,,results/T-sweep-nonDyck-3/distributions/aNbN_L128_T4_ebsampler_categorical_gamma2.0.json
unconditional,aNbN,128,ebsampler,categorical,,10.0,4,5,0.012,0.011662,0.706,0.064684,0.012,0.011662,0.012,0.011662,1.056,3,False,3.25,6,False,0.5,0.5,0.036303630363036306,6,0.005,0.006734006734006734,,,0.8675632284814612,0.046875,,,,,,,,results/T-sweep-nonDyck-3/distributions/aNbN_L128_T4_ebsampler_categorical_gamma10.0.json
unconditional,aNbN,128,ebsampler,categorical,,0.5,2,5,0.456,0.030725,0.896,0.035553,0.456,0.030725,0.454,0.028705,8.31,29,False,7.88,227,False,0.14977973568281938,0.8502202643171806,0.3823729317638859,200,0.00020095116886596556,0.00027207182696231805,,,3.1396169017870994,0.53125,,,,,,,,results/T-sweep-nonDyck-3/distributions/aNbN_L128_T2_ebsampler_categorical_gamma0.5.json
unconditional,aNbN,128,ebsampler,categorical,,0.9,4,5,0.268,0.030594,0.862,0.029933,0.266,0.028,0.266,0.028,5.19,21,False,5.47,133,False,0.18045112781954886,0.8195488721804511,0.4434473376452899,133,0.0004008016032064128,0.000544069640914037,,,2.701698282616693,0.375,,,,,,,,results/T-sweep-nonDyck-3/distributions/aNbN_L128_T4_ebsampler_categorical_gamma0.9.json
unconditional,aNbN,128,ebsampler,categorical,,0.5,4,5,0.456,0.030725,0.896,0.035553,0.456,0.030725,0.454,0.028705,8.31,29,False,7.96,227,False,0.14977973568281938,0.8502202643171806,0.3823729317638859,200,0.00020095116886596556,0.00027207182696231805,,,3.1396169017870994,0.53125,,,,,,,,results/T-sweep-nonDyck-3/distributions/aNbN_L128_T4_ebsampler_categorical_gamma0.5.json
unconditional,aNbN,128,ebsampler,categorical,,5.0,8,5,0.088,0.039699,0.75,0.063246,0.088,0.039699,0.088,0.039699,1.414,4,False,2.8,44,False,0.11363636363636363,0.8863636363636364,0.31061835226248424,44,0.0009063444108761329,0.001224739742804654,,,1.3189122873323487,0.078125,,,,,,,,results/T-sweep-nonDyck-3/distributions/aNbN_L128_T8_ebsampler_categorical_gamma5.0.json
unconditional,aNbN,128,ebsampler,categorical,,2.0,8,5,0.202,0.034871,0.848,0.034293,0.198,0.031875,0.198,0.031875,2.634,11,False,3.45,99,False,0.13131313131313133,0.8686868686868687,0.3905192298049441,99,0.0004677997816934352,0.0006335128286347799,,,2.170026407670564,0.203125,,,,,,,,results/T-sweep-nonDyck-3/distributions/aNbN_L128_T8_ebsampler_categorical_gamma2.0.json
unconditional,aNbN,128,ebsampler,categorical,,10.0,8,5,0.012,0.011662,0.706,0.064684,0.012,0.011662,0.012,0.011662,1.056,3,False,3.28,6,False,0.5,0.5,0.036303630363036306,6,0.005,0.006734006734006734,,,0.8675632284814612,0.046875,,,,,,,,results/T-sweep-nonDyck-3/distributions/aNbN_L128_T8_ebsampler_categorical_gamma10.0.json
unconditional,aNbN,128,ebsampler,categorical,,0.9,8,5,0.268,0.030594,0.862,0.029933,0.266,0.028,0.266,0.028,5.19,21,False,5.29,133,False,0.18045112781954886,0.8195488721804511,0.4434473376452899,133,0.0004008016032064128,0.000544069640914037,,,2.701698282616693,0.375,,,,,,,,results/T-sweep-nonDyck-3/distributions/aNbN_L128_T8_ebsampler_categorical_gamma0.9.json
unconditional,aNbN,128,ebsampler,categorical,,0.5,8,5,0.456,0.030725,0.896,0.035553,0.456,0.030725,0.454,0.028705,8.31,29,False,7.65,227,False,0.14977973568281938,0.8502202643171806,0.3823729317638859,200,0.00020095116886596556,0.00027207182696231805,,,3.1396169017870994,0.53125,,,,,,,,results/T-sweep-nonDyck-3/distributions/aNbN_L128_T8_ebsampler_categorical_gamma0.5.json
unconditional,aNbN,128,ebsampler,categorical,,2.0,16,5,0.202,0.034871,0.848,0.034293,0.198,0.031875,0.198,0.031875,2.634,11,False,3.51,99,False,0.13131313131313133,0.8686868686868687,0.3905192298049441,99,0.0004677997816934352,0.0006335128286347799,,,2.170026407670564,0.203125,,,,,,,,results/T-sweep-nonDyck-3/distributions/aNbN_L128_T16_ebsampler_categorical_gamma2.0.json
unconditional,aNbN,128,ebsampler,categorical,,5.0,16,5,0.088,0.039699,0.75,0.063246,0.088,0.039699,0.088,0.039699,1.414,4,False,2.92,44,False,0.11363636363636363,0.8863636363636364,0.31061835226248424,44,0.0009063444108761329,0.001224739742804654,,,1.3189122873323487,0.078125,,,,,,,,results/T-sweep-nonDyck-3/distributions/aNbN_L128_T16_ebsampler_categorical_gamma5.0.json
unconditional,aNbN,128,ar,categorical,,,130,5,1.0,0.0,1.0,0.0,1.0,0.0,1.0,0.0,129.0,129,False,47.02,500,False,0.128,0.872,0.3352361047301881,200,9.333582228859437e-05,0.00012641425952847481,,,4.100305426902594,1.0,,,,,,,,results/T-sweep-nonDyck-3/distributions/aNbN_L128_T130_ar_categorical_none.json
unconditional,aNbN,128,gaussian,categorical,1.0,,256,5,0.886,0.02245,0.89,0.024495,0.886,0.02245,0.886,0.02245,227.636,255,False,86.06,443,False,0.14446952595936793,0.8555304740406321,0.3489321608040201,200,0.00011598685482312004,0.0001573440327275588,,,4.078148569245626,1.0,,,,,,,,results/T-sweep-nonDyck-3/distributions/aNbN_L128_T256_gaussian_categorical_sigma1.0.json
unconditional,aNbN,128,ebsampler,categorical,,10.0,16,5,0.012,0.011662,0.706,0.064684,0.012,0.011662,0.012,0.011662,1.056,3,False,3.33,6,False,0.5,0.5,0.036303630363036306,6,0.005,0.006734006734006734,,,0.8675632284814612,0.046875,,,,,,,,results/T-sweep-nonDyck-3/distributions/aNbN_L128_T16_ebsampler_categorical_gamma10.0.json
unconditional,aNbN,128,ebsampler,categorical,,0.9,16,5,0.268,0.030594,0.862,0.029933,0.266,0.028,0.266,0.028,5.19,21,False,5.31,133,False,0.18045112781954886,0.8195488721804511,0.4434473376452899,133,0.0004008016032064128,0.000544069640914037,,,2.701698282616693,0.375,,,,,,,,results/T-sweep-nonDyck-3/distributions/aNbN_L128_T16_ebsampler_categorical_gamma0.9.json
unconditional,aNbN,128,ebsampler,categorical,,5.0,32,5,0.088,0.039699,0.75,0.063246,0.088,0.039699,0.088,0.039699,1.414,4,False,1.78,44,False,0.11363636363636363,0.8863636363636364,0.31061835226248424,44,0.0009063444108761329,0.001224739742804654,,,1.3189122873323487,0.078125,,,,,,,,results/T-sweep-nonDyck-3/distributions/aNbN_L128_T32_ebsampler_categorical_gamma5.0.json
unconditional,aNbN,128,ebsampler,categorical,,2.0,32,5,0.202,0.034871,0.848,0.034293,0.198,0.031875,0.198,0.031875,2.634,11,False,3.41,99,False,0.13131313131313133,0.8686868686868687,0.3905192298049441,99,0.0004677997816934352,0.0006335128286347799,,,2.170026407670564,0.203125,,,,,,,,results/T-sweep-nonDyck-3/distributions/aNbN_L128_T32_ebsampler_categorical_gamma2.0.json
unconditional,aNbN,128,ebsampler,categorical,,0.5,16,5,0.456,0.030725,0.896,0.035553,0.456,0.030725,0.454,0.028705,8.31,29,False,8.06,227,False,0.14977973568281938,0.8502202643171806,0.3823729317638859,200,0.00020095116886596556,0.00027207182696231805,,,3.1396169017870994,0.53125,,,,,,,,results/T-sweep-nonDyck-3/distributions/aNbN_L128_T16_ebsampler_categorical_gamma0.5.json
unconditional,baN,128,gaussian,categorical,20.0,,256,5,0.972,0.011662,1.0,0.0,0.972,0.011662,0.984,0.013565,240.474,256,False,3214.67,483,False,1.0,0.0,0.15889621069375084,200,6.568360208873854e-05,0.0001324174459985103,0.75,0.625,,,,,,,,,,results/T-sweep-nonDyck-3/distributions/baN_L128_T256_gaussian_categorical_sigma20.0.json
unconditional,aNbN,128,ebsampler,categorical,,10.0,32,5,0.012,0.011662,0.706,0.064684,0.012,0.011662,0.012,0.011662,1.056,3,False,3.33,6,False,0.5,0.5,0.036303630363036306,6,0.005,0.006734006734006734,,,0.8675632284814612,0.046875,,,,,,,,results/T-sweep-nonDyck-3/distributions/aNbN_L128_T32_ebsampler_categorical_gamma10.0.json
unconditional,aNbN,128,ebsampler,categorical,,0.1,1,5,0.63,0.022804,1.0,0.0,0.63,0.022804,0.62,0.017889,25.568,62,False,22.93,310,False,0.16774193548387098,0.832258064516129,0.31739725576169264,200,0.0001800288046087374,0.00024458847988259754,,,3.8799622317560427,0.8125,,,,,,,,results/T-sweep-nonDyck-3/distributions/aNbN_L128_T1_ebsampler_categorical_gamma0.1.json
unconditional,aNbN,128,ebsampler,categorical,,0.9,32,5,0.268,0.030594,0.862,0.029933,0.266,0.028,0.266,0.028,5.19,21,False,5.54,133,False,0.18045112781954886,0.8195488721804511,0.4434473376452899,133,0.0004008016032064128,0.000544069640914037,,,2.701698282616693,0.375,,,,,,,,results/T-sweep-nonDyck-3/distributions/aNbN_L128_T32_ebsampler_categorical_gamma0.9.json
unconditional,aNbN,128,ebsampler,categorical,,0.5,64,5,0.456,0.030725,0.896,0.035553,0.456,0.030725,0.454,0.028705,8.31,29,False,4.93,227,False,0.14977973568281938,0.8502202643171806,0.3823729317638859,200,0.00020095116886596556,0.00027207182696231805,,,3.1396169017870994,0.53125,,,,,,,,results/T-sweep-nonDyck-3/distributions/aNbN_L128_T64_ebsampler_categorical_gamma0.5.json
unconditional,aNbN,128,ebsampler,categorical,,0.1,2,5,0.63,0.022804,1.0,0.0,0.63,0.022804,0.62,0.017889,25.568,62,False,23.23,310,False,0.16774193548387098,0.832258064516129,0.31739725576169264,200,0.0001800288046087374,0.00024458847988259754,,,3.8799622317560427,0.8125,,,,,,,,results/T-sweep-nonDyck-3/distributions/aNbN_L128_T2_ebsampler_categorical_gamma0.1.json
unconditional,aNbN,128,ebsampler,categorical,,5.0,64,5,0.088,0.039699,0.75,0.063246,0.088,0.039699,0.088,0.039699,1.414,4,False,3.0,44,False,0.11363636363636363,0.8863636363636364,0.31061835226248424,44,0.0009063444108761329,0.001224739742804654,,,1.3189122873323487,0.078125,,,,,,,,results/T-sweep-nonDyck-3/distributions/aNbN_L128_T64_ebsampler_categorical_gamma5.0.json
unconditional,aNbN,128,ebsampler,categorical,,0.5,32,5,0.456,0.030725,0.896,0.035553,0.456,0.030725,0.454,0.028705,8.31,29,False,7.66,227,False,0.14977973568281938,0.8502202643171806,0.3823729317638859,200,0.00020095116886596556,0.00027207182696231805,,,3.1396169017870994,0.53125,,,,,,,,results/T-sweep-nonDyck-3/distributions/aNbN_L128_T32_ebsampler_categorical_gamma0.5.json
unconditional,aNbN,128,ebsampler,categorical,,10.0,64,5,0.012,0.011662,0.706,0.064684,0.012,0.011662,0.012,0.011662,1.056,3,False,3.32,6,False,0.5,0.5,0.036303630363036306,6,0.005,0.006734006734006734,,,0.8675632284814612,0.046875,,,,,,,,results/T-sweep-nonDyck-3/distributions/aNbN_L128_T64_ebsampler_categorical_gamma10.0.json
unconditional,aNbN,128,ebsampler,categorical,,2.0,64,5,0.202,0.034871,0.848,0.034293,0.198,0.031875,0.198,0.031875,2.634,11,False,3.82,99,False,0.13131313131313133,0.8686868686868687,0.3905192298049441,99,0.0004677997816934352,0.0006335128286347799,,,2.170026407670564,0.203125,,,,,,,,results/T-sweep-nonDyck-3/distributions/aNbN_L128_T64_ebsampler_categorical_gamma2.0.json
unconditional,baN,128,ebsampler,categorical,,0.1,64,5,1.0,0.0,1.0,0.0,1.0,0.0,1.0,0.0,128.0,128,False,1251.7,500,False,1.0,0.0,0.15902156824114272,200,6.350819255683983e-05,0.00012803277639075603,0.75,0.625,,,,,,,,,,results/T-sweep-nonDyck-3/distributions/baN_L128_T64_ebsampler_categorical_gamma0.1.json
unconditional,aNbN,128,ebsampler,categorical,,0.9,64,5,0.268,0.030594,0.862,0.029933,0.266,0.028,0.266,0.028,5.19,21,False,5.53,133,False,0.18045112781954886,0.8195488721804511,0.4434473376452899,133,0.0004008016032064128,0.000544069640914037,,,2.701698282616693,0.375,,,,,,,,results/T-sweep-nonDyck-3/distributions/aNbN_L128_T64_ebsampler_categorical_gamma0.9.json
unconditional,aNbN,128,ebsampler,categorical,,0.1,4,5,0.63,0.022804,1.0,0.0,0.63,0.022804,0.62,0.017889,25.568,62,False,22.89,310,False,0.16774193548387098,0.832258064516129,0.31739725576169264,200,0.0001800288046087374,0.00024458847988259754,,,3.8799622317560427,0.8125,,,,,,,,results/T-sweep-nonDyck-3/distributions/aNbN_L128_T4_ebsampler_categorical_gamma0.1.json
unconditional,aNbN,128,ebsampler,categorical,,5.0,128,5,0.088,0.039699,0.75,0.063246,0.088,0.039699,0.088,0.039699,1.414,4,False,2.95,44,False,0.11363636363636363,0.8863636363636364,0.31061835226248424,44,0.0009063444108761329,0.001224739742804654,,,1.3189122873323487,0.078125,,,,,,,,results/T-sweep-nonDyck-3/distributions/aNbN_L128_T128_ebsampler_categorical_gamma5.0.json
unconditional,aNbN,128,ebsampler,categorical,,2.0,128,5,0.202,0.034871,0.848,0.034293,0.198,0.031875,0.198,0.031875,2.634,11,False,3.45,99,False,0.13131313131313133,0.8686868686868687,0.3905192298049441,99,0.0004677997816934352,0.0006335128286347799,,,2.170026407670564,0.203125,,,,,,,,results/T-sweep-nonDyck-3/distributions/aNbN_L128_T128_ebsampler_categorical_gamma2.0.json
unconditional,aNbN,128,ebsampler,categorical,,0.9,128,5,0.268,0.030594,0.862,0.029933,0.266,0.028,0.266,0.028,5.19,21,False,3.51,133,False,0.18045112781954886,0.8195488721804511,0.4434473376452899,133,0.0004008016032064128,0.000544069640914037,,,2.701698282616693,0.375,,,,,,,,results/T-sweep-nonDyck-3/distributions/aNbN_L128_T128_ebsampler_categorical_gamma0.9.json
unconditional,aNbN,128,ebsampler,categorical,,10.0,128,5,0.012,0.011662,0.706,0.064684,0.012,0.011662,0.012,0.011662,1.056,3,False,3.37,6,False,0.5,0.5,0.036303630363036306,6,0.005,0.006734006734006734,,,0.8675632284814612,0.046875,,,,,,,,results/T-sweep-nonDyck-3/distributions/aNbN_L128_T128_ebsampler_categorical_gamma10.0.json
unconditional,aNbN,128,ebsampler,categorical,,5.0,256,5,0.088,0.039699,0.75,0.063246,0.088,0.039699,0.088,0.039699,1.414,4,False,3.01,44,False,0.11363636363636363,0.8863636363636364,0.31061835226248424,44,0.0009063444108761329,0.001224739742804654,,,1.3189122873323487,0.078125,,,,,,,,results/T-sweep-nonDyck-3/distributions/aNbN_L128_T256_ebsampler_categorical_gamma5.0.json
unconditional,aNbN,128,ebsampler,categorical,,2.0,256,5,0.202,0.034871,0.848,0.034293,0.198,0.031875,0.198,0.031875,2.634,11,False,3.61,99,False,0.13131313131313133,0.8686868686868687,0.3905192298049441,99,0.0004677997816934352,0.0006335128286347799,,,2.170026407670564,0.203125,,,,,,,,results/T-sweep-nonDyck-3/distributions/aNbN_L128_T256_ebsampler_categorical_gamma2.0.json
unconditional,aNbN,128,ebsampler,categorical,,0.5,128,5,0.456,0.030725,0.896,0.035553,0.456,0.030725,0.454,0.028705,8.31,29,False,8.0,227,False,0.14977973568281938,0.8502202643171806,0.3823729317638859,200,0.00020095116886596556,0.00027207182696231805,,,3.1396169017870994,0.53125,,,,,,,,results/T-sweep-nonDyck-3/distributions/aNbN_L128_T128_ebsampler_categorical_gamma0.5.json
unconditional,aNbN,128,ebsampler,categorical,,10.0,256,5,0.012,0.011662,0.706,0.064684,0.012,0.011662,0.012,0.011662,1.056,3,False,3.34,6,False,0.5,0.5,0.036303630363036306,6,0.005,0.006734006734006734,,,0.8675632284814612,0.046875,,,,,,,,results/T-sweep-nonDyck-3/distributions/aNbN_L128_T256_ebsampler_categorical_gamma10.0.json
unconditional,aNbN,128,gaussian,categorical,50.0,,256,5,0.962,0.026382,0.994,0.004899,0.962,0.026382,0.96,0.026077,237.438,256,False,80.03,480,False,0.13333333333333333,0.8666666666666667,0.33681341725566544,200,9.647543092359146e-05,0.0001306506401881369,,,4.08759116405167,1.0,,,,,,,,results/T-sweep-nonDyck-3/distributions/aNbN_L128_T256_gaussian_categorical_sigma50.0.json
unconditional,aNbN,128,ebsampler,categorical,,0.1,8,5,0.63,0.022804,1.0,0.0,0.63,0.022804,0.62,0.017889,25.568,62,False,24.03,310,False,0.16774193548387098,0.832258064516129,0.31739725576169264,200,0.0001800288046087374,0.00024458847988259754,,,3.8799622317560427,0.8125,,,,,,,,results/T-sweep-nonDyck-3/distributions/aNbN_L128_T8_ebsampler_categorical_gamma0.1.json
unconditional,aNbN,128,ebsampler,categorical,,0.9,256,5,0.268,0.030594,0.862,0.029933,0.266,0.028,0.266,0.028,5.19,21,False,5.74,133,False,0.18045112781954886,0.8195488721804511,0.4434473376452899,133,0.0004008016032064128,0.000544069640914037,,,2.701698282616693,0.375,,,,,,,,results/T-sweep-nonDyck-3/distributions/aNbN_L128_T256_ebsampler_categorical_gamma0.9.json
unconditional,aNbNcN,128,uniform,greedy,,,1,5,0.0,0.0,1.0,0.0,0.0,0.0,0.0,0.0,1.0,1,False,4.26,0,True,,,,0,,,,,,,,,,,,,,results/T-sweep-nonDyck-3/distributions/aNbNcN_L128_T1_uniform_greedy_none.json
unconditional,aNbN,128,ebsampler,categorical,,0.5,256,5,0.456,0.030725,0.896,0.035553,0.456,0.030725,0.454,0.028705,8.31,29,False,8.26,227,False,0.14977973568281938,0.8502202643171806,0.3823729317638859,200,0.00020095116886596556,0.00027207182696231805,,,3.1396169017870994,0.53125,,,,,,,,results/T-sweep-nonDyck-3/distributions/aNbN_L128_T256_ebsampler_categorical_gamma0.5.json
unconditional,aNbNcN,128,uniform,greedy,,,2,5,0.0,0.0,1.0,0.0,0.0,0.0,0.0,0.0,1.0,1,False,5.69,0,True,,,,0,,,,,,,,,,,,,,results/T-sweep-nonDyck-3/distributions/aNbNcN_L128_T2_uniform_greedy_none.json
unconditional,aNbN,128,gaussian,categorical,100.0,,256,5,0.956,0.013565,0.99,0.006325,0.956,0.013565,0.952,0.016,241.458,256,False,72.96,476,False,0.13445378151260504,0.865546218487395,0.3179999614932902,200,9.963467286615742e-05,0.0001349800904366606,,,4.079211733079803,1.0,,,,,,,,results/T-sweep-nonDyck-3/distributions/aNbN_L128_T256_gaussian_categorical_sigma100.0.json
unconditional,aNbN,128,ebsampler,categorical,,0.1,16,5,0.63,0.022804,1.0,0.0,0.63,0.022804,0.62,0.017889,25.568,62,False,23.53,310,False,0.16774193548387098,0.832258064516129,0.31739725576169264,200,0.0001800288046087374,0.00024458847988259754,,,3.8799622317560427,0.8125,,,,,,,,results/T-sweep-nonDyck-3/distributions/aNbN_L128_T16_ebsampler_categorical_gamma0.1.json
unconditional,aNbNcN,128,uniform,categorical,,,1,5,0.0,0.0,0.0,0.0,0.0,0.0,0.362,0.027857,1.0,1,False,4.29,0,True,,,,0,,,,,,,,,,,,,,results/T-sweep-nonDyck-3/distributions/aNbNcN_L128_T1_uniform_categorical_none.json
unconditional,aNbNcN,128,uniform,greedy,,,4,5,0.002,0.004,1.0,0.0,0.002,0.004,0.002,0.004,1.006,4,False,8.73,1,True,1.0,0.0,,1,0.07042253521126761,0.1,,,0.0,0.023809523809523808,,,,,,,,results/T-sweep-nonDyck-3/distributions/aNbNcN_L128_T4_uniform_greedy_none.json
unconditional,baN,128,ebsampler,categorical,,0.5,128,5,1.0,0.0,1.0,0.0,1.0,0.0,1.0,0.0,128.0,128,False,950.35,500,False,1.0,0.0,0.15902156824114272,200,6.350819255683983e-05,0.00012803277639075603,0.75,0.625,,,,,,,,,,results/T-sweep-nonDyck-3/distributions/baN_L128_T128_ebsampler_categorical_gamma0.5.json
unconditional,aNbNcN,128,uniform,categorical,,,8,5,0.046,0.023324,0.344,0.036111,0.014,0.012,0.002,0.004,1.016,8,False,4.0,1,True,1.0,0.0,,1,0.07042253521126761,0.1,,,0.0,0.023809523809523808,,,,,,,,results/T-sweep-nonDyck-3/distributions/aNbNcN_L128_T8_uniform_categorical_none.json
unconditional,aNbNcN,128,uniform,greedy,,,8,5,0.058,0.013266,1.0,0.0,0.058,0.013266,0.058,0.013266,1.436,8,False,8.63,29,False,0.4827586206896552,0.5172413793103448,0.12626728110599078,29,0.002730748225013654,0.00388457269700333,,,2.4346651032548796,0.3333333333333333,,,,,,,,results/T-sweep-nonDyck-3/distributions/aNbNcN_L128_T8_uniform_greedy_none.json
unconditional,aNbN,128,ebsampler,categorical,,0.1,32,5,0.63,0.022804,1.0,0.0,0.63,0.022804,0.62,0.017889,25.568,62,False,23.18,310,False,0.16774193548387098,0.832258064516129,0.31739725576169264,200,0.0001800288046087374,0.00024458847988259754,,,3.8799622317560427,0.8125,,,,,,,,results/T-sweep-nonDyck-3/distributions/aNbN_L128_T32_ebsampler_categorical_gamma0.1.json
unconditional,aNbNcN,128,uniform,categorical,,,16,5,0.134,0.02245,0.702,0.027857,0.108,0.019391,0.08,0.021909,2.28,16,False,4.86,40,False,0.575,0.42500000000000004,0.18522124851238775,40,0.001783166904422254,0.002894356005788712,,,3.038884584421759,0.5476190476190477,,,,,,,,results/T-sweep-nonDyck-3/distributions/aNbNcN_L128_T16_uniform_categorical_none.json
unconditional,aNbNcN,128,gaussian,greedy,1.0,,1,5,0.0,0.0,1.0,0.0,0.0,0.0,0.0,0.0,1.0,1,False,2.59,0,True,,,,0,,,,,,,,,,,,,,results/T-sweep-nonDyck-3/distributions/aNbNcN_L128_T1_gaussian_greedy_sigma1.0.json
unconditional,aNbNcN,128,uniform,categorical,,,2,5,0.008,0.007483,0.0,0.0,0.0,0.0,0.0,0.0,1.0,1,False,8.38,0,True,,,,0,,,,,,,,,,,,,,results/T-sweep-nonDyck-3/distributions/aNbNcN_L128_T2_uniform_categorical_none.json
unconditional,aNbNcN,128,uniform,categorical,,,4,5,0.026,0.028705,0.048,0.019391,0.0,0.0,0.0,0.0,1.0,1,False,7.39,0,True,,,,0,,,,,,,,,,,,,,results/T-sweep-nonDyck-3/distributions/aNbNcN_L128_T4_uniform_categorical_none.json
unconditional,aNbNcN,128,uniform,greedy,,,16,5,0.314,0.043174,1.0,0.0,0.314,0.043174,0.308,0.045782,5.782,16,False,11.02,154,False,0.16233766233766234,0.8376623376623377,0.1276128940777914,154,0.0004960809604127393,0.0007052896725440807,,,2.9246677869395974,0.5952380952380952,,,,,,,,results/T-sweep-nonDyck-3/distributions/aNbNcN_L128_T16_uniform_greedy_none.json
unconditional,aNbN,128,ebsampler,categorical,,0.1,64,5,0.63,0.022804,1.0,0.0,0.63,0.022804,0.62,0.017889,25.568,62,False,23.37,310,False,0.16774193548387098,0.832258064516129,0.31739725576169264,200,0.0001800288046087374,0.00024458847988259754,,,3.8799622317560427,0.8125,,,,,,,,results/T-sweep-nonDyck-3/distributions/aNbN_L128_T64_ebsampler_categorical_gamma0.1.json
unconditional,aNbNcN,128,gaussian,greedy,10.0,,1,5,0.0,0.0,1.0,0.0,0.0,0.0,0.0,0.0,1.0,1,False,2.59,0,True,,,,0,,,,,,,,,,,,,,results/T-sweep-nonDyck-3/distributions/aNbNcN_L128_T1_gaussian_greedy_sigma10.0.json
unconditional,aNbNcN,128,gaussian,greedy,2.0,,1,5,0.0,0.0,1.0,0.0,0.0,0.0,0.0,0.0,1.0,1,False,4.26,0,True,,,,0,,,,,,,,,,,,,,results/T-sweep-nonDyck-3/distributions/aNbNcN_L128_T1_gaussian_greedy_sigma2.0.json
unconditional,aNbNcN,128,gaussian,greedy,20.0,,1,5,0.0,0.0,1.0,0.0,0.0,0.0,0.0,0.0,1.0,1,False,2.64,0,True,,,,0,,,,,,,,,,,,,,results/T-sweep-nonDyck-3/distributions/aNbNcN_L128_T1_gaussian_greedy_sigma20.0.json
unconditional,aNbNcN,128,gaussian,greedy,5.0,,1,5,0.0,0.0,1.0,0.0,0.0,0.0,0.0,0.0,1.0,1,False,4.34,0,True,,,,0,,,,,,,,,,,,,,results/T-sweep-nonDyck-3/distributions/aNbNcN_L128_T1_gaussian_greedy_sigma5.0.json
unconditional,aNbNcN,128,gaussian,greedy,50.0,,1,5,0.0,0.0,1.0,0.0,0.0,0.0,0.0,0.0,1.0,1,False,4.35,0,True,,,,0,,,,,,,,,,,,,,results/T-sweep-nonDyck-3/distributions/aNbNcN_L128_T1_gaussian_greedy_sigma50.0.json
unconditional,aNbN,128,ebsampler,categorical,,0.1,128,5,0.63,0.022804,1.0,0.0,0.63,0.022804,0.62,0.017889,25.568,62,False,23.04,310,False,0.16774193548387098,0.832258064516129,0.31739725576169264,200,0.0001800288046087374,0.00024458847988259754,,,3.8799622317560427,0.8125,,,,,,,,results/T-sweep-nonDyck-3/distributions/aNbN_L128_T128_ebsampler_categorical_gamma0.1.json
unconditional,aNbNcN,128,gaussian,greedy,100.0,,1,5,0.0,0.0,1.0,0.0,0.0,0.0,0.0,0.0,1.0,1,False,4.53,0,True,,,,0,,,,,,,,,,,,,,results/T-sweep-nonDyck-3/distributions/aNbNcN_L128_T1_gaussian_greedy_sigma100.0.json
unconditional,aNbN,128,gaussian,categorical,2.0,,256,5,0.864,0.023324,0.874,0.027276,0.864,0.023324,0.864,0.023324,222.282,256,False,112.61,432,False,0.14814814814814814,0.8518518518518519,0.33468882875918055,200,0.00011066027296200664,0.00014993627708224006,,,4.085992774821101,1.0,,,,,,,,results/T-sweep-nonDyck-3/distributions/aNbN_L128_T256_gaussian_categorical_sigma2.0.json
unconditional,aNbN,128,ebsampler,categorical,,0.1,256,5,0.63,0.022804,1.0,0.0,0.63,0.022804,0.62,0.017889,25.568,62,False,23.56,310,False,0.16774193548387098,0.832258064516129,0.31739725576169264,200,0.0001800288046087374,0.00024458847988259754,,,3.8799622317560427,0.8125,,,,,,,,results/T-sweep-nonDyck-3/distributions/aNbN_L128_T256_ebsampler_categorical_gamma0.1.json
unconditional,aNbNcN,128,gaussian,greedy,20.0,,2,5,0.0,0.0,1.0,0.0,0.0,0.0,0.0,0.0,1.0,1,False,5.92,0,True,,,,0,,,,,,,,,,,,,,results/T-sweep-nonDyck-3/distributions/aNbNcN_L128_T2_gaussian_greedy_sigma20.0.json
unconditional,aNbNcN,128,uniform,greedy,,,32,5,0.624,0.040792,1.0,0.0,0.624,0.040792,0.618,0.038678,20.646,32,False,18.6,309,False,0.11974110032362459,0.8802588996763754,0.20066756808253236,200,0.00025002500250025,0.00035552846767230434,,,3.336844232791581,0.8809523809523809,,,,,,,,results/T-sweep-nonDyck-3/distributions/aNbNcN_L128_T32_uniform_greedy_none.json
unconditional,aNbNcN,128,uniform,categorical,,,32,5,0.382,0.072222,0.892,0.017205,0.362,0.067646,0.33,0.066633,11.574,32,False,15.65,165,False,0.23636363636363636,0.7636363636363637,0.2610700671322066,165,0.00046816479400749064,0.0007608178792201616,,,3.5150945447018875,0.9285714285714286,,,,,,,,results/T-sweep-nonDyck-3/distributions/aNbNcN_L128_T32_uniform_categorical_none.json
unconditional,aNbNcN,128,gaussian,greedy,1.0,,2,5,0.0,0.0,1.0,0.0,0.0,0.0,0.0,0.0,1.0,1,False,9.99,0,True,,,,0,,,,,,,,,,,,,,results/T-sweep-nonDyck-3/distributions/aNbNcN_L128_T2_gaussian_greedy_sigma1.0.json
unconditional,aNbNcN,128,gaussian,greedy,2.0,,2,5,0.0,0.0,1.0,0.0,0.0,0.0,0.0,0.0,1.0,1,False,10.13,0,True,,,,0,,,,,,,,,,,,,,results/T-sweep-nonDyck-3/distributions/aNbNcN_L128_T2_gaussian_greedy_sigma2.0.json
unconditional,aNbNcN,128,gaussian,greedy,5.0,,2,5,0.0,0.0,1.0,0.0,0.0,0.0,0.0,0.0,1.0,1,False,9.5,0,True,,,,0,,,,,,,,,,,,,,results/T-sweep-nonDyck-3/distributions/aNbNcN_L128_T2_gaussian_greedy_sigma5.0.json
unconditional,aNbNcN,128,gaussian,greedy,10.0,,2,5,0.0,0.0,1.0,0.0,0.0,0.0,0.0,0.0,1.0,1,False,10.14,0,True,,,,0,,,,,,,,,,,,,,results/T-sweep-nonDyck-3/distributions/aNbNcN_L128_T2_gaussian_greedy_sigma10.0.json
unconditional,aNbNcN,128,gaussian,greedy,1.0,,4,5,1.0,0.0,1.0,0.0,1.0,0.0,1.0,0.0,4.004,5,False,8.04,500,False,0.008,0.992,0.005464490289610231,200,0.000115738061618944,0.0001639305871056884,,,0.2942052538894401,0.09523809523809523,,,,,,,,results/T-sweep-nonDyck-3/distributions/aNbNcN_L128_T4_gaussian_greedy_sigma1.0.json
unconditional,aNbNcN,128,gaussian,greedy,50.0,,2,5,0.0,0.0,1.0,0.0,0.0,0.0,0.0,0.0,1.0,1,False,9.77,0,True,,,,0,,,,,,,,,,,,,,results/T-sweep-nonDyck-3/distributions/aNbNcN_L128_T2_gaussian_greedy_sigma50.0.json
unconditional,aNbNcN,128,gaussian,greedy,2.0,,4,5,1.0,0.0,1.0,0.0,1.0,0.0,1.0,0.0,4.008,5,False,8.59,500,False,0.014,0.986,0.03523539725275497,200,0.0001110790216159776,0.00015725743041358704,,,1.1700590864106095,0.16666666666666666,,,,,,,,results/T-sweep-nonDyck-3/distributions/aNbNcN_L128_T4_gaussian_greedy_sigma2.0.json
unconditional,aNbNcN,128,gaussian,greedy,20.0,,4,5,0.664,0.047159,1.0,0.0,0.664,0.047159,0.664,0.047159,3.28,5,False,5.21,332,False,0.04216867469879518,0.9578313253012049,0.04775654250103981,200,0.00016636167027116953,0.0002355078558691922,,,2.2944445038518477,0.3333333333333333,,,,,,,,results/T-sweep-nonDyck-3/distributions/aNbNcN_L128_T4_gaussian_greedy_sigma20.0.json
unconditional,aNbNcN,128,gaussian,greedy,100.0,,2,5,0.0,0.0,1.0,0.0,0.0,0.0,0.0,0.0,1.0,1,False,9.76,0,True,,,,0,,,,,,,,,,,,,,results/T-sweep-nonDyck-3/distributions/aNbNcN_L128_T2_gaussian_greedy_sigma100.0.json
unconditional,aNbNcN,128,gaussian,greedy,5.0,,4,5,1.0,0.0,1.0,0.0,1.0,0.0,1.0,0.0,4.028,5,False,8.67,500,False,0.022,0.978,0.05042492283042862,200,0.00010802635843145727,0.0001528885006006334,,,1.9255722776291644,0.2619047619047619,,,,,,,,results/T-sweep-nonDyck-3/distributions/aNbNcN_L128_T4_gaussian_greedy_sigma5.0.json
unconditional,aNbNcN,128,gaussian,greedy,50.0,,4,5,0.152,0.034871,1.0,0.0,0.152,0.034871,0.152,0.034871,1.644,5,False,5.4,76,False,0.23684210526315788,0.7631578947368421,0.07521590556073314,76,0.0007859163784973279,0.0011135857461024498,,,2.5631474409873394,0.42857142857142855,,,,,,,,results/T-sweep-nonDyck-3/distributions/aNbNcN_L128_T4_gaussian_greedy_sigma50.0.json
unconditional,aNbN,128,gaussian,categorical,5.0,,256,5,0.928,0.023152,0.938,0.01833,0.928,0.023152,0.926,0.020591,229.578,256,False,119.04,463,False,0.13822894168466524,0.8617710583153347,0.32465669032208,200,0.00010019705420660633,0.00013569441617477442,,,4.072870819859523,1.0,,,,,,,,results/T-sweep-nonDyck-3/distributions/aNbN_L128_T256_gaussian_categorical_sigma5.0.json
unconditional,aNbNcN,128,gaussian,greedy,10.0,,4,5,0.964,0.016248,1.0,0.0,0.964,0.016248,0.964,0.016248,3.99,5,False,8.36,482,False,0.024896265560165973,0.975103734439834,0.05100633545825608,200,0.00011361570623522995,0.0001608234158893535,,,2.2241516772289898,0.2857142857142857,,,,,,,,results/T-sweep-nonDyck-3/distributions/aNbNcN_L128_T4_gaussian_greedy_sigma10.0.json
unconditional,aNbNcN,128,gaussian,greedy,100.0,,4,5,0.056,0.012,1.0,0.0,0.056,0.012,0.056,0.012,1.244,5,False,8.77,28,False,0.5,0.5,0.0977672708169162,28,0.0023957834211787254,0.003399708596406022,,,2.462814373674547,0.3333333333333333,,,,,,,,results/T-sweep-nonDyck-3/distributions/aNbNcN_L128_T4_gaussian_greedy_sigma100.0.json
unconditional,aNbN,128,gaussian,categorical,10.0,,256,5,0.934,0.027276,0.944,0.024166,0.934,0.027276,0.932,0.030594,229.408,256,False,123.64,466,False,0.13733905579399142,0.8626609442060086,0.34307944487935077,200,9.887284951552304e-05,0.00013388673182487614,,,4.060342968033853,1.0,,,,,,,,results/T-sweep-nonDyck-3/distributions/aNbN_L128_T256_gaussian_categorical_sigma10.0.json
unconditional,aNbNcN,128,gaussian,greedy,50.0,,8,5,0.542,0.024819,1.0,0.0,0.542,0.024819,0.542,0.024819,5.656,9,False,11.99,271,False,0.1033210332103321,0.8966789667896679,0.10639045243182318,200,0.00021189134211976098,0.0003000943153562548,,,3.0332999510637673,0.6666666666666666,,,,,,,,results/T-sweep-nonDyck-3/distributions/aNbNcN_L128_T8_gaussian_greedy_sigma50.0.json
unconditional,aNbNcN,128,gaussian,greedy,1.0,,8,5,1.0,0.0,1.0,0.0,1.0,0.0,1.0,0.0,8.006,9,False,14.7,500,False,0.008,0.992,0.00254366744313037,200,0.0001155615133935794,0.00016367760188930718,,,0.32770145675274587,0.09523809523809523,,,,,,,,results/T-sweep-nonDyck-3/distributions/aNbNcN_L128_T8_gaussian_greedy_sigma1.0.json
unconditional,aNbNcN,128,gaussian,greedy,100.0,,8,5,0.468,0.046217,1.0,0.0,0.468,0.046217,0.468,0.046217,5.12,9,False,11.74,234,False,0.13247863247863248,0.8675213675213675,0.1416513793576122,200,0.00027731558513588466,0.00039334681951000227,,,3.1354214598544607,0.7380952380952381,,,,,,,,results/T-sweep-nonDyck-3/distributions/aNbNcN_L128_T8_gaussian_greedy_sigma100.0.json
unconditional,aNbNcN,128,gaussian,greedy,20.0,,8,5,0.838,0.034293,1.0,0.0,0.838,0.034293,0.838,0.034293,7.362,9,False,13.64,419,False,0.045346062052505964,0.9546539379474941,0.06537164388802619,200,0.00012764219340345145,0.00018063117694114004,,,2.6169130199002115,0.4523809523809524,,,,,,,,results/T-sweep-nonDyck-3/distributions/aNbNcN_L128_T8_gaussian_greedy_sigma20.0.json
unconditional,aNbNcN,128,gaussian,greedy,10.0,,8,5,0.996,0.008,1.0,0.0,0.996,0.008,0.996,0.008,8.048,9,False,14.43,498,False,0.030120481927710843,0.9698795180722891,0.05416235119618448,200,0.00010830246713020123,0.00015327683986949571,,,2.39557965967822,0.35714285714285715,,,,,,,,results/T-sweep-nonDyck-3/distributions/aNbNcN_L128_T8_gaussian_greedy_sigma10.0.json
unconditional,aNbNcN,128,gaussian,greedy,5.0,,8,5,1.0,0.0,1.0,0.0,1.0,0.0,1.0,0.0,8.022,9,False,15.21,500,False,0.022,0.978,0.051093200037634165,200,0.00010762872395384881,0.00015231961006179824,,,2.056383959874442,0.2619047619047619,,,,,,,,results/T-sweep-nonDyck-3/distributions/aNbNcN_L128_T8_gaussian_greedy_sigma5.0.json
unconditional,aNbNcN,128,gaussian,greedy,2.0,,8,5,1.0,0.0,1.0,0.0,1.0,0.0,1.0,0.0,8.01,9,False,15.31,500,False,0.014,0.986,0.03624596858759786,200,0.00011059255490920351,0.00015656102525105677,,,1.1878532503570116,0.16666666666666666,,,,,,,,results/T-sweep-nonDyck-3/distributions/aNbNcN_L128_T8_gaussian_greedy_sigma2.0.json
unconditional,aNbN,128,gaussian,categorical,20.0,,256,5,0.95,0.023664,0.972,0.011662,0.946,0.017436,0.942,0.016,231.108,256,False,128.16,471,False,0.13588110403397027,0.8641188959660298,0.3302112246890767,200,0.00010089799212995662,0.0001366960563187752,,,4.089115470913321,1.0,,,,,,,,results/T-sweep-nonDyck-3/distributions/aNbN_L128_T256_gaussian_categorical_sigma20.0.json
unconditional,aNbNcN,128,gaussian,greedy,10.0,,16,5,1.0,0.0,1.0,0.0,1.0,0.0,1.0,0.0,15.71,17,False,17.31,500,False,0.042,0.958,0.06733757916140416,200,0.00010027877499448466,0.00014181236198618344,,,2.747584655083644,0.5,,,,,,,,results/T-sweep-nonDyck-3/distributions/aNbNcN_L128_T16_gaussian_greedy_sigma10.0.json
unconditional,aNbNcN,128,gaussian,greedy,1.0,,16,5,1.0,0.0,1.0,0.0,1.0,0.0,1.0,0.0,16.0,16,False,18.01,500,False,0.014,0.986,0.008917308872346503,200,9.161871953677576e-05,0.0001294522321263454,,,0.8979556918855134,0.16666666666666666,,,,,,,,results/T-sweep-nonDyck-3/distributions/aNbNcN_L128_T16_gaussian_greedy_sigma1.0.json
unconditional,aNbNcN,128,uniform,categorical,,,64,5,0.636,0.032,0.968,0.020396,0.636,0.032,0.628,0.027129,40.898,64,False,37.98,314,False,0.1337579617834395,0.8662420382165605,0.29907354702630595,200,0.00024287171516005246,0.00039461352537858237,,,3.652534835257662,1.0,,,,,,,,results/T-sweep-nonDyck-3/distributions/aNbNcN_L128_T64_uniform_categorical_none.json
unconditional,aNbNcN,128,gaussian,greedy,50.0,,16,5,0.736,0.024166,1.0,0.0,0.736,0.024166,0.736,0.024166,13.184,17,False,20.93,368,False,0.09782608695652174,0.9021739130434783,0.127415901457278,200,0.00015214679122417307,0.00021541775657793507,,,3.185465531559476,0.8571428571428571,,,,,,,,results/T-sweep-nonDyck-3/distributions/aNbNcN_L128_T16_gaussian_greedy_sigma50.0.json
unconditional,aNbNcN,128,uniform,greedy,,,64,5,0.816,0.039799,1.0,0.0,0.816,0.039799,0.814,0.04128,52.818,64,False,47.52,407,False,0.09828009828009827,0.9017199017199017,0.25484531205499156,200,0.00020356648481394024,0.00033119436969571516,,,3.5025058763604897,0.9523809523809523,,,,,,,,results/T-sweep-nonDyck-3/distributions/aNbNcN_L128_T64_uniform_greedy_none.json
unconditional,aNbNcN,128,gaussian,greedy,100.0,,16,5,0.674,0.070029,1.0,0.0,0.674,0.070029,0.674,0.070029,12.336,17,False,19.72,337,False,0.10979228486646884,0.8902077151335311,0.17167860924192363,200,0.0001858736059479554,0.000263524451304446,,,3.3698580446105337,0.8809523809523809,,,,,,,,results/T-sweep-nonDyck-3/distributions/aNbNcN_L128_T16_gaussian_greedy_sigma100.0.json
unconditional,aNbNcN,128,gaussian,greedy,20.0,,16,5,0.96,0.010954,1.0,0.0,0.96,0.010954,0.96,0.010954,15.304,17,False,23.75,480,False,0.05,0.95,0.08084873932074005,200,0.00010638750585131282,0.00015047938432434757,,,2.8973583579994058,0.5714285714285714,,,,,,,,results/T-sweep-nonDyck-3/distributions/aNbNcN_L128_T16_gaussian_greedy_sigma20.0.json
unconditional,aNbNcN,128,gaussian,greedy,2.0,,16,5,1.0,0.0,1.0,0.0,1.0,0.0,1.0,0.0,16.004,17,False,29.25,500,False,0.02,0.98,0.028847327143443485,200,9.292643943054678e-05,0.00013131730011630961,,,1.7510496779482227,0.23809523809523808,,,,,,,,results/T-sweep-nonDyck-3/distributions/aNbNcN_L128_T16_gaussian_greedy_sigma2.0.json
unconditional,aNbNcN,128,gaussian,greedy,5.0,,16,5,1.0,0.0,1.0,0.0,1.0,0.0,1.0,0.0,15.848,17,False,29.56,500,False,0.034,0.966,0.05253658659942415,200,9.718550769709221e-05,0.00013739499097118631,,,2.4773424896206917,0.40476190476190477,,,,,,,,results/T-sweep-nonDyck-3/distributions/aNbNcN_L128_T16_gaussian_greedy_sigma5.0.json
unconditional,aNbNcN,128,gaussian,greedy,100.0,,32,5,0.84,0.056921,1.0,0.0,0.84,0.056921,0.838,0.054918,28.396,33,False,37.05,419,False,0.09307875894988067,0.9069212410501193,0.1928436783725765,200,0.00015441630636195183,0.00021901692687963456,,,3.4595368938008306,0.9285714285714286,,,,,,,,results/T-sweep-nonDyck-3/distributions/aNbNcN_L128_T32_gaussian_greedy_sigma100.0.json
unconditional,aNbNcN,128,gaussian,greedy,50.0,,32,5,0.862,0.016,1.0,0.0,0.862,0.016,0.862,0.016,28.456,33,False,39.72,431,False,0.08584686774941995,0.91415313225058,0.13736629561793612,200,0.00012712618545167932,0.00017994858611825192,,,3.2741622097202008,0.8809523809523809,,,,,,,,results/T-sweep-nonDyck-3/distributions/aNbNcN_L128_T32_gaussian_greedy_sigma50.0.json
unconditional,aNbNcN,128,gaussian,greedy,20.0,,32,5,0.97,0.016733,1.0,0.0,0.97,0.016733,0.97,0.016733,30.284,33,False,47.67,485,False,0.049484536082474224,0.9505154639175257,0.07851499384829753,200,0.00010446482669285251,0.00014774789986913759,,,2.948656853862188,0.5714285714285714,,,,,,,,results/T-sweep-nonDyck-3/distributions/aNbNcN_L128_T32_gaussian_greedy_sigma20.0.json
unconditional,aNbNcN,128,gaussian,greedy,2.0,,32,5,1.0,0.0,1.0,0.0,1.0,0.0,1.0,0.0,31.55,33,False,54.09,500,False,0.022,0.978,0.024956662160907205,200,8.63453468492583e-05,0.00012193634922570419,,,1.9075750356382524,0.2619047619047619,,,,,,,,results/T-sweep-nonDyck-3/distributions/aNbNcN_L128_T32_gaussian_greedy_sigma2.0.json
unconditional,aNbNcN,128,gaussian,greedy,10.0,,32,5,1.0,0.0,1.0,0.0,1.0,0.0,1.0,0.0,30.762,33,False,53.79,500,False,0.046,0.954,0.07395135830292283,200,9.749819628336876e-05,0.00013784140361932143,,,2.8339919900113877,0.5476190476190477,,,,,,,,results/T-sweep-nonDyck-3/distributions/aNbNcN_L128_T32_gaussian_greedy_sigma10.0.json
unconditional,aNbNcN,128,gaussian,greedy,1.0,,32,5,1.0,0.0,1.0,0.0,1.0,0.0,1.0,0.0,31.964,33,False,57.17,500,False,0.016,0.984,0.01473531177902089,200,8.473427331887202e-05,0.00011964175839201477,,,1.3816161921865804,0.19047619047619047,,,,,,,,results/T-sweep-nonDyck-3/distributions/aNbNcN_L128_T32_gaussian_greedy_sigma1.0.json
unconditional,aNbNcN,128,gaussian,greedy,5.0,,32,5,1.0,0.0,1.0,0.0,1.0,0.0,1.0,0.0,31.092,33,False,54.92,500,False,0.036,0.964,0.05002598494584929,200,9.083477155054956e-05,0.0001283344027866899,,,2.469885998970678,0.42857142857142855,,,,,,,,results/T-sweep-nonDyck-3/distributions/aNbNcN_L128_T32_gaussian_greedy_sigma5.0.json
unconditional,aNbNcN,128,uniform,categorical,,,128,5,0.804,0.032619,0.98,0.008944,0.804,0.032619,0.8,0.031623,102.994,128,False,85.75,400,False,0.105,0.895,0.30192021815064435,200,0.00019820819789106476,0.0003222428099573028,,,3.694385264918018,1.0,,,,,,,,results/T-sweep-nonDyck-3/distributions/aNbNcN_L128_T128_uniform_categorical_none.json
unconditional,aNbNcN,128,uniform,greedy,,,128,5,0.91,0.021909,1.0,0.0,0.91,0.021909,0.91,0.021909,116.872,128,False,103.0,455,False,0.08791208791208792,0.9120879120879121,0.28694332179778936,200,0.00018298261665141812,0.000297729810197246,,,3.5623076776665408,0.9523809523809523,,,,,,,,results/T-sweep-nonDyck-3/distributions/aNbNcN_L128_T128_uniform_greedy_none.json
unconditional,aNbNcN,128,gaussian,greedy,10.0,,64,5,1.0,0.0,1.0,0.0,1.0,0.0,1.0,0.0,61.094,65,False,62.47,500,False,0.046,0.954,0.07056740506598493,200,9.592694204094162e-05,0.00013559847354861206,,,2.8322343273500787,0.5476190476190477,,,,,,,,results/T-sweep-nonDyck-3/distributions/aNbNcN_L128_T64_gaussian_greedy_sigma10.0.json
unconditional,aNbNcN,128,gaussian,greedy,5.0,,64,5,1.0,0.0,1.0,0.0,1.0,0.0,1.0,0.0,61.762,65,False,68.34,500,False,0.034,0.966,0.04361617763679619,200,8.922039221284417e-05,0.00012603302065141068,,,2.425947612459567,0.40476190476190477,,,,,,,,results/T-sweep-nonDyck-3/distributions/aNbNcN_L128_T64_gaussian_greedy_sigma5.0.json
unconditional,aNbNcN,128,gaussian,categorical,1.0,,1,5,0.0,0.0,0.0,0.0,0.0,0.0,0.362,0.027857,1.0,1,False,2.65,0,True,,,,0,,,,,,,,,,,,,,results/T-sweep-nonDyck-3/distributions/aNbNcN_L128_T1_gaussian_categorical_sigma1.0.json
unconditional,aNbNcN,128,gaussian,categorical,2.0,,1,5,0.0,0.0,0.0,0.0,0.0,0.0,0.362,0.027857,1.0,1,False,2.65,0,True,,,,0,,,,,,,,,,,,,,results/T-sweep-nonDyck-3/distributions/aNbNcN_L128_T1_gaussian_categorical_sigma2.0.json
unconditional,aNbNcN,128,gaussian,categorical,5.0,,1,5,0.0,0.0,0.0,0.0,0.0,0.0,0.352,0.029933,1.0,1,False,2.65,0,True,,,,0,,,,,,,,,,,,,,results/T-sweep-nonDyck-3/distributions/aNbNcN_L128_T1_gaussian_categorical_sigma5.0.json
unconditional,aNbNcN,128,gaussian,greedy,100.0,,64,5,0.89,0.022804,1.0,0.0,0.89,0.022804,0.89,0.022804,58.36,65,False,72.46,445,False,0.0898876404494382,0.9101123595505618,0.19312218403687567,200,0.00014410467763783613,0.00020436762816769823,,,3.5160561750171566,0.9523809523809523,,,,,,,,results/T-sweep-nonDyck-3/distributions/aNbNcN_L128_T64_gaussian_greedy_sigma100.0.json
unconditional,aNbNcN,128,gaussian,categorical,10.0,,1,5,0.0,0.0,0.0,0.0,0.0,0.0,0.332,0.027857,1.0,1,False,2.7,0,True,,,,0,,,,,,,,,,,,,,results/T-sweep-nonDyck-3/distributions/aNbNcN_L128_T1_gaussian_categorical_sigma10.0.json
unconditional,aNbNcN,128,gaussian,categorical,50.0,,1,5,0.0,0.0,0.0,0.0,0.0,0.0,0.24,0.023664,1.0,1,False,2.65,0,True,,,,0,,,,,,,,,,,,,,results/T-sweep-nonDyck-3/distributions/aNbNcN_L128_T1_gaussian_categorical_sigma50.0.json
unconditional,aNbNcN,128,gaussian,categorical,20.0,,1,5,0.0,0.0,0.0,0.0,0.0,0.0,0.31,0.030332,1.0,1,False,4.26,0,True,,,,0,,,,,,,,,,,,,,results/T-sweep-nonDyck-3/distributions/aNbNcN_L128_T1_gaussian_categorical_sigma20.0.json
unconditional,aNbNcN,128,gaussian,categorical,100.0,,1,5,0.002,0.004,0.0,0.0,0.0,0.0,0.17,0.010954,1.0,1,False,2.71,0,True,,,,0,,,,,,,,,,,,,,results/T-sweep-nonDyck-3/distributions/aNbNcN_L128_T1_gaussian_categorical_sigma100.0.json
unconditional,aNbNcN,128,gaussian,greedy,50.0,,64,5,0.92,0.016733,1.0,0.0,0.92,0.016733,0.92,0.016733,58.764,65,False,78.48,460,False,0.0782608695652174,0.9217391304347826,0.13456353525362164,200,0.0001197346679757657,0.00016949562943412673,,,3.2777238070946675,0.8571428571428571,,,,,,,,results/T-sweep-nonDyck-3/distributions/aNbNcN_L128_T64_gaussian_greedy_sigma50.0.json
unconditional,aNbNcN,128,gaussian,categorical,2.0,,2,5,0.0,0.0,0.0,0.0,0.0,0.0,0.0,0.0,1.0,1,False,5.46,0,True,,,,0,,,,,,,,,,,,,,results/T-sweep-nonDyck-3/distributions/aNbNcN_L128_T2_gaussian_categorical_sigma2.0.json
unconditional,aNbNcN,128,gaussian,categorical,1.0,,2,5,0.0,0.0,0.0,0.0,0.0,0.0,0.0,0.0,1.0,1,False,8.8,0,True,,,,0,,,,,,,,,,,,,,results/T-sweep-nonDyck-3/distributions/aNbNcN_L128_T2_gaussian_categorical_sigma1.0.json
unconditional,aNbNcN,128,gaussian,categorical,5.0,,2,5,0.0,0.0,0.0,0.0,0.0,0.0,0.0,0.0,1.0,1,False,8.67,0,True,,,,0,,,,,,,,,,,,,,results/T-sweep-nonDyck-3/distributions/aNbNcN_L128_T2_gaussian_categorical_sigma5.0.json
unconditional,aNbNcN,128,gaussian,categorical,10.0,,2,5,0.0,0.0,0.0,0.0,0.0,0.0,0.0,0.0,1.0,1,False,5.4,0,True,,,,0,,,,,,,,,,,,,,results/T-sweep-nonDyck-3/distributions/aNbNcN_L128_T2_gaussian_categorical_sigma10.0.json
unconditional,aNbNcN,128,gaussian,greedy,20.0,,64,5,0.984,0.012,1.0,0.0,0.984,0.012,0.984,0.012,60.472,65,False,96.25,492,False,0.0508130081300813,0.9491869918699187,0.0981248955776324,200,0.00010245061880173756,0.00014489153833416128,,,3.0232645594472833,0.5952380952380952,,,,,,,,results/T-sweep-nonDyck-3/distributions/aNbNcN_L128_T64_gaussian_greedy_sigma20.0.json
unconditional,aNbNcN,128,uniform,greedy,,,256,5,0.974,0.008,1.0,0.0,0.974,0.008,0.974,0.008,247.24,255,False,140.2,487,False,0.08418891170431211,0.9158110882956879,0.26502793111699713,200,0.00017071838295547664,0.00027776813305093573,,,3.6123559051766803,0.9761904761904762,,,,,,,,results/T-sweep-nonDyck-3/distributions/aNbNcN_L128_T256_uniform_greedy_none.json
unconditional,aNbNcN,128,gaussian,categorical,100.0,,2,5,0.004,0.004899,0.0,0.0,0.0,0.0,0.0,0.0,1.0,1,False,5.1,0,True,,,,0,,,,,,,,,,,,,,results/T-sweep-nonDyck-3/distributions/aNbNcN_L128_T2_gaussian_categorical_sigma100.0.json
unconditional,aNbNcN,128,gaussian,categorical,20.0,,2,5,0.0,0.0,0.0,0.0,0.0,0.0,0.0,0.0,1.0,1,False,8.59,0,True,,,,0,,,,,,,,,,,,,,results/T-sweep-nonDyck-3/distributions/aNbNcN_L128_T2_gaussian_categorical_sigma20.0.json
unconditional,aNbNcN,128,gaussian,categorical,50.0,,2,5,0.002,0.004,0.0,0.0,0.0,0.0,0.0,0.0,1.0,1,False,8.3,0,True,,,,0,,,,,,,,,,,,,,results/T-sweep-nonDyck-3/distributions/aNbNcN_L128_T2_gaussian_categorical_sigma50.0.json
unconditional,aNbNcN,128,gaussian,categorical,2.0,,4,5,0.0,0.0,0.0,0.0,0.0,0.0,0.0,0.0,1.0,1,False,5.74,0,True,,,,0,,,,,,,,,,,,,,results/T-sweep-nonDyck-3/distributions/aNbNcN_L128_T4_gaussian_categorical_sigma2.0.json
unconditional,aNbNcN,128,gaussian,categorical,5.0,,4,5,0.0,0.0,0.002,0.004,0.0,0.0,0.0,0.0,1.0,1,False,5.15,0,True,,,,0,,,,,,,,,,,,,,results/T-sweep-nonDyck-3/distributions/aNbNcN_L128_T4_gaussian_categorical_sigma5.0.json
unconditional,aNbNcN,128,gaussian,categorical,1.0,,4,5,0.0,0.0,0.0,0.0,0.0,0.0,0.0,0.0,1.0,1,False,8.57,0,True,,,,0,,,,,,,,,,,,,,results/T-sweep-nonDyck-3/distributions/aNbNcN_L128_T4_gaussian_categorical_sigma1.0.json
unconditional,aNbNcN,128,gaussian,categorical,10.0,,4,5,0.0,0.0,0.034,0.014967,0.0,0.0,0.0,0.0,1.0,1,False,7.97,0,True,,,,0,,,,,,,,,,,,,,results/T-sweep-nonDyck-3/distributions/aNbNcN_L128_T4_gaussian_categorical_sigma10.0.json
unconditional,aNbNcN,128,gaussian,categorical,20.0,,4,5,0.002,0.004,0.11,0.012649,0.002,0.004,0.002,0.004,1.014,4,False,7.6,1,True,1.0,0.0,,1,0.045454545454545456,0.06422018348623854,,,0.0,0.023809523809523808,,,,,,,,results/T-sweep-nonDyck-3/distributions/aNbNcN_L128_T4_gaussian_categorical_sigma20.0.json
unconditional,aNbNcN,128,gaussian,categorical,100.0,,4,5,0.022,0.011662,0.268,0.011662,0.004,0.004899,0.002,0.004,1.006,4,False,4.24,1,True,1.0,0.0,,1,0.04310344827586207,0.06086956521739131,,,0.0,0.023809523809523808,,,,,,,,results/T-sweep-nonDyck-3/distributions/aNbNcN_L128_T4_gaussian_categorical_sigma100.0.json
unconditional,aNbNcN,128,gaussian,greedy,1.0,,64,5,1.0,0.0,1.0,0.0,1.0,0.0,1.0,0.0,63.132,64,False,116.13,500,False,0.012,0.988,0.013926811913560945,200,8.227067050596462e-05,0.00011613438407299876,,,1.3410465549444004,0.14285714285714285,,,,,,,,results/T-sweep-nonDyck-3/distributions/aNbNcN_L128_T64_gaussian_greedy_sigma1.0.json
unconditional,aNbNcN,128,gaussian,greedy,2.0,,64,5,1.0,0.0,1.0,0.0,1.0,0.0,1.0,0.0,62.658,65,False,115.1,500,False,0.018,0.982,0.020849671198187977,200,8.377173876620984e-05,0.00011827121278680768,,,1.7529401322629046,0.21428571428571427,,,,,,,,results/T-sweep-nonDyck-3/distributions/aNbNcN_L128_T64_gaussian_greedy_sigma2.0.json
unconditional,aNbNcN,128,gaussian,categorical,50.0,,4,5,0.01,0.006325,0.212,0.024819,0.008,0.004,0.004,0.004899,1.02,5,False,7.37,2,True,,,,2,,,,,0.6931471805599453,0.047619047619047616,,,,,,,,results/T-sweep-nonDyck-3/distributions/aNbNcN_L128_T4_gaussian_categorical_sigma50.0.json
unconditional,aNbNcN,128,uniform,categorical,,,256,5,0.894,0.014967,0.988,0.007483,0.89,0.010954,0.888,0.007483,226.212,255,False,148.33,444,False,0.0945945945945946,0.9054054054054054,0.29875080732817694,200,0.00017415534656913968,0.00028302554305526076,,,3.7052273202521864,1.0,,,,,,,,results/T-sweep-nonDyck-3/distributions/aNbNcN_L128_T256_uniform_categorical_none.json
unconditional,aNbNcN,128,gaussian,categorical,1.0,,8,5,0.024,0.013565,0.2,0.024495,0.024,0.013565,0.024,0.013565,1.26,8,False,9.17,12,False,0.3333333333333333,0.6666666666666667,0.1293054771315641,12,0.010615711252653927,0.015250544662309368,,,1.1988493129136213,0.09523809523809523,,,,,,,,results/T-sweep-nonDyck-3/distributions/aNbNcN_L128_T8_gaussian_categorical_sigma1.0.json
unconditional,aNbNcN,128,gaussian,categorical,2.0,,8,5,0.032,0.004,0.216,0.025768,0.032,0.004,0.032,0.004,1.38,8,False,9.04,16,False,0.3125,0.6875,0.12430555555555556,16,0.008928571428571428,0.012867647058823529,,,1.4075317407193153,0.11904761904761904,,,,,,,,results/T-sweep-nonDyck-3/distributions/aNbNcN_L128_T8_gaussian_categorical_sigma2.0.json
unconditional,aNbNcN,128,gaussian,categorical,20.0,,8,5,0.114,0.039294,0.388,0.014697,0.108,0.038158,0.104,0.037202,2.556,9,False,7.31,52,False,0.6346153846153846,0.3653846153846154,0.3733700858209685,52,0.0016909029421711193,0.0024096385542168677,,,3.3677412581733415,0.7857142857142857,,,,,,,,results/T-sweep-nonDyck-3/distributions/aNbNcN_L128_T8_gaussian_categorical_sigma20.0.json
unconditional,aNbNcN,128,gaussian,categorical,5.0,,8,5,0.046,0.028705,0.262,0.038678,0.046,0.028705,0.046,0.028705,1.722,8,False,9.93,23,False,0.6086956521739131,0.3913043478260869,0.34077461000537923,23,0.005045408678102927,0.007231404958677686,,,2.532757537181371,0.3333333333333333,,,,,,,,results/T-sweep-nonDyck-3/distributions/aNbNcN_L128_T8_gaussian_categorical_sigma5.0.json
unconditional,aNbNcN,128,gaussian,categorical,10.0,,8,5,0.066,0.031369,0.278,0.028566,0.064,0.033226,0.06,0.035214,2.112,9,False,9.68,30,False,0.7666666666666667,0.23333333333333328,0.37696856155962766,30,0.0028785261945883708,0.0046865846514352666,,,3.060287092608695,0.5476190476190477,,,,,,,,results/T-sweep-nonDyck-3/distributions/aNbNcN_L128_T8_gaussian_categorical_sigma10.0.json
unconditional,aNbNcN,128,gaussian,categorical,100.0,,8,5,0.168,0.036551,0.732,0.029933,0.154,0.039294,0.14,0.041473,2.572,9,False,9.7,70,False,0.4857142857142857,0.5142857142857142,0.3460975934051323,70,0.0012973533990659055,0.0021141649048625794,,,3.3607842175836042,0.8095238095238095,,,,,,,,results/T-sweep-nonDyck-3/distributions/aNbNcN_L128_T8_gaussian_categorical_sigma100.0.json
unconditional,aNbNcN,128,gaussian,categorical,50.0,,8,5,0.2,0.058992,0.646,0.037736,0.186,0.053889,0.17,0.043359,2.872,9,False,10.39,85,False,0.4,0.6,0.2869460317460317,85,0.0009025270758122744,0.001466544454628781,,,3.3792523496813143,0.8095238095238095,,,,,,,,results/T-sweep-nonDyck-3/distributions/aNbNcN_L128_T8_gaussian_categorical_sigma50.0.json
unconditional,aNbNcN,128,gaussian,categorical,1.0,,16,5,0.146,0.036111,0.242,0.029933,0.146,0.036111,0.146,0.036111,4.056,16,False,13.63,73,False,0.2602739726027397,0.7397260273972603,0.27260113139075676,73,0.001639344262295082,0.0023513604299630502,,,2.532194683300804,0.4523809523809524,,,,,,,,results/T-sweep-nonDyck-3/distributions/aNbNcN_L128_T16_gaussian_categorical_sigma1.0.json
unconditional,aNbNcN,128,gaussian,categorical,2.0,,16,5,0.14,0.040497,0.242,0.054185,0.14,0.040497,0.14,0.040497,4.166,16,False,14.41,70,False,0.3,0.7,0.30096669586733676,70,0.001812250815512867,0.0026031982149497955,,,2.7830233543347394,0.5,,,,,,,,results/T-sweep-nonDyck-3/distributions/aNbNcN_L128_T16_gaussian_categorical_sigma2.0.json
unconditional,aNbNcN,128,gaussian,categorical,10.0,,16,5,0.306,0.034409,0.512,0.029257,0.304,0.035553,0.304,0.035553,7.016,17,False,11.56,152,False,0.26973684210526316,0.7302631578947368,0.3098469558848641,152,0.0005260389268805891,0.0008553405324494814,,,3.58024365149416,0.9761904761904762,,,,,,,,results/T-sweep-nonDyck-3/distributions/aNbNcN_L128_T16_gaussian_categorical_sigma10.0.json
unconditional,aNbNcN,128,gaussian,categorical,5.0,,16,5,0.214,0.026533,0.344,0.031369,0.212,0.027129,0.212,0.027129,5.53,17,False,16.32,106,False,0.3113207547169811,0.6886792452830188,0.3669063248931958,106,0.0009297136481963555,0.0015174506828528073,,,3.333928936564624,0.7857142857142857,,,,,,,,results/T-sweep-nonDyck-3/distributions/aNbNcN_L128_T16_gaussian_categorical_sigma5.0.json
unconditional,aNbNcN,128,gaussian,categorical,50.0,,16,5,0.442,0.029257,0.82,0.043359,0.436,0.027276,0.426,0.031369,8.79,17,False,18.1,213,False,0.19248826291079812,0.8075117370892019,0.2941228846335776,200,0.0003474393718296157,0.0005642544787699252,,,3.5788186538440474,0.9761904761904762,,,,,,,,results/T-sweep-nonDyck-3/distributions/aNbNcN_L128_T16_gaussian_categorical_sigma50.0.json
unconditional,aNbNcN,128,gaussian,categorical,20.0,,16,5,0.362,0.051923,0.654,0.028,0.358,0.055642,0.354,0.056427,7.858,17,False,18.6,177,False,0.23728813559322035,0.7627118644067796,0.3208053529737406,177,0.0004482696790389098,0.0007287965746560992,,,3.5847886264491535,1.0,,,,,,,,results/T-sweep-nonDyck-3/distributions/aNbNcN_L128_T16_gaussian_categorical_sigma20.0.json
unconditional,aNbNcN,128,gaussian,categorical,100.0,,16,5,0.428,0.036551,0.886,0.040299,0.422,0.033106,0.404,0.039294,8.492,17,False,16.75,202,False,0.20297029702970298,0.7970297029702971,0.3053881588153582,200,0.0003771876885938443,0.0005362341044890455,,,3.5880403279848836,0.9761904761904762,,,,,,,,results/T-sweep-nonDyck-3/distributions/aNbNcN_L128_T16_gaussian_categorical_sigma100.0.json
unconditional,aNbNcN,128,gaussian,categorical,1.0,,32,5,0.356,0.017436,0.418,0.027129,0.356,0.017436,0.356,0.017436,14.08,32,False,28.15,178,False,0.20224719101123595,0.797752808988764,0.33004652227591225,178,0.0006162188809465122,0.0010080645161290322,,,3.243666064691539,0.8571428571428571,,,,,,,,results/T-sweep-nonDyck-3/distributions/aNbNcN_L128_T32_gaussian_categorical_sigma1.0.json
unconditional,aNbNcN,128,gaussian,categorical,10.0,,32,5,0.6,0.032863,0.744,0.017436,0.598,0.030594,0.598,0.030594,20.906,33,False,23.68,299,False,0.14046822742474915,0.8595317725752508,0.3152296321532332,200,0.0002705920554172529,0.00044006821057263876,,,3.6755772107046294,1.0,,,,,,,,results/T-sweep-nonDyck-3/distributions/aNbNcN_L128_T32_gaussian_categorical_sigma10.0.json
unconditional,aNbNcN,128,gaussian,categorical,2.0,,32,5,0.398,0.079347,0.472,0.070257,0.398,0.079347,0.398,0.079347,15.292,32,False,29.54,199,False,0.19597989949748743,0.8040201005025126,0.3453279022899276,199,0.0005125576627370579,0.0008371703641691084,,,3.482600893602438,0.9285714285714286,,,,,,,,results/T-sweep-nonDyck-3/distributions/aNbNcN_L128_T32_gaussian_categorical_sigma2.0.json
unconditional,aNbNcN,128,gaussian,categorical,5.0,,32,5,0.496,0.034409,0.584,0.040792,0.496,0.034409,0.494,0.032,18.214,33,False,35.59,247,False,0.1659919028340081,0.8340080971659919,0.3200907324158859,200,0.0003315649867374005,0.0005393379626508461,,,3.6562398669693716,0.9761904761904762,,,,,,,,results/T-sweep-nonDyck-3/distributions/aNbNcN_L128_T32_gaussian_categorical_sigma5.0.json
unconditional,aNbNcN,128,gaussian,categorical,100.0,,32,5,0.638,0.047074,0.946,0.027276,0.63,0.050596,0.624,0.056427,22.338,33,False,32.04,312,False,0.1346153846153846,0.8653846153846154,0.33024954259764217,200,0.00025329280648429586,0.00041177681696520483,,,3.6749227283440415,1.0,,,,,,,,results/T-sweep-nonDyck-3/distributions/aNbNcN_L128_T32_gaussian_categorical_sigma100.0.json
unconditional,aNbNcN,128,gaussian,categorical,20.0,,32,5,0.634,0.043174,0.858,0.051147,0.634,0.043174,0.634,0.043174,22.08,33,False,37.15,317,False,0.13249211356466878,0.8675078864353312,0.35099459337017236,200,0.00024952590078850185,0.0004056589422443081,,,3.6662478843824533,1.0,,,,,,,,results/T-sweep-nonDyck-3/distributions/aNbNcN_L128_T32_gaussian_categorical_sigma20.0.json
unconditional,aNbNcN,128,gaussian,categorical,50.0,,32,5,0.674,0.024166,0.918,0.027129,0.668,0.019391,0.662,0.017205,23.112,33,False,36.28,331,False,0.1268882175226586,0.8731117824773413,0.3376891781337736,200,0.0002442121715346293,0.0003971603038276324,,,3.662002864358383,1.0,,,,,,,,results/T-sweep-nonDyck-3/distributions/aNbNcN_L128_T32_gaussian_categorical_sigma50.0.json
unconditional,aNbNcN,128,gaussian,greedy,2.0,,128,5,1.0,0.0,1.0,0.0,1.0,0.0,1.0,0.0,124.71,129,False,176.63,500,False,0.018,0.982,0.01965078793224466,200,8.2904990880451e-05,0.00011703728473499415,,,1.5901044295668378,0.21428571428571427,,,,,,,,results/T-sweep-nonDyck-3/distributions/aNbNcN_L128_T128_gaussian_greedy_sigma2.0.json
unconditional,aNbNcN,128,gaussian,greedy,100.0,,128,5,0.946,0.013565,1.0,0.0,0.946,0.013565,0.946,0.013565,121.134,129,False,145.86,473,False,0.08879492600422834,0.9112050739957717,0.2263899132166598,200,0.00013719303059404582,0.0002223951962637607,,,3.568645133975015,1.0,,,,,,,,results/T-sweep-nonDyck-3/distributions/aNbNcN_L128_T128_gaussian_greedy_sigma100.0.json
unconditional,aNbNcN,128,gaussian,greedy,50.0,,128,5,0.956,0.023324,1.0,0.0,0.956,0.023324,0.956,0.023324,120.338,129,False,158.02,478,False,0.08368200836820083,0.9163179916317992,0.1558505391679885,200,0.00011464471602503841,0.00016228121015416714,,,3.3420178555569415,0.9523809523809523,,,,,,,,results/T-sweep-nonDyck-3/distributions/aNbNcN_L128_T128_gaussian_greedy_sigma50.0.json
unconditional,aNbNcN,128,gaussian,greedy,20.0,,128,5,0.992,0.011662,1.0,0.0,0.992,0.011662,0.992,0.011662,121.238,129,False,171.91,496,False,0.05443548387096774,0.9455645161290323,0.08462011681928731,200,0.00010044598015187433,0.00014203968994764822,,,2.9949971112649703,0.6428571428571429,,,,,,,,results/T-sweep-nonDyck-3/distributions/aNbNcN_L128_T128_gaussian_greedy_sigma20.0.json
unconditional,aNbNcN,128,gaussian,categorical,1.0,,64,5,0.608,0.033106,0.626,0.029394,0.608,0.033106,0.608,0.033106,42.066,64,False,66.04,304,False,0.13815789473684212,0.8618421052631579,0.35932106717540735,200,0.0003169371196754564,0.000517063081695967,,,3.6085484323113945,1.0,,,,,,,,results/T-sweep-nonDyck-3/distributions/aNbNcN_L128_T64_gaussian_categorical_sigma1.0.json
unconditional,aNbNcN,128,gaussian,categorical,5.0,,64,5,0.692,0.01833,0.75,0.024495,0.692,0.01833,0.692,0.01833,45.968,65,False,56.99,346,False,0.12138728323699421,0.8786127167630058,0.31804274145078043,200,0.00023661918508352658,0.00038489295164782295,,,3.6572194060558223,1.0,,,,,,,,results/T-sweep-nonDyck-3/distributions/aNbNcN_L128_T64_gaussian_categorical_sigma5.0.json
unconditional,aNbNcN,128,gaussian,greedy,10.0,,128,5,1.0,0.0,1.0,0.0,1.0,0.0,1.0,0.0,121.706,129,False,209.36,500,False,0.044,0.956,0.07034193587316645,200,9.488386215272506e-05,0.00013410989347842746,,,2.8308996000100866,0.5238095238095238,,,,,,,,results/T-sweep-nonDyck-3/distributions/aNbNcN_L128_T128_gaussian_greedy_sigma10.0.json
unconditional,aNbNcN,128,gaussian,categorical,2.0,,64,5,0.664,0.028705,0.692,0.030594,0.664,0.028705,0.664,0.028705,44.854,65,False,71.73,332,False,0.12349397590361445,0.8765060240963856,0.34082677790332067,200,0.0002677232812165346,0.0004361098996947231,,,3.6409932969991607,0.9761904761904762,,,,,,,,results/T-sweep-nonDyck-3/distributions/aNbNcN_L128_T64_gaussian_categorical_sigma2.0.json
unconditional,aNbNcN,128,gaussian,greedy,5.0,,128,5,1.0,0.0,1.0,0.0,1.0,0.0,1.0,0.0,122.98,129,False,212.49,500,False,0.034,0.966,0.04440175761065926,200,8.794920054176708e-05,0.00012422139802310519,,,2.3932479277580883,0.40476190476190477,,,,,,,,results/T-sweep-nonDyck-3/distributions/aNbNcN_L128_T128_gaussian_greedy_sigma5.0.json
unconditional,aNbNcN,128,gaussian,categorical,10.0,,64,5,0.758,0.05671,0.862,0.028566,0.756,0.059532,0.754,0.058515,49.256,65,False,76.39,377,False,0.11140583554376658,0.8885941644562334,0.32542404031708105,200,0.00021265736645117387,0.00034579641236222173,,,3.688065107403692,1.0,,,,,,,,results/T-sweep-nonDyck-3/distributions/aNbNcN_L128_T64_gaussian_categorical_sigma10.0.json
unconditional,aNbNcN,128,gaussian,greedy,1.0,,128,5,1.0,0.0,1.0,0.0,1.0,0.0,1.0,0.0,125.914,128,False,226.91,500,False,0.01,0.99,0.010257196836897667,200,8.133916806298905e-05,0.00011480867953617294,,,1.0911340966119136,0.11904761904761904,,,,,,,,results/T-sweep-nonDyck-3/distributions/aNbNcN_L128_T128_gaussian_greedy_sigma1.0.json
unconditional,aNbNcN,128,gaussian,categorical,100.0,,64,5,0.83,0.036332,0.962,0.019391,0.824,0.030725,0.82,0.028284,53.936,65,False,67.49,410,False,0.1024390243902439,0.8975609756097561,0.3267783803660577,200,0.00019313967861557478,0.000313996389041526,,,3.6837609171989554,1.0,,,,,,,,results/T-sweep-nonDyck-3/distributions/aNbNcN_L128_T64_gaussian_categorical_sigma100.0.json
unconditional,aNbNcN,128,gaussian,categorical,50.0,,64,5,0.814,0.042237,0.968,0.004,0.814,0.042237,0.814,0.042237,53.14,65,False,70.76,407,False,0.10319410319410319,0.8968058968058968,0.3196002283130575,200,0.0001872378669862193,0.0003042172110887173,,,3.6824435739955703,1.0,,,,,,,,results/T-sweep-nonDyck-3/distributions/aNbNcN_L128_T64_gaussian_categorical_sigma50.0.json
unconditional,aNbNcN,128,gaussian,categorical,20.0,,64,5,0.804,0.019596,0.926,0.016248,0.804,0.019596,0.8,0.017889,51.562,65,False,79.18,400,False,0.105,0.895,0.32899958143439395,200,0.00019755037534571315,0.0003211561621838619,,,3.6928445596046027,1.0,,,,,,,,results/T-sweep-nonDyck-3/distributions/aNbNcN_L128_T64_gaussian_categorical_sigma20.0.json
unconditional,aNbNcN,128,gaussian,greedy,100.0,,256,5,0.974,0.010198,1.0,0.0,0.974,0.010198,0.974,0.010198,245.372,256,False,190.54,487,False,0.08213552361396304,0.917864476386037,0.20715899675433605,200,0.0001280901754835404,0.00020753346477119436,,,3.5125531993183894,0.9523809523809523,,,,,,,,results/T-sweep-nonDyck-3/distributions/aNbNcN_L128_T256_gaussian_greedy_sigma100.0.json
unconditional,baN,128,ebsampler,categorical,,0.1,256,5,1.0,0.0,1.0,0.0,1.0,0.0,1.0,0.0,128.0,128,False,1199.03,500,False,1.0,0.0,0.15902156824114272,200,6.350819255683983e-05,0.00012803277639075603,0.75,0.625,,,,,,,,,,results/T-sweep-nonDyck-3/distributions/baN_L128_T256_ebsampler_categorical_gamma0.1.json
unconditional,aNbNcN,128,ebsampler,greedy,,0.1,1,1,1.0,0.0,1.0,0.0,1.0,0.0,1.0,0.0,42.0,42,True,12.16,100,False,0.01,0.99,0.0,100,0.0029411764705882353,0.004375,,,0.0,0.023809523809523808,,,,,,,,results/T-sweep-nonDyck-3/distributions/aNbNcN_L128_T1_ebsampler_greedy_gamma0.1.json
unconditional,aNbNcN,128,ar,greedy,,,130,1,1.0,0.0,1.0,0.0,1.0,0.0,1.0,0.0,129.0,129,True,41.77,100,False,0.01,0.99,0.0,100,0.0004,0.0005645161290322581,,,0.0,0.023809523809523808,,,,,,,,results/T-sweep-nonDyck-3/distributions/aNbNcN_L128_T130_ar_greedy_none.json
unconditional,aNbNcN,128,ebsampler,greedy,,0.5,1,1,1.0,0.0,1.0,0.0,1.0,0.0,1.0,0.0,28.0,28,True,7.73,100,False,0.01,0.99,0.0,100,0.0010638297872340426,0.0015217391304347826,,,0.0,0.023809523809523808,,,,,,,,results/T-sweep-nonDyck-3/distributions/aNbNcN_L128_T1_ebsampler_greedy_gamma0.5.json
unconditional,aNbNcN,128,ebsampler,greedy,,2.0,1,1,1.0,0.0,1.0,0.0,1.0,0.0,1.0,0.0,13.0,13,True,3.21,100,False,0.01,0.99,0.0,100,0.0008064516129032258,0.0011475409836065574,,,0.0,0.023809523809523808,,,,,,,,results/T-sweep-nonDyck-3/distributions/aNbNcN_L128_T1_ebsampler_greedy_gamma2.0.json
unconditional,aNbNcN,128,ebsampler,greedy,,0.9,1,1,1.0,0.0,1.0,0.0,1.0,0.0,1.0,0.0,19.0,19,True,7.97,100,False,0.01,0.99,0.0,100,0.001,0.0014285714285714286,,,0.0,0.023809523809523808,,,,,,,,results/T-sweep-nonDyck-3/distributions/aNbNcN_L128_T1_ebsampler_greedy_gamma0.9.json
unconditional,aNbNcN,128,ebsampler,greedy,,5.0,1,1,0.0,0.0,1.0,0.0,0.0,0.0,0.0,0.0,8.0,8,True,2.02,0,True,,,,0,,,,,,,,,,,,,,results/T-sweep-nonDyck-3/distributions/aNbNcN_L128_T1_ebsampler_greedy_gamma5.0.json
unconditional,aNbNcN,128,gaussian,categorical,2.0,,128,5,0.826,0.046733,0.844,0.042237,0.826,0.046733,0.826,0.046733,106.604,129,False,111.09,413,False,0.1016949152542373,0.8983050847457628,0.3061522618692567,200,0.00018882888326598438,0.0003069132202869639,,,3.679365580486156,1.0,,,,,,,,results/T-sweep-nonDyck-3/distributions/aNbNcN_L128_T128_gaussian_categorical_sigma2.0.json
unconditional,aNbNcN,128,ebsampler,greedy,,10.0,1,1,0.0,0.0,1.0,0.0,0.0,0.0,0.0,0.0,5.0,5,True,2.44,0,True,,,,0,,,,,,,,,,,,,,results/T-sweep-nonDyck-3/distributions/aNbNcN_L128_T1_ebsampler_greedy_gamma10.0.json
unconditional,aNbNcN,128,ebsampler,greedy,,0.9,2,1,1.0,0.0,1.0,0.0,1.0,0.0,1.0,0.0,19.0,19,True,7.98,100,False,0.01,0.99,0.0,100,0.001,0.0014285714285714286,,,0.0,0.023809523809523808,,,,,,,,results/T-sweep-nonDyck-3/distributions/aNbNcN_L128_T2_ebsampler_greedy_gamma0.9.json
unconditional,aNbNcN,128,ebsampler,greedy,,0.5,2,1,1.0,0.0,1.0,0.0,1.0,0.0,1.0,0.0,28.0,28,True,12.74,100,False,0.01,0.99,0.0,100,0.0010638297872340426,0.0015217391304347826,,,0.0,0.023809523809523808,,,,,,,,results/T-sweep-nonDyck-3/distributions/aNbNcN_L128_T2_ebsampler_greedy_gamma0.5.json
unconditional,aNbNcN,128,ebsampler,greedy,,2.0,2,1,1.0,0.0,1.0,0.0,1.0,0.0,1.0,0.0,13.0,13,True,5.28,100,False,0.01,0.99,0.0,100,0.0008064516129032258,0.0011475409836065574,,,0.0,0.023809523809523808,,,,,,,,results/T-sweep-nonDyck-3/distributions/aNbNcN_L128_T2_ebsampler_greedy_gamma2.0.json
unconditional,aNbNcN,128,ebsampler,greedy,,5.0,2,1,0.0,0.0,1.0,0.0,0.0,0.0,0.0,0.0,8.0,8,True,3.31,0,True,,,,0,,,,,,,,,,,,,,results/T-sweep-nonDyck-3/distributions/aNbNcN_L128_T2_ebsampler_greedy_gamma5.0.json
unconditional,aNbNcN,128,ebsampler,greedy,,10.0,2,1,0.0,0.0,1.0,0.0,0.0,0.0,0.0,0.0,5.0,5,True,2.4,0,True,,,,0,,,,,,,,,,,,,,results/T-sweep-nonDyck-3/distributions/aNbNcN_L128_T2_ebsampler_greedy_gamma10.0.json
unconditional,aNbNcN,128,ebsampler,greedy,,0.1,2,1,1.0,0.0,1.0,0.0,1.0,0.0,1.0,0.0,42.0,42,True,18.83,100,False,0.01,0.99,0.0,100,0.0029411764705882353,0.004375,,,0.0,0.023809523809523808,,,,,,,,results/T-sweep-nonDyck-3/distributions/aNbNcN_L128_T2_ebsampler_greedy_gamma0.1.json
unconditional,aNbNcN,128,gaussian,greedy,1.0,,256,5,1.0,0.0,1.0,0.0,1.0,0.0,1.0,0.0,250.056,256,False,268.01,500,False,0.01,0.99,0.009017824070285072,200,8.109773899503682e-05,0.00011446512084246328,,,1.0128981451176313,0.11904761904761904,,,,,,,,results/T-sweep-nonDyck-3/distributions/aNbNcN_L128_T256_gaussian_greedy_sigma1.0.json
unconditional,aNbNcN,128,ebsampler,greedy,,2.0,4,1,1.0,0.0,1.0,0.0,1.0,0.0,1.0,0.0,13.0,13,True,3.13,100,False,0.01,0.99,0.0,100,0.0008064516129032258,0.0011475409836065574,,,0.0,0.023809523809523808,,,,,,,,results/T-sweep-nonDyck-3/distributions/aNbNcN_L128_T4_ebsampler_greedy_gamma2.0.json
unconditional,aNbNcN,128,ebsampler,greedy,,5.0,4,1,0.0,0.0,1.0,0.0,0.0,0.0,0.0,0.0,8.0,8,True,1.94,0,True,,,,0,,,,,,,,,,,,,,results/T-sweep-nonDyck-3/distributions/aNbNcN_L128_T4_ebsampler_greedy_gamma5.0.json
unconditional,aNbNcN,128,ebsampler,greedy,,10.0,4,1,0.0,0.0,1.0,0.0,0.0,0.0,0.0,0.0,5.0,5,True,1.39,0,True,,,,0,,,,,,,,,,,,,,results/T-sweep-nonDyck-3/distributions/aNbNcN_L128_T4_ebsampler_greedy_gamma10.0.json
unconditional,aNbNcN,128,ebsampler,greedy,,0.9,4,1,1.0,0.0,1.0,0.0,1.0,0.0,1.0,0.0,19.0,19,True,8.06,100,False,0.01,0.99,0.0,100,0.001,0.0014285714285714286,,,0.0,0.023809523809523808,,,,,,,,results/T-sweep-nonDyck-3/distributions/aNbNcN_L128_T4_ebsampler_greedy_gamma0.9.json
unconditional,aNbNcN,128,gaussian,categorical,1.0,,128,5,0.776,0.058172,0.782,0.054185,0.776,0.058172,0.776,0.058172,102.056,128,False,149.74,388,False,0.10824742268041238,0.8917525773195876,0.3274303086193018,200,0.0002256317689530686,0.00036744442403086535,,,3.653557057760169,1.0,,,,,,,,results/T-sweep-nonDyck-3/distributions/aNbNcN_L128_T128_gaussian_categorical_sigma1.0.json
unconditional,aNbNcN,128,ebsampler,greedy,,0.5,4,1,1.0,0.0,1.0,0.0,1.0,0.0,1.0,0.0,28.0,28,True,12.78,100,False,0.01,0.99,0.0,100,0.0010638297872340426,0.0015217391304347826,,,0.0,0.023809523809523808,,,,,,,,results/T-sweep-nonDyck-3/distributions/aNbNcN_L128_T4_ebsampler_greedy_gamma0.5.json
unconditional,aNbNcN,128,ebsampler,greedy,,2.0,8,1,1.0,0.0,1.0,0.0,1.0,0.0,1.0,0.0,13.0,13,True,5.28,100,False,0.01,0.99,0.0,100,0.0008064516129032258,0.0011475409836065574,,,0.0,0.023809523809523808,,,,,,,,results/T-sweep-nonDyck-3/distributions/aNbNcN_L128_T8_ebsampler_greedy_gamma2.0.json
unconditional,aNbNcN,128,ebsampler,greedy,,0.9,8,1,1.0,0.0,1.0,0.0,1.0,0.0,1.0,0.0,19.0,19,True,8.0,100,False,0.01,0.99,0.0,100,0.001,0.0014285714285714286,,,0.0,0.023809523809523808,,,,,,,,results/T-sweep-nonDyck-3/distributions/aNbNcN_L128_T8_ebsampler_greedy_gamma0.9.json
unconditional,aNbNcN,128,ebsampler,greedy,,0.1,4,1,1.0,0.0,1.0,0.0,1.0,0.0,1.0,0.0,42.0,42,True,20.12,100,False,0.01,0.99,0.0,100,0.0029411764705882353,0.004375,,,0.0,0.023809523809523808,,,,,,,,results/T-sweep-nonDyck-3/distributions/aNbNcN_L128_T4_ebsampler_greedy_gamma0.1.json
unconditional,aNbNcN,128,gaussian,categorical,100.0,,128,5,0.922,0.031875,0.988,0.004,0.922,0.031875,0.92,0.035214,118.3,129,False,122.48,460,False,0.09130434782608696,0.908695652173913,0.3216868254017189,200,0.0001639344262295082,0.0002663115845539281,,,3.671653208395634,1.0,,,,,,,,results/T-sweep-nonDyck-3/distributions/aNbNcN_L128_T128_gaussian_categorical_sigma100.0.json
unconditional,aNbNcN,128,ebsampler,greedy,,0.1,8,1,1.0,0.0,1.0,0.0,1.0,0.0,1.0,0.0,42.0,42,True,11.81,100,False,0.01,0.99,0.0,100,0.0029411764705882353,0.004375,,,0.0,0.023809523809523808,,,,,,,,results/T-sweep-nonDyck-3/distributions/aNbNcN_L128_T8_ebsampler_greedy_gamma0.1.json
unconditional,aNbNcN,128,ebsampler,greedy,,10.0,8,1,0.0,0.0,1.0,0.0,0.0,0.0,0.0,0.0,5.0,5,True,2.35,0,True,,,,0,,,,,,,,,,,,,,results/T-sweep-nonDyck-3/distributions/aNbNcN_L128_T8_ebsampler_greedy_gamma10.0.json
unconditional,aNbNcN,128,ebsampler,greedy,,5.0,8,1,0.0,0.0,1.0,0.0,0.0,0.0,0.0,0.0,8.0,8,True,3.32,0,True,,,,0,,,,,,,,,,,,,,results/T-sweep-nonDyck-3/distributions/aNbNcN_L128_T8_ebsampler_greedy_gamma5.0.json
unconditional,aNbNcN,128,ebsampler,greedy,,0.5,8,1,1.0,0.0,1.0,0.0,1.0,0.0,1.0,0.0,28.0,28,True,12.79,100,False,0.01,0.99,0.0,100,0.0010638297872340426,0.0015217391304347826,,,0.0,0.023809523809523808,,,,,,,,results/T-sweep-nonDyck-3/distributions/aNbNcN_L128_T8_ebsampler_greedy_gamma0.5.json
unconditional,aNbNcN,128,gaussian,categorical,50.0,,128,5,0.88,0.017889,0.98,0.014142,0.88,0.017889,0.878,0.020396,111.432,129,False,130.95,439,False,0.09567198177676538,0.9043280182232346,0.3044974818275346,200,0.00017514975303884822,0.00028461647929415115,,,3.7124872249523233,1.0,,,,,,,,results/T-sweep-nonDyck-3/distributions/aNbNcN_L128_T128_gaussian_categorical_sigma50.0.json
unconditional,aNbNcN,128,ebsampler,greedy,,10.0,16,1,0.0,0.0,1.0,0.0,0.0,0.0,0.0,0.0,5.0,5,True,2.4,0,True,,,,0,,,,,,,,,,,,,,results/T-sweep-nonDyck-3/distributions/aNbNcN_L128_T16_ebsampler_greedy_gamma10.0.json
unconditional,aNbNcN,128,ebsampler,greedy,,5.0,16,1,0.0,0.0,1.0,0.0,0.0,0.0,0.0,0.0,8.0,8,True,3.38,0,True,,,,0,,,,,,,,,,,,,,results/T-sweep-nonDyck-3/distributions/aNbNcN_L128_T16_ebsampler_greedy_gamma5.0.json
unconditional,aNbNcN,128,ebsampler,greedy,,0.9,16,1,1.0,0.0,1.0,0.0,1.0,0.0,1.0,0.0,19.0,19,True,4.86,100,False,0.01,0.99,0.0,100,0.001,0.0014285714285714286,,,0.0,0.023809523809523808,,,,,,,,results/T-sweep-nonDyck-3/distributions/aNbNcN_L128_T16_ebsampler_greedy_gamma0.9.json
unconditional,aNbNcN,128,ebsampler,greedy,,2.0,16,1,1.0,0.0,1.0,0.0,1.0,0.0,1.0,0.0,13.0,13,True,5.44,100,False,0.01,0.99,0.0,100,0.0008064516129032258,0.0011475409836065574,,,0.0,0.023809523809523808,,,,,,,,results/T-sweep-nonDyck-3/distributions/aNbNcN_L128_T16_ebsampler_greedy_gamma2.0.json
unconditional,aNbNcN,128,gaussian,categorical,20.0,,128,5,0.888,0.027129,0.95,0.016733,0.886,0.027276,0.886,0.027276,110.794,129,False,136.84,443,False,0.09480812641083522,0.9051918735891648,0.2919290974188101,200,0.00017292062943109114,0.0002809778027535825,,,3.693516253717862,1.0,,,,,,,,results/T-sweep-nonDyck-3/distributions/aNbNcN_L128_T128_gaussian_categorical_sigma20.0.json
unconditional,aNbNcN,128,ebsampler,greedy,,0.5,16,1,1.0,0.0,1.0,0.0,1.0,0.0,1.0,0.0,28.0,28,True,7.78,100,False,0.01,0.99,0.0,100,0.0010638297872340426,0.0015217391304347826,,,0.0,0.023809523809523808,,,,,,,,results/T-sweep-nonDyck-3/distributions/aNbNcN_L128_T16_ebsampler_greedy_gamma0.5.json
unconditional,aNbNcN,128,ebsampler,greedy,,2.0,32,1,1.0,0.0,1.0,0.0,1.0,0.0,1.0,0.0,13.0,13,True,3.13,100,False,0.01,0.99,0.0,100,0.0008064516129032258,0.0011475409836065574,,,0.0,0.023809523809523808,,,,,,,,results/T-sweep-nonDyck-3/distributions/aNbNcN_L128_T32_ebsampler_greedy_gamma2.0.json
unconditional,aNbNcN,128,ebsampler,greedy,,10.0,32,1,0.0,0.0,1.0,0.0,0.0,0.0,0.0,0.0,5.0,5,True,1.45,0,True,,,,0,,,,,,,,,,,,,,results/T-sweep-nonDyck-3/distributions/aNbNcN_L128_T32_ebsampler_greedy_gamma10.0.json
unconditional,aNbNcN,128,ebsampler,greedy,,5.0,32,1,0.0,0.0,1.0,0.0,0.0,0.0,0.0,0.0,8.0,8,True,3.35,0,True,,,,0,,,,,,,,,,,,,,results/T-sweep-nonDyck-3/distributions/aNbNcN_L128_T32_ebsampler_greedy_gamma5.0.json
unconditional,aNbNcN,128,gaussian,categorical,5.0,,128,5,0.828,0.039192,0.866,0.016248,0.828,0.039192,0.828,0.039192,105.588,129,False,154.72,414,False,0.10144927536231885,0.8985507246376812,0.34901620779956116,200,0.0001986491855383393,0.0003231539828728389,,,3.6791649949765115,1.0,,,,,,,,results/T-sweep-nonDyck-3/distributions/aNbNcN_L128_T128_gaussian_categorical_sigma5.0.json
unconditional,aNbNcN,128,ar,categorical,,,130,5,1.0,0.0,1.0,0.0,1.0,0.0,1.0,0.0,129.0,129,False,92.13,500,False,0.084,0.916,0.33602847806778857,200,0.00015724259387382854,0.00025560738705348587,,,3.6808947534675154,1.0,,,,,,,,results/T-sweep-nonDyck-3/distributions/aNbNcN_L128_T130_ar_categorical_none.json
unconditional,baN,128,ebsampler,categorical,,0.5,256,5,1.0,0.0,1.0,0.0,1.0,0.0,1.0,0.0,128.0,128,False,1255.99,500,False,1.0,0.0,0.15902156824114272,200,6.350819255683983e-05,0.00012803277639075603,0.75,0.625,,,,,,,,,,results/T-sweep-nonDyck-3/distributions/baN_L128_T256_ebsampler_categorical_gamma0.5.json
unconditional,aNbNcN,128,ebsampler,greedy,,0.9,32,1,1.0,0.0,1.0,0.0,1.0,0.0,1.0,0.0,19.0,19,True,8.05,100,False,0.01,0.99,0.0,100,0.001,0.0014285714285714286,,,0.0,0.023809523809523808,,,,,,,,results/T-sweep-nonDyck-3/distributions/aNbNcN_L128_T32_ebsampler_greedy_gamma0.9.json
unconditional,aNbNcN,128,ebsampler,greedy,,5.0,64,1,0.0,0.0,1.0,0.0,0.0,0.0,0.0,0.0,8.0,8,True,3.27,0,True,,,,0,,,,,,,,,,,,,,results/T-sweep-nonDyck-3/distributions/aNbNcN_L128_T64_ebsampler_greedy_gamma5.0.json
unconditional,aNbNcN,128,ebsampler,greedy,,10.0,64,1,0.0,0.0,1.0,0.0,0.0,0.0,0.0,0.0,5.0,5,True,1.39,0,True,,,,0,,,,,,,,,,,,,,results/T-sweep-nonDyck-3/distributions/aNbNcN_L128_T64_ebsampler_greedy_gamma10.0.json
unconditional,aNbNcN,128,ebsampler,greedy,,0.9,64,1,1.0,0.0,1.0,0.0,1.0,0.0,1.0,0.0,19.0,19,True,4.98,100,False,0.01,0.99,0.0,100,0.001,0.0014285714285714286,,,0.0,0.023809523809523808,,,,,,,,results/T-sweep-nonDyck-3/distributions/aNbNcN_L128_T64_ebsampler_greedy_gamma0.9.json
unconditional,aNbNcN,128,ebsampler,greedy,,2.0,64,1,1.0,0.0,1.0,0.0,1.0,0.0,1.0,0.0,13.0,13,True,5.38,100,False,0.01,0.99,0.0,100,0.0008064516129032258,0.0011475409836065574,,,0.0,0.023809523809523808,,,,,,,,results/T-sweep-nonDyck-3/distributions/aNbNcN_L128_T64_ebsampler_greedy_gamma2.0.json
unconditional,aNbNcN,128,ebsampler,greedy,,5.0,128,1,0.0,0.0,1.0,0.0,0.0,0.0,0.0,0.0,8.0,8,True,2.01,0,True,,,,0,,,,,,,,,,,,,,results/T-sweep-nonDyck-3/distributions/aNbNcN_L128_T128_ebsampler_greedy_gamma5.0.json
unconditional,aNbNcN,128,ebsampler,greedy,,0.5,64,1,1.0,0.0,1.0,0.0,1.0,0.0,1.0,0.0,28.0,28,True,7.64,100,False,0.01,0.99,0.0,100,0.0010638297872340426,0.0015217391304347826,,,0.0,0.023809523809523808,,,,,,,,results/T-sweep-nonDyck-3/distributions/aNbNcN_L128_T64_ebsampler_greedy_gamma0.5.json
unconditional,aNbNcN,128,ebsampler,greedy,,2.0,128,1,1.0,0.0,1.0,0.0,1.0,0.0,1.0,0.0,13.0,13,True,3.15,100,False,0.01,0.99,0.0,100,0.0008064516129032258,0.0011475409836065574,,,0.0,0.023809523809523808,,,,,,,,results/T-sweep-nonDyck-3/distributions/aNbNcN_L128_T128_ebsampler_greedy_gamma2.0.json
unconditional,aNbNcN,128,ebsampler,greedy,,0.5,32,1,1.0,0.0,1.0,0.0,1.0,0.0,1.0,0.0,28.0,28,True,12.94,100,False,0.01,0.99,0.0,100,0.0010638297872340426,0.0015217391304347826,,,0.0,0.023809523809523808,,,,,,,,results/T-sweep-nonDyck-3/distributions/aNbNcN_L128_T32_ebsampler_greedy_gamma0.5.json
unconditional,aNbNcN,128,ebsampler,greedy,,10.0,128,1,0.0,0.0,1.0,0.0,0.0,0.0,0.0,0.0,5.0,5,True,2.43,0,True,,,,0,,,,,,,,,,,,,,results/T-sweep-nonDyck-3/distributions/aNbNcN_L128_T128_ebsampler_greedy_gamma10.0.json
unconditional,aNbNcN,128,gaussian,categorical,10.0,,128,5,0.878,0.041665,0.922,0.036551,0.878,0.041665,0.876,0.043174,109.58,129,False,159.48,438,False,0.0958904109589041,0.904109589041096,0.330323265314034,200,0.00018568033273915627,0.00030200075500188753,,,3.7015070648530592,1.0,,,,,,,,results/T-sweep-nonDyck-3/distributions/aNbNcN_L128_T128_gaussian_categorical_sigma10.0.json
unconditional,aNbNcN,128,ebsampler,greedy,,0.1,16,1,1.0,0.0,1.0,0.0,1.0,0.0,1.0,0.0,42.0,42,True,20.33,100,False,0.01,0.99,0.0,100,0.0029411764705882353,0.004375,,,0.0,0.023809523809523808,,,,,,,,results/T-sweep-nonDyck-3/distributions/aNbNcN_L128_T16_ebsampler_greedy_gamma0.1.json
unconditional,aNbNcN,128,ebsampler,greedy,,0.1,64,1,1.0,0.0,1.0,0.0,1.0,0.0,1.0,0.0,42.0,42,True,12.39,100,False,0.01,0.99,0.0,100,0.0029411764705882353,0.004375,,,0.0,0.023809523809523808,,,,,,,,results/T-sweep-nonDyck-3/distributions/aNbNcN_L128_T64_ebsampler_greedy_gamma0.1.json
unconditional,aNbNcN,128,ebsampler,greedy,,5.0,256,1,0.0,0.0,1.0,0.0,0.0,0.0,0.0,0.0,8.0,8,True,3.4,0,True,,,,0,,,,,,,,,,,,,,results/T-sweep-nonDyck-3/distributions/aNbNcN_L128_T256_ebsampler_greedy_gamma5.0.json
unconditional,aNbNcN,128,ebsampler,greedy,,0.9,128,1,1.0,0.0,1.0,0.0,1.0,0.0,1.0,0.0,19.0,19,True,7.88,100,False,0.01,0.99,0.0,100,0.001,0.0014285714285714286,,,0.0,0.023809523809523808,,,,,,,,results/T-sweep-nonDyck-3/distributions/aNbNcN_L128_T128_ebsampler_greedy_gamma0.9.json
unconditional,aNbNcN,128,ebsampler,greedy,,0.9,256,1,1.0,0.0,1.0,0.0,1.0,0.0,1.0,0.0,19.0,19,True,4.81,100,False,0.01,0.99,0.0,100,0.001,0.0014285714285714286,,,0.0,0.023809523809523808,,,,,,,,results/T-sweep-nonDyck-3/distributions/aNbNcN_L128_T256_ebsampler_greedy_gamma0.9.json
unconditional,aNbNcN,128,ebsampler,greedy,,10.0,256,1,0.0,0.0,1.0,0.0,0.0,0.0,0.0,0.0,5.0,5,True,2.35,0,True,,,,0,,,,,,,,,,,,,,results/T-sweep-nonDyck-3/distributions/aNbNcN_L128_T256_ebsampler_greedy_gamma10.0.json
unconditional,aNbNcN,128,ebsampler,greedy,,2.0,256,1,1.0,0.0,1.0,0.0,1.0,0.0,1.0,0.0,13.0,13,True,5.44,100,False,0.01,0.99,0.0,100,0.0008064516129032258,0.0011475409836065574,,,0.0,0.023809523809523808,,,,,,,,results/T-sweep-nonDyck-3/distributions/aNbNcN_L128_T256_ebsampler_greedy_gamma2.0.json
unconditional,aNbNcN,128,ebsampler,greedy,,0.1,32,1,1.0,0.0,1.0,0.0,1.0,0.0,1.0,0.0,42.0,42,True,20.46,100,False,0.01,0.99,0.0,100,0.0029411764705882353,0.004375,,,0.0,0.023809523809523808,,,,,,,,results/T-sweep-nonDyck-3/distributions/aNbNcN_L128_T32_ebsampler_greedy_gamma0.1.json
unconditional,aNbNcN,128,ebsampler,greedy,,0.5,256,1,1.0,0.0,1.0,0.0,1.0,0.0,1.0,0.0,28.0,28,True,7.73,100,False,0.01,0.99,0.0,100,0.0010638297872340426,0.0015217391304347826,,,0.0,0.023809523809523808,,,,,,,,results/T-sweep-nonDyck-3/distributions/aNbNcN_L128_T256_ebsampler_greedy_gamma0.5.json
unconditional,aNbNcN,128,ebsampler,greedy,,0.5,128,1,1.0,0.0,1.0,0.0,1.0,0.0,1.0,0.0,28.0,28,True,12.85,100,False,0.01,0.99,0.0,100,0.0010638297872340426,0.0015217391304347826,,,0.0,0.023809523809523808,,,,,,,,results/T-sweep-nonDyck-3/distributions/aNbNcN_L128_T128_ebsampler_greedy_gamma0.5.json
unconditional,aNbNcN,128,ebsampler,categorical,,5.0,1,5,0.026,0.023324,0.802,0.045343,0.026,0.023324,0.026,0.023324,1.318,7,False,5.25,13,False,0.46153846153846156,0.5384615384615384,0.502906976744186,13,0.009940357852882704,0.014285714285714285,,,1.5247073930301436,0.14285714285714285,,,,,,,,results/T-sweep-nonDyck-3/distributions/aNbNcN_L128_T1_ebsampler_categorical_gamma5.0.json
unconditional,aNbNcN,128,ebsampler,greedy,,0.1,256,1,1.0,0.0,1.0,0.0,1.0,0.0,1.0,0.0,42.0,42,True,12.3,100,False,0.01,0.99,0.0,100,0.0029411764705882353,0.004375,,,0.0,0.023809523809523808,,,,,,,,results/T-sweep-nonDyck-3/distributions/aNbNcN_L128_T256_ebsampler_greedy_gamma0.1.json
unconditional,aNbNcN,128,ebsampler,categorical,,10.0,1,5,0.002,0.004,0.794,0.054991,0.002,0.004,0.002,0.004,1.036,2,False,8.11,1,True,1.0,0.0,,1,0.04950495049504951,0.07,,,0.0,0.023809523809523808,,,,,,,,results/T-sweep-nonDyck-3/distributions/aNbNcN_L128_T1_ebsampler_categorical_gamma10.0.json
unconditional,aNbNcN,128,ebsampler,categorical,,5.0,2,5,0.026,0.023324,0.802,0.045343,0.026,0.023324,0.026,0.023324,1.318,7,False,5.29,13,False,0.46153846153846156,0.5384615384615384,0.502906976744186,13,0.009940357852882704,0.014285714285714285,,,1.5247073930301436,0.14285714285714285,,,,,,,,results/T-sweep-nonDyck-3/distributions/aNbNcN_L128_T2_ebsampler_categorical_gamma5.0.json
unconditional,aNbNcN,128,ebsampler,greedy,,0.1,128,1,1.0,0.0,1.0,0.0,1.0,0.0,1.0,0.0,42.0,42,True,20.33,100,False,0.01,0.99,0.0,100,0.0029411764705882353,0.004375,,,0.0,0.023809523809523808,,,,,,,,results/T-sweep-nonDyck-3/distributions/aNbNcN_L128_T128_ebsampler_greedy_gamma0.1.json
unconditional,aNbNcN,128,ebsampler,categorical,,2.0,1,5,0.146,0.019596,0.826,0.024166,0.146,0.019596,0.146,0.019596,2.48,12,False,11.58,73,False,0.1506849315068493,0.8493150684931507,0.42589612943595245,73,0.0013676148796498905,0.0019536701088473346,,,2.094246347396355,0.2619047619047619,,,,,,,,results/T-sweep-nonDyck-3/distributions/aNbNcN_L128_T1_ebsampler_categorical_gamma2.0.json
unconditional,aNbNcN,128,ebsampler,categorical,,10.0,2,5,0.002,0.004,0.794,0.054991,0.002,0.004,0.002,0.004,1.036,2,False,5.08,1,True,1.0,0.0,,1,0.04950495049504951,0.07,,,0.0,0.023809523809523808,,,,,,,,results/T-sweep-nonDyck-3/distributions/aNbNcN_L128_T2_ebsampler_categorical_gamma10.0.json
unconditional,aNbNcN,128,ebsampler,categorical,,0.9,2,5,0.296,0.023324,0.94,0.014142,0.296,0.023324,0.296,0.023324,4.596,17,False,12.01,148,False,0.12837837837837837,0.8716216216216216,0.41431513286523947,148,0.000650110518788194,0.000928012727031685,,,2.6770413723108866,0.4523809523809524,,,,,,,,results/T-sweep-nonDyck-3/distributions/aNbNcN_L128_T2_ebsampler_categorical_gamma0.9.json
unconditional,aNbNcN,128,ebsampler,categorical,,0.9,1,5,0.296,0.023324,0.94,0.014142,0.296,0.023324,0.296,0.023324,4.596,17,False,15.37,148,False,0.12837837837837837,0.8716216216216216,0.41431513286523947,148,0.000650110518788194,0.000928012727031685,,,2.6770413723108866,0.4523809523809524,,,,,,,,results/T-sweep-nonDyck-3/distributions/aNbNcN_L128_T1_ebsampler_categorical_gamma0.9.json
unconditional,aNbNcN,128,ebsampler,categorical,,2.0,2,5,0.146,0.019596,0.826,0.024166,0.146,0.019596,0.146,0.019596,2.48,12,False,11.81,73,False,0.1506849315068493,0.8493150684931507,0.42589612943595245,73,0.0013676148796498905,0.0019536701088473346,,,2.094246347396355,0.2619047619047619,,,,,,,,results/T-sweep-nonDyck-3/distributions/aNbNcN_L128_T2_ebsampler_categorical_gamma2.0.json
unconditional,aNbNcN,128,ebsampler,categorical,,5.0,4,5,0.026,0.023324,0.802,0.045343,0.026,0.023324,0.026,0.023324,1.318,7,False,5.45,13,False,0.46153846153846156,0.5384615384615384,0.502906976744186,13,0.009940357852882704,0.014285714285714285,,,1.5247073930301436,0.14285714285714285,,,,,,,,results/T-sweep-nonDyck-3/distributions/aNbNcN_L128_T4_ebsampler_categorical_gamma5.0.json
unconditional,aNbNcN,128,ebsampler,categorical,,0.5,1,5,0.26,0.024495,0.984,0.008,0.26,0.024495,0.258,0.026382,8.116,28,False,20.73,129,False,0.17829457364341086,0.8217054263565892,0.5283805031446541,129,0.0010773540185304892,0.0017730496453900709,,,2.6714825184153232,0.5476190476190477,,,,,,,,results/T-sweep-nonDyck-3/distributions/aNbNcN_L128_T1_ebsampler_categorical_gamma0.5.json
unconditional,aNbNcN,128,ebsampler,categorical,,2.0,4,5,0.146,0.019596,0.826,0.024166,0.146,0.019596,0.146,0.019596,2.48,12,False,11.43,73,False,0.1506849315068493,0.8493150684931507,0.42589612943595245,73,0.0013676148796498905,0.0019536701088473346,,,2.094246347396355,0.2619047619047619,,,,,,,,results/T-sweep-nonDyck-3/distributions/aNbNcN_L128_T4_ebsampler_categorical_gamma2.0.json
unconditional,aNbNcN,128,ebsampler,categorical,,10.0,4,5,0.002,0.004,0.794,0.054991,0.002,0.004,0.002,0.004,1.036,2,False,8.35,1,True,1.0,0.0,,1,0.04950495049504951,0.07,,,0.0,0.023809523809523808,,,,,,,,results/T-sweep-nonDyck-3/distributions/aNbNcN_L128_T4_ebsampler_categorical_gamma10.0.json
unconditional,aNbNcN,128,ebsampler,categorical,,0.5,4,5,0.26,0.024495,0.984,0.008,0.26,0.024495,0.258,0.026382,8.116,28,False,16.57,129,False,0.17829457364341086,0.8217054263565892,0.5283805031446541,129,0.0010773540185304892,0.0017730496453900709,,,2.6714825184153232,0.5476190476190477,,,,,,,,results/T-sweep-nonDyck-3/distributions/aNbNcN_L128_T4_ebsampler_categorical_gamma0.5.json
unconditional,aNbNcN,128,ebsampler,categorical,,0.9,8,5,0.296,0.023324,0.94,0.014142,0.296,0.023324,0.296,0.023324,4.596,17,False,10.76,148,False,0.12837837837837837,0.8716216216216216,0.41431513286523947,148,0.000650110518788194,0.000928012727031685,,,2.6770413723108866,0.4523809523809524,,,,,,,,results/T-sweep-nonDyck-3/distributions/aNbNcN_L128_T8_ebsampler_categorical_gamma0.9.json
unconditional,aNbNcN,128,ebsampler,categorical,,0.9,4,5,0.296,0.023324,0.94,0.014142,0.296,0.023324,0.296,0.023324,4.596,17,False,17.73,148,False,0.12837837837837837,0.8716216216216216,0.41431513286523947,148,0.000650110518788194,0.000928012727031685,,,2.6770413723108866,0.4523809523809524,,,,,,,,results/T-sweep-nonDyck-3/distributions/aNbNcN_L128_T4_ebsampler_categorical_gamma0.9.json
unconditional,aNbNcN,128,ebsampler,categorical,,0.5,2,5,0.26,0.024495,0.984,0.008,0.26,0.024495,0.258,0.026382,8.116,28,False,28.45,129,False,0.17829457364341086,0.8217054263565892,0.5283805031446541,129,0.0010773540185304892,0.0017730496453900709,,,2.6714825184153232,0.5476190476190477,,,,,,,,results/T-sweep-nonDyck-3/distributions/aNbNcN_L128_T2_ebsampler_categorical_gamma0.5.json
unconditional,aNbNcN,128,gaussian,greedy,50.0,,256,5,0.982,0.009798,1.0,0.0,0.982,0.009798,0.982,0.009798,242.784,256,False,324.3,491,False,0.07739307535641547,0.9226069246435845,0.1420941804212426,200,0.0001112272818276867,0.00015743781206423464,,,3.2811768887061903,0.9047619047619048,,,,,,,,results/T-sweep-nonDyck-3/distributions/aNbNcN_L128_T256_gaussian_greedy_sigma50.0.json
unconditional,aNbNcN,128,ebsampler,categorical,,10.0,8,5,0.002,0.004,0.794,0.054991,0.002,0.004,0.002,0.004,1.036,2,False,8.41,1,True,1.0,0.0,,1,0.04950495049504951,0.07,,,0.0,0.023809523809523808,,,,,,,,results/T-sweep-nonDyck-3/distributions/aNbNcN_L128_T8_ebsampler_categorical_gamma10.0.json
unconditional,aNbNcN,128,ebsampler,categorical,,5.0,8,5,0.026,0.023324,0.802,0.045343,0.026,0.023324,0.026,0.023324,1.318,7,False,8.74,13,False,0.46153846153846156,0.5384615384615384,0.502906976744186,13,0.009940357852882704,0.014285714285714285,,,1.5247073930301436,0.14285714285714285,,,,,,,,results/T-sweep-nonDyck-3/distributions/aNbNcN_L128_T8_ebsampler_categorical_gamma5.0.json
unconditional,aNbNcN,128,ebsampler,categorical,,2.0,8,5,0.146,0.019596,0.826,0.024166,0.146,0.019596,0.146,0.019596,2.48,12,False,11.91,73,False,0.1506849315068493,0.8493150684931507,0.42589612943595245,73,0.0013676148796498905,0.0019536701088473346,,,2.094246347396355,0.2619047619047619,,,,,,,,results/T-sweep-nonDyck-3/distributions/aNbNcN_L128_T8_ebsampler_categorical_gamma2.0.json
unconditional,aNbNcN,128,ebsampler,categorical,,10.0,16,5,0.002,0.004,0.794,0.054991,0.002,0.004,0.002,0.004,1.036,2,False,8.36,1,True,1.0,0.0,,1,0.04950495049504951,0.07,,,0.0,0.023809523809523808,,,,,,,,results/T-sweep-nonDyck-3/distributions/aNbNcN_L128_T16_ebsampler_categorical_gamma10.0.json
unconditional,aNbNcN,128,ebsampler,categorical,,5.0,16,5,0.026,0.023324,0.802,0.045343,0.026,0.023324,0.026,0.023324,1.318,7,False,9.06,13,False,0.46153846153846156,0.5384615384615384,0.502906976744186,13,0.009940357852882704,0.014285714285714285,,,1.5247073930301436,0.14285714285714285,,,,,,,,results/T-sweep-nonDyck-3/distributions/aNbNcN_L128_T16_ebsampler_categorical_gamma5.0.json
unconditional,aNbNcN,128,ebsampler,categorical,,2.0,16,5,0.146,0.019596,0.826,0.024166,0.146,0.019596,0.146,0.019596,2.48,12,False,11.94,73,False,0.1506849315068493,0.8493150684931507,0.42589612943595245,73,0.0013676148796498905,0.0019536701088473346,,,2.094246347396355,0.2619047619047619,,,,,,,,results/T-sweep-nonDyck-3/distributions/aNbNcN_L128_T16_ebsampler_categorical_gamma2.0.json
unconditional,aNbNcN,128,ebsampler,categorical,,0.5,8,5,0.26,0.024495,0.984,0.008,0.26,0.024495,0.258,0.026382,8.116,28,False,28.22,129,False,0.17829457364341086,0.8217054263565892,0.5283805031446541,129,0.0010773540185304892,0.0017730496453900709,,,2.6714825184153232,0.5476190476190477,,,,,,,,results/T-sweep-nonDyck-3/distributions/aNbNcN_L128_T8_ebsampler_categorical_gamma0.5.json
unconditional,aNbNcN,128,ebsampler,categorical,,0.5,16,5,0.26,0.024495,0.984,0.008,0.26,0.024495,0.258,0.026382,8.116,28,False,17.21,129,False,0.17829457364341086,0.8217054263565892,0.5283805031446541,129,0.0010773540185304892,0.0017730496453900709,,,2.6714825184153232,0.5476190476190477,,,,,,,,results/T-sweep-nonDyck-3/distributions/aNbNcN_L128_T16_ebsampler_categorical_gamma0.5.json
unconditional,aNbNcN,128,ebsampler,categorical,,0.9,16,5,0.296,0.023324,0.94,0.014142,0.296,0.023324,0.296,0.023324,4.596,17,False,17.74,148,False,0.12837837837837837,0.8716216216216216,0.41431513286523947,148,0.000650110518788194,0.000928012727031685,,,2.6770413723108866,0.4523809523809524,,,,,,,,results/T-sweep-nonDyck-3/distributions/aNbNcN_L128_T16_ebsampler_categorical_gamma0.9.json
unconditional,aNbNcN,128,ebsampler,categorical,,5.0,32,5,0.026,0.023324,0.802,0.045343,0.026,0.023324,0.026,0.023324,1.318,7,False,9.03,13,False,0.46153846153846156,0.5384615384615384,0.502906976744186,13,0.009940357852882704,0.014285714285714285,,,1.5247073930301436,0.14285714285714285,,,,,,,,results/T-sweep-nonDyck-3/distributions/aNbNcN_L128_T32_ebsampler_categorical_gamma5.0.json
unconditional,aNbNcN,128,ebsampler,categorical,,2.0,32,5,0.146,0.019596,0.826,0.024166,0.146,0.019596,0.146,0.019596,2.48,12,False,11.93,73,False,0.1506849315068493,0.8493150684931507,0.42589612943595245,73,0.0013676148796498905,0.0019536701088473346,,,2.094246347396355,0.2619047619047619,,,,,,,,results/T-sweep-nonDyck-3/distributions/aNbNcN_L128_T32_ebsampler_categorical_gamma2.0.json
unconditional,aNbNcN,128,ebsampler,categorical,,10.0,32,5,0.002,0.004,0.794,0.054991,0.002,0.004,0.002,0.004,1.036,2,False,8.36,1,True,1.0,0.0,,1,0.04950495049504951,0.07,,,0.0,0.023809523809523808,,,,,,,,results/T-sweep-nonDyck-3/distributions/aNbNcN_L128_T32_ebsampler_categorical_gamma10.0.json
unconditional,aNbNcN,128,ebsampler,categorical,,0.1,8,5,1.0,0.0,1.0,0.0,1.0,0.0,1.0,0.0,23.09,42,False,41.91,500,False,0.084,0.916,0.32632775847446677,200,0.0001565484204264379,0.00025446101975253667,,,3.6832352850986423,1.0,,,,,,,,results/T-sweep-nonDyck-3/distributions/aNbNcN_L128_T8_ebsampler_categorical_gamma0.1.json
unconditional,aNbNcN,128,ebsampler,categorical,,0.9,32,5,0.296,0.023324,0.94,0.014142,0.296,0.023324,0.296,0.023324,4.596,17,False,17.85,148,False,0.12837837837837837,0.8716216216216216,0.41431513286523947,148,0.000650110518788194,0.000928012727031685,,,2.6770413723108866,0.4523809523809524,,,,,,,,results/T-sweep-nonDyck-3/distributions/aNbNcN_L128_T32_ebsampler_categorical_gamma0.9.json
unconditional,aNbNcN,128,ebsampler,categorical,,0.5,32,5,0.26,0.024495,0.984,0.008,0.26,0.024495,0.258,0.026382,8.116,28,False,28.36,129,False,0.17829457364341086,0.8217054263565892,0.5283805031446541,129,0.0010773540185304892,0.0017730496453900709,,,2.6714825184153232,0.5476190476190477,,,,,,,,results/T-sweep-nonDyck-3/distributions/aNbNcN_L128_T32_ebsampler_categorical_gamma0.5.json
unconditional,aNbNcN,128,ebsampler,categorical,,5.0,64,5,0.026,0.023324,0.802,0.045343,0.026,0.023324,0.026,0.023324,1.318,7,False,8.97,13,False,0.46153846153846156,0.5384615384615384,0.502906976744186,13,0.009940357852882704,0.014285714285714285,,,1.5247073930301436,0.14285714285714285,,,,,,,,results/T-sweep-nonDyck-3/distributions/aNbNcN_L128_T64_ebsampler_categorical_gamma5.0.json
unconditional,aNbNcN,128,ebsampler,categorical,,10.0,64,5,0.002,0.004,0.794,0.054991,0.002,0.004,0.002,0.004,1.036,2,False,5.07,1,True,1.0,0.0,,1,0.04950495049504951,0.07,,,0.0,0.023809523809523808,,,,,,,,results/T-sweep-nonDyck-3/distributions/aNbNcN_L128_T64_ebsampler_categorical_gamma10.0.json
unconditional,aNbNcN,128,ebsampler,categorical,,2.0,64,5,0.146,0.019596,0.826,0.024166,0.146,0.019596,0.146,0.019596,2.48,12,False,11.94,73,False,0.1506849315068493,0.8493150684931507,0.42589612943595245,73,0.0013676148796498905,0.0019536701088473346,,,2.094246347396355,0.2619047619047619,,,,,,,,results/T-sweep-nonDyck-3/distributions/aNbNcN_L128_T64_ebsampler_categorical_gamma2.0.json
unconditional,aNbNcN,128,ebsampler,categorical,,0.1,1,5,1.0,0.0,1.0,0.0,1.0,0.0,1.0,0.0,23.09,42,False,68.98,500,False,0.084,0.916,0.32632775847446677,200,0.0001565484204264379,0.00025446101975253667,,,3.6832352850986423,1.0,,,,,,,,results/T-sweep-nonDyck-3/distributions/aNbNcN_L128_T1_ebsampler_categorical_gamma0.1.json
unconditional,aNbNcN,128,ebsampler,categorical,,0.1,16,5,1.0,0.0,1.0,0.0,1.0,0.0,1.0,0.0,23.09,42,False,40.5,500,False,0.084,0.916,0.32632775847446677,200,0.0001565484204264379,0.00025446101975253667,,,3.6832352850986423,1.0,,,,,,,,results/T-sweep-nonDyck-3/distributions/aNbNcN_L128_T16_ebsampler_categorical_gamma0.1.json
unconditional,aNbNcN,128,ebsampler,categorical,,0.1,2,5,1.0,0.0,1.0,0.0,1.0,0.0,1.0,0.0,23.09,42,False,66.9,500,False,0.084,0.916,0.32632775847446677,200,0.0001565484204264379,0.00025446101975253667,,,3.6832352850986423,1.0,,,,,,,,results/T-sweep-nonDyck-3/distributions/aNbNcN_L128_T2_ebsampler_categorical_gamma0.1.json
unconditional,aNbNcN,128,ebsampler,categorical,,0.9,64,5,0.296,0.023324,0.94,0.014142,0.296,0.023324,0.296,0.023324,4.596,17,False,17.78,148,False,0.12837837837837837,0.8716216216216216,0.41431513286523947,148,0.000650110518788194,0.000928012727031685,,,2.6770413723108866,0.4523809523809524,,,,,,,,results/T-sweep-nonDyck-3/distributions/aNbNcN_L128_T64_ebsampler_categorical_gamma0.9.json
unconditional,aNbNcN,128,ebsampler,categorical,,2.0,128,5,0.146,0.019596,0.826,0.024166,0.146,0.019596,0.146,0.019596,2.48,12,False,7.19,73,False,0.1506849315068493,0.8493150684931507,0.42589612943595245,73,0.0013676148796498905,0.0019536701088473346,,,2.094246347396355,0.2619047619047619,,,,,,,,results/T-sweep-nonDyck-3/distributions/aNbNcN_L128_T128_ebsampler_categorical_gamma2.0.json
unconditional,aNbNcN,128,ebsampler,categorical,,5.0,128,5,0.026,0.023324,0.802,0.045343,0.026,0.023324,0.026,0.023324,1.318,7,False,9.08,13,False,0.46153846153846156,0.5384615384615384,0.502906976744186,13,0.009940357852882704,0.014285714285714285,,,1.5247073930301436,0.14285714285714285,,,,,,,,results/T-sweep-nonDyck-3/distributions/aNbNcN_L128_T128_ebsampler_categorical_gamma5.0.json
unconditional,aNbNcN,128,ebsampler,categorical,,0.1,4,5,1.0,0.0,1.0,0.0,1.0,0.0,1.0,0.0,23.09,42,False,66.45,500,False,0.084,0.916,0.32632775847446677,200,0.0001565484204264379,0.00025446101975253667,,,3.6832352850986423,1.0,,,,,,,,results/T-sweep-nonDyck-3/distributions/aNbNcN_L128_T4_ebsampler_categorical_gamma0.1.json
unconditional,aNbNcN,128,ebsampler,categorical,,0.5,64,5,0.26,0.024495,0.984,0.008,0.26,0.024495,0.258,0.026382,8.116,28,False,28.24,129,False,0.17829457364341086,0.8217054263565892,0.5283805031446541,129,0.0010773540185304892,0.0017730496453900709,,,2.6714825184153232,0.5476190476190477,,,,,,,,results/T-sweep-nonDyck-3/distributions/aNbNcN_L128_T64_ebsampler_categorical_gamma0.5.json
unconditional,aNbNcN,128,ebsampler,categorical,,10.0,128,5,0.002,0.004,0.794,0.054991,0.002,0.004,0.002,0.004,1.036,2,False,8.41,1,True,1.0,0.0,,1,0.04950495049504951,0.07,,,0.0,0.023809523809523808,,,,,,,,results/T-sweep-nonDyck-3/distributions/aNbNcN_L128_T128_ebsampler_categorical_gamma10.0.json
unconditional,aNbNcN,128,ebsampler,categorical,,2.0,256,5,0.146,0.019596,0.826,0.024166,0.146,0.019596,0.146,0.019596,2.48,12,False,7.2,73,False,0.1506849315068493,0.8493150684931507,0.42589612943595245,73,0.0013676148796498905,0.0019536701088473346,,,2.094246347396355,0.2619047619047619,,,,,,,,results/T-sweep-nonDyck-3/distributions/aNbNcN_L128_T256_ebsampler_categorical_gamma2.0.json
unconditional,aNbNcN,128,ebsampler,categorical,,0.9,128,5,0.296,0.023324,0.94,0.014142,0.296,0.023324,0.296,0.023324,4.596,17,False,17.65,148,False,0.12837837837837837,0.8716216216216216,0.41431513286523947,148,0.000650110518788194,0.000928012727031685,,,2.6770413723108866,0.4523809523809524,,,,,,,,results/T-sweep-nonDyck-3/distributions/aNbNcN_L128_T128_ebsampler_categorical_gamma0.9.json
unconditional,aNbNcN,128,ebsampler,categorical,,10.0,256,5,0.002,0.004,0.794,0.054991,0.002,0.004,0.002,0.004,1.036,2,False,5.65,1,True,1.0,0.0,,1,0.04950495049504951,0.07,,,0.0,0.023809523809523808,,,,,,,,results/T-sweep-nonDyck-3/distributions/aNbNcN_L128_T256_ebsampler_categorical_gamma10.0.json
unconditional,aNbNcN,128,ebsampler,categorical,,5.0,256,5,0.026,0.023324,0.802,0.045343,0.026,0.023324,0.026,0.023324,1.318,7,False,8.96,13,False,0.46153846153846156,0.5384615384615384,0.502906976744186,13,0.009940357852882704,0.014285714285714285,,,1.5247073930301436,0.14285714285714285,,,,,,,,results/T-sweep-nonDyck-3/distributions/aNbNcN_L128_T256_ebsampler_categorical_gamma5.0.json
unconditional,aNbNcN,128,ebsampler,categorical,,0.5,128,5,0.26,0.024495,0.984,0.008,0.26,0.024495,0.258,0.026382,8.116,28,False,23.78,129,False,0.17829457364341086,0.8217054263565892,0.5283805031446541,129,0.0010773540185304892,0.0017730496453900709,,,2.6714825184153232,0.5476190476190477,,,,,,,,results/T-sweep-nonDyck-3/distributions/aNbNcN_L128_T128_ebsampler_categorical_gamma0.5.json
unconditional,aNbNcN,128,ebsampler,categorical,,0.9,256,5,0.296,0.023324,0.94,0.014142,0.296,0.023324,0.296,0.023324,4.596,17,False,16.52,148,False,0.12837837837837837,0.8716216216216216,0.41431513286523947,148,0.000650110518788194,0.000928012727031685,,,2.6770413723108866,0.4523809523809524,,,,,,,,results/T-sweep-nonDyck-3/distributions/aNbNcN_L128_T256_ebsampler_categorical_gamma0.9.json
unconditional,aNbNcN,128,ebsampler,categorical,,0.1,64,5,1.0,0.0,1.0,0.0,1.0,0.0,1.0,0.0,23.09,42,False,41.68,500,False,0.084,0.916,0.32632775847446677,200,0.0001565484204264379,0.00025446101975253667,,,3.6832352850986423,1.0,,,,,,,,results/T-sweep-nonDyck-3/distributions/aNbNcN_L128_T64_ebsampler_categorical_gamma0.1.json
unconditional,aNbNcN,128,gaussian,greedy,10.0,,256,5,1.0,0.0,1.0,0.0,1.0,0.0,1.0,0.0,242.504,256,False,395.1,500,False,0.044,0.956,0.06698136590918218,200,9.421873822265772e-05,0.00013316085831684675,,,2.8232914808034932,0.5238095238095238,,,,,,,,results/T-sweep-nonDyck-3/distributions/aNbNcN_L128_T256_gaussian_greedy_sigma10.0.json
unconditional,aNbNcN,128,ebsampler,categorical,,0.1,32,5,1.0,0.0,1.0,0.0,1.0,0.0,1.0,0.0,23.09,42,False,57.7,500,False,0.084,0.916,0.32632775847446677,200,0.0001565484204264379,0.00025446101975253667,,,3.6832352850986423,1.0,,,,,,,,results/T-sweep-nonDyck-3/distributions/aNbNcN_L128_T32_ebsampler_categorical_gamma0.1.json
unconditional,aNbNcN,128,ebsampler,categorical,,0.5,256,5,0.26,0.024495,0.984,0.008,0.26,0.024495,0.258,0.026382,8.116,28,False,23.52,129,False,0.17829457364341086,0.8217054263565892,0.5283805031446541,129,0.0010773540185304892,0.0017730496453900709,,,2.6714825184153232,0.5476190476190477,,,,,,,,results/T-sweep-nonDyck-3/distributions/aNbNcN_L128_T256_ebsampler_categorical_gamma0.5.json
unconditional,aNbNcN,128,gaussian,greedy,5.0,,256,5,1.0,0.0,1.0,0.0,1.0,0.0,1.0,0.0,243.984,256,False,405.85,500,False,0.034,0.966,0.05020069641294149,200,8.741870060843415e-05,0.00012346550021165515,,,2.3638419272545694,0.40476190476190477,,,,,,,,results/T-sweep-nonDyck-3/distributions/aNbNcN_L128_T256_gaussian_greedy_sigma5.0.json
unconditional,aNbNcN,128,ebsampler,categorical,,0.1,256,5,1.0,0.0,1.0,0.0,1.0,0.0,1.0,0.0,23.09,42,False,39.42,500,False,0.084,0.916,0.32632775847446677,200,0.0001565484204264379,0.00025446101975253667,,,3.6832352850986423,1.0,,,,,,,,results/T-sweep-nonDyck-3/distributions/aNbNcN_L128_T256_ebsampler_categorical_gamma0.1.json
unconditional,aNbNcN,128,ebsampler,categorical,,0.1,128,5,1.0,0.0,1.0,0.0,1.0,0.0,1.0,0.0,23.09,42,False,50.46,500,False,0.084,0.916,0.32632775847446677,200,0.0001565484204264379,0.00025446101975253667,,,3.6832352850986423,1.0,,,,,,,,results/T-sweep-nonDyck-3/distributions/aNbNcN_L128_T128_ebsampler_categorical_gamma0.1.json
unconditional,aNbNcN,128,gaussian,greedy,20.0,,256,5,0.994,0.008,1.0,0.0,0.994,0.008,0.994,0.008,240.866,256,False,414.2,497,False,0.052313883299798795,0.9476861167002012,0.08771274788862729,200,0.00010023655827753498,0.00014174344436569808,,,2.9787375047280285,0.6190476190476191,,,,,,,,results/T-sweep-nonDyck-3/distributions/aNbNcN_L128_T256_gaussian_greedy_sigma20.0.json
unconditional,baN,128,gaussian,categorical,10.0,,256,5,0.964,0.016248,1.0,0.0,0.964,0.016248,0.97,0.008944,241.544,256,False,3853.65,478,False,1.0,0.0,0.15905206337282443,200,6.643083719462574e-05,0.00013392483468653219,0.75,0.625,,,,,,,,,,results/T-sweep-nonDyck-3/distributions/baN_L128_T256_gaussian_categorical_sigma10.0.json
unconditional,aNbNcN,128,gaussian,greedy,2.0,,256,5,1.0,0.0,1.0,0.0,1.0,0.0,1.0,0.0,248.096,256,False,425.84,500,False,0.018,0.982,0.018468341708542713,200,8.265829062654984e-05,0.00011668611435239207,,,1.5627827769866247,0.21428571428571427,,,,,,,,results/T-sweep-nonDyck-3/distributions/aNbNcN_L128_T256_gaussian_greedy_sigma2.0.json
unconditional,aNbNcN,128,gaussian,categorical,50.0,,256,5,0.952,0.007483,0.986,0.004899,0.952,0.007483,0.952,0.007483,236.36,256,False,237.35,476,False,0.08823529411764706,0.9117647058823529,0.31573297080932666,200,0.0001641982200912942,0.00026688907422852374,,,3.6980677041112955,1.0,,,,,,,,results/T-sweep-nonDyck-3/distributions/aNbNcN_L128_T256_gaussian_categorical_sigma50.0.json
unconditional,aNbNcN,128,gaussian,categorical,100.0,,256,5,0.942,0.007483,0.99,0.008944,0.942,0.007483,0.94,0.008944,238.388,256,False,244.65,470,False,0.08936170212765958,0.9106382978723404,0.3141221804087703,200,0.0001621849557235071,0.00026351329095161235,,,3.6882436941725314,1.0,,,,,,,,results/T-sweep-nonDyck-3/distributions/aNbNcN_L128_T256_gaussian_categorical_sigma100.0.json
unconditional,aNbNcN,128,gaussian,categorical,1.0,,256,5,0.866,0.021541,0.876,0.018547,0.866,0.021541,0.866,0.021541,221.592,255,False,272.45,433,False,0.09699769053117784,0.9030023094688222,0.3310861612850145,200,0.00019039640531586763,0.0003097413659594239,,,3.6881286006345007,1.0,,,,,,,,results/T-sweep-nonDyck-3/distributions/aNbNcN_L128_T256_gaussian_categorical_sigma1.0.json
unconditional,aNbNcN,128,gaussian,categorical,2.0,,256,5,0.886,0.036661,0.898,0.038678,0.886,0.036661,0.886,0.036661,224.854,256,False,279.28,443,False,0.09480812641083522,0.9051918735891648,0.3168749488049746,200,0.0001853018567246044,0.0003014318010550113,,,3.6846184063403378,1.0,,,,,,,,results/T-sweep-nonDyck-3/distributions/aNbNcN_L128_T256_gaussian_categorical_sigma2.0.json
unconditional,aNbNcN,128,gaussian,categorical,20.0,,256,5,0.936,0.012,0.97,0.012649,0.936,0.012,0.936,0.012,229.456,256,False,268.7,468,False,0.08974358974358974,0.9102564102564102,0.3548197335885778,200,0.00017741821020509545,0.0002886627697192755,,,3.6783851765080753,1.0,,,,,,,,results/T-sweep-nonDyck-3/distributions/aNbNcN_L128_T256_gaussian_categorical_sigma20.0.json
unconditional,aNbNcN,128,gaussian,categorical,5.0,,256,5,0.934,0.004899,0.956,0.010198,0.934,0.004899,0.934,0.004899,230.938,256,False,279.89,467,False,0.08993576017130621,0.9100642398286938,0.31779203782962373,200,0.00016763335233177992,0.00027247956403269756,,,3.704100699224754,1.0,,,,,,,,results/T-sweep-nonDyck-3/distributions/aNbNcN_L128_T256_gaussian_categorical_sigma5.0.json
unconditional,aNbNcN,128,gaussian,categorical,10.0,,256,5,0.932,0.023152,0.956,0.02245,0.932,0.023152,0.932,0.023152,228.988,256,False,278.7,466,False,0.09012875536480687,0.9098712446351931,0.3063378566843026,200,0.00016549715344896067,0.0002689437235258522,,,3.688919703189652,1.0,,,,,,,,results/T-sweep-nonDyck-3/distributions/aNbNcN_L128_T256_gaussian_categorical_sigma10.0.json
unconditional,baN,128,gaussian,categorical,5.0,,256,5,0.954,0.020591,1.0,0.0,0.954,0.020591,0.938,0.036551,243.764,256,False,4096.54,463,False,1.0,0.0,0.15842731418804176,200,6.85365728286757e-05,0.0001381692573402418,0.75,0.625,,,,,,,,,,results/T-sweep-nonDyck-3/distributions/baN_L128_T256_gaussian_categorical_sigma5.0.json
unconditional,baN,128,gaussian,categorical,2.0,,256,5,0.918,0.032496,1.0,0.0,0.918,0.032496,0.896,0.035553,247.372,256,False,4142.24,441,False,1.0,0.0,0.15853540022773285,200,7.19463280392827e-05,0.00014504315033722533,0.75,0.625,,,,,,,,,,results/T-sweep-nonDyck-3/distributions/baN_L128_T256_gaussian_categorical_sigma2.0.json
unconditional,baN,128,gaussian,categorical,1.0,,256,5,0.916,0.013565,1.0,0.0,0.916,0.013565,0.874,0.029394,249.7,256,False,4358.42,434,False,1.0,0.0,0.15844122054186421,200,7.313282749794314e-05,0.0001474355430235344,0.75,0.625,,,,,,,,,,results/T-sweep-nonDyck-3/distributions/baN_L128_T256_gaussian_categorical_sigma1.0.json
