dataset,grammar,L,strategy,sampling_strategy,sigma,eb_gamma,T,n_reps,mean_rule1,std_rule1,mean_rule2,std_rule2,mean_both_rules,std_both_rules,mean_format,std_format,n_eval_total,ci_low_both_rules,ci_high_both_rules,n_steps_mean,n_steps_max,deterministic,elapsed_s,n_correct,n_correct_too_low,uniqueness,duplication_rate,mean_lev_dist_normalized,lev_n_used,bigram_diversity,trigram_diversity,dfa_state_coverage,dfa_transition_coverage,n_entropy,n_coverage,m_entropy,nm_joint_coverage,max_depth_ratio_mean,max_depth_ratio_std,brackets_parens_ratio_mean,brackets_parens_ratio_std,n_zero_paren_sequences,distribution_path
unconditional,baN,128,gaussian,greedy,5.0,,1,5,0.016,0.013565,1.0,0.0,0.016,0.013565,0.988,0.011662,500,0.008129,0.031251,1.016,2,False,17.66,8,False,0.75,0.25,0.007254464285714286,8,0.002952755905511811,0.003968253968253968,0.75,0.625,,,,,,,,,,results/T-sweep-nonDyck-4/distributions/baN_L128_T1_gaussian_greedy_sigma5.0.json
unconditional,baN,128,uniform,greedy,,,2,5,0.0,0.0,1.0,0.0,0.0,0.0,1.0,0.0,500,-0.0,0.007625,2.0,2,False,19.94,0,True,,,,0,,,,,,,,,,,,,,results/T-sweep-nonDyck-4/distributions/baN_L128_T2_uniform_greedy_none.json
unconditional,baN,128,uniform,categorical,,,4,5,0.47,0.04858,0.878,0.022271,0.342,0.047497,0.746,0.044989,500,0.301765,0.384645,3.534,4,False,28.36,171,False,1.0,0.0,0.15856543417624605,171,0.00018542555164101615,0.00037381430774262883,0.75,0.625,,,,,,,,,,results/T-sweep-nonDyck-4/distributions/baN_L128_T4_uniform_categorical_none.json
unconditional,baN,128,uniform,categorical,,,1,5,0.502,0.040694,1.0,0.0,0.216,0.029394,0.45,0.035214,500,0.182167,0.254164,1.0,1,False,28.45,108,False,1.0,0.0,0.15964897580475404,108,0.0006612298875909191,0.0015552099533437014,0.75,0.625,,,,,,,,,,results/T-sweep-nonDyck-4/distributions/baN_L128_T1_uniform_categorical_none.json
unconditional,baN,128,gaussian,greedy,10.0,,1,5,0.06,0.029665,1.0,0.0,0.06,0.029665,0.984,0.013565,500,0.042348,0.084362,1.062,2,False,28.82,30,False,0.3,0.7,0.006950431034482759,30,0.0007874015748031496,0.0010582010582010583,0.75,0.625,,,,,,,,,,results/T-sweep-nonDyck-4/distributions/baN_L128_T1_gaussian_greedy_sigma10.0.json
unconditional,baN,128,uniform,greedy,,,1,5,0.0,0.0,1.0,0.0,0.0,0.0,1.0,0.0,500,-0.0,0.007625,1.0,1,False,30.25,0,True,,,,0,,,,,,,,,,,,,,results/T-sweep-nonDyck-4/distributions/baN_L128_T1_uniform_greedy_none.json
unconditional,baN,128,gaussian,greedy,50.0,,1,5,0.324,0.040792,1.0,0.0,0.324,0.040792,0.99,0.008944,500,0.284455,0.366229,1.37,2,False,29.45,162,False,0.24691358024691357,0.7530864197530864,0.007571073920711602,162,0.00014581510644502772,0.0001959631589261219,0.75,0.625,,,,,,,,,,results/T-sweep-nonDyck-4/distributions/baN_L128_T1_gaussian_greedy_sigma50.0.json
unconditional,baN,128,gaussian,greedy,2.0,,1,5,0.0,0.0,1.0,0.0,0.0,0.0,0.988,0.007483,500,-0.0,0.007625,1.0,1,False,30.21,0,True,,,,0,,,,,,,,,,,,,,results/T-sweep-nonDyck-4/distributions/baN_L128_T1_gaussian_greedy_sigma2.0.json
unconditional,baN,128,gaussian,greedy,20.0,,1,5,0.154,0.012,1.0,0.0,0.154,0.012,0.984,0.010198,500,0.12501,0.188266,1.158,2,False,30.35,77,False,0.2727272727272727,0.7272727272727273,0.007297184723171565,77,0.00030677983433888945,0.00041228612657184083,0.75,0.625,,,,,,,,,,results/T-sweep-nonDyck-4/distributions/baN_L128_T1_gaussian_greedy_sigma20.0.json
unconditional,baN,128,uniform,greedy,,,16,5,0.002,0.004,1.0,0.0,0.002,0.004,1.0,0.0,500,0.000353,0.011241,16.0,16,False,32.21,1,True,1.0,0.0,,1,0.023622047244094488,0.031746031746031744,0.75,0.5,,,,,,,,,,results/T-sweep-nonDyck-4/distributions/baN_L128_T16_uniform_greedy_none.json
unconditional,baN,128,uniform,categorical,,,2,5,0.514,0.052383,0.858,0.023152,0.274,0.039799,0.566,0.066513,500,0.23674,0.314706,1.7,2,False,31.75,137,False,1.0,0.0,0.15865285647274802,137,0.00023129409043598937,0.00046628198402984207,0.75,0.625,,,,,,,,,,results/T-sweep-nonDyck-4/distributions/baN_L128_T2_uniform_categorical_none.json
unconditional,baN,128,uniform,greedy,,,4,5,0.0,0.0,1.0,0.0,0.0,0.0,1.0,0.0,500,-0.0,0.007625,4.0,4,False,32.58,0,True,,,,0,,,,,,,,,,,,,,results/T-sweep-nonDyck-4/distributions/baN_L128_T4_uniform_greedy_none.json
unconditional,baN,128,gaussian,greedy,100.0,,1,5,0.386,0.070597,1.0,0.0,0.386,0.070597,0.99,0.008944,500,0.344351,0.429388,1.562,2,False,18.0,193,False,0.3626943005181347,0.6373056994818653,0.00766744926597582,193,0.00012239402717147404,0.00016448721111933547,0.75,0.625,,,,,,,,,,results/T-sweep-nonDyck-4/distributions/baN_L128_T1_gaussian_greedy_sigma100.0.json
unconditional,baN,128,gaussian,greedy,256.0,,1,5,0.328,0.042615,0.998,0.004,0.328,0.042615,0.996,0.004899,500,0.288295,0.370327,1.832,2,False,20.05,164,False,0.5304878048780488,0.4695121951219512,0.007735929784527907,164,0.00014403687343960054,0.00024196670538133953,0.75,0.625,,,,,,,,,,results/T-sweep-nonDyck-4/distributions/baN_L128_T1_gaussian_greedy_sigma256.0.json
unconditional,baN,128,uniform,categorical,,,8,5,0.478,0.029257,0.926,0.008,0.416,0.02245,0.856,0.021541,500,0.373597,0.459684,7.362,8,False,40.17,208,False,1.0,0.0,0.15956786332576015,200,0.00015255530129672007,0.00030755036137167463,0.75,0.625,,,,,,,,,,results/T-sweep-nonDyck-4/distributions/baN_L128_T8_uniform_categorical_none.json
unconditional,baN,128,gaussian,greedy,1.0,,1,5,0.0,0.0,1.0,0.0,0.0,0.0,1.0,0.0,500,-0.0,0.007625,1.0,1,False,42.15,0,True,,,,0,,,,,,,,,,,,,,results/T-sweep-nonDyck-4/distributions/baN_L128_T1_gaussian_greedy_sigma1.0.json
unconditional,baN,128,uniform,greedy,,,8,5,0.0,0.0,1.0,0.0,0.0,0.0,1.0,0.0,500,-0.0,0.007625,8.0,8,False,54.79,0,True,,,,0,,,,,,,,,,,,,,results/T-sweep-nonDyck-4/distributions/baN_L128_T8_uniform_greedy_none.json
unconditional,baN,128,gaussian,greedy,256.0,,2,5,0.346,0.05678,1.0,0.0,0.346,0.05678,0.994,0.008,500,0.305621,0.388728,2.82,3,False,22.87,173,False,0.5317919075144508,0.4682080924855492,0.00774633687323565,173,0.00013654362568840745,0.00018350307367648408,0.75,0.625,,,,,,,,,,results/T-sweep-nonDyck-4/distributions/baN_L128_T2_gaussian_greedy_sigma256.0.json
unconditional,baN,128,uniform,categorical,,,16,5,0.486,0.038781,0.97,0.010954,0.464,0.04128,0.938,0.036,500,0.420727,0.507822,15.47,16,False,55.51,232,False,1.0,0.0,0.15887977336473658,200,0.00013680358425390745,0.00027579549763850106,0.75,0.625,,,,,,,,,,results/T-sweep-nonDyck-4/distributions/baN_L128_T16_uniform_categorical_none.json
unconditional,baN,128,gaussian,greedy,1.0,,2,5,0.0,0.0,1.0,0.0,0.0,0.0,1.0,0.0,500,-0.0,0.007625,2.0,2,False,30.11,0,True,,,,0,,,,,,,,,,,,,,results/T-sweep-nonDyck-4/distributions/baN_L128_T2_gaussian_greedy_sigma1.0.json
unconditional,baN,128,gaussian,greedy,100.0,,2,5,0.386,0.036111,1.0,0.0,0.386,0.036111,0.99,0.012649,500,0.344351,0.429388,2.568,3,False,30.99,193,False,0.37305699481865284,0.6269430051813472,0.007702025313039724,193,0.00012239402717147404,0.00016448721111933547,0.75,0.625,,,,,,,,,,results/T-sweep-nonDyck-4/distributions/baN_L128_T2_gaussian_greedy_sigma100.0.json
unconditional,baN,128,gaussian,greedy,2.0,,2,5,0.0,0.0,1.0,0.0,0.0,0.0,0.994,0.004899,500,-0.0,0.007625,2.0,2,False,40.21,0,True,,,,0,,,,,,,,,,,,,,results/T-sweep-nonDyck-4/distributions/baN_L128_T2_gaussian_greedy_sigma2.0.json
unconditional,baN,128,gaussian,greedy,50.0,,2,5,0.282,0.039699,1.0,0.0,0.282,0.039699,0.992,0.009798,500,0.244336,0.322989,2.326,3,False,38.68,141,False,0.3049645390070922,0.6950354609929078,0.0075845364741641335,141,0.00016753224995811694,0.00022514916131937407,0.75,0.625,,,,,,,,,,results/T-sweep-nonDyck-4/distributions/baN_L128_T2_gaussian_greedy_sigma50.0.json
unconditional,baN,128,gaussian,greedy,20.0,,2,5,0.128,0.03763,1.0,0.0,0.128,0.03763,0.992,0.007483,500,0.101526,0.160146,2.134,3,False,40.16,64,False,0.3125,0.6875,0.00724671378968254,64,0.00036909448818897637,0.000496031746031746,0.75,0.625,,,,,,,,,,results/T-sweep-nonDyck-4/distributions/baN_L128_T2_gaussian_greedy_sigma20.0.json
unconditional,baN,128,gaussian,greedy,10.0,,2,5,0.066,0.023324,1.0,0.0,0.066,0.023324,0.992,0.007483,500,0.047378,0.09124,2.068,3,False,44.47,33,False,0.2727272727272727,0.7272727272727273,0.006909919507575758,33,0.0007158196134574087,0.000962000962000962,0.75,0.625,,,,,,,,,,results/T-sweep-nonDyck-4/distributions/baN_L128_T2_gaussian_greedy_sigma10.0.json
unconditional,baN,128,gaussian,greedy,5.0,,2,5,0.024,0.012,1.0,0.0,0.024,0.012,0.992,0.007483,500,0.013781,0.041477,2.024,3,False,48.48,12,False,0.5,0.5,0.006747159090909091,12,0.001968503937007874,0.0026455026455026454,0.75,0.625,,,,,,,,,,results/T-sweep-nonDyck-4/distributions/baN_L128_T2_gaussian_greedy_sigma5.0.json
unconditional,baN,128,uniform,greedy,,,32,5,0.068,0.021354,1.0,0.0,0.068,0.021354,1.0,0.0,500,0.049066,0.093521,31.984,32,False,86.69,34,False,0.8823529411764706,0.11764705882352944,0.007742869875222816,34,0.0009263547938860583,0.0011671335200746965,0.75,0.625,,,,,,,,,,results/T-sweep-nonDyck-4/distributions/baN_L128_T32_uniform_greedy_none.json
unconditional,baN,128,uniform,categorical,,,32,5,0.582,0.033705,0.982,0.004,0.554,0.037736,0.962,0.013266,500,0.510182,0.596994,31.264,32,False,111.32,277,False,1.0,0.0,0.1585716864093625,200,0.00011460661280155865,0.00023104693140794225,0.75,0.625,,,,,,,,,,results/T-sweep-nonDyck-4/distributions/baN_L128_T32_uniform_categorical_none.json
unconditional,baN,128,gaussian,greedy,2.0,,4,5,0.0,0.0,1.0,0.0,0.0,0.0,0.996,0.008,500,-0.0,0.007625,4.0,4,False,80.96,0,True,,,,0,,,,,,,,,,,,,,results/T-sweep-nonDyck-4/distributions/baN_L128_T4_gaussian_greedy_sigma2.0.json
unconditional,baN,128,gaussian,greedy,50.0,,4,5,0.288,0.034293,1.0,0.0,0.288,0.034293,0.984,0.012,500,0.250043,0.32919,4.342,5,False,76.07,144,False,0.3263888888888889,0.6736111111111112,0.007603074009324009,144,0.00016404199475065617,0.0002204585537918871,0.75,0.625,,,,,,,,,,results/T-sweep-nonDyck-4/distributions/baN_L128_T4_gaussian_greedy_sigma50.0.json
unconditional,baN,128,gaussian,greedy,256.0,,4,5,0.312,0.03763,1.0,0.0,0.312,0.03763,0.986,0.010198,500,0.272952,0.353915,4.818,5,False,64.22,156,False,0.5576923076923077,0.4423076923076923,0.007740772332506203,156,0.0002018978396931153,0.00025437525437525436,0.75,0.625,,,,,,,,,,results/T-sweep-nonDyck-4/distributions/baN_L128_T4_gaussian_greedy_sigma256.0.json
unconditional,baN,128,gaussian,greedy,100.0,,4,5,0.374,0.047582,1.0,0.0,0.374,0.047582,0.988,0.011662,500,0.332699,0.417222,4.578,5,False,68.31,187,False,0.3850267379679144,0.6149732620320856,0.00768716577540107,187,0.00012632110825718976,0.0001697648756472286,0.75,0.625,,,,,,,,,,results/T-sweep-nonDyck-4/distributions/baN_L128_T4_gaussian_greedy_sigma100.0.json
unconditional,baN,128,gaussian,greedy,5.0,,4,5,0.042,0.017205,1.0,0.0,0.042,0.017205,0.99,0.010954,500,0.027632,0.063352,4.012,5,False,90.8,21,False,0.38095238095238093,0.6190476190476191,0.006287202380952381,21,0.0011248593925759281,0.0015117157974300832,0.75,0.625,,,,,,,,,,results/T-sweep-nonDyck-4/distributions/baN_L128_T4_gaussian_greedy_sigma5.0.json
unconditional,baN,128,gaussian,greedy,10.0,,4,5,0.044,0.028705,1.0,0.0,0.044,0.028705,0.986,0.014967,500,0.029234,0.06572,4.048,5,False,99.69,22,False,0.4090909090909091,0.5909090909090908,0.006831709956709957,22,0.0010737294201861132,0.001443001443001443,0.75,0.625,,,,,,,,,,results/T-sweep-nonDyck-4/distributions/baN_L128_T4_gaussian_greedy_sigma10.0.json
unconditional,baN,128,gaussian,greedy,20.0,,4,5,0.102,0.021354,1.0,0.0,0.102,0.021354,0.992,0.007483,500,0.078434,0.131635,4.114,5,False,102.03,51,False,0.27450980392156865,0.7254901960784313,0.007052696078431372,51,0.0004631773969430292,0.0006224712107065049,0.75,0.625,,,,,,,,,,results/T-sweep-nonDyck-4/distributions/baN_L128_T4_gaussian_greedy_sigma20.0.json
unconditional,baN,128,gaussian,greedy,1.0,,4,5,0.0,0.0,1.0,0.0,0.0,0.0,1.0,0.0,500,-0.0,0.007625,4.0,4,False,126.64,0,True,,,,0,,,,,,,,,,,,,,results/T-sweep-nonDyck-4/distributions/baN_L128_T4_gaussian_greedy_sigma1.0.json
unconditional,baN,128,uniform,greedy,,,64,5,0.298,0.032496,1.0,0.0,0.298,0.032496,1.0,0.0,500,0.259573,0.339508,63.874,64,False,186.06,149,False,0.5302013422818792,0.4697986577181208,0.007735267776165428,149,0.00021138297310151666,0.00026632576968147435,0.75,0.625,,,,,,,,,,results/T-sweep-nonDyck-4/distributions/baN_L128_T64_uniform_greedy_none.json
unconditional,baN,128,gaussian,greedy,256.0,,8,5,0.294,0.030725,1.0,0.0,0.294,0.030725,0.996,0.004899,500,0.255758,0.335384,8.788,9,False,109.32,147,False,0.6122448979591837,0.3877551020408163,0.007745521153666946,147,0.00021425893191922437,0.00032393909944930353,0.75,0.625,,,,,,,,,,results/T-sweep-nonDyck-4/distributions/baN_L128_T8_gaussian_greedy_sigma256.0.json
unconditional,baN,128,gaussian,greedy,100.0,,8,5,0.436,0.024166,1.0,0.0,0.436,0.024166,0.986,0.010198,500,0.393185,0.479791,8.57,9,False,117.3,218,False,0.3853211009174312,0.6146788990825688,0.007704538316582915,200,0.00010835801488116738,0.000145623998835008,0.75,0.625,,,,,,,,,,results/T-sweep-nonDyck-4/distributions/baN_L128_T8_gaussian_greedy_sigma100.0.json
unconditional,baN,128,uniform,categorical,,,64,5,0.682,0.027857,0.99,0.008944,0.672,0.026382,0.982,0.004,500,0.629673,0.711705,63.398,64,False,230.49,336,False,1.0,0.0,0.15841110313472123,200,9.462752241489437e-05,0.0001907714319780613,0.75,0.625,,,,,,,,,,results/T-sweep-nonDyck-4/distributions/baN_L128_T64_uniform_categorical_none.json
unconditional,baN,128,gaussian,greedy,50.0,,8,5,0.458,0.03544,1.0,0.0,0.458,0.03544,0.99,0.010954,500,0.414814,0.501827,8.322,9,False,163.73,229,False,0.24890829694323144,0.7510917030567685,0.007584406407035176,200,0.00010315304473403707,0.0001386289595896583,0.75,0.625,,,,,,,,,,results/T-sweep-nonDyck-4/distributions/baN_L128_T8_gaussian_greedy_sigma50.0.json
unconditional,baN,128,gaussian,greedy,256.0,,16,5,0.364,0.024166,1.0,0.0,0.364,0.024166,0.998,0.004,500,0.323011,0.407063,16.782,17,False,141.39,182,False,0.489010989010989,0.510989010989011,0.0077351860846335985,182,0.00017305529116552737,0.0002180359323216466,0.75,0.625,,,,,,,,,,results/T-sweep-nonDyck-4/distributions/baN_L128_T16_gaussian_greedy_sigma256.0.json
unconditional,baN,128,gaussian,greedy,20.0,,8,5,0.304,0.043174,1.0,0.0,0.304,0.043174,0.976,0.020591,500,0.265301,0.345687,8.06,9,False,230.37,152,False,0.19078947368421054,0.8092105263157895,0.007368638898570931,152,0.0001554082055532532,0.00020885547201336674,0.75,0.625,,,,,,,,,,results/T-sweep-nonDyck-4/distributions/baN_L128_T8_gaussian_greedy_sigma20.0.json
unconditional,baN,128,gaussian,greedy,10.0,,8,5,0.096,0.031369,1.0,0.0,0.096,0.031369,0.98,0.008944,500,0.073173,0.124988,8.044,9,False,248.23,48,False,0.3125,0.6875,0.006988308953900709,48,0.0004921259842519685,0.0006613756613756613,0.75,0.625,,,,,,,,,,results/T-sweep-nonDyck-4/distributions/baN_L128_T8_gaussian_greedy_sigma10.0.json
unconditional,baN,128,gaussian,greedy,5.0,,8,5,0.124,0.023324,1.0,0.0,0.124,0.023324,0.994,0.008,500,0.097946,0.155788,8.022,9,False,261.71,62,False,0.27419354838709675,0.7258064516129032,0.007093634320465362,62,0.000381000762001524,0.0005120327700972862,0.75,0.625,,,,,,,,,,results/T-sweep-nonDyck-4/distributions/baN_L128_T8_gaussian_greedy_sigma5.0.json
unconditional,baN,128,gaussian,greedy,100.0,,16,5,0.558,0.049153,1.0,0.0,0.558,0.049153,0.982,0.007483,500,0.514191,0.600925,16.39,17,False,219.88,279,False,0.3548387096774194,0.6451612903225806,0.007714353015075377,200,8.466683600033866e-05,0.00011378506002161917,0.75,0.625,,,,,,,,,,results/T-sweep-nonDyck-4/distributions/baN_L128_T16_gaussian_greedy_sigma100.0.json
unconditional,baN,128,gaussian,greedy,1.0,,8,5,0.494,0.037202,1.0,0.0,0.494,0.037202,1.0,0.0,500,0.450389,0.537702,8.0,8,False,300.03,247,False,0.020242914979757085,0.979757085020243,0.0026692054020100503,200,9.563581880200198e-05,0.000128526444315918,0.75,0.625,,,,,,,,,,results/T-sweep-nonDyck-4/distributions/baN_L128_T8_gaussian_greedy_sigma1.0.json
unconditional,baN,128,gaussian,greedy,2.0,,8,5,0.374,0.025768,1.0,0.0,0.374,0.025768,1.0,0.0,500,0.332699,0.417222,8.004,9,False,305.26,187,False,0.0481283422459893,0.9518716577540107,0.005964830947041574,187,0.00012632110825718976,0.0001697648756472286,0.75,0.625,,,,,,,,,,results/T-sweep-nonDyck-4/distributions/baN_L128_T8_gaussian_greedy_sigma2.0.json
unconditional,baN,128,uniform,greedy,,,128,5,0.57,0.06,0.996,0.004899,0.57,0.06,0.994,0.004899,500,0.526233,0.612699,127.45,128,False,439.82,285,False,0.38596491228070173,0.6140350877192983,0.007756752512562814,200,0.00011051250172675784,0.0001670843776106934,0.75,0.625,,,,,,,,,,results/T-sweep-nonDyck-4/distributions/baN_L128_T128_uniform_greedy_none.json
unconditional,baN,128,gaussian,greedy,50.0,,16,5,0.658,0.051923,1.0,0.0,0.658,0.051923,0.974,0.014967,500,0.615355,0.698235,15.934,17,False,326.02,329,False,0.19148936170212766,0.8085106382978724,0.007618168969849246,200,7.179953569633584e-05,9.649249770830318e-05,0.75,0.625,,,,,,,,,,results/T-sweep-nonDyck-4/distributions/baN_L128_T16_gaussian_greedy_sigma50.0.json
unconditional,baN,128,gaussian,greedy,20.0,,16,5,0.592,0.060795,1.0,0.0,0.592,0.060795,0.972,0.017205,500,0.548379,0.634218,15.64,17,False,372.48,296,False,0.11148648648648649,0.8885135135135135,0.0073798680904522615,200,7.980421366248138e-05,0.00010725010725010725,0.75,0.625,,,,,,,,,,results/T-sweep-nonDyck-4/distributions/baN_L128_T16_gaussian_greedy_sigma20.0.json
unconditional,baN,128,gaussian,greedy,1.0,,16,5,0.538,0.045343,1.0,0.0,0.538,0.045343,1.0,0.0,500,0.494176,0.581244,16.0,16,False,424.32,269,False,0.11895910780669144,0.8810408921933086,0.008594535175879396,200,8.78143020226561e-05,0.00011801498790346374,0.75,0.625,,,,,,,,,,results/T-sweep-nonDyck-4/distributions/baN_L128_T16_gaussian_greedy_sigma1.0.json
unconditional,baN,128,gaussian,greedy,10.0,,16,5,0.402,0.037094,1.0,0.0,0.402,0.037094,0.926,0.028705,500,0.359928,0.445566,15.554,17,False,424.49,201,False,0.08955223880597014,0.9104477611940298,0.00703910175879397,200,0.0001175226231049477,0.00015794045644791914,0.75,0.625,,,,,,,,,,results/T-sweep-nonDyck-4/distributions/baN_L128_T16_gaussian_greedy_sigma10.0.json
unconditional,baN,128,uniform,categorical,,,128,5,0.798,0.050359,0.996,0.004899,0.794,0.056071,0.992,0.011662,500,0.756373,0.827144,126.982,128,False,567.89,397,False,1.0,0.0,0.1586029418314737,200,8.000960115213825e-05,0.00016130007863378833,0.75,0.625,,,,,,,,,,results/T-sweep-nonDyck-4/distributions/baN_L128_T128_uniform_categorical_none.json
unconditional,baN,128,gaussian,greedy,256.0,,32,5,0.408,0.054185,1.0,0.0,0.408,0.054185,0.998,0.004,500,0.365782,0.451621,32.646,33,False,305.78,204,False,0.47058823529411764,0.5294117647058824,0.007746545226130653,200,0.0001157943492357573,0.0001556178026766262,0.75,0.625,,,,,,,,,,results/T-sweep-nonDyck-4/distributions/baN_L128_T32_gaussian_greedy_sigma256.0.json
unconditional,baN,128,gaussian,greedy,100.0,,32,5,0.68,0.042426,1.0,0.0,0.68,0.042426,0.99,0.006325,500,0.637872,0.719383,32.04,33,False,419.33,340,False,0.2823529411764706,0.7176470588235294,0.007693938442211055,200,6.947660954145438e-05,9.337068160597572e-05,0.75,0.625,,,,,,,,,,results/T-sweep-nonDyck-4/distributions/baN_L128_T32_gaussian_greedy_sigma100.0.json
unconditional,baN,128,gaussian,greedy,5.0,,16,5,0.484,0.067112,1.0,0.0,0.484,0.067112,0.858,0.026382,500,0.440485,0.527759,15.688,17,False,552.31,242,False,0.1322314049586777,0.8677685950413223,0.007132341394472361,200,9.761176547146483e-05,0.00013118194936376755,0.75,0.625,,,,,,,,,,results/T-sweep-nonDyck-4/distributions/baN_L128_T16_gaussian_greedy_sigma5.0.json
unconditional,baN,128,gaussian,greedy,2.0,,16,5,0.512,0.060465,1.0,0.0,0.512,0.060465,0.996,0.004899,500,0.468261,0.555556,15.996,16,False,585.95,256,False,0.14453125,0.85546875,0.007897298994974874,200,9.227362204724409e-05,0.0001240079365079365,0.75,0.625,,,,,,,,,,results/T-sweep-nonDyck-4/distributions/baN_L128_T16_gaussian_greedy_sigma2.0.json
unconditional,baN,128,gaussian,greedy,50.0,,32,5,0.728,0.011662,1.0,0.0,0.728,0.011662,0.988,0.011662,500,0.687367,0.765157,31.186,33,False,572.44,364,False,0.16758241758241757,0.8324175824175825,0.0075706658291457285,200,6.489573418707277e-05,8.721437292865864e-05,0.75,0.625,,,,,,,,,,results/T-sweep-nonDyck-4/distributions/baN_L128_T32_gaussian_greedy_sigma50.0.json
unconditional,baN,128,uniform,categorical,,,256,5,0.886,0.021541,0.998,0.004,0.884,0.02245,0.998,0.004,500,0.852958,0.909187,253.312,255,False,898.05,442,False,1.0,0.0,0.15943482675290593,200,7.186360288173047e-05,0.0001448776689183071,0.75,0.625,,,,,,,,,,results/T-sweep-nonDyck-4/distributions/baN_L128_T256_uniform_categorical_none.json
unconditional,baN,128,uniform,greedy,,,256,5,0.788,0.027129,1.0,0.0,0.788,0.027129,0.998,0.004,500,0.750047,0.821561,253.392,255,False,913.66,394,False,0.31218274111675126,0.6878172588832487,0.007754396984924623,200,7.993924617290859e-05,0.00012086052695189751,0.75,0.625,,,,,,,,,,results/T-sweep-nonDyck-4/distributions/baN_L128_T256_uniform_greedy_none.json
unconditional,baN,128,gaussian,greedy,256.0,,64,5,0.48,0.043359,1.0,0.0,0.48,0.043359,1.0,0.0,500,0.436528,0.523777,64.392,65,False,580.86,240,False,0.43333333333333335,0.5666666666666667,0.007744189698492462,200,9.84251968503937e-05,0.00013227513227513228,0.75,0.625,,,,,,,,,,results/T-sweep-nonDyck-4/distributions/baN_L128_T64_gaussian_greedy_sigma256.0.json
unconditional,baN,128,gaussian,greedy,20.0,,32,5,0.714,0.042708,1.0,0.0,0.714,0.042708,0.952,0.017205,500,0.672876,0.751861,30.674,33,False,873.14,357,False,0.11204481792717087,0.8879551820728291,0.007402245603015075,200,6.616819956328988e-05,8.892445867235783e-05,0.75,0.625,,,,,,,,,,results/T-sweep-nonDyck-4/distributions/baN_L128_T32_gaussian_greedy_sigma20.0.json
unconditional,baN,128,gaussian,greedy,1.0,,32,5,0.73,0.032863,1.0,0.0,0.73,0.032863,0.876,0.018547,500,0.689441,0.767052,31.844,32,False,975.22,365,False,0.6246575342465753,0.37534246575342467,0.017117619346733667,200,8.629058354007119e-05,0.00015220700152207003,0.75,0.625,,,,,,,,,,results/T-sweep-nonDyck-4/distributions/baN_L128_T32_gaussian_greedy_sigma1.0.json
unconditional,baN,128,gaussian,greedy,100.0,,64,5,0.712,0.014697,0.998,0.004,0.712,0.014697,0.994,0.004899,500,0.67081,0.749957,63.34,65,False,743.96,356,False,0.2752808988764045,0.7247191011235955,0.00771356783919598,200,6.635406529240025e-05,0.00011146780809702159,0.75,0.625,,,,,,,,,,results/T-sweep-nonDyck-4/distributions/baN_L128_T64_gaussian_greedy_sigma100.0.json
unconditional,baN,128,gaussian,greedy,2.0,,32,5,0.676,0.05678,1.0,0.0,0.676,0.05678,0.896,0.013565,500,0.633771,0.715545,31.454,32,False,1027.35,338,False,0.5946745562130178,0.4053254437869822,0.014928156407035176,200,9.318361831989936e-05,0.0001643655489809336,0.75,0.625,,,,,,,,,,results/T-sweep-nonDyck-4/distributions/baN_L128_T32_gaussian_greedy_sigma2.0.json
unconditional,baN,128,gaussian,greedy,5.0,,32,5,0.612,0.022271,1.0,0.0,0.612,0.022271,0.89,0.015492,500,0.568587,0.653705,30.934,33,False,1032.34,306,False,0.13071895424836602,0.869281045751634,0.007526892273869347,200,0.00010292831043178426,0.00018155410312273057,0.75,0.625,,,,,,,,,,results/T-sweep-nonDyck-4/distributions/baN_L128_T32_gaussian_greedy_sigma5.0.json
unconditional,baN,128,gaussian,greedy,10.0,,32,5,0.63,0.037417,1.0,0.0,0.63,0.037417,0.93,0.026833,500,0.586839,0.671178,30.63,33,False,1041.96,315,False,0.06666666666666667,0.9333333333333333,0.007105841708542714,200,9.998750156230471e-05,0.00012597631645250694,0.75,0.625,,,,,,,,,,results/T-sweep-nonDyck-4/distributions/baN_L128_T32_gaussian_greedy_sigma10.0.json
unconditional,baN,128,gaussian,greedy,50.0,,64,5,0.842,0.014697,1.0,0.0,0.842,0.014697,0.992,0.007483,500,0.807437,0.871348,61.836,65,False,1078.07,421,False,0.16389548693586697,0.836104513064133,0.007609139447236181,200,5.6109375876709e-05,7.540625117822267e-05,0.75,0.625,,,,,,,,,,results/T-sweep-nonDyck-4/distributions/baN_L128_T64_gaussian_greedy_sigma50.0.json
unconditional,baN,128,uniform,greedy,,,512,5,0.88,0.020976,0.998,0.004,0.88,0.020976,0.998,0.004,500,0.84858,0.905626,505.724,509,False,1667.0,440,False,0.275,0.725,0.007754396984924623,200,5.3686471009305655e-05,9.018759018759019e-05,0.75,0.625,,,,,,,,,,results/T-sweep-nonDyck-4/distributions/baN_L128_T512_uniform_greedy_none.json
unconditional,baN,128,gaussian,greedy,10.0,,64,5,0.804,0.037202,1.0,0.0,0.804,0.037202,0.964,0.02498,500,0.766942,0.836422,60.964,65,False,1329.25,402,False,0.05970149253731343,0.9402985074626866,0.0071831815326633165,200,7.834841540329847e-05,0.00011845534233593936,0.75,0.625,,,,,,,,,,results/T-sweep-nonDyck-4/distributions/baN_L128_T64_gaussian_greedy_sigma10.0.json
unconditional,baN,128,gaussian,greedy,20.0,,64,5,0.828,0.016,1.0,0.0,0.828,0.016,0.974,0.019596,500,0.792452,0.858546,60.842,65,False,1639.06,414,False,0.09178743961352658,0.9082125603864735,0.00739321608040201,200,5.705808513066301e-05,7.668123610152595e-05,0.75,0.625,,,,,,,,,,results/T-sweep-nonDyck-4/distributions/baN_L128_T64_gaussian_greedy_sigma20.0.json
unconditional,baN,128,uniform,categorical,,,512,5,0.93,0.034059,0.996,0.008,0.93,0.034059,0.996,0.008,500,0.904202,0.949241,505.346,509,False,2139.37,465,False,1.0,0.0,0.15947845119071563,200,6.830834386420302e-05,0.00013771022326269946,0.75,0.625,,,,,,,,,,results/T-sweep-nonDyck-4/distributions/baN_L128_T512_uniform_categorical_none.json
unconditional,baN,128,gaussian,greedy,256.0,,128,5,0.452,0.058447,1.0,0.0,0.452,0.058447,1.0,0.0,500,0.408907,0.495825,128.082,129,False,1452.04,226,False,0.47345132743362833,0.5265486725663717,0.007750471105527638,200,0.00010452233293847119,0.00017558645877229948,0.75,0.625,,,,,,,,,,results/T-sweep-nonDyck-4/distributions/baN_L128_T128_gaussian_greedy_sigma256.0.json
unconditional,baN,128,gaussian,greedy,5.0,,64,5,0.778,0.03763,1.0,0.0,0.778,0.03763,0.93,0.022804,500,0.739529,0.812231,61.52,65,False,1854.66,389,False,0.16195372750642673,0.8380462724935733,0.007868640075376885,200,8.096674291034957e-05,0.00016321867221610152,0.75,0.625,,,,,,,,,,results/T-sweep-nonDyck-4/distributions/baN_L128_T64_gaussian_greedy_sigma5.0.json
unconditional,baN,128,gaussian,greedy,100.0,,128,5,0.774,0.029394,1.0,0.0,0.774,0.029394,0.998,0.004,500,0.735331,0.808491,125.854,129,False,1566.26,387,False,0.2351421188630491,0.7648578811369509,0.007714353015075377,200,6.103888176768602e-05,8.203108978302776e-05,0.75,0.625,,,,,,,,,,results/T-sweep-nonDyck-4/distributions/baN_L128_T128_gaussian_greedy_sigma100.0.json
unconditional,baN,128,gaussian,greedy,2.0,,64,5,0.732,0.016,1.0,0.0,0.732,0.016,0.88,0.012649,500,0.691516,0.768947,62.446,65,False,2132.68,366,False,0.8524590163934426,0.14754098360655743,0.0205990891959799,200,8.6054816918377e-05,0.00017347558331164888,0.75,0.625,,,,,,,,,,results/T-sweep-nonDyck-4/distributions/baN_L128_T64_gaussian_greedy_sigma2.0.json
unconditional,baN,128,gaussian,greedy,1.0,,64,5,0.738,0.038678,1.0,0.0,0.738,0.038678,0.842,0.042615,500,0.697746,0.774624,63.004,64,False,2161.32,369,False,0.986449864498645,0.013550135501354976,0.026167752826633167,200,8.535518426050402e-05,0.0001720652127156192,0.75,0.625,,,,,,,,,,results/T-sweep-nonDyck-4/distributions/baN_L128_T64_gaussian_greedy_sigma1.0.json
unconditional,baN,128,gaussian,greedy,50.0,,128,5,0.868,0.031875,1.0,0.0,0.868,0.031875,0.994,0.008,500,0.835505,0.894884,123.946,129,False,2062.14,434,False,0.16129032258064516,0.8387096774193549,0.007629161432160804,200,5.4428680285932e-05,7.31475385853266e-05,0.75,0.625,,,,,,,,,,results/T-sweep-nonDyck-4/distributions/baN_L128_T128_gaussian_greedy_sigma50.0.json
unconditional,baN,128,gaussian,greedy,256.0,,256,5,0.496,0.032,1.0,0.0,0.496,0.032,1.0,0.0,500,0.452372,0.539689,253.782,256,False,2332.97,248,False,0.42338709677419356,0.5766129032258065,0.007740656407035176,200,0.000127000254000508,0.00016001024065540195,0.75,0.625,,,,,,,,,,results/T-sweep-nonDyck-4/distributions/baN_L128_T256_gaussian_greedy_sigma256.0.json
unconditional,baN,128,gaussian,greedy,20.0,,128,5,0.912,0.017205,1.0,0.0,0.912,0.017205,0.992,0.009798,500,0.883923,0.933794,121.002,129,False,3262.82,456,False,0.07675438596491228,0.9232456140350878,0.007407741834170855,200,5.1802735184417735e-05,6.961849067112225e-05,0.75,0.625,,,,,,,,,,results/T-sweep-nonDyck-4/distributions/baN_L128_T128_gaussian_greedy_sigma20.0.json
unconditional,baN,128,uniform,greedy,,,1024,5,0.932,0.016,1.0,0.0,0.932,0.016,1.0,0.0,500,0.906479,0.950934,1009.308,1017,False,4011.97,466,False,0.26824034334763946,0.7317596566523605,0.007750863693467337,200,6.758811800885405e-05,0.00010218679746576743,0.75,0.625,,,,,,,,,,results/T-sweep-nonDyck-4/distributions/baN_L128_T1024_uniform_greedy_none.json
unconditional,baN,128,gaussian,greedy,100.0,,256,5,0.726,0.025768,1.0,0.0,0.726,0.025768,0.998,0.004,500,0.685294,0.76326,250.008,256,False,2886.75,363,False,0.26721763085399447,0.7327823691460056,0.007714745603015076,200,8.676601375241318e-05,0.00010931829113647296,0.75,0.625,,,,,,,,,,results/T-sweep-nonDyck-4/distributions/baN_L128_T256_gaussian_greedy_sigma100.0.json
unconditional,baN,128,gaussian,categorical,1.0,,1,5,0.502,0.040694,1.0,0.0,0.216,0.029394,0.45,0.035214,500,0.182167,0.254164,1.0,1,False,60.69,108,False,1.0,0.0,0.15964897580475404,108,0.0006612298875909191,0.0015552099533437014,0.75,0.625,,,,,,,,,,results/T-sweep-nonDyck-4/distributions/baN_L128_T1_gaussian_categorical_sigma1.0.json
unconditional,baN,128,uniform,categorical,,,1024,5,0.974,0.016248,0.998,0.004,0.972,0.014697,0.998,0.004,500,0.953553,0.983249,1008.144,1017,False,4189.02,486,False,1.0,0.0,0.1587466941135176,200,6.536268117718188e-05,0.00013177183706412348,0.75,0.625,,,,,,,,,,results/T-sweep-nonDyck-4/distributions/baN_L128_T1024_uniform_categorical_none.json
unconditional,baN,128,gaussian,categorical,2.0,,1,5,0.5,0.039497,1.0,0.0,0.214,0.030067,0.448,0.038158,500,0.180302,0.252059,1.0,1,False,59.31,107,False,1.0,0.0,0.1595216183690551,107,0.0006673587423995255,0.001569624037670977,0.75,0.625,,,,,,,,,,results/T-sweep-nonDyck-4/distributions/baN_L128_T1_gaussian_categorical_sigma2.0.json
unconditional,baN,128,gaussian,categorical,5.0,,1,5,0.508,0.067646,1.0,0.0,0.216,0.048415,0.438,0.046648,500,0.182167,0.254164,1.01,2,False,60.78,108,False,1.0,0.0,0.15985912284316706,108,0.0005867253392005867,0.001478524432616249,0.75,0.625,,,,,,,,,,results/T-sweep-nonDyck-4/distributions/baN_L128_T1_gaussian_categorical_sigma5.0.json
unconditional,baN,128,gaussian,categorical,10.0,,1,5,0.514,0.058856,1.0,0.0,0.224,0.033823,0.44,0.057966,500,0.189638,0.26257,1.016,2,False,60.5,112,False,1.0,0.0,0.16002914865434176,112,0.0005661712668082095,0.0014267370523612499,0.75,0.625,,,,,,,,,,results/T-sweep-nonDyck-4/distributions/baN_L128_T1_gaussian_categorical_sigma10.0.json
unconditional,baN,128,gaussian,categorical,20.0,,1,5,0.512,0.055281,1.0,0.0,0.21,0.024495,0.42,0.055498,500,0.176577,0.247846,1.038,2,False,60.79,105,False,1.0,0.0,0.15893296530422907,105,0.0006040471156750226,0.0013699672730040338,0.75,0.625,,,,,,,,,,results/T-sweep-nonDyck-4/distributions/baN_L128_T1_gaussian_categorical_sigma20.0.json
unconditional,baN,128,gaussian,categorical,50.0,,1,5,0.534,0.038781,1.0,0.0,0.23,0.020976,0.378,0.028566,500,0.195254,0.268863,1.078,2,False,60.8,115,False,1.0,0.0,0.15857495013970488,115,0.0005518763796909492,0.001390723871775259,0.75,0.625,,,,,,,,,,results/T-sweep-nonDyck-4/distributions/baN_L128_T1_gaussian_categorical_sigma50.0.json
unconditional,baN,128,gaussian,categorical,100.0,,1,5,0.516,0.017436,1.0,0.0,0.208,0.030594,0.356,0.018547,500,0.174716,0.245737,1.164,2,False,60.91,104,False,1.0,0.0,0.15874876246434172,104,0.0006095238095238095,0.0014591813224790722,0.75,0.625,,,,,,,,,,results/T-sweep-nonDyck-4/distributions/baN_L128_T1_gaussian_categorical_sigma100.0.json
unconditional,baN,128,gaussian,categorical,256.0,,1,5,0.518,0.027129,0.996,0.004899,0.176,0.041761,0.304,0.025768,500,0.145126,0.211815,1.216,2,False,61.05,88,False,1.0,0.0,0.15897647391941302,88,0.0005397625044980209,0.0009974610083424013,0.75,0.625,,,,,,,,,,results/T-sweep-nonDyck-4/distributions/baN_L128_T1_gaussian_categorical_sigma256.0.json
unconditional,baN,128,gaussian,greedy,10.0,,128,5,0.912,0.014697,1.0,0.0,0.912,0.014697,0.968,0.007483,500,0.883923,0.933794,121.578,129,False,3867.21,456,False,0.05263157894736842,0.9473684210526316,0.007090727072864322,200,6.907031357922365e-05,8.702311333890281e-05,0.75,0.625,,,,,,,,,,results/T-sweep-nonDyck-4/distributions/baN_L128_T128_gaussian_greedy_sigma10.0.json
unconditional,baN,128,gaussian,categorical,1.0,,2,5,0.486,0.046303,1.0,0.0,0.238,0.048332,0.464,0.052383,500,0.202758,0.277237,2.0,2,False,85.31,119,False,1.0,0.0,0.16002392663395051,119,0.0005995203836930455,0.001477204055596589,0.75,0.625,,,,,,,,,,results/T-sweep-nonDyck-4/distributions/baN_L128_T2_gaussian_categorical_sigma1.0.json
unconditional,baN,128,gaussian,categorical,2.0,,2,5,0.508,0.032496,1.0,0.0,0.222,0.043081,0.464,0.052383,500,0.187769,0.260471,2.0,2,False,98.53,111,False,1.0,0.0,0.1601913943341099,111,0.0005708169818052087,0.0014384349827387803,0.75,0.625,,,,,,,,,,results/T-sweep-nonDyck-4/distributions/baN_L128_T2_gaussian_categorical_sigma2.0.json
unconditional,baN,128,gaussian,categorical,10.0,,2,5,0.524,0.064062,1.0,0.0,0.24,0.032249,0.432,0.031241,500,0.204637,0.279328,2.026,3,False,55.59,120,False,1.0,0.0,0.15928477482396802,120,0.0005287158813032846,0.0013323562720671507,0.75,0.625,,,,,,,,,,results/T-sweep-nonDyck-4/distributions/baN_L128_T2_gaussian_categorical_sigma10.0.json
unconditional,baN,128,gaussian,categorical,5.0,,2,5,0.5,0.028284,1.0,0.0,0.222,0.022271,0.462,0.020396,500,0.187769,0.260471,2.016,3,False,94.96,111,False,1.0,0.0,0.15910508343534566,111,0.0006429030645046075,0.0015120967741935483,0.75,0.625,,,,,,,,,,results/T-sweep-nonDyck-4/distributions/baN_L128_T2_gaussian_categorical_sigma5.0.json
unconditional,baN,128,gaussian,categorical,50.0,,2,5,0.568,0.019391,1.0,0.0,0.29,0.014142,0.474,0.013565,500,0.251947,0.331256,2.134,3,False,40.14,145,False,1.0,0.0,0.15971281903145632,145,0.0004367289005349929,0.0009904803829857481,0.75,0.625,,,,,,,,,,results/T-sweep-nonDyck-4/distributions/baN_L128_T2_gaussian_categorical_sigma50.0.json
unconditional,baN,128,gaussian,categorical,20.0,,2,5,0.52,0.043359,1.0,0.0,0.224,0.018547,0.432,0.023152,500,0.189638,0.26257,2.05,3,False,83.39,112,False,1.0,0.0,0.1592161902353926,112,0.0005671747607231478,0.001286357464446509,0.75,0.625,,,,,,,,,,results/T-sweep-nonDyck-4/distributions/baN_L128_T2_gaussian_categorical_sigma20.0.json
unconditional,baN,128,gaussian,greedy,5.0,,128,5,0.888,0.017205,1.0,0.0,0.888,0.017205,0.964,0.024166,500,0.857346,0.912738,122.744,129,False,4029.73,444,False,0.1463963963963964,0.8536036036036037,0.008426900125628141,200,7.093707881109456e-05,0.000143000143000143,0.75,0.625,,,,,,,,,,results/T-sweep-nonDyck-4/distributions/baN_L128_T128_gaussian_greedy_sigma5.0.json
unconditional,baN,128,gaussian,categorical,100.0,,2,5,0.596,0.028,0.98,0.010954,0.346,0.012,0.528,0.033705,500,0.305621,0.388728,2.17,3,False,63.75,173,False,1.0,0.0,0.1587485880247577,173,0.0003667201466880587,0.0006930967563071804,0.75,0.625,,,,,,,,,,results/T-sweep-nonDyck-4/distributions/baN_L128_T2_gaussian_categorical_sigma100.0.json
unconditional,baN,128,gaussian,categorical,256.0,,2,5,0.582,0.024819,0.91,0.046043,0.37,0.030332,0.572,0.047917,500,0.328822,0.413161,2.232,3,False,61.82,185,False,1.0,0.0,0.15810652247767742,185,0.0001712108890125412,0.0003451548882561049,0.75,0.625,,,,,,,,,,results/T-sweep-nonDyck-4/distributions/baN_L128_T2_gaussian_categorical_sigma256.0.json
unconditional,baN,128,gaussian,categorical,10.0,,4,5,0.52,0.008944,1.0,0.0,0.252,0.027857,0.476,0.032,500,0.215933,0.291849,4.026,5,False,108.79,126,False,1.0,0.0,0.15973341669271648,126,0.0005041275442687,0.0010798450104808487,0.75,0.625,,,,,,,,,,results/T-sweep-nonDyck-4/distributions/baN_L128_T4_gaussian_categorical_sigma10.0.json
unconditional,baN,128,gaussian,categorical,1.0,,4,5,0.552,0.017205,1.0,0.0,0.26,0.026077,0.476,0.028,500,0.223485,0.300175,4.002,5,False,171.83,130,False,1.0,0.0,0.15817521915306204,130,0.0004884004884004884,0.0011692307692307692,0.75,0.625,,,,,,,,,,results/T-sweep-nonDyck-4/distributions/baN_L128_T4_gaussian_categorical_sigma1.0.json
unconditional,baN,128,gaussian,categorical,2.0,,4,5,0.5,0.035777,1.0,0.0,0.248,0.024819,0.476,0.028,500,0.212164,0.287679,4.002,5,False,170.81,124,False,1.0,0.0,0.15805544677265645,124,0.0005117379901490437,0.001289573795860468,0.75,0.625,,,,,,,,,,results/T-sweep-nonDyck-4/distributions/baN_L128_T4_gaussian_categorical_sigma2.0.json
unconditional,baN,128,gaussian,categorical,5.0,,4,5,0.516,0.067705,1.0,0.0,0.26,0.021909,0.468,0.019391,500,0.223485,0.300175,4.01,5,False,161.1,130,False,1.0,0.0,0.1596536006693725,130,0.00048813228384892305,0.001230087951288517,0.75,0.625,,,,,,,,,,results/T-sweep-nonDyck-4/distributions/baN_L128_T4_gaussian_categorical_sigma5.0.json
unconditional,baN,128,gaussian,greedy,1.0,,128,5,0.812,0.039699,1.0,0.0,0.812,0.039699,0.842,0.036551,500,0.775422,0.843821,125.58,129,False,4278.1,406,False,1.0,0.0,0.03451986494974874,200,7.757650983282262e-05,0.0001563843928375948,0.75,0.625,,,,,,,,,,results/T-sweep-nonDyck-4/distributions/baN_L128_T128_gaussian_greedy_sigma1.0.json
unconditional,baN,128,gaussian,greedy,2.0,,128,5,0.832,0.050359,1.0,0.0,0.832,0.050359,0.894,0.036111,500,0.796725,0.862212,124.592,129,False,4303.84,416,False,0.9591346153846154,0.04086538461538458,0.02528207443467337,200,7.571168988491823e-05,0.00015262515262515263,0.75,0.625,,,,,,,,,,results/T-sweep-nonDyck-4/distributions/baN_L128_T128_gaussian_greedy_sigma2.0.json
unconditional,baN,128,gaussian,categorical,256.0,,4,5,0.572,0.046648,0.914,0.018547,0.396,0.034986,0.648,0.044452,500,0.354081,0.439505,4.028,5,False,71.64,198,False,1.0,0.0,0.15865996132961965,198,0.00016,0.00032255463269091205,0.75,0.625,,,,,,,,,,results/T-sweep-nonDyck-4/distributions/baN_L128_T4_gaussian_categorical_sigma256.0.json
unconditional,baN,128,gaussian,categorical,100.0,,4,5,0.654,0.052764,0.964,0.023324,0.47,0.027568,0.666,0.026533,500,0.426647,0.51381,4.012,5,False,87.13,235,False,1.0,0.0,0.15863478885108773,200,0.00013487086115044844,0.00027189613567617173,0.75,0.625,,,,,,,,,,results/T-sweep-nonDyck-4/distributions/baN_L128_T4_gaussian_categorical_sigma100.0.json
unconditional,baN,128,gaussian,categorical,50.0,,4,5,0.582,0.027857,0.998,0.004,0.41,0.050596,0.63,0.060332,500,0.367734,0.453638,3.904,5,False,105.88,205,False,1.0,0.0,0.15906918822431995,200,0.00015461925009663702,0.0003117085525034093,0.75,0.625,,,,,,,,,,results/T-sweep-nonDyck-4/distributions/baN_L128_T4_gaussian_categorical_sigma50.0.json
unconditional,baN,128,gaussian,categorical,20.0,,4,5,0.532,0.061123,1.0,0.0,0.306,0.058515,0.574,0.040299,500,0.267213,0.347746,3.944,5,False,116.52,153,False,1.0,0.0,0.15877769905186356,153,0.0004143145683360091,0.0006264355815410315,0.75,0.625,,,,,,,,,,results/T-sweep-nonDyck-4/distributions/baN_L128_T4_gaussian_categorical_sigma20.0.json
unconditional,baN,128,gaussian,categorical,50.0,,8,5,0.664,0.045869,1.0,0.0,0.554,0.066813,0.784,0.052383,500,0.510182,0.596994,7.76,9,False,175.74,277,False,1.0,0.0,0.15887760337000403,200,0.00011446886446886447,0.00023076701185565523,0.75,0.625,,,,,,,,,,results/T-sweep-nonDyck-4/distributions/baN_L128_T8_gaussian_categorical_sigma50.0.json
unconditional,baN,128,gaussian,categorical,20.0,,8,5,0.658,0.020396,1.0,0.0,0.504,0.038781,0.704,0.035553,500,0.460311,0.547628,7.74,9,False,242.26,252,False,1.0,0.0,0.15953767265234262,200,0.0001256715573847749,0.00025334895651898536,0.75,0.625,,,,,,,,,,results/T-sweep-nonDyck-4/distributions/baN_L128_T8_gaussian_categorical_sigma20.0.json
unconditional,baN,128,gaussian,categorical,1.0,,8,5,0.526,0.024166,1.0,0.0,0.212,0.0402,0.444,0.027276,500,0.178439,0.249953,8.002,9,False,317.71,106,False,1.0,0.0,0.15954889449473217,106,0.0005982650314089142,0.0013568521031207597,0.75,0.625,,,,,,,,,,results/T-sweep-nonDyck-4/distributions/baN_L128_T8_gaussian_categorical_sigma1.0.json
unconditional,baN,128,gaussian,categorical,2.0,,8,5,0.484,0.020591,1.0,0.0,0.22,0.014142,0.444,0.027276,500,0.1859,0.258369,8.002,9,False,289.85,110,False,1.0,0.0,0.1583011583011583,110,0.0006486019025655808,0.0015254976027894813,0.75,0.625,,,,,,,,,,results/T-sweep-nonDyck-4/distributions/baN_L128_T8_gaussian_categorical_sigma2.0.json
unconditional,baN,128,gaussian,categorical,10.0,,8,5,0.528,0.034871,1.0,0.0,0.332,0.042143,0.584,0.052383,500,0.29214,0.374422,7.73,9,False,278.11,166,False,1.0,0.0,0.15947341286424743,166,0.0001910675901600191,0.0003851894650681304,0.75,0.625,,,,,,,,,,results/T-sweep-nonDyck-4/distributions/baN_L128_T8_gaussian_categorical_sigma10.0.json
unconditional,baN,128,gaussian,categorical,5.0,,8,5,0.508,0.064622,1.0,0.0,0.28,0.029665,0.542,0.036,500,0.242435,0.320919,7.98,9,False,291.19,140,False,1.0,0.0,0.15881956452608692,140,0.00045346332615349736,0.0009713175637070049,0.75,0.625,,,,,,,,,,results/T-sweep-nonDyck-4/distributions/baN_L128_T8_gaussian_categorical_sigma5.0.json
unconditional,baN,128,gaussian,categorical,100.0,,8,5,0.662,0.023152,0.982,0.016,0.57,0.05099,0.816,0.034409,500,0.526233,0.612699,7.9,9,False,137.29,285,False,1.0,0.0,0.1592626992233429,200,0.00011133687755726891,0.00022445429549408,0.75,0.625,,,,,,,,,,results/T-sweep-nonDyck-4/distributions/baN_L128_T8_gaussian_categorical_sigma100.0.json
unconditional,baN,128,gaussian,categorical,256.0,,8,5,0.662,0.056356,0.952,0.009798,0.594,0.063435,0.854,0.042237,500,0.550396,0.63617,8.26,9,False,110.36,297,False,1.0,0.0,0.15945577709576084,200,0.0001067378252168112,0.0002151810210339448,0.75,0.625,,,,,,,,,,results/T-sweep-nonDyck-4/distributions/baN_L128_T8_gaussian_categorical_sigma256.0.json
unconditional,baN,128,gaussian,greedy,50.0,,256,5,0.904,0.044989,1.0,0.0,0.904,0.044989,0.998,0.004,500,0.875012,0.926827,245.684,256,False,4188.78,452,False,0.1415929203539823,0.8584070796460177,0.007609139447236181,200,5.226116646923559e-05,7.023458350891979e-05,0.75,0.625,,,,,,,,,,results/T-sweep-nonDyck-4/distributions/baN_L128_T256_gaussian_greedy_sigma50.0.json
unconditional,baN,128,gaussian,categorical,10.0,,16,5,0.662,0.039699,1.0,0.0,0.536,0.030067,0.686,0.048826,500,0.492178,0.579273,15.186,17,False,375.38,268,False,1.0,0.0,0.15839449427197264,200,0.00011819632409432067,0.0002382796211354024,0.75,0.625,,,,,,,,,,results/T-sweep-nonDyck-4/distributions/baN_L128_T16_gaussian_categorical_sigma10.0.json
unconditional,baN,128,gaussian,categorical,50.0,,16,5,0.774,0.056071,0.996,0.004899,0.694,0.076837,0.85,0.044272,500,0.652254,0.732787,15.29,17,False,323.93,347,False,1.0,0.0,0.15837491273763543,200,9.148293843198243e-05,0.0001844295363902529,0.75,0.625,,,,,,,,,,results/T-sweep-nonDyck-4/distributions/baN_L128_T16_gaussian_categorical_sigma50.0.json
unconditional,baN,128,gaussian,categorical,100.0,,16,5,0.774,0.025768,0.984,0.013565,0.734,0.030067,0.918,0.031875,500,0.693591,0.77084,15.848,17,False,234.24,367,False,1.0,0.0,0.15910044022987255,200,8.650519031141868e-05,0.00017439452401194603,0.75,0.625,,,,,,,,,,results/T-sweep-nonDyck-4/distributions/baN_L128_T16_gaussian_categorical_sigma100.0.json
unconditional,baN,128,gaussian,categorical,20.0,,16,5,0.718,0.029257,1.0,0.0,0.638,0.031875,0.782,0.032496,500,0.594971,0.678925,15.104,17,False,455.38,319,False,1.0,0.0,0.15916797397792984,200,9.92950054612253e-05,0.00020017515325910173,0.75,0.625,,,,,,,,,,results/T-sweep-nonDyck-4/distributions/baN_L128_T16_gaussian_categorical_sigma20.0.json
unconditional,baN,128,gaussian,categorical,256.0,,16,5,0.7,0.049396,0.964,0.020591,0.63,0.048166,0.888,0.031875,500,0.586839,0.671178,15.862,17,False,117.58,315,False,1.0,0.0,0.159879493409166,200,0.00010071507704703394,0.00020304053196619376,0.75,0.625,,,,,,,,,,results/T-sweep-nonDyck-4/distributions/baN_L128_T16_gaussian_categorical_sigma256.0.json
unconditional,baN,128,gaussian,categorical,1.0,,16,5,0.482,0.041665,1.0,0.0,0.234,0.025768,0.452,0.033106,500,0.199004,0.273052,15.938,17,False,604.7,117,False,1.0,0.0,0.1596538017456272,117,0.0005432568246638599,0.0010952152782531316,0.75,0.625,,,,,,,,,,results/T-sweep-nonDyck-4/distributions/baN_L128_T16_gaussian_categorical_sigma1.0.json
unconditional,baN,128,gaussian,categorical,2.0,,16,5,0.574,0.037736,1.0,0.0,0.306,0.04128,0.518,0.038678,500,0.267213,0.347746,15.88,17,False,588.77,153,False,1.0,0.0,0.15955251773991577,153,0.0003114456267843239,0.0005232314776056927,0.75,0.625,,,,,,,,,,results/T-sweep-nonDyck-4/distributions/baN_L128_T16_gaussian_categorical_sigma2.0.json
unconditional,baN,128,gaussian,categorical,5.0,,16,5,0.614,0.051614,1.0,0.0,0.44,0.0498,0.552,0.039192,500,0.397111,0.483804,15.478,17,False,585.15,220,False,1.0,0.0,0.15897294746775717,200,0.0002882259691598213,0.00047210923881464267,0.75,0.625,,,,,,,,,,results/T-sweep-nonDyck-4/distributions/baN_L128_T16_gaussian_categorical_sigma5.0.json
unconditional,baN,128,gaussian,categorical,100.0,,32,5,0.842,0.039699,0.988,0.004,0.818,0.039699,0.944,0.012,500,0.781797,0.849354,31.328,33,False,455.41,409,False,1.0,0.0,0.15870353935457956,200,7.762619107686934e-05,0.00015649452269170578,0.75,0.625,,,,,,,,,,results/T-sweep-nonDyck-4/distributions/baN_L128_T32_gaussian_categorical_sigma100.0.json
unconditional,baN,128,gaussian,categorical,50.0,,32,5,0.838,0.024819,0.998,0.004,0.808,0.027129,0.932,0.025612,500,0.771179,0.840124,30.506,33,False,485.81,404,False,1.0,0.0,0.1600957902198146,200,7.860090391039497e-05,0.00015845977102563086,0.75,0.625,,,,,,,,,,results/T-sweep-nonDyck-4/distributions/baN_L128_T32_gaussian_categorical_sigma50.0.json
unconditional,baN,128,gaussian,categorical,256.0,,32,5,0.708,0.037094,0.984,0.013565,0.68,0.046043,0.954,0.021541,500,0.637872,0.719383,32.03,33,False,340.23,340,False,1.0,0.0,0.15837067644856836,200,9.332711152589827e-05,0.00018814675446848542,0.75,0.625,,,,,,,,,,results/T-sweep-nonDyck-4/distributions/baN_L128_T32_gaussian_categorical_sigma256.0.json
unconditional,baN,128,gaussian,categorical,5.0,,32,5,0.734,0.052764,1.0,0.0,0.604,0.046733,0.704,0.039294,500,0.560495,0.645919,30.668,33,False,891.21,302,False,1.0,0.0,0.15970216465428172,200,0.00010511654797256458,0.0002119149161611613,0.75,0.625,,,,,,,,,,results/T-sweep-nonDyck-4/distributions/baN_L128_T32_gaussian_categorical_sigma5.0.json
unconditional,baN,128,gaussian,categorical,20.0,,32,5,0.816,0.055353,1.0,0.0,0.758,0.062738,0.872,0.036551,500,0.718583,0.793483,30.074,33,False,878.63,379,False,1.0,0.0,0.15890087815559037,200,8.37205408346938e-05,0.00016877993206607735,0.75,0.625,,,,,,,,,,results/T-sweep-nonDyck-4/distributions/baN_L128_T32_gaussian_categorical_sigma20.0.json
unconditional,baN,128,gaussian,categorical,10.0,,32,5,0.756,0.041761,1.0,0.0,0.678,0.050359,0.778,0.046648,500,0.635821,0.717465,30.234,33,False,974.67,339,False,1.0,0.0,0.15832838641055627,200,9.347760042999697e-05,0.00018844812965231321,0.75,0.625,,,,,,,,,,results/T-sweep-nonDyck-4/distributions/baN_L128_T32_gaussian_categorical_sigma10.0.json
unconditional,baN,128,gaussian,greedy,256.0,,512,5,0.524,0.044989,1.0,0.0,0.524,0.044989,1.0,0.0,500,0.480207,0.567427,506.33,510,False,4541.32,262,False,0.40076335877862596,0.5992366412213741,0.00774497487437186,200,9.016048566448278e-05,0.00015146007512419727,0.75,0.625,,,,,,,,,,results/T-sweep-nonDyck-4/distributions/baN_L128_T512_gaussian_greedy_sigma256.0.json
unconditional,baN,128,gaussian,categorical,1.0,,32,5,0.686,0.040792,1.0,0.0,0.436,0.028,0.464,0.028705,500,0.393185,0.479791,31.534,32,False,1183.56,218,False,1.0,0.0,0.15794865144972678,200,0.00014504840990680639,0.00029240834825834276,0.75,0.625,,,,,,,,,,results/T-sweep-nonDyck-4/distributions/baN_L128_T32_gaussian_categorical_sigma1.0.json
unconditional,baN,128,gaussian,categorical,2.0,,32,5,0.658,0.031241,1.0,0.0,0.448,0.047074,0.532,0.049558,500,0.404972,0.491821,31.22,33,False,1161.62,224,False,1.0,0.0,0.15916022088959733,200,0.0001416280140211734,0.00028552053963381993,0.75,0.625,,,,,,,,,,results/T-sweep-nonDyck-4/distributions/baN_L128_T32_gaussian_categorical_sigma2.0.json
unconditional,baN,128,gaussian,categorical,256.0,,64,5,0.728,0.051923,0.986,0.010198,0.718,0.048332,0.972,0.014697,500,0.677011,0.755664,63.73,65,False,588.22,359,False,1.0,0.0,0.15885923790344286,200,8.842710290704101e-05,0.00017826900793297085,0.75,0.625,,,,,,,,,,results/T-sweep-nonDyck-4/distributions/baN_L128_T64_gaussian_categorical_sigma256.0.json
unconditional,baN,128,gaussian,greedy,10.0,,256,5,0.936,0.010198,1.0,0.0,0.936,0.010198,0.992,0.007483,500,0.911047,0.954304,241.378,256,False,6319.92,468,False,0.049145299145299144,0.9508547008547008,0.007133715452261306,200,5.047445992327882e-05,6.78334011667345e-05,0.75,0.625,,,,,,,,,,results/T-sweep-nonDyck-4/distributions/baN_L128_T256_gaussian_greedy_sigma10.0.json
unconditional,baN,128,gaussian,categorical,100.0,,64,5,0.858,0.004,0.996,0.004899,0.846,0.010198,0.968,0.007483,500,0.811734,0.87499,62.446,65,False,842.08,423,False,1.0,0.0,0.1591213916852982,200,7.505535332307577e-05,0.00015131168315333547,0.75,0.625,,,,,,,,,,results/T-sweep-nonDyck-4/distributions/baN_L128_T64_gaussian_categorical_sigma100.0.json
unconditional,baN,128,gaussian,categorical,50.0,,64,5,0.908,0.026382,1.0,0.0,0.894,0.025768,0.952,0.011662,500,0.863948,0.918043,61.076,65,False,1030.25,447,False,1.0,0.0,0.15943272108780215,200,7.105552989661421e-05,0.00014324851827313912,0.75,0.625,,,,,,,,,,results/T-sweep-nonDyck-4/distributions/baN_L128_T64_gaussian_categorical_sigma50.0.json
unconditional,baN,128,gaussian,categorical,20.0,,64,5,0.892,0.033106,1.0,0.0,0.87,0.035214,0.944,0.02498,500,0.837678,0.89668,60.254,65,False,1146.38,435,False,1.0,0.0,0.16006547291927775,200,7.296473978949673e-05,0.00014709667929246499,0.75,0.625,,,,,,,,,,results/T-sweep-nonDyck-4/distributions/baN_L128_T64_gaussian_categorical_sigma20.0.json
unconditional,baN,128,gaussian,greedy,20.0,,256,5,0.938,0.019391,1.0,0.0,0.938,0.019391,0.994,0.004899,500,0.91334,0.955981,240.752,256,False,6703.46,469,False,0.08102345415778252,0.9189765458422174,0.00743483040201005,200,5.036683847354901e-05,6.76887670491082e-05,0.75,0.625,,,,,,,,,,results/T-sweep-nonDyck-4/distributions/baN_L128_T256_gaussian_greedy_sigma20.0.json
unconditional,baN,128,gaussian,greedy,5.0,,256,5,0.932,0.016,1.0,0.0,0.932,0.016,0.98,0.012649,500,0.906479,0.950934,243.768,256,False,7132.78,466,False,0.17381974248927037,0.8261802575107297,0.008892509422110553,200,6.758811800885405e-05,0.00013624906328768988,0.75,0.625,,,,,,,,,,results/T-sweep-nonDyck-4/distributions/baN_L128_T256_gaussian_greedy_sigma5.0.json
unconditional,baN,128,gaussian,greedy,100.0,,512,5,0.818,0.016,1.0,0.0,0.818,0.016,1.0,0.0,500,0.781797,0.849354,500.438,510,False,6006.33,409,False,0.2371638141809291,0.7628361858190709,0.007724167713567839,200,7.700748897830314e-05,9.702332440718748e-05,0.75,0.625,,,,,,,,,,results/T-sweep-nonDyck-4/distributions/baN_L128_T512_gaussian_greedy_sigma100.0.json
unconditional,baN,128,gaussian,categorical,1.0,,64,5,0.704,0.036111,1.0,0.0,0.552,0.019391,0.586,0.030067,500,0.508179,0.595028,62.664,64,False,2261.91,276,False,1.0,0.0,0.15950792104446732,200,0.00011485341832486289,0.0002315417788197158,0.75,0.625,,,,,,,,,,results/T-sweep-nonDyck-4/distributions/baN_L128_T64_gaussian_categorical_sigma1.0.json
unconditional,baN,128,gaussian,categorical,5.0,,64,5,0.814,0.020591,1.0,0.0,0.754,0.024166,0.81,0.012649,500,0.714407,0.78972,61.13,65,False,1947.04,377,False,1.0,0.0,0.15948984782122508,200,8.415206277743884e-05,0.00016964967342437867,0.75,0.625,,,,,,,,,,results/T-sweep-nonDyck-4/distributions/baN_L128_T64_gaussian_categorical_sigma5.0.json
unconditional,baN,128,gaussian,categorical,2.0,,64,5,0.736,0.04128,1.0,0.0,0.618,0.041665,0.666,0.038262,500,0.574664,0.659536,62.108,65,False,2080.4,309,False,1.0,0.0,0.15872941424197232,200,0.00010269840047241264,0.00020703933747412008,0.75,0.625,,,,,,,,,,results/T-sweep-nonDyck-4/distributions/baN_L128_T64_gaussian_categorical_sigma2.0.json
unconditional,baN,128,gaussian,greedy,1.0,,256,5,0.872,0.047497,1.0,0.0,0.872,0.047497,0.894,0.05004,500,0.839854,0.898474,249.796,255,False,7893.24,436,False,1.0,0.0,0.03774203046482412,200,7.223867658744492e-05,0.000145623998835008,0.75,0.625,,,,,,,,,,results/T-sweep-nonDyck-4/distributions/baN_L128_T256_gaussian_greedy_sigma1.0.json
unconditional,baN,128,gaussian,categorical,10.0,,64,5,0.9,0.027568,1.0,0.0,0.854,0.025768,0.906,0.016248,500,0.82035,0.882252,60.66,65,False,2352.73,427,False,1.0,0.0,0.15874025264858385,200,7.429420505200594e-05,0.00014977627169415685,0.75,0.625,,,,,,,,,,results/T-sweep-nonDyck-4/distributions/baN_L128_T64_gaussian_categorical_sigma10.0.json
unconditional,baN,128,gaussian,categorical,256.0,,128,5,0.724,0.044542,0.99,0.010954,0.706,0.044989,0.976,0.020591,500,0.664616,0.744242,126.574,129,False,1199.58,353,False,1.0,0.0,0.1599570354627581,200,8.993210126354602e-05,0.0001813031161473088,0.75,0.625,,,,,,,,,,results/T-sweep-nonDyck-4/distributions/baN_L128_T128_gaussian_categorical_sigma256.0.json
unconditional,baN,128,gaussian,greedy,2.0,,256,5,0.916,0.032,1.0,0.0,0.916,0.032,0.936,0.032619,500,0.8884,0.937256,247.726,256,False,8636.15,458,False,0.9716157205240175,0.028384279475982543,0.027444448806532663,200,6.876869648935804e-05,0.0001386289595896583,0.75,0.625,,,,,,,,,,results/T-sweep-nonDyck-4/distributions/baN_L128_T256_gaussian_greedy_sigma2.0.json
unconditional,baN,128,gaussian,categorical,100.0,,128,5,0.878,0.017205,0.998,0.004,0.872,0.013266,0.986,0.008,500,0.839854,0.898474,125.702,129,False,1662.77,436,False,1.0,0.0,0.15884794422806037,200,7.287301876480233e-05,0.00014691299078120983,0.75,0.625,,,,,,,,,,results/T-sweep-nonDyck-4/distributions/baN_L128_T128_gaussian_categorical_sigma100.0.json
unconditional,baN,128,gaussian,categorical,50.0,,128,5,0.942,0.020396,0.998,0.004,0.936,0.024166,0.98,0.014142,500,0.911047,0.954304,122.922,129,False,2116.77,468,False,1.0,0.0,0.15877374028926688,200,6.781615041622162e-05,0.00013671708109031872,0.75,0.625,,,,,,,,,,results/T-sweep-nonDyck-4/distributions/baN_L128_T128_gaussian_categorical_sigma50.0.json
unconditional,baN,128,gaussian,greedy,50.0,,512,5,0.92,0.026077,1.0,0.0,0.92,0.026077,1.0,0.0,500,0.892893,0.940702,489.01,510,False,8163.48,460,False,0.15869565217391304,0.841304347826087,0.00762248743718593,200,5.135227661759671e-05,6.901311249137337e-05,0.75,0.625,,,,,,,,,,results/T-sweep-nonDyck-4/distributions/baN_L128_T512_gaussian_greedy_sigma50.0.json
unconditional,baN,128,gaussian,categorical,20.0,,128,5,0.942,0.027857,1.0,0.0,0.934,0.034986,0.968,0.024819,500,0.90876,0.952622,120.86,129,False,3045.02,467,False,1.0,0.0,0.15891487512751729,200,6.798558705554423e-05,0.00013705905532046121,0.75,0.625,,,,,,,,,,results/T-sweep-nonDyck-4/distributions/baN_L128_T128_gaussian_categorical_sigma20.0.json
unconditional,baN,128,gaussian,categorical,5.0,,128,5,0.916,0.02245,1.0,0.0,0.874,0.020591,0.896,0.024166,500,0.842032,0.900265,122.448,129,False,3320.01,437,False,1.0,0.0,0.1596661252356609,200,7.2670457642207e-05,0.0001465040471743032,0.75,0.625,,,,,,,,,,results/T-sweep-nonDyck-4/distributions/baN_L128_T128_gaussian_categorical_sigma5.0.json
unconditional,baN,128,gaussian,categorical,10.0,,128,5,0.926,0.019596,1.0,0.0,0.912,0.024,0.952,0.021354,500,0.883923,0.933794,121.366,129,False,3577.13,456,False,1.0,0.0,0.15989447275683505,200,6.96124327804946e-05,0.00014033856679238662,0.75,0.625,,,,,,,,,,results/T-sweep-nonDyck-4/distributions/baN_L128_T128_gaussian_categorical_sigma10.0.json
unconditional,baN,128,gaussian,categorical,1.0,,128,5,0.842,0.016,1.0,0.0,0.736,0.029394,0.754,0.033226,500,0.695668,0.772733,125.32,128,False,4090.76,368,False,1.0,0.0,0.159137533422031,200,8.612522607871846e-05,0.00017362618282837052,0.75,0.625,,,,,,,,,,results/T-sweep-nonDyck-4/distributions/baN_L128_T128_gaussian_categorical_sigma1.0.json
unconditional,baN,128,gaussian,categorical,2.0,,128,5,0.848,0.025612,1.0,0.0,0.776,0.029394,0.814,0.034409,500,0.73743,0.810362,124.156,128,False,4272.43,388,False,1.0,0.0,0.1583833646319561,200,8.181464891288785e-05,0.0001649382512421912,0.75,0.625,,,,,,,,,,results/T-sweep-nonDyck-4/distributions/baN_L128_T128_gaussian_categorical_sigma2.0.json
unconditional,baN,128,gaussian,categorical,256.0,,256,5,0.798,0.054185,0.996,0.008,0.796,0.053141,0.994,0.012,500,0.758484,0.829002,253.206,256,False,2558.45,398,False,1.0,0.0,0.1590023995908894,200,7.974004744532823e-05,0.00016075555109012357,0.75,0.625,,,,,,,,,,results/T-sweep-nonDyck-4/distributions/baN_L128_T256_gaussian_categorical_sigma256.0.json
unconditional,baN,128,gaussian,categorical,100.0,,256,5,0.902,0.034293,0.998,0.004,0.898,0.037094,0.99,0.008944,500,0.868365,0.921566,248.89,256,False,3159.86,449,False,1.0,0.0,0.15862129178712092,200,7.070385689539365e-05,0.00014253897550111359,0.75,0.625,,,,,,,,,,results/T-sweep-nonDyck-4/distributions/baN_L128_T256_gaussian_categorical_sigma100.0.json
unconditional,baN,128,gaussian,greedy,256.0,,1024,5,0.524,0.026533,1.0,0.0,0.524,0.026533,0.998,0.004,500,0.480207,0.567427,1010.88,1018,False,8898.68,262,False,0.41603053435114506,0.583969465648855,0.007744582286432161,200,0.00012021398088597704,0.0001817520901490367,0.75,0.625,,,,,,,,,,results/T-sweep-nonDyck-4/distributions/baN_L128_T1024_gaussian_greedy_sigma256.0.json
unconditional,baN,128,gaussian,categorical,50.0,,256,5,0.958,0.007483,0.998,0.004,0.958,0.007483,0.994,0.008,500,0.936648,0.972368,244.556,256,False,3659.03,479,False,1.0,0.0,0.15940439794316397,200,6.622078008078935e-05,0.00013350020859407592,0.75,0.625,,,,,,,,,,results/T-sweep-nonDyck-4/distributions/baN_L128_T256_gaussian_categorical_sigma50.0.json
unconditional,baN,128,gaussian,greedy,20.0,,512,5,0.974,0.013565,1.0,0.0,0.974,0.013565,0.996,0.004899,500,0.956028,0.984744,481.764,510,False,11633.59,487,False,0.08008213552361396,0.919917864476386,0.00737240891959799,200,4.8505230480686833e-05,6.518692350314528e-05,0.75,0.625,,,,,,,,,,results/T-sweep-nonDyck-4/distributions/baN_L128_T512_gaussian_greedy_sigma20.0.json
unconditional,baN,128,gaussian,greedy,10.0,,512,5,0.982,0.009798,1.0,0.0,0.982,0.009798,0.996,0.004899,500,0.966148,0.990502,482.314,510,False,12932.38,491,False,0.05702647657841141,0.9429735234215886,0.007223814384422111,200,6.414676780473723e-05,8.081983642065108e-05,0.75,0.625,,,,,,,,,,results/T-sweep-nonDyck-4/distributions/baN_L128_T512_gaussian_greedy_sigma10.0.json
unconditional,baN,128,gaussian,categorical,20.0,,256,5,0.972,0.011662,1.0,0.0,0.966,0.012,0.984,0.013565,500,0.946228,0.978666,240.474,256,False,6275.41,483,False,1.0,0.0,0.15889621069375084,200,6.568360208873854e-05,0.0001324174459985103,0.75,0.625,,,,,,,,,,results/T-sweep-nonDyck-4/distributions/baN_L128_T256_gaussian_categorical_sigma20.0.json
unconditional,baN,128,gaussian,greedy,100.0,,1024,5,0.79,0.018974,1.0,0.0,0.79,0.018974,1.0,0.0,500,0.752154,0.823423,996.754,1018,False,11725.61,395,False,0.2481012658227848,0.7518987341772152,0.007707679020100502,200,5.980265125087212e-05,0.00010046212577858148,0.75,0.625,,,,,,,,,,results/T-sweep-nonDyck-4/distributions/baN_L128_T1024_gaussian_greedy_sigma100.0.json
unconditional,baN,128,gaussian,greedy,5.0,,512,5,0.966,0.016248,1.0,0.0,0.966,0.016248,0.976,0.013565,500,0.946228,0.978666,486.53,510,False,14488.06,483,False,0.18012422360248448,0.8198757763975155,0.008464195979899497,200,6.520924014932917e-05,0.00013145354760261594,0.75,0.625,,,,,,,,,,results/T-sweep-nonDyck-4/distributions/baN_L128_T512_gaussian_greedy_sigma5.0.json
unconditional,baN,128,gaussian,categorical,10.0,,256,5,0.964,0.016248,1.0,0.0,0.956,0.013565,0.97,0.008944,500,0.93428,0.970766,241.544,256,False,7434.2,478,False,1.0,0.0,0.15905206337282443,200,6.643083719462574e-05,0.00013392483468653219,0.75,0.625,,,,,,,,,,results/T-sweep-nonDyck-4/distributions/baN_L128_T256_gaussian_categorical_sigma10.0.json
unconditional,baN,128,gaussian,categorical,256.0,,512,5,0.762,0.025612,0.998,0.004,0.758,0.027129,0.99,0.006325,500,0.718583,0.793483,504.212,510,False,4185.35,379,False,1.0,0.0,0.1587608827649892,200,8.37257980115123e-05,0.00016879061524179256,0.75,0.625,,,,,,,,,,results/T-sweep-nonDyck-4/distributions/baN_L128_T512_gaussian_categorical_sigma256.0.json
unconditional,baN,128,gaussian,categorical,1.0,,256,5,0.916,0.013565,1.0,0.0,0.868,0.027857,0.874,0.029394,500,0.835505,0.894884,249.7,256,False,8043.36,434,False,1.0,0.0,0.15844122054186421,200,7.313282749794314e-05,0.0001474355430235344,0.75,0.625,,,,,,,,,,results/T-sweep-nonDyck-4/distributions/baN_L128_T256_gaussian_categorical_sigma1.0.json
unconditional,baN,128,ar,greedy,,,130,1,1.0,0.0,1.0,0.0,1.0,0.0,1.0,0.0,100,0.963005,1.0,129.0,129,True,596.67,100,False,0.01,0.99,0.0,100,0.00031496062992125983,0.0003968253968253968,0.75,0.5,,,,,,,,,,results/T-sweep-nonDyck-4/distributions/baN_L128_T130_ar_greedy_none.json
unconditional,baN,128,gaussian,categorical,5.0,,256,5,0.954,0.020591,1.0,0.0,0.926,0.037202,0.938,0.036551,500,0.899665,0.945839,243.764,256,False,8181.2,463,False,1.0,0.0,0.15842731418804176,200,6.85365728286757e-05,0.0001381692573402418,0.75,0.625,,,,,,,,,,results/T-sweep-nonDyck-4/distributions/baN_L128_T256_gaussian_categorical_sigma5.0.json
unconditional,baN,128,ebsampler,greedy,,0.1,128,1,1.0,0.0,1.0,0.0,1.0,0.0,1.0,0.0,100,0.963005,1.0,128.0,128,True,304.54,100,False,0.01,0.99,0.0,100,0.00023622047244094488,0.00031746031746031746,0.75,0.5,,,,,,,,,,results/T-sweep-nonDyck-4/distributions/baN_L128_T128_ebsampler_greedy_gamma0.1.json
unconditional,baN,128,ebsampler,greedy,,2.0,128,1,0.0,0.0,1.0,0.0,0.0,0.0,1.0,0.0,100,0.0,0.036995,43.0,43,True,123.16,0,True,,,,0,,,,,,,,,,,,,,results/T-sweep-nonDyck-4/distributions/baN_L128_T128_ebsampler_greedy_gamma2.0.json
unconditional,baN,128,gaussian,categorical,2.0,,256,5,0.918,0.032496,1.0,0.0,0.882,0.038678,0.896,0.035553,500,0.850767,0.907407,247.372,256,False,8510.4,441,False,1.0,0.0,0.15853540022773285,200,7.19463280392827e-05,0.00014504315033722533,0.75,0.625,,,,,,,,,,results/T-sweep-nonDyck-4/distributions/baN_L128_T256_gaussian_categorical_sigma2.0.json
unconditional,baN,128,ebsampler,greedy,,5.0,128,1,0.0,0.0,1.0,0.0,0.0,0.0,1.0,0.0,100,0.0,0.036995,16.0,16,True,68.28,0,True,,,,0,,,,,,,,,,,,,,results/T-sweep-nonDyck-4/distributions/baN_L128_T128_ebsampler_greedy_gamma5.0.json
unconditional,baN,128,ebsampler,greedy,,0.9,128,1,0.0,0.0,1.0,0.0,0.0,0.0,1.0,0.0,100,0.0,0.036995,64.0,64,True,230.52,0,True,,,,0,,,,,,,,,,,,,,results/T-sweep-nonDyck-4/distributions/baN_L128_T128_ebsampler_greedy_gamma0.9.json
unconditional,baN,128,ebsampler,greedy,,10.0,128,1,0.0,0.0,1.0,0.0,0.0,0.0,1.0,0.0,100,0.0,0.036995,9.0,9,True,30.85,0,True,,,,0,,,,,,,,,,,,,,results/T-sweep-nonDyck-4/distributions/baN_L128_T128_ebsampler_greedy_gamma10.0.json
unconditional,baN,128,gaussian,categorical,100.0,,512,5,0.89,0.022804,1.0,0.0,0.888,0.019391,0.998,0.004,500,0.857346,0.912738,497.926,510,False,5388.74,444,False,1.0,0.0,0.159291974154237,200,7.147835099444256e-05,0.0001441000054037502,0.75,0.625,,,,,,,,,,results/T-sweep-nonDyck-4/distributions/baN_L128_T512_gaussian_categorical_sigma100.0.json
unconditional,baN,128,ebsampler,greedy,,0.5,128,1,1.0,0.0,1.0,0.0,1.0,0.0,1.0,0.0,100,0.963005,1.0,128.0,128,True,456.74,100,False,0.01,0.99,0.0,100,0.00023622047244094488,0.00031746031746031746,0.75,0.5,,,,,,,,,,results/T-sweep-nonDyck-4/distributions/baN_L128_T128_ebsampler_greedy_gamma0.5.json
unconditional,baN,128,ebsampler,categorical,,5.0,128,5,0.506,0.04128,1.0,0.0,0.498,0.041183,0.99,0.006325,500,0.454356,0.541674,16.008,17,False,349.81,249,False,1.0,0.0,0.15917615136728325,200,0.00012738447820133118,0.00025680534155110427,0.75,0.625,,,,,,,,,,results/T-sweep-nonDyck-4/distributions/baN_L128_T128_ebsampler_categorical_gamma5.0.json
unconditional,baN,128,ebsampler,categorical,,10.0,128,5,0.534,0.047582,1.0,0.0,0.526,0.054259,0.988,0.004,500,0.482201,0.569403,9.0,9,False,171.08,263,False,1.0,0.0,0.16010421399481775,200,0.00012060543930531267,0.0002431389235024162,0.75,0.625,,,,,,,,,,results/T-sweep-nonDyck-4/distributions/baN_L128_T128_ebsampler_categorical_gamma10.0.json
unconditional,bbaN,128,uniform,greedy,,,1,5,1.0,0.0,1.0,0.0,0.0,0.0,0.0,0.0,500,-0.0,0.007625,1.0,1,False,3.05,0,True,,,,0,,,,,,,,,,,,,,results/T-sweep-nonDyck-4/distributions/bbaN_L128_T1_uniform_greedy_none.json
unconditional,bbaN,128,uniform,greedy,,,2,5,0.692,0.021354,1.0,0.0,0.428,0.036551,0.522,0.051923,500,0.385341,0.471757,1.75,2,False,5.45,214,False,0.056074766355140186,0.9439252336448598,0.009491741085825862,200,0.00016550810989738498,0.00022331397945511388,0.8,0.5,1.2337199169355573,,1.0184118552962866,0.0028846153846153848,,,,,,results/T-sweep-nonDyck-4/distributions/bbaN_L128_T2_uniform_greedy_none.json
unconditional,bbaN,128,uniform,greedy,,,4,5,0.834,0.026533,1.0,0.0,0.664,0.051225,0.708,0.065238,500,0.621486,0.704013,3.544,4,False,5.52,332,False,0.21987951807228914,0.7801204819277109,0.025350344403375386,200,0.0001066477070742979,0.00014389524426217714,0.8,0.5,2.2966162126129217,,1.9712932839236104,0.017548076923076923,,,,,,results/T-sweep-nonDyck-4/distributions/bbaN_L128_T4_uniform_greedy_none.json
unconditional,bbaN,128,uniform,greedy,,,8,5,0.896,0.031369,1.0,0.0,0.78,0.045166,0.788,0.045343,500,0.741631,0.8141,7.288,8,False,7.16,390,False,0.46923076923076923,0.5307692307692308,0.06360593576355071,200,9.047317470370036e-05,0.0001220665873233849,0.8,0.5,2.9675854937358714,,2.7499519095725105,0.04399038461538462,,,,,,results/T-sweep-nonDyck-4/distributions/bbaN_L128_T8_uniform_greedy_none.json
unconditional,baN,128,ebsampler,categorical,,2.0,128,5,0.502,0.036551,1.0,0.0,0.502,0.036551,1.0,0.0,500,0.458326,0.545644,43.0,43,False,723.78,251,False,1.0,0.0,0.15927535647059102,200,0.00012645422357106728,0.00025493132787355406,0.75,0.625,,,,,,,,,,results/T-sweep-nonDyck-4/distributions/baN_L128_T128_ebsampler_categorical_gamma2.0.json
unconditional,bbaN,128,uniform,greedy,,,16,5,0.95,0.026077,1.0,0.0,0.894,0.025768,0.898,0.024819,500,0.863948,0.918043,15.276,16,False,11.39,447,False,0.6957494407158836,0.3042505592841164,0.1080495653201952,200,7.875255945818238e-05,0.0001062501660158844,0.8,0.5,3.6230190131065654,,3.2807827966434084,0.07475961538461538,,,,,,results/T-sweep-nonDyck-4/distributions/bbaN_L128_T16_uniform_greedy_none.json
unconditional,bbaN,128,uniform,greedy,,,32,5,0.972,0.009798,0.998,0.004,0.93,0.022804,0.93,0.022804,500,0.904202,0.949241,31.02,32,False,13.93,465,False,0.8064516129032258,0.19354838709677424,0.14756129191768708,200,7.4360499702558e-05,0.00010030341783896286,0.8,0.5,3.852057885549099,,3.5480636298561086,0.09014423076923077,,,,,,results/T-sweep-nonDyck-4/distributions/bbaN_L128_T32_uniform_greedy_none.json
unconditional,bbaN,128,uniform,greedy,,,64,5,0.984,0.004899,1.0,0.0,0.972,0.009798,0.972,0.009798,500,0.953553,0.983249,62.802,64,False,40.8,486,False,0.8621399176954733,0.13786008230452673,0.18006046947831078,200,7.029712250445215e-05,9.480919649205973e-05,0.8,0.5,4.136878817871038,,3.684763925278027,0.10072115384615385,,,,,,results/T-sweep-nonDyck-4/distributions/bbaN_L128_T64_uniform_greedy_none.json
unconditional,bbaN,128,uniform,greedy,,,128,5,0.994,0.008,1.0,0.0,0.982,0.014697,0.982,0.014697,500,0.966148,0.990502,126.47,128,False,53.25,491,False,0.8818737270875764,0.11812627291242361,0.1802567293581879,200,6.86766018817389e-05,9.260974254491573e-05,0.8,0.5,4.236733279244194,,3.6960974990551327,0.10408653846153847,,,,,,results/T-sweep-nonDyck-4/distributions/bbaN_L128_T128_uniform_greedy_none.json
unconditional,bbaN,128,uniform,greedy,,,256,5,0.996,0.004899,1.0,0.0,0.996,0.004899,0.996,0.004899,500,0.985534,0.998902,253.08,255,False,160.15,498,False,0.8795180722891566,0.12048192771084343,0.18434435206005725,200,6.70436006883143e-05,9.039752310786685e-05,0.8,0.5,4.236384498754615,,3.771131050463876,0.10528846153846154,,,,,,results/T-sweep-nonDyck-4/distributions/bbaN_L128_T256_uniform_greedy_none.json
unconditional,bbaN,128,uniform,greedy,,,512,5,1.0,0.0,1.0,0.0,0.998,0.004,0.998,0.004,500,0.988759,0.999647,505.188,509,False,207.38,499,False,0.9078156312625251,0.09218436873747493,0.20538194832666118,200,6.842285323297981e-05,9.22807179439856e-05,0.8,0.5,4.2779474624398866,,3.832465400105984,0.10889423076923077,,,,,,results/T-sweep-nonDyck-4/distributions/bbaN_L128_T512_uniform_greedy_none.json
unconditional,bbaN,128,uniform,categorical,,,1,5,0.492,0.060133,0.0,0.0,0.0,0.0,0.39,0.037417,500,-0.0,0.007625,1.0,1,False,3.22,0,True,,,,0,,,,,,,,,,,,,,results/T-sweep-nonDyck-4/distributions/bbaN_L128_T1_uniform_categorical_none.json
unconditional,bbaN,128,uniform,categorical,,,2,5,0.53,0.048166,0.0,0.0,0.0,0.0,0.0,0.0,500,-0.0,0.007625,1.0,1,False,10.75,0,True,,,,0,,,,,,,,,,,,,,results/T-sweep-nonDyck-4/distributions/bbaN_L128_T2_uniform_categorical_none.json
unconditional,bbaN,128,uniform,categorical,,,4,5,0.518,0.060465,0.006,0.004899,0.0,0.0,0.0,0.0,500,-0.0,0.007625,1.0,1,False,7.33,0,True,,,,0,,,,,,,,,,,,,,results/T-sweep-nonDyck-4/distributions/bbaN_L128_T4_uniform_categorical_none.json
unconditional,bbaN,128,uniform,categorical,,,8,5,0.47,0.047749,0.156,0.026533,0.01,0.006325,0.01,0.006325,500,0.004279,0.023193,1.086,8,False,5.76,5,False,1.0,0.0,0.25608272506082724,5,0.007389162561576354,0.00997506234413965,0.8,0.5,1.6094379124341005,,1.6094379124341005,0.001201923076923077,,,,,,results/T-sweep-nonDyck-4/distributions/bbaN_L128_T8_uniform_categorical_none.json
unconditional,bbaN,128,uniform,categorical,,,16,5,0.57,0.054772,0.46,0.018974,0.12,0.017889,0.12,0.017889,500,0.094374,0.15142,3.092,16,False,6.11,60,False,0.9833333333333333,0.01666666666666672,0.2590538573990526,60,0.0005937067088858105,0.0008011215701982776,0.8,0.5,3.646630545471393,,3.477627509850915,0.014182692307692308,,,,,,results/T-sweep-nonDyck-4/distributions/bbaN_L128_T16_uniform_categorical_none.json
unconditional,bbaN,128,uniform,categorical,,,32,5,0.738,0.020396,0.662,0.040694,0.43,0.02,0.43,0.02,500,0.387301,0.473767,15.046,32,False,13.1,215,False,0.9534883720930233,0.046511627906976716,0.27793614603727956,200,0.0001683312759510717,0.00022718237064803771,0.8,0.5,4.324312090822229,,3.709072695748837,0.04927884615384615,,,,,,results/T-sweep-nonDyck-4/distributions/bbaN_L128_T32_uniform_categorical_none.json
unconditional,bbaN,128,uniform,categorical,,,64,5,0.808,0.038678,0.802,0.031241,0.662,0.022271,0.662,0.022271,500,0.619442,0.702088,44.262,64,False,31.91,331,False,0.9516616314199395,0.048338368580060465,0.2828216210435208,200,0.00010798358649485278,0.0001457141816327274,0.8,0.5,4.450266310024882,,3.825328704803364,0.07572115384615384,,,,,,results/T-sweep-nonDyck-4/distributions/bbaN_L128_T64_uniform_categorical_none.json
unconditional,bbaN,128,uniform,categorical,,,128,5,0.922,0.016,0.876,0.014967,0.806,0.004899,0.806,0.004899,500,0.76906,0.838274,104.758,128,False,48.35,403,False,0.9602977667493796,0.03970223325062039,0.30004500112502813,200,8.774752113252801e-05,0.0001183922334694844,0.8,0.5,4.50370025596538,,3.863325563734129,0.09302884615384616,,,,,,results/T-sweep-nonDyck-4/distributions/bbaN_L128_T128_uniform_categorical_none.json
unconditional,bbaN,128,uniform,categorical,,,256,5,0.952,0.020396,0.946,0.010198,0.904,0.008,0.904,0.008,500,0.875012,0.926827,231.058,255,False,97.35,452,False,0.9469026548672567,0.053097345132743334,0.2983743120363723,200,8.013248570970672e-05,0.00010814902936246147,0.8,0.5,4.529182768433039,,3.8475657312412,0.10288461538461538,,,,,,results/T-sweep-nonDyck-4/distributions/bbaN_L128_T256_uniform_categorical_none.json
unconditional,baN,128,ebsampler,categorical,,0.9,128,5,0.528,0.048332,1.0,0.0,0.528,0.048332,1.0,0.0,500,0.484195,0.571378,64.0,64,False,1261.97,264,False,1.0,0.0,0.16021747500551803,200,0.00012040214315814821,0.00024273317555676923,0.75,0.625,,,,,,,,,,results/T-sweep-nonDyck-4/distributions/baN_L128_T128_ebsampler_categorical_gamma0.9.json
unconditional,bbaN,128,uniform,greedy,,,1024,5,0.998,0.004,1.0,0.0,0.996,0.004899,0.996,0.004899,500,0.985534,0.998902,1008.32,1017,False,433.17,498,False,0.8955823293172691,0.10441767068273089,0.2065735671363812,200,6.766662907409497e-05,9.12471200127746e-05,0.8,0.5,4.342751011275911,,3.753303944385712,0.10721153846153846,,,,,,results/T-sweep-nonDyck-4/distributions/bbaN_L128_T1024_uniform_greedy_none.json
unconditional,bbaN,128,gaussian,greedy,1.0,,1,5,1.0,0.0,1.0,0.0,0.0,0.0,0.0,0.0,500,-0.0,0.007625,1.0,1,False,2.05,0,True,,,,0,,,,,,,,,,,,,,results/T-sweep-nonDyck-4/distributions/bbaN_L128_T1_gaussian_greedy_sigma1.0.json
unconditional,bbaN,128,gaussian,greedy,2.0,,1,5,1.0,0.0,1.0,0.0,0.0,0.0,0.0,0.0,500,-0.0,0.007625,1.0,1,False,2.08,0,True,,,,0,,,,,,,,,,,,,,results/T-sweep-nonDyck-4/distributions/bbaN_L128_T1_gaussian_greedy_sigma2.0.json
unconditional,bbaN,128,gaussian,greedy,5.0,,1,5,1.0,0.0,1.0,0.0,0.0,0.0,0.0,0.0,500,-0.0,0.007625,1.0,1,False,2.06,0,True,,,,0,,,,,,,,,,,,,,results/T-sweep-nonDyck-4/distributions/bbaN_L128_T1_gaussian_greedy_sigma5.0.json
unconditional,bbaN,128,gaussian,greedy,10.0,,1,5,1.0,0.0,1.0,0.0,0.0,0.0,0.0,0.0,500,-0.0,0.007625,1.0,1,False,2.06,0,True,,,,0,,,,,,,,,,,,,,results/T-sweep-nonDyck-4/distributions/bbaN_L128_T1_gaussian_greedy_sigma10.0.json
unconditional,bbaN,128,gaussian,greedy,20.0,,1,5,1.0,0.0,1.0,0.0,0.0,0.0,0.0,0.0,500,-0.0,0.007625,1.0,1,False,2.07,0,True,,,,0,,,,,,,,,,,,,,results/T-sweep-nonDyck-4/distributions/bbaN_L128_T1_gaussian_greedy_sigma20.0.json
unconditional,bbaN,128,gaussian,greedy,50.0,,1,5,0.968,0.030594,1.0,0.0,0.0,0.0,0.0,0.0,500,-0.0,0.007625,1.0,1,False,2.08,0,True,,,,0,,,,,,,,,,,,,,results/T-sweep-nonDyck-4/distributions/bbaN_L128_T1_gaussian_greedy_sigma50.0.json
unconditional,bbaN,128,gaussian,greedy,100.0,,1,5,0.836,0.040792,1.0,0.0,0.004,0.004899,0.004,0.004899,500,0.001098,0.014466,1.004,2,False,2.1,2,True,,,,2,,,0.8,0.5,0.0,,0.0,0.0002403846153846154,,,,,,results/T-sweep-nonDyck-4/distributions/bbaN_L128_T1_gaussian_greedy_sigma100.0.json
unconditional,bbaN,128,gaussian,greedy,256.0,,1,5,0.698,0.043081,1.0,0.0,0.014,0.012,0.014,0.012,500,0.006798,0.028613,1.014,2,False,2.13,7,False,0.14285714285714285,0.8571428571428572,0.0,7,0.005042016806722689,0.006802721088435374,0.8,0.5,0.0,,0.0,0.0002403846153846154,,,,,,results/T-sweep-nonDyck-4/distributions/bbaN_L128_T1_gaussian_greedy_sigma256.0.json
unconditional,bbaN,128,gaussian,greedy,1.0,,2,5,0.594,0.030067,1.0,0.0,0.0,0.0,0.0,0.0,500,-0.0,0.007625,2.0,2,False,2.55,0,True,,,,0,,,,,,,,,,,,,,results/T-sweep-nonDyck-4/distributions/bbaN_L128_T2_gaussian_greedy_sigma1.0.json
unconditional,bbaN,128,gaussian,greedy,2.0,,2,5,0.566,0.017436,1.0,0.0,0.0,0.0,0.0,0.0,500,-0.0,0.007625,2.0,2,False,2.55,0,True,,,,0,,,,,,,,,,,,,,results/T-sweep-nonDyck-4/distributions/bbaN_L128_T2_gaussian_greedy_sigma2.0.json
unconditional,bbaN,128,gaussian,greedy,5.0,,2,5,0.49,0.067823,1.0,0.0,0.0,0.0,0.0,0.0,500,-0.0,0.007625,2.0,2,False,2.57,0,True,,,,0,,,,,,,,,,,,,,results/T-sweep-nonDyck-4/distributions/bbaN_L128_T2_gaussian_greedy_sigma5.0.json
unconditional,bbaN,128,gaussian,greedy,10.0,,2,5,0.536,0.059195,1.0,0.0,0.006,0.008,0.006,0.008,500,0.002043,0.017491,1.998,2,False,2.57,3,True,,,,3,,,0.8,0.5,0.0,,0.6365141682948128,0.0004807692307692308,,,,,,results/T-sweep-nonDyck-4/distributions/bbaN_L128_T2_gaussian_greedy_sigma10.0.json
unconditional,bbaN,128,gaussian,greedy,20.0,,2,5,0.584,0.036111,1.0,0.0,0.144,0.030067,0.146,0.028705,500,0.115938,0.177491,2.0,3,False,2.71,72,False,0.125,0.875,0.01500948668142122,72,0.0004861448711716091,0.0006558452205279554,0.8,0.5,0.3711196717817733,,1.127982086793071,0.0021634615384615386,,,,,,results/T-sweep-nonDyck-4/distributions/bbaN_L128_T2_gaussian_greedy_sigma20.0.json
unconditional,bbaN,128,gaussian,greedy,50.0,,2,5,0.664,0.026533,1.0,0.0,0.352,0.036551,0.382,0.044,500,0.31141,0.394847,2.008,3,False,3.15,176,False,0.05113636363636364,0.9488636363636364,0.00794583758841106,176,0.0002009107956067506,0.0002710761724044456,0.8,0.5,0.8118032140321573,,0.8992188790094487,0.0021634615384615386,,,,,,results/T-sweep-nonDyck-4/distributions/bbaN_L128_T2_gaussian_greedy_sigma50.0.json
unconditional,bbaN,128,gaussian,greedy,100.0,,2,5,0.68,0.046476,1.0,0.0,0.39,0.041952,0.42,0.050596,500,0.348241,0.433437,2.054,3,False,3.39,195,False,0.06666666666666667,0.9333333333333333,0.009462860891013117,195,0.00018151016456921588,0.0002449029572032082,0.8,0.5,1.1915070774010392,,1.0063511942127357,0.003125,,,,,,results/T-sweep-nonDyck-4/distributions/bbaN_L128_T2_gaussian_greedy_sigma100.0.json
unconditional,bbaN,128,gaussian,greedy,256.0,,2,5,0.706,0.019596,1.0,0.0,0.416,0.019596,0.434,0.023324,500,0.373597,0.459684,2.124,3,False,3.67,208,False,0.07211538461538461,0.9278846153846154,0.009503047450135834,200,0.00017027073046143367,0.00022973981965424158,0.8,0.5,1.2757818657946576,,1.0311127314547481,0.003605769230769231,,,,,,results/T-sweep-nonDyck-4/distributions/bbaN_L128_T2_gaussian_greedy_sigma256.0.json
unconditional,bbaN,128,gaussian,greedy,1.0,,4,5,0.774,0.025768,1.0,0.0,0.05,0.015492,0.05,0.015492,500,0.034094,0.072769,3.738,4,False,5.19,25,False,0.12,0.88,0.002674897119341564,25,0.0012474012474012475,0.0016806722689075631,0.8,0.5,0.5929533174474745,,0.167944147734173,0.0007211538461538462,,,,,,results/T-sweep-nonDyck-4/distributions/bbaN_L128_T4_gaussian_greedy_sigma1.0.json
unconditional,bbaN,128,gaussian,greedy,2.0,,4,5,0.594,0.044989,1.0,0.0,0.178,0.038158,0.178,0.038158,500,0.146964,0.213946,3.536,5,False,5.62,89,False,0.16853932584269662,0.8314606741573034,0.008407211327611052,89,0.0003481490077753278,0.00046904315196998124,0.8,0.5,1.354503555729289,,0.9203447445922872,0.003605769230769231,,,,,,results/T-sweep-nonDyck-4/distributions/bbaN_L128_T4_gaussian_greedy_sigma2.0.json
unconditional,bbaN,128,gaussian,greedy,5.0,,4,5,0.626,0.028705,1.0,0.0,0.346,0.042237,0.346,0.042237,500,0.305621,0.388728,3.482,5,False,5.88,173,False,0.2254335260115607,0.7745664739884393,0.03249794329514216,173,0.00017429700209156402,0.0002347555607723458,0.8,0.5,2.3364256196915827,,1.8705536675315493,0.009375,,,,,,results/T-sweep-nonDyck-4/distributions/bbaN_L128_T4_gaussian_greedy_sigma5.0.json
unconditional,bbaN,128,gaussian,greedy,10.0,,4,5,0.682,0.055281,1.0,0.0,0.404,0.06375,0.404,0.06375,500,0.361878,0.447585,3.482,5,False,6.05,202,False,0.4752475247524752,0.5247524752475248,0.05377329637401181,200,0.00014441823520916576,0.0001944484954547664,0.8,0.5,3.0072284280414996,,2.605927505530418,0.023076923076923078,,,,,,results/T-sweep-nonDyck-4/distributions/bbaN_L128_T4_gaussian_greedy_sigma10.0.json
unconditional,bbaN,128,gaussian,greedy,20.0,,4,5,0.646,0.035553,1.0,0.0,0.342,0.051923,0.346,0.047582,500,0.301765,0.384645,3.392,5,False,6.24,171,False,0.7076023391812866,0.29239766081871343,0.08285833435382818,171,0.0001704351778207022,0.00022947622052664794,0.8,0.5,3.3647745134250595,,2.9385000650208926,0.029086538461538462,,,,,,results/T-sweep-nonDyck-4/distributions/bbaN_L128_T4_gaussian_greedy_sigma20.0.json
unconditional,bbaN,128,gaussian,greedy,50.0,,4,5,0.692,0.026382,1.0,0.0,0.428,0.049558,0.43,0.050596,500,0.385341,0.471757,3.502,5,False,5.71,214,False,0.7663551401869159,0.23364485981308414,0.08884676857615045,200,0.00015048154093097913,0.00020281918669506134,0.8,0.5,3.137500185262061,,3.101047342784814,0.03942307692307692,,,,,,results/T-sweep-nonDyck-4/distributions/bbaN_L128_T4_gaussian_greedy_sigma50.0.json
unconditional,bbaN,128,gaussian,greedy,100.0,,4,5,0.7,0.031623,1.0,0.0,0.438,0.038678,0.442,0.037094,500,0.395148,0.481798,3.528,5,False,5.46,219,False,0.6712328767123288,0.3287671232876712,0.08160786854854975,200,0.00015781167806417674,0.00021286786227449312,0.8,0.5,2.9315691482068518,,3.046428031635376,0.03533653846153846,,,,,,results/T-sweep-nonDyck-4/distributions/bbaN_L128_T4_gaussian_greedy_sigma100.0.json
unconditional,bbaN,128,uniform,categorical,,,512,5,0.958,0.016,0.964,0.017436,0.94,0.021909,0.94,0.021909,500,0.915638,0.957652,477.894,509,False,221.64,470,False,0.9319148936170213,0.06808510638297871,0.2867925195710183,200,7.322252324815113e-05,9.876299350633318e-05,0.8,0.5,4.54709061789015,,3.9158149824417716,0.10528846153846154,,,,,,results/T-sweep-nonDyck-4/distributions/bbaN_L128_T512_uniform_categorical_none.json
unconditional,bbaN,128,gaussian,greedy,256.0,,4,5,0.742,0.027857,1.0,0.0,0.514,0.042708,0.516,0.044542,500,0.470251,0.557536,3.744,5,False,5.09,257,False,0.4980544747081712,0.5019455252918288,0.05954859394764163,200,0.00013642564802182812,0.00018405190263654352,0.8,0.5,2.7997103307436593,,2.6808051682730567,0.03076923076923077,,,,,,results/T-sweep-nonDyck-4/distributions/bbaN_L128_T4_gaussian_greedy_sigma256.0.json
unconditional,bbaN,128,gaussian,greedy,2.0,,8,5,0.504,0.028,1.0,0.0,0.194,0.050438,0.194,0.050438,500,0.161726,0.23094,7.514,9,False,9.38,97,False,0.17525773195876287,0.8247422680412371,0.013544461836613,97,0.00027068483262654517,0.0003640997633351538,0.8,0.5,1.5439251149636606,,1.2110092281999074,0.004086538461538462,,,,,,results/T-sweep-nonDyck-4/distributions/bbaN_L128_T8_gaussian_greedy_sigma2.0.json
unconditional,bbaN,128,gaussian,greedy,1.0,,8,5,0.364,0.048826,1.0,0.0,0.046,0.018547,0.046,0.018547,500,0.030845,0.068078,7.742,8,False,13.79,23,False,0.21739130434782608,0.782608695652174,0.00541001287269944,23,0.0011583011583011582,0.0015582391897156214,0.8,0.5,1.0538437102109437,,0.6145033203107282,0.001201923076923077,,,,,,results/T-sweep-nonDyck-4/distributions/bbaN_L128_T8_gaussian_greedy_sigma1.0.json
unconditional,baN,128,gaussian,greedy,2.0,,512,5,0.95,0.010954,1.0,0.0,0.95,0.010954,0.96,0.014142,500,0.927231,0.965906,494.292,510,False,17249.0,475,False,0.9789473684210527,0.021052631578947323,0.02835171953517588,200,6.63075010360547e-05,0.00013366750208855473,0.75,0.625,,,,,,,,,,results/T-sweep-nonDyck-4/distributions/baN_L128_T512_gaussian_greedy_sigma2.0.json
unconditional,bbaN,128,gaussian,greedy,5.0,,8,5,0.662,0.056356,1.0,0.0,0.372,0.049153,0.372,0.049153,500,0.33076,0.415192,7.408,8,False,9.5,186,False,0.3548387096774194,0.6451612903225806,0.04073031212366494,186,0.00013813426650704486,0.0001857700167193015,0.8,0.5,2.7167185412373307,,2.3585370859704136,0.015865384615384615,,,,,,results/T-sweep-nonDyck-4/distributions/bbaN_L128_T8_gaussian_greedy_sigma5.0.json
unconditional,bbaN,128,gaussian,greedy,10.0,,8,5,0.718,0.027857,1.0,0.0,0.426,0.056071,0.426,0.056071,500,0.383382,0.469747,7.346,9,False,13.58,213,False,0.6056338028169014,0.3943661971830986,0.069917518566906,200,0.00012441421639779372,0.00016736401673640169,0.8,0.5,3.428147128477129,,2.9414890635556086,0.031009615384615385,,,,,,results/T-sweep-nonDyck-4/distributions/bbaN_L128_T8_gaussian_greedy_sigma10.0.json
unconditional,bbaN,128,gaussian,greedy,50.0,,8,5,0.81,0.012649,1.0,0.0,0.646,0.030067,0.646,0.030067,500,0.603115,0.686658,7.238,9,False,7.14,323,False,0.8947368421052632,0.10526315789473684,0.12830606803790923,200,9.335324869305452e-05,0.0001257347625184673,0.8,0.5,3.9933480228946228,,3.479292696683051,0.06947115384615385,,,,,,results/T-sweep-nonDyck-4/distributions/bbaN_L128_T8_gaussian_greedy_sigma50.0.json
unconditional,bbaN,128,gaussian,greedy,20.0,,8,5,0.77,0.041473,1.0,0.0,0.578,0.038678,0.578,0.038678,500,0.534276,0.620534,7.222,9,False,12.73,289,False,0.8096885813148789,0.19031141868512114,0.10208209833195013,200,9.533191394705901e-05,0.0001282873636946761,0.8,0.5,4.025690526625285,,3.3925874143192822,0.05625,,,,,,results/T-sweep-nonDyck-4/distributions/bbaN_L128_T8_gaussian_greedy_sigma20.0.json
unconditional,bbaN,128,gaussian,greedy,256.0,,8,5,0.88,0.026077,1.0,0.0,0.744,0.033823,0.744,0.033823,500,0.703986,0.780293,7.768,9,False,6.35,372,False,0.8306451612903226,0.16935483870967738,0.13130727913707632,200,9.214325204250876e-05,0.00012427763623935873,0.8,0.5,3.7552075512067526,,3.4564115082033924,0.07427884615384615,,,,,,results/T-sweep-nonDyck-4/distributions/bbaN_L128_T8_gaussian_greedy_sigma256.0.json
unconditional,bbaN,128,gaussian,greedy,100.0,,8,5,0.84,0.034641,1.0,0.0,0.664,0.043174,0.664,0.043174,500,0.621486,0.704013,7.334,9,False,10.05,332,False,0.8855421686746988,0.11445783132530118,0.1321561476570198,200,9.740575992727037e-05,0.0001312895920175928,0.8,0.5,3.963182959716649,,3.442667644598475,0.07067307692307692,,,,,,results/T-sweep-nonDyck-4/distributions/bbaN_L128_T8_gaussian_greedy_sigma100.0.json
unconditional,bbaN,128,gaussian,greedy,2.0,,16,5,0.612,0.027129,1.0,0.0,0.252,0.051536,0.252,0.051536,500,0.215933,0.291849,15.38,16,False,17.32,126,False,0.29365079365079366,0.7063492063492063,0.019614497738709474,126,0.00019264110961279138,0.00025894995792063183,0.8,0.5,2.140456175068252,,1.9208778112140632,0.008894230769230769,,,,,,results/T-sweep-nonDyck-4/distributions/bbaN_L128_T16_gaussian_greedy_sigma2.0.json
unconditional,bbaN,128,gaussian,greedy,1.0,,16,5,0.29,0.055498,1.0,0.0,0.16,0.052154,0.16,0.052154,500,0.130476,0.194709,15.732,16,False,25.55,80,False,0.1125,0.8875,0.011673501873133837,80,0.0003027856277755349,0.000407000407000407,0.8,0.5,0.9220766477101425,,0.5245880777047198,0.0021634615384615386,,,,,,results/T-sweep-nonDyck-4/distributions/bbaN_L128_T16_gaussian_greedy_sigma1.0.json
unconditional,bbaN,128,gaussian,greedy,5.0,,16,5,0.726,0.045869,1.0,0.0,0.5,0.063246,0.5,0.063246,500,0.45634,0.54366,15.218,17,False,24.98,250,False,0.372,0.628,0.03523411081849594,200,9.87231802027116e-05,0.00013272280841462606,0.8,0.5,2.9479194371652744,,2.49299175522133,0.02235576923076923,,,,,,results/T-sweep-nonDyck-4/distributions/bbaN_L128_T16_gaussian_greedy_sigma5.0.json
unconditional,bbaN,128,gaussian,greedy,10.0,,16,5,0.79,0.028284,1.0,0.0,0.636,0.030067,0.642,0.027857,500,0.592937,0.676989,14.894,17,False,15.94,318,False,0.559748427672956,0.44025157232704404,0.05337573092358114,200,7.874015748031496e-05,0.00010587052035360753,0.8,0.5,3.595394088023217,,2.950221542212912,0.04278846153846154,,,,,,results/T-sweep-nonDyck-4/distributions/bbaN_L128_T16_gaussian_greedy_sigma10.0.json
unconditional,bbaN,128,gaussian,greedy,20.0,,16,5,0.866,0.043174,1.0,0.0,0.734,0.020591,0.736,0.020591,500,0.693591,0.77084,14.688,17,False,14.85,367,False,0.7574931880108992,0.24250681198910085,0.10951481703330117,200,7.118113225454372e-05,9.574187989181168e-05,0.8,0.5,4.098744951759509,,3.4196354927175223,0.06682692307692308,,,,,,results/T-sweep-nonDyck-4/distributions/bbaN_L128_T16_gaussian_greedy_sigma20.0.json
unconditional,bbaN,128,gaussian,greedy,100.0,,16,5,0.896,0.032,1.0,0.0,0.816,0.026533,0.816,0.026533,500,0.77967,0.847511,15.234,17,False,11.47,408,False,0.8946078431372549,0.10539215686274506,0.1546700962232085,200,7.564487253838978e-05,0.0001019082316374105,0.8,0.5,4.16633636116275,,3.631035106453221,0.08774038461538461,,,,,,results/T-sweep-nonDyck-4/distributions/bbaN_L128_T16_gaussian_greedy_sigma100.0.json
unconditional,bbaN,128,gaussian,greedy,256.0,,16,5,0.91,0.020976,1.0,0.0,0.832,0.031241,0.832,0.031241,500,0.796725,0.862212,15.59,17,False,10.5,416,False,0.8774038461538461,0.12259615384615385,0.17102416899981454,200,8.069288288772931e-05,0.00010880800826940863,0.8,0.5,4.110419381826315,,3.64758878902971,0.08774038461538461,,,,,,results/T-sweep-nonDyck-4/distributions/bbaN_L128_T16_gaussian_greedy_sigma256.0.json
unconditional,bbaN,128,gaussian,greedy,50.0,,16,5,0.9,0.024495,1.0,0.0,0.814,0.025768,0.814,0.025768,500,0.777545,0.845667,14.938,17,False,18.33,407,False,0.8427518427518428,0.15724815724815722,0.14830396830639106,200,7.15444052275112e-05,9.632751354605659e-05,0.8,0.5,4.25485317699162,,3.680858434215817,0.08245192307692308,,,,,,results/T-sweep-nonDyck-4/distributions/bbaN_L128_T16_gaussian_greedy_sigma50.0.json
unconditional,baN,128,gaussian,greedy,1.0,,512,5,0.922,0.020396,1.0,0.0,0.922,0.020396,0.926,0.020591,500,0.895146,0.942419,498.33,508,False,17332.27,461,False,1.0,0.0,0.03822177292713568,200,6.832117785710625e-05,0.0001377268188548015,0.75,0.625,,,,,,,,,,results/T-sweep-nonDyck-4/distributions/baN_L128_T512_gaussian_greedy_sigma1.0.json
unconditional,bbaN,128,gaussian,greedy,2.0,,32,5,0.784,0.034409,1.0,0.0,0.678,0.022271,0.692,0.016,500,0.635821,0.717465,31.256,33,False,31.81,339,False,0.12389380530973451,0.8761061946902655,0.01680556879266408,200,7.02740688685875e-05,9.444877334655616e-05,0.8,0.5,2.3379750637742367,,1.8372505834674993,0.010096153846153847,,,,,,results/T-sweep-nonDyck-4/distributions/bbaN_L128_T32_gaussian_greedy_sigma2.0.json
unconditional,bbaN,128,gaussian,greedy,1.0,,32,5,0.728,0.037094,1.0,0.0,0.59,0.055498,0.592,0.057758,500,0.546362,0.632266,31.59,32,False,33.36,295,False,0.0576271186440678,0.9423728813559322,0.010515116812269293,200,8.048937540244688e-05,0.00010817535224599074,0.8,0.5,1.5597371748831996,,1.4640034163908784,0.004086538461538462,,,,,,results/T-sweep-nonDyck-4/distributions/bbaN_L128_T32_gaussian_greedy_sigma1.0.json
unconditional,bbaN,128,gaussian,greedy,5.0,,32,5,0.868,0.033106,1.0,0.0,0.766,0.030725,0.774,0.033823,500,0.726948,0.800996,30.66,33,False,47.53,383,False,0.2819843342036554,0.7180156657963446,0.03151454141083932,200,6.311803071744161e-05,8.484102912168325e-05,0.8,0.5,3.101034608368285,,2.4345447085605127,0.025961538461538463,,,,,,results/T-sweep-nonDyck-4/distributions/bbaN_L128_T32_gaussian_greedy_sigma5.0.json
unconditional,bbaN,128,gaussian,greedy,10.0,,32,5,0.894,0.019596,1.0,0.0,0.802,0.024819,0.806,0.024166,500,0.764825,0.834569,30.01,33,False,47.13,401,False,0.48877805486284287,0.5112219451371571,0.05524370347919078,200,6.147666960388533e-05,8.264804330757469e-05,0.8,0.5,3.6033601605448373,,2.9334936189413154,0.047115384615384615,,,,,,results/T-sweep-nonDyck-4/distributions/bbaN_L128_T32_gaussian_greedy_sigma10.0.json
unconditional,bbaN,128,gaussian,greedy,50.0,,32,5,0.944,0.016248,1.0,0.0,0.898,0.019391,0.898,0.019391,500,0.868365,0.921566,30.196,33,False,24.14,449,False,0.9064587973273942,0.0935412026726058,0.1605871874650577,200,6.297890206780728e-05,8.477090662484635e-05,0.8,0.5,4.4016436073441625,,3.7423431007074837,0.09783653846153846,,,,,,results/T-sweep-nonDyck-4/distributions/bbaN_L128_T32_gaussian_greedy_sigma50.0.json
unconditional,bbaN,128,gaussian,greedy,20.0,,32,5,0.948,0.019391,1.0,0.0,0.87,0.034059,0.87,0.034059,500,0.837678,0.89668,29.856,33,False,26.86,435,False,0.7402298850574712,0.2597701149425288,0.09853859390891262,200,5.933544303797468e-05,7.98004987531172e-05,0.8,0.5,4.075656818492039,,3.3846938091305026,0.07740384615384616,,,,,,results/T-sweep-nonDyck-4/distributions/bbaN_L128_T32_gaussian_greedy_sigma20.0.json
unconditional,bbaN,128,gaussian,greedy,100.0,,32,5,0.952,0.027129,1.0,0.0,0.902,0.032496,0.902,0.032496,500,0.872793,0.925076,30.542,33,False,31.96,451,False,0.9068736141906873,0.09312638580931265,0.17229182996805875,200,6.792709158836183e-05,9.150386603834012e-05,0.8,0.5,4.3332326203713185,,3.755635518040174,0.09831730769230769,,,,,,results/T-sweep-nonDyck-4/distributions/bbaN_L128_T32_gaussian_greedy_sigma100.0.json
unconditional,bbaN,128,gaussian,greedy,256.0,,32,5,0.966,0.02245,1.0,0.0,0.932,0.031875,0.932,0.031875,500,0.906479,0.950934,31.68,33,False,31.94,466,False,0.927038626609442,0.07296137339055797,0.18624578953572316,200,7.065806208488389e-05,9.525623928367309e-05,0.8,0.5,4.19348242227764,,3.7296375918110813,0.10384615384615385,,,,,,results/T-sweep-nonDyck-4/distributions/bbaN_L128_T32_gaussian_greedy_sigma256.0.json
unconditional,bbaN,128,gaussian,greedy,2.0,,64,5,0.836,0.016248,1.0,0.0,0.782,0.017205,0.792,0.009798,500,0.743733,0.815967,62.276,65,False,62.2,391,False,0.07161125319693094,0.928388746803069,0.013501079518193985,200,6.076933984240485e-05,8.167265599477295e-05,0.8,0.5,2.3756380241844024,,1.728295466968216,0.006730769230769231,,,,,,results/T-sweep-nonDyck-4/distributions/bbaN_L128_T64_gaussian_greedy_sigma2.0.json
unconditional,bbaN,128,gaussian,greedy,1.0,,64,5,0.754,0.043174,1.0,0.0,0.744,0.045431,0.808,0.034293,500,0.703986,0.780293,62.974,64,False,65.13,372,False,0.043010752688172046,0.956989247311828,0.008592259280558413,200,6.375111564452378e-05,8.567879021548216e-05,0.8,0.5,1.9664269471436786,,1.3246901089179195,0.0038461538461538464,,,,,,results/T-sweep-nonDyck-4/distributions/bbaN_L128_T64_gaussian_greedy_sigma1.0.json
unconditional,bbaN,128,gaussian,greedy,50.0,,64,5,0.978,0.007483,1.0,0.0,0.95,0.02,0.95,0.02,500,0.927231,0.965906,60.694,65,False,47.23,475,False,0.8778947368421053,0.12210526315789472,0.1512793781409972,200,5.912961210974456e-05,7.958456855215774e-05,0.8,0.5,4.396386089942451,,3.703616323662441,0.10024038461538462,,,,,,results/T-sweep-nonDyck-4/distributions/bbaN_L128_T64_gaussian_greedy_sigma50.0.json
unconditional,bbaN,128,gaussian,greedy,5.0,,64,5,0.928,0.016,1.0,0.0,0.868,0.028566,0.87,0.027568,500,0.835505,0.894884,61.2,65,False,93.15,434,False,0.23732718894009217,0.7626728110599078,0.03292932438821207,200,5.543646980560278e-05,7.451287209865504e-05,0.8,0.5,3.0608036083886834,,2.418465385946075,0.024759615384615383,,,,,,results/T-sweep-nonDyck-4/distributions/bbaN_L128_T64_gaussian_greedy_sigma5.0.json
unconditional,bbaN,128,gaussian,greedy,20.0,,64,5,0.962,0.013266,1.0,0.0,0.93,0.022804,0.93,0.022804,500,0.904202,0.949241,59.892,65,False,52.73,465,False,0.7032258064516129,0.2967741935483871,0.09761349492427732,200,5.472155846998522e-05,7.358622465874389e-05,0.8,0.5,4.116201592223752,,3.390453257569336,0.07860576923076923,,,,,,results/T-sweep-nonDyck-4/distributions/bbaN_L128_T64_gaussian_greedy_sigma20.0.json
unconditional,bbaN,128,gaussian,greedy,10.0,,64,5,0.938,0.017205,1.0,0.0,0.884,0.021541,0.884,0.021541,500,0.852958,0.909187,60.272,65,False,92.78,442,False,0.4411764705882353,0.5588235294117647,0.05483779665504019,200,5.5483632328463106e-05,7.458790184232118e-05,0.8,0.5,3.5889006943859956,,2.9083130632702634,0.046875,,,,,,results/T-sweep-nonDyck-4/distributions/bbaN_L128_T64_gaussian_greedy_sigma10.0.json
unconditional,bbaN,128,gaussian,greedy,100.0,,64,5,0.976,0.017436,1.0,0.0,0.948,0.016,0.948,0.016,500,0.924898,0.96427,62.022,65,False,43.39,474,False,0.919831223628692,0.08016877637130804,0.17426966180106884,200,6.339948012426299e-05,8.538798164158395e-05,0.8,0.5,4.379639191973545,,3.743388480827667,0.10480769230769231,,,,,,results/T-sweep-nonDyck-4/distributions/bbaN_L128_T64_gaussian_greedy_sigma100.0.json
unconditional,bbaN,128,gaussian,greedy,256.0,,64,5,0.98,0.014142,1.0,0.0,0.96,0.017889,0.96,0.017889,500,0.939026,0.973959,63.33,65,False,60.11,480,False,0.9083333333333333,0.09166666666666667,0.19986745831767916,200,6.836204539239814e-05,9.21574048474795e-05,0.8,0.5,4.281533166208088,,3.7673126222345172,0.10480769230769231,,,,,,results/T-sweep-nonDyck-4/distributions/bbaN_L128_T64_gaussian_greedy_sigma256.0.json
unconditional,bbaN,128,gaussian,greedy,1.0,,128,5,0.798,0.016,1.0,0.0,0.792,0.011662,0.822,0.020396,500,0.754263,0.825284,125.554,128,False,128.4,396,False,0.03282828282828283,0.9671717171717171,0.008976249188940553,200,5.9784774810681545e-05,8.034709946970914e-05,0.8,0.5,1.7437217932020816,,1.2475367691290007,0.003125,,,,,,results/T-sweep-nonDyck-4/distributions/bbaN_L128_T128_gaussian_greedy_sigma1.0.json
unconditional,bbaN,128,gaussian,greedy,5.0,,128,5,0.952,0.019391,1.0,0.0,0.936,0.021541,0.936,0.021541,500,0.911047,0.954304,122.294,129,False,124.81,468,False,0.202991452991453,0.7970085470085471,0.03225366393804233,200,5.124788602470148e-05,6.888119715520656e-05,0.8,0.5,3.0484909527454525,,2.4484117828766334,0.02283653846153846,,,,,,results/T-sweep-nonDyck-4/distributions/bbaN_L128_T128_gaussian_greedy_sigma5.0.json
unconditional,bbaN,128,uniform,categorical,,,1024,5,0.99,0.006325,0.986,0.010198,0.976,0.008,0.976,0.008,500,0.958523,0.986219,989.728,1017,False,637.65,488,False,0.930327868852459,0.069672131147541,0.3169014738552298,200,7.41839762611276e-05,0.00010012014417300761,0.8,0.5,4.531655080508281,,3.9020830256114483,0.10913461538461539,,,,,,results/T-sweep-nonDyck-4/distributions/bbaN_L128_T1024_uniform_categorical_none.json
unconditional,bbaN,128,gaussian,greedy,2.0,,128,5,0.91,0.034059,1.0,0.0,0.894,0.036111,0.902,0.036,500,0.863948,0.918043,124.59,129,False,197.37,447,False,0.07606263982102908,0.9239373601789709,0.015310282474465111,200,5.311614730878187e-05,7.13865043813467e-05,0.8,0.5,2.416202377377162,,1.7850069246167017,0.008173076923076924,,,,,,results/T-sweep-nonDyck-4/distributions/bbaN_L128_T128_gaussian_greedy_sigma2.0.json
unconditional,bbaN,128,gaussian,greedy,10.0,,128,5,0.966,0.019596,1.0,0.0,0.944,0.024166,0.944,0.024166,500,0.920255,0.960975,120.872,129,False,176.56,472,False,0.4194915254237288,0.5805084745762712,0.05018518168379625,200,5.197325110010048e-05,6.986899563318777e-05,0.8,0.5,3.5482229822696145,,2.835697047523851,0.047596153846153844,,,,,,results/T-sweep-nonDyck-4/distributions/bbaN_L128_T128_gaussian_greedy_sigma10.0.json
unconditional,bbaN,128,gaussian,greedy,50.0,,128,5,0.982,0.004,1.0,0.0,0.962,0.007483,0.962,0.007483,500,0.941415,0.97554,121.642,129,False,93.34,481,False,0.9022869022869023,0.09771309771309766,0.1612180035411649,200,5.833965346245843e-05,7.852067056652664e-05,0.8,0.5,4.443119656133406,,3.7489226432747134,0.10432692307692308,,,,,,results/T-sweep-nonDyck-4/distributions/bbaN_L128_T128_gaussian_greedy_sigma50.0.json
unconditional,bbaN,128,gaussian,greedy,20.0,,128,5,0.972,0.013266,1.0,0.0,0.954,0.014967,0.954,0.014967,500,0.931922,0.969155,120.282,129,False,164.16,477,False,0.6960167714884696,0.30398322851153037,0.09398331674309138,200,5.337128624799858e-05,7.17707641792116e-05,0.8,0.5,4.123470182623963,,3.394433482519447,0.0798076923076923,,,,,,results/T-sweep-nonDyck-4/distributions/bbaN_L128_T128_gaussian_greedy_sigma20.0.json
unconditional,bbaN,128,gaussian,greedy,100.0,,128,5,0.992,0.009798,1.0,0.0,0.98,0.012649,0.98,0.012649,500,0.963579,0.989101,124.964,129,False,129.2,490,False,0.9081632653061225,0.09183673469387754,0.18174950365445597,200,6.113341348603102e-05,8.233332647222279e-05,0.8,0.5,4.447313146327592,,3.807976105776521,0.10697115384615384,,,,,,results/T-sweep-nonDyck-4/distributions/bbaN_L128_T128_gaussian_greedy_sigma100.0.json
unconditional,bbaN,128,gaussian,greedy,256.0,,128,5,0.99,0.006325,1.0,0.0,0.988,0.004,0.988,0.004,500,0.974069,0.994489,127.334,129,False,124.68,494,False,0.9129554655870445,0.08704453441295545,0.18348306547562038,200,6.551076560248068e-05,8.830022075055188e-05,0.8,0.5,4.318727964551339,,3.7655299836636105,0.10841346153846154,,,,,,results/T-sweep-nonDyck-4/distributions/bbaN_L128_T128_gaussian_greedy_sigma256.0.json
unconditional,baN,128,ebsampler,categorical,,0.1,128,5,1.0,0.0,1.0,0.0,1.0,0.0,1.0,0.0,500,0.992375,1.0,128.0,128,False,2230.38,500,False,1.0,0.0,0.15902156824114272,200,6.350819255683983e-05,0.00012803277639075603,0.75,0.625,,,,,,,,,,results/T-sweep-nonDyck-4/distributions/baN_L128_T128_ebsampler_categorical_gamma0.1.json
unconditional,bbaN,128,gaussian,greedy,2.0,,256,5,0.938,0.019391,1.0,0.0,0.926,0.018547,0.932,0.019391,500,0.899665,0.945839,247.66,256,False,250.76,463,False,0.06479481641468683,0.9352051835853131,0.01397187712922783,200,5.12610211195407e-05,6.889306074645632e-05,0.8,0.5,2.3056814702086204,,1.6889728858539526,0.007211538461538462,,,,,,results/T-sweep-nonDyck-4/distributions/bbaN_L128_T256_gaussian_greedy_sigma2.0.json
unconditional,bbaN,128,gaussian,greedy,1.0,,256,5,0.884,0.030725,1.0,0.0,0.878,0.027857,0.892,0.011662,500,0.846395,0.903841,249.784,255,False,340.33,439,False,0.022779043280182234,0.9772209567198178,0.007424844965656034,200,5.393258426966292e-05,7.24821512702497e-05,0.8,0.5,1.6049662938304146,,1.1119322960036,0.002403846153846154,,,,,,results/T-sweep-nonDyck-4/distributions/bbaN_L128_T256_gaussian_greedy_sigma1.0.json
unconditional,bbaN,128,gaussian,greedy,5.0,,256,5,0.972,0.014697,1.0,0.0,0.962,0.016,0.962,0.016,500,0.941415,0.97554,243.584,256,False,331.84,481,False,0.20166320166320167,0.7983367983367984,0.03224493860430384,200,4.9891071161297836e-05,6.705783738474434e-05,0.8,0.5,3.0765121343341155,,2.4361732338217164,0.023317307692307693,,,,,,results/T-sweep-nonDyck-4/distributions/bbaN_L128_T256_gaussian_greedy_sigma5.0.json
unconditional,bbaN,128,gaussian,greedy,20.0,,256,5,0.994,0.008,1.0,0.0,0.986,0.013565,0.986,0.013565,500,0.971387,0.993202,240.09,256,False,329.64,493,False,0.6855983772819473,0.3144016227180527,0.10162499665111165,200,5.1633334480740765e-05,6.943359544515614e-05,0.8,0.5,4.114061637057398,,3.4084042244078003,0.08125,,,,,,results/T-sweep-nonDyck-4/distributions/bbaN_L128_T256_gaussian_greedy_sigma20.0.json
unconditional,bbaN,128,gaussian,greedy,10.0,,256,5,0.986,0.008,1.0,0.0,0.976,0.010198,0.976,0.010198,500,0.958523,0.986219,241.518,256,False,356.74,488,False,0.4098360655737705,0.5901639344262295,0.05139542566780955,200,5.00175061271445e-05,6.723706106806072e-05,0.8,0.5,3.600270739208769,,2.903245324498358,0.04807692307692308,,,,,,results/T-sweep-nonDyck-4/distributions/bbaN_L128_T256_gaussian_greedy_sigma10.0.json
unconditional,bbaN,128,gaussian,greedy,100.0,,256,5,0.992,0.011662,1.0,0.0,0.982,0.014697,0.982,0.014697,500,0.966148,0.990502,248.156,256,False,168.87,491,False,0.8818737270875764,0.11812627291242361,0.16922554209369134,200,6.172966521944896e-05,8.314625426124553e-05,0.8,0.5,4.389545151129819,,3.7983123308333444,0.10408653846153847,,,,,,results/T-sweep-nonDyck-4/distributions/bbaN_L128_T256_gaussian_greedy_sigma100.0.json
unconditional,bbaN,128,gaussian,greedy,50.0,,256,5,0.992,0.007483,1.0,0.0,0.984,0.008,0.984,0.008,500,0.968749,0.991871,244.582,256,False,262.3,492,False,0.8577235772357723,0.1422764227642277,0.15948587832790795,200,5.685156057533779e-05,7.65154848212407e-05,0.8,0.5,4.454454236130543,,3.7789852189762394,0.10144230769230769,,,,,,results/T-sweep-nonDyck-4/distributions/bbaN_L128_T256_gaussian_greedy_sigma50.0.json
unconditional,bbaN,128,gaussian,greedy,256.0,,256,5,0.994,0.008,1.0,0.0,0.986,0.014967,0.986,0.014967,500,0.971387,0.993202,253.078,256,False,233.99,493,False,0.920892494929006,0.07910750507099396,0.1934404901953941,200,6.597321487476085e-05,8.89284126278346e-05,0.8,0.5,4.376327124090937,,3.739166168403427,0.10913461538461539,,,,,,results/T-sweep-nonDyck-4/distributions/bbaN_L128_T256_gaussian_greedy_sigma256.0.json
unconditional,baN,128,ebsampler,categorical,,0.5,128,5,1.0,0.0,1.0,0.0,1.0,0.0,1.0,0.0,500,0.992375,1.0,128.0,128,False,2567.37,500,False,1.0,0.0,0.15902156824114272,200,6.350819255683983e-05,0.00012803277639075603,0.75,0.625,,,,,,,,,,results/T-sweep-nonDyck-4/distributions/baN_L128_T128_ebsampler_categorical_gamma0.5.json
unconditional,bbaN,128,gaussian,greedy,1.0,,512,5,0.942,0.029257,1.0,0.0,0.936,0.026533,0.936,0.026533,500,0.911047,0.954304,498.34,509,False,520.21,468,False,0.02564102564102564,0.9743589743589743,0.007318140300406356,200,5.056804773623706e-05,6.796017533725237e-05,0.8,0.5,1.4781029275669313,,1.0681982833854633,0.0028846153846153848,,,,,,results/T-sweep-nonDyck-4/distributions/bbaN_L128_T512_gaussian_greedy_sigma1.0.json
unconditional,bbaN,128,gaussian,greedy,10.0,,512,5,0.996,0.004899,1.0,0.0,0.992,0.007483,0.992,0.007483,500,0.979613,0.996885,481.82,510,False,534.24,496,False,0.3971774193548387,0.6028225806451613,0.05136935335022966,200,4.927969512295284e-05,6.624600453785131e-05,0.8,0.5,3.584121030943123,,2.90524692242372,0.04735576923076923,,,,,,results/T-sweep-nonDyck-4/distributions/bbaN_L128_T512_gaussian_greedy_sigma10.0.json
unconditional,bbaN,128,gaussian,greedy,50.0,,512,5,1.0,0.0,1.0,0.0,0.994,0.004899,0.994,0.004899,500,0.982509,0.997957,487.772,510,False,533.14,497,False,0.8772635814889336,0.12273641851106643,0.15540340998468088,200,5.659950192438306e-05,7.618031881463424e-05,0.8,0.5,4.491341098380669,,3.7986931690148724,0.10480769230769231,,,,,,results/T-sweep-nonDyck-4/distributions/bbaN_L128_T512_gaussian_greedy_sigma50.0.json
unconditional,bbaN,128,gaussian,greedy,100.0,,512,5,0.996,0.004899,1.0,0.0,0.996,0.004899,0.996,0.004899,500,0.985534,0.998902,497.36,510,False,515.19,498,False,0.893574297188755,0.10642570281124497,0.17665468509154916,200,5.97538142851452e-05,8.04699444757383e-05,0.8,0.5,4.364393831278589,,3.799754356121967,0.10697115384615384,,,,,,results/T-sweep-nonDyck-4/distributions/bbaN_L128_T512_gaussian_greedy_sigma100.0.json
unconditional,bbaN,128,gaussian,greedy,5.0,,512,5,0.992,0.007483,1.0,0.0,0.988,0.007483,0.988,0.007483,500,0.974069,0.994489,486.842,510,False,744.63,494,False,0.19230769230769232,0.8076923076923077,0.028738683892629232,200,4.852484472049689e-05,6.522093592043046e-05,0.8,0.5,3.011757913579797,,2.3800829556933927,0.02283653846153846,,,,,,results/T-sweep-nonDyck-4/distributions/bbaN_L128_T512_gaussian_greedy_sigma5.0.json
unconditional,bbaN,128,gaussian,greedy,20.0,,512,5,0.996,0.004899,1.0,0.0,0.994,0.004899,0.994,0.004899,500,0.982509,0.997957,479.074,510,False,658.29,497,False,0.6800804828973843,0.3199195171026157,0.09428773609571861,200,5.1246135187304626e-05,6.891323823306458e-05,0.8,0.5,4.096400129415164,,3.3767923658819208,0.08125,,,,,,results/T-sweep-nonDyck-4/distributions/bbaN_L128_T512_gaussian_greedy_sigma20.0.json
unconditional,bbaN,128,gaussian,greedy,2.0,,512,5,0.968,0.004,1.0,0.0,0.966,0.004899,0.966,0.004899,500,0.946228,0.978666,494.24,510,False,772.18,483,False,0.057971014492753624,0.9420289855072463,0.012985060373328871,200,4.915293115312777e-05,6.606001552410365e-05,0.8,0.5,2.2609489127263576,,1.6478159690876613,0.006730769230769231,,,,,,results/T-sweep-nonDyck-4/distributions/bbaN_L128_T512_gaussian_greedy_sigma2.0.json
unconditional,baN,128,gaussian,categorical,50.0,,512,5,0.964,0.027276,1.0,0.0,0.964,0.027276,0.996,0.004899,500,0.943815,0.977109,488.956,510,False,8803.68,482,False,1.0,0.0,0.15848781923152674,200,6.589351607801793e-05,0.00013284181860449669,0.75,0.625,,,,,,,,,,results/T-sweep-nonDyck-4/distributions/baN_L128_T512_gaussian_categorical_sigma50.0.json
unconditional,baN,128,ar,categorical,,,130,5,1.0,0.0,1.0,0.0,1.0,0.0,1.0,0.0,500,0.992375,1.0,129.0,129,False,3751.67,500,False,1.0,0.0,0.15786497864242446,200,6.344775077723494e-05,0.00012790995139421848,0.75,0.625,,,,,,,,,,results/T-sweep-nonDyck-4/distributions/baN_L128_T130_ar_categorical_none.json
unconditional,bbaN,128,gaussian,greedy,256.0,,512,5,0.996,0.004899,1.0,0.0,0.994,0.008,0.994,0.008,500,0.982509,0.997957,505.196,510,False,452.23,497,False,0.8933601609657947,0.10663983903420526,0.19946947995843214,200,6.521739130434782e-05,8.790629189284223e-05,0.8,0.5,4.323436737978113,,3.8046880818694144,0.10673076923076923,,,,,,results/T-sweep-nonDyck-4/distributions/bbaN_L128_T512_gaussian_greedy_sigma256.0.json
unconditional,bbaN,128,gaussian,categorical,1.0,,1,5,0.492,0.060133,0.0,0.0,0.0,0.0,0.388,0.034871,500,-0.0,0.007625,1.0,1,False,3.27,0,True,,,,0,,,,,,,,,,,,,,results/T-sweep-nonDyck-4/distributions/bbaN_L128_T1_gaussian_categorical_sigma1.0.json
unconditional,bbaN,128,gaussian,categorical,2.0,,1,5,0.492,0.060133,0.0,0.0,0.0,0.0,0.386,0.032619,500,-0.0,0.007625,1.0,1,False,3.23,0,True,,,,0,,,,,,,,,,,,,,results/T-sweep-nonDyck-4/distributions/bbaN_L128_T1_gaussian_categorical_sigma2.0.json
unconditional,bbaN,128,gaussian,categorical,5.0,,1,5,0.492,0.060133,0.0,0.0,0.0,0.0,0.382,0.032496,500,-0.0,0.007625,1.0,1,False,3.24,0,True,,,,0,,,,,,,,,,,,,,results/T-sweep-nonDyck-4/distributions/bbaN_L128_T1_gaussian_categorical_sigma5.0.json
unconditional,bbaN,128,gaussian,categorical,10.0,,1,5,0.492,0.0598,0.0,0.0,0.0,0.0,0.354,0.040299,500,-0.0,0.007625,1.0,1,False,3.24,0,True,,,,0,,,,,,,,,,,,,,results/T-sweep-nonDyck-4/distributions/bbaN_L128_T1_gaussian_categorical_sigma10.0.json
unconditional,bbaN,128,gaussian,categorical,20.0,,1,5,0.494,0.058515,0.0,0.0,0.0,0.0,0.328,0.038678,500,-0.0,0.007625,1.0,1,False,3.23,0,True,,,,0,,,,,,,,,,,,,,results/T-sweep-nonDyck-4/distributions/bbaN_L128_T1_gaussian_categorical_sigma20.0.json
unconditional,bbaN,128,gaussian,categorical,50.0,,1,5,0.488,0.064931,0.0,0.0,0.0,0.0,0.268,0.034293,500,-0.0,0.007625,1.0,1,False,3.25,0,True,,,,0,,,,,,,,,,,,,,results/T-sweep-nonDyck-4/distributions/bbaN_L128_T1_gaussian_categorical_sigma50.0.json
unconditional,bbaN,128,gaussian,categorical,100.0,,1,5,0.48,0.057619,0.0,0.0,0.0,0.0,0.172,0.050359,500,-0.0,0.007625,1.0,1,False,3.26,0,True,,,,0,,,,,,,,,,,,,,results/T-sweep-nonDyck-4/distributions/bbaN_L128_T1_gaussian_categorical_sigma100.0.json
unconditional,bbaN,128,gaussian,categorical,256.0,,1,5,0.476,0.047582,0.0,0.0,0.0,0.0,0.06,0.016733,500,-0.0,0.007625,1.0,1,False,3.26,0,True,,,,0,,,,,,,,,,,,,,results/T-sweep-nonDyck-4/distributions/bbaN_L128_T1_gaussian_categorical_sigma256.0.json
unconditional,bbaN,128,gaussian,categorical,1.0,,2,5,0.61,0.032249,0.0,0.0,0.0,0.0,0.0,0.0,500,-0.0,0.007625,1.0,1,False,10.14,0,True,,,,0,,,,,,,,,,,,,,results/T-sweep-nonDyck-4/distributions/bbaN_L128_T2_gaussian_categorical_sigma1.0.json
unconditional,bbaN,128,gaussian,categorical,2.0,,2,5,0.602,0.026382,0.0,0.0,0.0,0.0,0.0,0.0,500,-0.0,0.007625,1.0,1,False,10.13,0,True,,,,0,,,,,,,,,,,,,,results/T-sweep-nonDyck-4/distributions/bbaN_L128_T2_gaussian_categorical_sigma2.0.json
unconditional,bbaN,128,gaussian,categorical,5.0,,2,5,0.582,0.019391,0.0,0.0,0.0,0.0,0.0,0.0,500,-0.0,0.007625,1.0,1,False,10.2,0,True,,,,0,,,,,,,,,,,,,,results/T-sweep-nonDyck-4/distributions/bbaN_L128_T2_gaussian_categorical_sigma5.0.json
unconditional,bbaN,128,gaussian,categorical,10.0,,2,5,0.592,0.031875,0.0,0.0,0.0,0.0,0.0,0.0,500,-0.0,0.007625,1.0,1,False,10.29,0,True,,,,0,,,,,,,,,,,,,,results/T-sweep-nonDyck-4/distributions/bbaN_L128_T2_gaussian_categorical_sigma10.0.json
unconditional,bbaN,128,gaussian,categorical,20.0,,2,5,0.518,0.03544,0.0,0.0,0.0,0.0,0.0,0.0,500,-0.0,0.007625,1.0,1,False,10.15,0,True,,,,0,,,,,,,,,,,,,,results/T-sweep-nonDyck-4/distributions/bbaN_L128_T2_gaussian_categorical_sigma20.0.json
unconditional,bbaN,128,gaussian,categorical,50.0,,2,5,0.536,0.028705,0.0,0.0,0.0,0.0,0.0,0.0,500,-0.0,0.007625,1.0,1,False,10.19,0,True,,,,0,,,,,,,,,,,,,,results/T-sweep-nonDyck-4/distributions/bbaN_L128_T2_gaussian_categorical_sigma50.0.json
unconditional,bbaN,128,gaussian,categorical,100.0,,2,5,0.532,0.064931,0.0,0.0,0.0,0.0,0.0,0.0,500,-0.0,0.007625,1.0,1,False,10.14,0,True,,,,0,,,,,,,,,,,,,,results/T-sweep-nonDyck-4/distributions/bbaN_L128_T2_gaussian_categorical_sigma100.0.json
unconditional,bbaN,128,gaussian,categorical,256.0,,2,5,0.488,0.047917,0.0,0.0,0.0,0.0,0.0,0.0,500,-0.0,0.007625,1.0,1,False,10.1,0,True,,,,0,,,,,,,,,,,,,,results/T-sweep-nonDyck-4/distributions/bbaN_L128_T2_gaussian_categorical_sigma256.0.json
unconditional,bbaN,128,gaussian,categorical,1.0,,4,5,0.738,0.061449,0.0,0.0,0.0,0.0,0.0,0.0,500,-0.0,0.007625,1.0,1,False,6.99,0,True,,,,0,,,,,,,,,,,,,,results/T-sweep-nonDyck-4/distributions/bbaN_L128_T4_gaussian_categorical_sigma1.0.json
unconditional,bbaN,128,gaussian,categorical,2.0,,4,5,0.708,0.050359,0.0,0.0,0.0,0.0,0.0,0.0,500,-0.0,0.007625,1.0,1,False,6.91,0,True,,,,0,,,,,,,,,,,,,,results/T-sweep-nonDyck-4/distributions/bbaN_L128_T4_gaussian_categorical_sigma2.0.json
unconditional,bbaN,128,gaussian,categorical,5.0,,4,5,0.696,0.052764,0.01,0.008944,0.0,0.0,0.0,0.0,500,-0.0,0.007625,1.01,2,False,6.63,0,True,,,,0,,,,,,,,,,,,,,results/T-sweep-nonDyck-4/distributions/bbaN_L128_T4_gaussian_categorical_sigma5.0.json
unconditional,bbaN,128,gaussian,categorical,10.0,,4,5,0.744,0.045869,0.026,0.014967,0.002,0.004,0.002,0.004,500,0.000353,0.011241,1.044,4,False,6.23,1,True,1.0,0.0,,1,0.04,0.041666666666666664,0.4,0.2,0.0,,0.0,0.0002403846153846154,,,,,,results/T-sweep-nonDyck-4/distributions/bbaN_L128_T4_gaussian_categorical_sigma10.0.json
unconditional,bbaN,128,gaussian,categorical,20.0,,4,5,0.666,0.048415,0.062,0.031241,0.002,0.004,0.002,0.004,500,0.000353,0.011241,1.098,4,False,5.93,1,True,1.0,0.0,,1,0.09090909090909091,0.09375,0.8,0.4,0.0,,0.0,0.0002403846153846154,,,,,,results/T-sweep-nonDyck-4/distributions/bbaN_L128_T4_gaussian_categorical_sigma20.0.json
unconditional,bbaN,128,gaussian,categorical,50.0,,4,5,0.558,0.065544,0.104,0.020591,0.006,0.008,0.006,0.008,500,0.002043,0.017491,1.14,5,False,5.78,3,True,,,,3,,,0.8,0.5,1.0986122886681096,,1.0986122886681096,0.0007211538461538462,,,,,,results/T-sweep-nonDyck-4/distributions/bbaN_L128_T4_gaussian_categorical_sigma50.0.json
unconditional,bbaN,128,gaussian,categorical,100.0,,4,5,0.548,0.032496,0.152,0.024819,0.004,0.004899,0.004,0.004899,500,0.001098,0.014466,1.09,5,False,5.62,2,True,,,,2,,,0.8,0.5,0.6931471805599453,,0.6931471805599453,0.0004807692307692308,,,,,,results/T-sweep-nonDyck-4/distributions/bbaN_L128_T4_gaussian_categorical_sigma100.0.json
unconditional,bbaN,128,gaussian,categorical,256.0,,4,5,0.526,0.046733,0.138,0.027857,0.008,0.004,0.008,0.004,500,0.003115,0.020387,1.044,5,False,5.62,4,True,,,,4,,,0.8,0.5,1.3862943611198906,,1.3862943611198906,0.0009615384615384616,,,,,,results/T-sweep-nonDyck-4/distributions/bbaN_L128_T4_gaussian_categorical_sigma256.0.json
unconditional,bbaN,128,gaussian,categorical,1.0,,8,5,0.788,0.017205,0.084,0.013565,0.002,0.004,0.002,0.004,500,0.000353,0.011241,1.376,8,False,6.24,1,True,1.0,0.0,,1,0.06666666666666667,0.09090909090909091,0.8,0.5,0.0,,0.0,0.0002403846153846154,,,,,,results/T-sweep-nonDyck-4/distributions/bbaN_L128_T8_gaussian_categorical_sigma1.0.json
unconditional,bbaN,128,gaussian,categorical,2.0,,8,5,0.808,0.024819,0.114,0.020591,0.006,0.008,0.006,0.008,500,0.002043,0.017491,1.51,8,False,6.45,3,True,,,,3,,,0.8,0.5,0.6365141682948128,,1.0986122886681096,0.0007211538461538462,,,,,,results/T-sweep-nonDyck-4/distributions/bbaN_L128_T8_gaussian_categorical_sigma2.0.json
unconditional,bbaN,128,gaussian,categorical,5.0,,8,5,0.764,0.027276,0.158,0.030594,0.014,0.004899,0.014,0.004899,500,0.006798,0.028613,1.89,8,False,7.25,7,False,1.0,0.0,0.19111969111969113,7,0.011904761904761904,0.0163265306122449,0.8,0.5,1.7478680974667573,,1.7478680974667573,0.0016826923076923078,,,,,,results/T-sweep-nonDyck-4/distributions/bbaN_L128_T8_gaussian_categorical_sigma5.0.json
unconditional,bbaN,128,gaussian,categorical,10.0,,8,5,0.722,0.038678,0.186,0.058856,0.014,0.010198,0.014,0.010198,500,0.006798,0.028613,2.302,9,False,8.16,7,False,1.0,0.0,0.29051383399209485,7,0.012195121951219513,0.016736401673640166,0.8,0.5,1.945910149055313,,1.15374194270109,0.0016826923076923078,,,,,,results/T-sweep-nonDyck-4/distributions/bbaN_L128_T8_gaussian_categorical_sigma10.0.json
unconditional,bbaN,128,gaussian,categorical,20.0,,8,5,0.684,0.051614,0.214,0.041761,0.038,0.007483,0.038,0.007483,500,0.02446,0.058585,2.698,9,False,8.49,19,False,1.0,0.0,0.36804763714683897,19,0.0034965034965034965,0.004767580452920143,0.8,0.5,2.798513256943294,,2.40615957539782,0.0045673076923076926,,,,,,results/T-sweep-nonDyck-4/distributions/bbaN_L128_T8_gaussian_categorical_sigma20.0.json
unconditional,bbaN,128,gaussian,categorical,50.0,,8,5,0.64,0.043359,0.416,0.034986,0.092,0.029257,0.092,0.029257,500,0.069682,0.120539,3.002,9,False,7.88,46,False,0.9565217391304348,0.04347826086956519,0.34430505774591796,46,0.0009085402786190188,0.0012285012285012285,0.8,0.5,3.4857612635307595,,3.071232503050594,0.010576923076923078,,,,,,results/T-sweep-nonDyck-4/distributions/bbaN_L128_T8_gaussian_categorical_sigma50.0.json
unconditional,bbaN,128,gaussian,categorical,100.0,,8,5,0.614,0.050833,0.468,0.042615,0.114,0.021541,0.114,0.021541,500,0.089036,0.14485,2.886,9,False,7.09,57,False,1.0,0.0,0.295730231498619,57,0.0006048387096774194,0.0008158270446665307,0.8,0.5,3.6598773782849485,,3.3983082572546333,0.013701923076923077,,,,,,results/T-sweep-nonDyck-4/distributions/bbaN_L128_T8_gaussian_categorical_sigma100.0.json
unconditional,bbaN,128,gaussian,categorical,256.0,,8,5,0.612,0.031875,0.474,0.039294,0.11,0.022804,0.11,0.022804,500,0.085491,0.140456,2.576,9,False,6.34,55,False,1.0,0.0,0.29286223036223036,55,0.0006955715279387897,0.0009394081728511038,0.8,0.5,3.6544582569474082,,3.423016060778413,0.013221153846153846,,,,,,results/T-sweep-nonDyck-4/distributions/bbaN_L128_T8_gaussian_categorical_sigma256.0.json
unconditional,bbaN,128,gaussian,categorical,1.0,,16,5,0.794,0.040792,0.258,0.023152,0.014,0.008,0.014,0.008,500,0.006798,0.028613,3.58,16,False,9.9,7,False,1.0,0.0,0.4945945945945946,7,0.016853932584269662,0.023391812865497075,0.8,0.5,1.945910149055313,,1.277034259466139,0.0016826923076923078,,,,,,results/T-sweep-nonDyck-4/distributions/bbaN_L128_T16_gaussian_categorical_sigma1.0.json
unconditional,bbaN,128,gaussian,categorical,2.0,,16,5,0.8,0.026833,0.292,0.046648,0.02,0.008944,0.02,0.008944,500,0.010899,0.036421,3.914,16,False,10.55,10,False,1.0,0.0,0.4020434227330779,10,0.007058823529411765,0.00963855421686747,0.8,0.5,2.0253262207700673,,2.3025850929940455,0.002403846153846154,,,,,,results/T-sweep-nonDyck-4/distributions/bbaN_L128_T16_gaussian_categorical_sigma2.0.json
unconditional,bbaN,128,gaussian,categorical,5.0,,16,5,0.788,0.057061,0.312,0.039699,0.056,0.014967,0.056,0.014967,500,0.039025,0.079745,5.062,16,False,12.47,28,False,0.9642857142857143,0.0357142857142857,0.35129443825096,28,0.002044989775051125,0.002779708130646282,0.8,0.5,2.750214000894922,,2.6487207797777175,0.006490384615384616,,,,,,results/T-sweep-nonDyck-4/distributions/bbaN_L128_T16_gaussian_categorical_sigma5.0.json
unconditional,bbaN,128,gaussian,categorical,10.0,,16,5,0.7,0.012649,0.4,0.0498,0.082,0.023152,0.082,0.023152,500,0.061019,0.109355,6.064,17,False,13.54,41,False,1.0,0.0,0.37307545731707314,41,0.0011614401858304297,0.0015735641227380016,0.8,0.5,3.430313456150073,,3.0515106866800332,0.00985576923076923,,,,,,results/T-sweep-nonDyck-4/distributions/bbaN_L128_T16_gaussian_categorical_sigma10.0.json
unconditional,bbaN,128,gaussian,categorical,20.0,,16,5,0.74,0.060332,0.516,0.04128,0.204,0.010198,0.204,0.010198,500,0.170998,0.241516,7.488,17,False,14.47,102,False,0.9901960784313726,0.009803921568627416,0.3161622397441007,102,0.0004,0.0005406866720735334,0.8,0.5,4.031149016408685,,3.643166107300804,0.024278846153846154,,,,,,results/T-sweep-nonDyck-4/distributions/bbaN_L128_T16_gaussian_categorical_sigma20.0.json
unconditional,bbaN,128,gaussian,categorical,50.0,,16,5,0.686,0.013565,0.634,0.048415,0.294,0.05004,0.294,0.05004,500,0.255758,0.335384,8.394,17,False,13.45,147,False,0.9795918367346939,0.020408163265306145,0.31030952386378396,147,0.0002526315789473684,0.00034106412005457026,0.8,0.5,4.218004752253762,,3.6905040236449866,0.03461538461538462,,,,,,results/T-sweep-nonDyck-4/distributions/bbaN_L128_T16_gaussian_categorical_sigma50.0.json
unconditional,bbaN,128,gaussian,categorical,100.0,,16,5,0.742,0.039699,0.68,0.071274,0.378,0.042615,0.378,0.042615,500,0.33658,0.42128,9.222,17,False,12.76,189,False,0.9841269841269841,0.015873015873015928,0.30504194505073395,189,0.00019821605550049553,0.00026763013515321824,0.8,0.5,4.309880427773064,,3.6849527283759644,0.04471153846153846,,,,,,results/T-sweep-nonDyck-4/distributions/bbaN_L128_T16_gaussian_categorical_sigma100.0.json
unconditional,bbaN,128,gaussian,categorical,256.0,,16,5,0.668,0.064312,0.644,0.066513,0.308,0.034293,0.308,0.034293,500,0.269125,0.349803,7.99,17,False,11.03,154,False,0.987012987012987,0.012987012987012991,0.30257857616751477,154,0.00023728545440164517,0.0003202818480262631,0.8,0.5,4.1553875842872285,,3.7524359794287365,0.03653846153846154,,,,,,results/T-sweep-nonDyck-4/distributions/bbaN_L128_T16_gaussian_categorical_sigma256.0.json
unconditional,bbaN,128,gaussian,categorical,1.0,,32,5,0.762,0.030594,0.42,0.024495,0.052,0.013266,0.052,0.013266,500,0.03573,0.075102,10.402,32,False,21.08,26,False,1.0,0.0,0.36715497301464917,26,0.0023603461841070024,0.00321285140562249,0.8,0.5,2.7047814705228883,,2.8647385121905677,0.00625,,,,,,results/T-sweep-nonDyck-4/distributions/bbaN_L128_T32_gaussian_categorical_sigma1.0.json
unconditional,bbaN,128,gaussian,categorical,2.0,,32,5,0.8,0.02,0.458,0.044452,0.1,0.017889,0.1,0.017889,500,0.076677,0.129423,11.906,32,False,22.56,50,False,0.98,0.020000000000000018,0.34793995806641176,50,0.0010857763300760044,0.001474382602285293,0.8,0.5,3.2483442427780993,,3.1770159733670367,0.011778846153846154,,,,,,results/T-sweep-nonDyck-4/distributions/bbaN_L128_T32_gaussian_categorical_sigma2.0.json
unconditional,bbaN,128,gaussian,categorical,5.0,,32,5,0.786,0.023324,0.538,0.034871,0.208,0.039192,0.208,0.039192,500,0.174716,0.245737,15.444,33,False,27.18,104,False,0.9903846153846154,0.009615384615384581,0.34775118915749004,104,0.0004256526674233825,0.000576036866359447,0.8,0.5,3.838648270807174,,3.6740043251673953,0.024759615384615383,,,,,,results/T-sweep-nonDyck-4/distributions/bbaN_L128_T32_gaussian_categorical_sigma5.0.json
unconditional,bbaN,128,gaussian,categorical,10.0,,32,5,0.8,0.037417,0.626,0.024166,0.322,0.029257,0.322,0.029257,500,0.282535,0.364179,18.602,33,False,30.71,161,False,0.968944099378882,0.03105590062111796,0.3341224222517878,161,0.00025284450063211124,0.0003417634996582365,0.8,0.5,4.1643534803339195,,3.63590907371727,0.0375,,,,,,results/T-sweep-nonDyck-4/distributions/bbaN_L128_T32_gaussian_categorical_sigma10.0.json
unconditional,bbaN,128,gaussian,categorical,20.0,,32,5,0.804,0.048826,0.736,0.034409,0.482,0.061123,0.482,0.061123,500,0.438506,0.525769,21.228,33,False,31.94,241,False,0.966804979253112,0.03319502074688796,0.3195359104554872,200,0.00015594947237095182,0.0002105706464518846,0.8,0.5,4.256144040437653,,3.7784480532015494,0.05600961538461539,,,,,,results/T-sweep-nonDyck-4/distributions/bbaN_L128_T32_gaussian_categorical_sigma20.0.json
unconditional,bbaN,128,gaussian,categorical,50.0,,32,5,0.792,0.021354,0.736,0.065299,0.502,0.051923,0.502,0.051923,500,0.458326,0.545644,20.794,33,False,28.07,251,False,0.9681274900398407,0.031872509960159334,0.3063869860016265,200,0.0001426126640045636,0.00019244647582391147,0.8,0.5,4.368702466241084,,3.8277259216026227,0.05841346153846154,,,,,,results/T-sweep-nonDyck-4/distributions/bbaN_L128_T32_gaussian_categorical_sigma50.0.json
unconditional,bbaN,128,gaussian,categorical,100.0,,32,5,0.81,0.030332,0.802,0.041183,0.596,0.008,0.596,0.008,500,0.552415,0.638122,22.938,33,False,27.22,298,False,0.9765100671140939,0.023489932885906062,0.28834751125449903,200,0.00011683152893527533,0.00015760441292356187,0.8,0.5,4.456232883486922,,3.8716750391336046,0.06995192307692308,,,,,,results/T-sweep-nonDyck-4/distributions/bbaN_L128_T32_gaussian_categorical_sigma100.0.json
unconditional,baN,128,gaussian,greedy,50.0,,1024,5,0.922,0.013266,1.0,0.0,0.922,0.013266,1.0,0.0,500,0.895146,0.942419,976.732,1018,False,17309.85,461,False,0.16052060737527116,0.8394793926247288,0.007596184045226131,200,5.124088339282969e-05,6.886340942740075e-05,0.75,0.625,,,,,,,,,,results/T-sweep-nonDyck-4/distributions/baN_L128_T1024_gaussian_greedy_sigma50.0.json
unconditional,bbaN,128,gaussian,categorical,256.0,,32,5,0.806,0.041761,0.806,0.025768,0.618,0.052688,0.618,0.052688,500,0.574664,0.659536,23.384,33,False,25.83,309,False,0.9514563106796117,0.04854368932038833,0.28811984773452914,200,0.00011119759813188036,0.00014998125234345707,0.8,0.5,4.473234691301272,,3.820146457786395,0.07067307692307692,,,,,,results/T-sweep-nonDyck-4/distributions/bbaN_L128_T32_gaussian_categorical_sigma256.0.json
unconditional,bbaN,128,gaussian,categorical,1.0,,64,5,0.714,0.0602,0.634,0.030067,0.192,0.041183,0.192,0.041183,500,0.159876,0.228821,33.046,64,False,51.76,96,False,0.9791666666666666,0.02083333333333337,0.3342757965940782,96,0.00042857142857142855,0.0005793742757821553,0.8,0.5,3.8233363786917565,,3.6869174106746496,0.022596153846153846,,,,,,results/T-sweep-nonDyck-4/distributions/bbaN_L128_T64_gaussian_categorical_sigma1.0.json
unconditional,bbaN,128,gaussian,categorical,2.0,,64,5,0.79,0.034059,0.638,0.088408,0.256,0.028,0.258,0.029257,500,0.219707,0.296014,37.094,65,False,60.0,128,False,0.9921875,0.0078125,0.3204111441523462,128,0.0003321891263425977,0.00044928675727282937,0.8,0.5,3.8858500239426936,,3.7567921976745153,0.030528846153846153,,,,,,results/T-sweep-nonDyck-4/distributions/bbaN_L128_T64_gaussian_categorical_sigma2.0.json
unconditional,bbaN,128,gaussian,greedy,1.0,,1024,5,0.982,0.009798,1.0,0.0,0.982,0.009798,0.982,0.009798,500,0.966148,0.990502,996.214,1018,False,987.67,491,False,0.026476578411405296,0.9735234215885947,0.00700452983199947,200,4.8203612057330165e-05,6.47825734877318e-05,0.8,0.5,1.518023316916417,,1.0744533245838215,0.003125,,,,,,results/T-sweep-nonDyck-4/distributions/bbaN_L128_T1024_gaussian_greedy_sigma1.0.json
unconditional,bbaN,128,gaussian,greedy,256.0,,1024,5,0.996,0.004899,1.0,0.0,0.994,0.004899,0.994,0.004899,500,0.982509,0.997957,1008.382,1018,False,732.01,497,False,0.9114688128772636,0.08853118712273644,0.19412850924128877,200,6.60763843002511e-05,8.907694020710389e-05,0.8,0.5,4.309828610223275,,3.7889088787921876,0.10889423076923077,,,,,,results/T-sweep-nonDyck-4/distributions/bbaN_L128_T1024_gaussian_greedy_sigma256.0.json
unconditional,bbaN,128,gaussian,categorical,5.0,,64,5,0.828,0.011662,0.734,0.023324,0.46,0.018974,0.46,0.018974,500,0.416784,0.503826,43.648,65,False,65.88,230,False,0.9739130434782609,0.02608695652173909,0.31915504043738613,200,0.00016542597187758478,0.0002234012845573862,0.8,0.5,4.31819297236956,,3.88043119684311,0.05384615384615385,,,,,,results/T-sweep-nonDyck-4/distributions/bbaN_L128_T64_gaussian_categorical_sigma5.0.json
unconditional,bbaN,128,gaussian,categorical,20.0,,64,5,0.886,0.025768,0.864,0.017436,0.696,0.036111,0.696,0.036111,500,0.654313,0.734699,50.158,65,False,41.96,348,False,0.9626436781609196,0.03735632183908044,0.32054854983216285,200,0.00010700527892709374,0.0001444669170759896,0.8,0.5,4.442542425599167,,3.880799996263583,0.08052884615384616,,,,,,results/T-sweep-nonDyck-4/distributions/bbaN_L128_T64_gaussian_categorical_sigma20.0.json
unconditional,bbaN,128,gaussian,categorical,10.0,,64,5,0.814,0.039294,0.798,0.024819,0.544,0.037202,0.544,0.037202,500,0.500173,0.587156,46.142,65,False,68.22,272,False,0.9816176470588235,0.018382352941176516,0.29596793204894745,200,0.00013500135001350013,0.00018223234624145787,0.8,0.5,4.392109463863218,,3.8294917592737914,0.0641826923076923,,,,,,results/T-sweep-nonDyck-4/distributions/bbaN_L128_T64_gaussian_categorical_sigma10.0.json
unconditional,bbaN,128,gaussian,categorical,50.0,,64,5,0.886,0.039799,0.886,0.012,0.736,0.032619,0.736,0.032619,500,0.695668,0.772733,51.412,65,False,56.33,368,False,0.9565217391304348,0.04347826086956519,0.3049497606969194,200,9.908511411302309e-05,0.00013373900832525326,0.8,0.5,4.42760862466083,,3.8815346076202766,0.08461538461538462,,,,,,results/T-sweep-nonDyck-4/distributions/bbaN_L128_T64_gaussian_categorical_sigma50.0.json
unconditional,bbaN,128,gaussian,categorical,256.0,,64,5,0.898,0.019391,0.882,0.020396,0.774,0.032619,0.776,0.030725,500,0.735331,0.808491,53.77,65,False,33.78,387,False,0.9483204134366925,0.05167958656330751,0.2888128907000953,200,9.25240562546262e-05,0.0001248556356712551,0.8,0.5,4.468443906355027,,3.863258545178515,0.08822115384615385,,,,,,results/T-sweep-nonDyck-4/distributions/bbaN_L128_T64_gaussian_categorical_sigma256.0.json
unconditional,bbaN,128,gaussian,categorical,100.0,,64,5,0.91,0.006325,0.906,0.004899,0.794,0.010198,0.794,0.010198,500,0.756373,0.827144,54.164,65,False,59.21,397,False,0.9521410579345088,0.04785894206549124,0.2959703998035718,200,9.249267766301835e-05,0.00012485173856045944,0.8,0.5,4.511487082958982,,3.8217537283527467,0.09086538461538461,,,,,,results/T-sweep-nonDyck-4/distributions/bbaN_L128_T64_gaussian_categorical_sigma100.0.json
unconditional,bbaN,128,gaussian,categorical,1.0,,128,5,0.712,0.03544,0.792,0.040694,0.438,0.042143,0.438,0.042143,500,0.395148,0.481798,89.336,128,False,129.84,219,False,0.9726027397260274,0.0273972602739726,0.31313359116477435,200,0.000178359096313912,0.00024094934040118065,0.8,0.5,4.2350490317564295,,3.772779829878765,0.051201923076923075,,,,,,results/T-sweep-nonDyck-4/distributions/bbaN_L128_T128_gaussian_categorical_sigma1.0.json
unconditional,bbaN,128,gaussian,categorical,2.0,,128,5,0.808,0.025612,0.774,0.054259,0.49,0.076158,0.49,0.076158,500,0.446425,0.533727,91.79,128,False,129.85,245,False,0.963265306122449,0.03673469387755102,0.31805790993542243,200,0.000160926939169617,0.00021742675436212425,0.8,0.5,4.279556088707152,,3.829632628405712,0.05673076923076923,,,,,,results/T-sweep-nonDyck-4/distributions/bbaN_L128_T128_gaussian_categorical_sigma2.0.json
unconditional,bbaN,128,gaussian,categorical,5.0,,128,5,0.868,0.036551,0.85,0.032863,0.632,0.017205,0.632,0.017205,500,0.588871,0.673116,99.714,129,False,135.66,316,False,0.9620253164556962,0.03797468354430378,0.32798117315428865,200,0.0001225940909648155,0.00016559718484785758,0.8,0.5,4.352578787607424,,3.852658613077385,0.07307692307692308,,,,,,results/T-sweep-nonDyck-4/distributions/bbaN_L128_T128_gaussian_categorical_sigma5.0.json
unconditional,bbaN,128,gaussian,categorical,10.0,,128,5,0.892,0.027857,0.892,0.024,0.718,0.041183,0.718,0.041183,500,0.677011,0.755664,102.73,129,False,142.02,359,False,0.9498607242339833,0.05013927576601673,0.30339925786122285,200,0.00010475591870940707,0.00014144771738746066,0.8,0.5,4.418077163691433,,3.871760581353422,0.08197115384615385,,,,,,results/T-sweep-nonDyck-4/distributions/bbaN_L128_T128_gaussian_categorical_sigma10.0.json
unconditional,bbaN,128,gaussian,greedy,100.0,,1024,5,1.0,0.0,1.0,0.0,0.998,0.004,0.998,0.004,500,0.988759,0.999647,995.57,1018,False,1003.92,499,False,0.9118236472945892,0.0881763527054108,0.17829104905078835,200,6.0906285528666556e-05,8.203950202022273e-05,0.8,0.5,4.361347254826387,,3.7869197357539983,0.109375,,,,,,results/T-sweep-nonDyck-4/distributions/bbaN_L128_T1024_gaussian_greedy_sigma100.0.json
unconditional,bbaN,128,gaussian,greedy,50.0,,1024,5,0.996,0.004899,1.0,0.0,0.994,0.008,0.994,0.008,500,0.982509,0.997957,973.382,1018,False,1081.45,497,False,0.8531187122736419,0.1468812877263581,0.16041320032861525,200,5.6104129263913826e-05,7.550731477111845e-05,0.8,0.5,4.458343585912119,,3.7794614690282438,0.10192307692307692,,,,,,results/T-sweep-nonDyck-4/distributions/bbaN_L128_T1024_gaussian_greedy_sigma50.0.json
unconditional,bbaN,128,gaussian,categorical,100.0,,128,5,0.952,0.014697,0.948,0.025612,0.89,0.024495,0.89,0.024495,500,0.859544,0.914509,116.572,129,False,117.39,445,False,0.950561797752809,0.04943820224719098,0.28889783085853327,200,7.901182543654033e-05,0.00010659844366272253,0.8,0.5,4.5230219805036045,,3.9132419686995066,0.10168269230769231,,,,,,results/T-sweep-nonDyck-4/distributions/bbaN_L128_T128_gaussian_categorical_sigma100.0.json
unconditional,bbaN,128,gaussian,categorical,20.0,,128,5,0.936,0.020591,0.93,0.006325,0.842,0.024819,0.842,0.024819,500,0.807437,0.871348,110.624,129,False,142.59,421,False,0.9596199524940617,0.040380047505938266,0.2822649478434067,200,8.659508139937652e-05,0.0001168804605090144,0.8,0.5,4.473285378769358,,3.9192120736730116,0.09711538461538462,,,,,,results/T-sweep-nonDyck-4/distributions/bbaN_L128_T128_gaussian_categorical_sigma20.0.json
unconditional,bbaN,128,gaussian,categorical,50.0,,128,5,0.944,0.028,0.944,0.014967,0.856,0.020591,0.856,0.020591,500,0.822509,0.884062,111.944,129,False,125.18,428,False,0.9509345794392523,0.0490654205607477,0.3012458455651725,200,8.177506405713351e-05,0.00011032048099729714,0.8,0.5,4.491874154592903,,3.910525755534767,0.09783653846153846,,,,,,results/T-sweep-nonDyck-4/distributions/bbaN_L128_T128_gaussian_categorical_sigma50.0.json
unconditional,bbaN,128,gaussian,categorical,256.0,,128,5,0.95,0.014142,0.952,0.011662,0.892,0.011662,0.892,0.011662,500,0.861745,0.916278,117.968,129,False,111.22,446,False,0.9417040358744395,0.058295964125560484,0.30451336060867684,200,8.097165991902834e-05,0.00010927767457108513,0.8,0.5,4.45793272623647,,3.8968929392588936,0.10096153846153846,,,,,,results/T-sweep-nonDyck-4/distributions/bbaN_L128_T128_gaussian_categorical_sigma256.0.json
unconditional,bbaN,128,gaussian,greedy,10.0,,1024,5,0.998,0.004,1.0,0.0,0.994,0.004899,0.994,0.004899,500,0.982509,0.997957,962.248,1018,False,1210.42,497,False,0.39436619718309857,0.6056338028169015,0.05937038669869186,200,4.915534728252855e-05,6.60785674166584e-05,0.8,0.5,3.584466817609389,,2.92794354281648,0.047115384615384615,,,,,,results/T-sweep-nonDyck-4/distributions/bbaN_L128_T1024_gaussian_greedy_sigma10.0.json
unconditional,bbaN,128,gaussian,greedy,20.0,,1024,5,0.998,0.004,1.0,0.0,0.994,0.004899,0.994,0.004899,500,0.982509,0.997957,954.91,1018,False,1262.19,497,False,0.682092555331992,0.317907444668008,0.1015064828761777,200,5.0955414012738855e-05,6.851896262290589e-05,0.8,0.5,4.14187173150074,,3.38935454638035,0.08149038461538462,,,,,,results/T-sweep-nonDyck-4/distributions/bbaN_L128_T1024_gaussian_greedy_sigma20.0.json
unconditional,bbaN,128,gaussian,categorical,1.0,,256,5,0.84,0.016733,0.878,0.031241,0.666,0.05678,0.666,0.05678,500,0.623532,0.705937,209.984,255,False,215.78,333,False,0.960960960960961,0.03903903903903905,0.30814768981474583,200,0.00011219986536016157,0.00015148646089755728,0.8,0.5,4.393005239735086,,3.8576948606854784,0.07692307692307693,,,,,,results/T-sweep-nonDyck-4/distributions/bbaN_L128_T256_gaussian_categorical_sigma1.0.json
unconditional,bbaN,128,gaussian,categorical,10.0,,256,5,0.962,0.014697,0.956,0.008,0.868,0.027857,0.868,0.027857,500,0.835505,0.894884,225.972,256,False,196.34,434,False,0.9377880184331797,0.062211981566820285,0.32792345068883916,200,8.419162012740999e-05,0.00011363636363636364,0.8,0.5,4.491596093031552,,3.9106586872421536,0.09783653846153846,,,,,,results/T-sweep-nonDyck-4/distributions/bbaN_L128_T256_gaussian_categorical_sigma10.0.json
unconditional,bbaN,128,gaussian,greedy,2.0,,1024,5,0.992,0.007483,1.0,0.0,0.99,0.006325,0.99,0.006325,500,0.976807,0.995721,987.41,1018,False,1430.03,495,False,0.052525252525252523,0.9474747474747475,0.013684467508699834,200,4.792332268370607e-05,6.440705257225666e-05,0.8,0.5,2.276603797122504,,1.6663966517459778,0.00625,,,,,,results/T-sweep-nonDyck-4/distributions/bbaN_L128_T1024_gaussian_greedy_sigma2.0.json
unconditional,bbaN,128,gaussian,categorical,100.0,,256,5,0.97,0.012649,0.96,0.021909,0.92,0.027568,0.92,0.027568,500,0.892893,0.940702,236.236,256,False,173.66,460,False,0.9565217391304348,0.04347826086956519,0.3010801652427371,200,7.698822080221726e-05,0.00010387721712935311,0.8,0.5,4.506660534411958,,3.9528291021577586,0.10576923076923077,,,,,,results/T-sweep-nonDyck-4/distributions/bbaN_L128_T256_gaussian_categorical_sigma100.0.json
unconditional,bbaN,128,gaussian,categorical,2.0,,256,5,0.896,0.032,0.87,0.026077,0.718,0.047917,0.718,0.047917,500,0.677011,0.755664,212.34,256,False,283.73,359,False,0.9554317548746518,0.04456824512534818,0.3130726767504336,200,0.00010360904852357106,0.00013987970345502866,0.8,0.5,4.397448320816835,,3.8933346339954613,0.08245192307692308,,,,,,results/T-sweep-nonDyck-4/distributions/bbaN_L128_T256_gaussian_categorical_sigma2.0.json
unconditional,bbaN,128,gaussian,greedy,5.0,,1024,5,0.996,0.004899,1.0,0.0,0.994,0.008,0.994,0.008,500,0.982509,0.997957,972.234,1018,False,1450.24,497,False,0.1710261569416499,0.8289738430583501,0.029877878269682936,200,4.8163370151554074e-05,6.47343464258549e-05,0.8,0.5,2.9559850502929432,,2.332198183577113,0.020432692307692308,,,,,,results/T-sweep-nonDyck-4/distributions/bbaN_L128_T1024_gaussian_greedy_sigma5.0.json
unconditional,bbaN,128,gaussian,categorical,20.0,,256,5,0.944,0.025768,0.932,0.013266,0.874,0.010198,0.874,0.010198,500,0.842032,0.900265,225.266,256,False,273.53,437,False,0.9519450800915332,0.048054919908466776,0.3116178186426645,200,8.259002312520647e-05,0.00011146097472622398,0.8,0.5,4.512789337537221,,3.907972832294796,0.1,,,,,,results/T-sweep-nonDyck-4/distributions/bbaN_L128_T256_gaussian_categorical_sigma20.0.json
unconditional,bbaN,128,gaussian,categorical,50.0,,256,5,0.988,0.007483,0.974,0.013565,0.962,0.017205,0.962,0.017205,500,0.941415,0.97554,239.636,256,False,264.28,481,False,0.9459459459459459,0.05405405405405406,0.2944797852900868,200,7.415463713664228e-05,0.00010006253908692933,0.8,0.5,4.503098174001548,,3.8866237038924663,0.109375,,,,,,results/T-sweep-nonDyck-4/distributions/bbaN_L128_T256_gaussian_categorical_sigma50.0.json
unconditional,bbaN,128,gaussian,categorical,5.0,,256,5,0.95,0.022804,0.932,0.022271,0.82,0.041952,0.82,0.041952,500,0.783925,0.851196,222.576,256,False,283.83,410,False,0.9560975609756097,0.04390243902439028,0.31698702113914634,200,9.215174320380894e-05,0.0001244322777328439,0.8,0.5,4.417838508221574,,3.881042123751711,0.09423076923076923,,,,,,results/T-sweep-nonDyck-4/distributions/bbaN_L128_T256_gaussian_categorical_sigma5.0.json
unconditional,bbaN,128,gaussian,categorical,256.0,,256,5,0.982,0.011662,0.98,0.014142,0.96,0.021909,0.96,0.021909,500,0.939026,0.973959,246.548,256,False,222.55,480,False,0.9395833333333333,0.060416666666666674,0.29302791188265737,200,7.321358844201483e-05,9.877518767285657e-05,0.8,0.5,4.590038886731135,,3.900492786506452,0.10841346153846154,,,,,,results/T-sweep-nonDyck-4/distributions/bbaN_L128_T256_gaussian_categorical_sigma256.0.json
unconditional,bbaN,128,gaussian,categorical,1.0,,512,5,0.914,0.027276,0.922,0.017205,0.824,0.023324,0.824,0.023324,500,0.788185,0.854874,453.038,510,False,415.71,412,False,0.9466019417475728,0.05339805825242716,0.3047747452324924,200,8.990919171636647e-05,0.00012137395314965408,0.8,0.5,4.490569785892609,,3.846624081587516,0.09375,,,,,,results/T-sweep-nonDyck-4/distributions/bbaN_L128_T512_gaussian_categorical_sigma1.0.json
unconditional,bbaN,128,gaussian,categorical,2.0,,512,5,0.93,0.010954,0.93,0.026077,0.83,0.021909,0.83,0.021909,500,0.794588,0.86038,454.298,510,False,455.25,415,False,0.944578313253012,0.055421686746988,0.31343734233264503,200,8.742022904100009e-05,0.0001179871394018052,0.8,0.5,4.476769944933402,,3.922297823164437,0.09423076923076923,,,,,,results/T-sweep-nonDyck-4/distributions/bbaN_L128_T512_gaussian_categorical_sigma2.0.json
unconditional,bbaN,128,gaussian,categorical,10.0,,512,5,0.976,0.008,0.966,0.014967,0.93,0.027568,0.93,0.027568,500,0.904202,0.949241,465.314,510,False,453.9,465,False,0.9505376344086022,0.04946236559139783,0.2852803277356761,200,7.539203860072376e-05,0.00010171129249624939,0.8,0.5,4.521635198468212,,3.90527170629253,0.10625,,,,,,results/T-sweep-nonDyck-4/distributions/bbaN_L128_T512_gaussian_categorical_sigma10.0.json
unconditional,bbaN,128,gaussian,categorical,100.0,,512,5,0.98,0.010954,0.994,0.008,0.974,0.016248,0.974,0.016248,500,0.956028,0.984744,490.032,510,False,463.56,487,False,0.9486652977412731,0.05133470225872694,0.29548558085830195,200,7.184596225692116e-05,9.692505270299741e-05,0.8,0.5,4.500424579866162,,3.9727395064187196,0.1110576923076923,,,,,,results/T-sweep-nonDyck-4/distributions/bbaN_L128_T512_gaussian_categorical_sigma100.0.json
unconditional,bbaN,128,gaussian,categorical,256.0,,512,5,0.988,0.007483,0.984,0.012,0.968,0.019391,0.968,0.019391,500,0.948655,0.980209,495.456,510,False,475.34,484,False,0.9566115702479339,0.04338842975206614,0.30392032477078995,200,7.370826269624825e-05,9.946042718253475e-05,0.8,0.5,4.5252112572558305,,3.875829101458428,0.11129807692307692,,,,,,results/T-sweep-nonDyck-4/distributions/bbaN_L128_T512_gaussian_categorical_sigma256.0.json
unconditional,bbaN,128,gaussian,categorical,50.0,,512,5,0.984,0.010198,0.984,0.013565,0.962,0.013266,0.962,0.013266,500,0.941415,0.97554,475.672,510,False,495.07,481,False,0.9459459459459459,0.05405405405405406,0.2826829055545453,200,7.399916134283812e-05,9.985022466300549e-05,0.8,0.5,4.546302932917159,,3.8674599320252554,0.109375,,,,,,results/T-sweep-nonDyck-4/distributions/bbaN_L128_T512_gaussian_categorical_sigma50.0.json
unconditional,bbaN,128,gaussian,categorical,5.0,,512,5,0.962,0.014697,0.962,0.014697,0.908,0.023152,0.908,0.023152,500,0.879461,0.930318,462.078,510,False,575.73,454,False,0.947136563876652,0.052863436123347984,0.31913933909960557,200,7.984031936127745e-05,0.00010775281504229298,0.8,0.5,4.4757105936340675,,3.9233319250511927,0.10336538461538461,,,,,,results/T-sweep-nonDyck-4/distributions/bbaN_L128_T512_gaussian_categorical_sigma5.0.json
unconditional,bbaN,128,gaussian,categorical,20.0,,512,5,0.978,0.011662,0.98,0.010954,0.954,0.016248,0.954,0.016248,500,0.931922,0.969155,466.422,510,False,565.08,477,False,0.960167714884696,0.03983228511530401,0.2957505697299085,200,7.346818827447715e-05,9.91129391942118e-05,0.8,0.5,4.519758872966981,,3.92832279688358,0.11009615384615384,,,,,,results/T-sweep-nonDyck-4/distributions/bbaN_L128_T512_gaussian_categorical_sigma20.0.json
unconditional,bbaN,128,ar,greedy,,,130,1,1.0,0.0,1.0,0.0,1.0,0.0,1.0,0.0,100,0.963005,1.0,129.0,129,True,30.88,100,False,0.01,0.99,0.0,100,7.874015748031496e-05,7.936507936507937e-05,0.4,0.2,0.0,,0.0,0.0002403846153846154,,,,,,results/T-sweep-nonDyck-4/distributions/bbaN_L128_T130_ar_greedy_none.json
unconditional,bbaN,128,ebsampler,greedy,,0.1,128,1,1.0,0.0,1.0,0.0,1.0,0.0,1.0,0.0,100,0.963005,1.0,111.0,111,True,25.24,100,False,0.01,0.99,0.0,100,0.0015789473684210526,0.0016666666666666668,0.8,0.4,0.0,,0.0,0.0002403846153846154,,,,,,results/T-sweep-nonDyck-4/distributions/bbaN_L128_T128_ebsampler_greedy_gamma0.1.json
unconditional,bbaN,128,ebsampler,greedy,,0.5,128,1,1.0,0.0,1.0,0.0,1.0,0.0,1.0,0.0,100,0.963005,1.0,46.0,46,True,9.73,100,False,0.01,0.99,0.0,100,0.0004347826086956522,0.0004411764705882353,0.8,0.4,0.0,,0.0,0.0002403846153846154,,,,,,results/T-sweep-nonDyck-4/distributions/bbaN_L128_T128_ebsampler_greedy_gamma0.5.json
unconditional,bbaN,128,ebsampler,greedy,,0.9,128,1,1.0,0.0,1.0,0.0,1.0,0.0,1.0,0.0,100,0.963005,1.0,31.0,31,True,6.76,100,False,0.01,0.99,0.0,100,0.00014084507042253522,0.00014285714285714287,0.4,0.2,0.0,,0.0,0.0002403846153846154,,,,,,results/T-sweep-nonDyck-4/distributions/bbaN_L128_T128_ebsampler_greedy_gamma0.9.json
unconditional,bbaN,128,ebsampler,greedy,,2.0,128,1,0.0,0.0,1.0,0.0,0.0,0.0,1.0,0.0,100,0.0,0.036995,19.0,19,True,4.28,0,True,,,,0,,,,,,,,,,,,,,results/T-sweep-nonDyck-4/distributions/bbaN_L128_T128_ebsampler_greedy_gamma2.0.json
unconditional,bbaN,128,ebsampler,greedy,,5.0,128,1,0.0,0.0,1.0,0.0,0.0,0.0,1.0,0.0,100,0.0,0.036995,11.0,11,True,2.6,0,True,,,,0,,,,,,,,,,,,,,results/T-sweep-nonDyck-4/distributions/bbaN_L128_T128_ebsampler_greedy_gamma5.0.json
unconditional,bbaN,128,ebsampler,greedy,,10.0,128,1,1.0,0.0,1.0,0.0,1.0,0.0,1.0,0.0,100,0.963005,1.0,7.0,7,True,1.77,100,False,0.01,0.99,0.0,100,0.0004347826086956522,0.000588235294117647,0.8,0.5,0.0,,0.0,0.0002403846153846154,,,,,,results/T-sweep-nonDyck-4/distributions/bbaN_L128_T128_ebsampler_greedy_gamma10.0.json
unconditional,bbaN,128,ar,categorical,,,130,5,1.0,0.0,1.0,0.0,1.0,0.0,1.0,0.0,500,0.992375,1.0,129.0,129,False,129.27,500,False,0.928,0.07199999999999995,0.2991190520503753,200,7.048540952022932e-05,9.509771290000475e-05,0.8,0.5,4.575230526051666,,3.8472937606676436,0.11153846153846154,,,,,,results/T-sweep-nonDyck-4/distributions/bbaN_L128_T130_ar_categorical_none.json
unconditional,bbaN,128,ebsampler,categorical,,0.1,128,5,0.972,0.014697,0.978,0.017205,0.94,0.031623,0.94,0.031623,500,0.915638,0.957652,52.924,109,False,71.42,470,False,0.9148936170212766,0.08510638297872342,0.3020449460946149,200,7.560102817398316e-05,0.00010200958890135672,0.8,0.5,4.518667608516943,,3.8556891932944577,0.10336538461538461,,,,,,results/T-sweep-nonDyck-4/distributions/bbaN_L128_T128_ebsampler_categorical_gamma0.1.json
unconditional,bbaN,128,ebsampler,categorical,,0.5,128,5,0.624,0.033226,0.69,0.054037,0.14,0.024495,0.14,0.024495,500,0.112322,0.173168,11.408,45,False,20.14,70,False,0.9285714285714286,0.0714285714285714,0.36926753435758347,70,0.0005782575173477255,0.0007815552950371239,0.8,0.5,3.3815773008716303,,3.3786106664841187,0.015625,,,,,,results/T-sweep-nonDyck-4/distributions/bbaN_L128_T128_ebsampler_categorical_gamma0.5.json
unconditional,bbaN,128,ebsampler,categorical,,0.9,128,5,0.646,0.035553,0.624,0.047582,0.086,0.021541,0.086,0.021541,500,0.064473,0.11384,5.946,23,False,12.6,43,False,0.9534883720930233,0.046511627906976716,0.3647668121352332,43,0.0011219147344801795,0.0015203344735841885,0.8,0.5,2.529968575387155,,3.003258987328545,0.00985576923076923,,,,,,results/T-sweep-nonDyck-4/distributions/bbaN_L128_T128_ebsampler_categorical_gamma0.9.json
unconditional,bbaN,128,ebsampler,categorical,,2.0,128,5,0.6,0.054772,0.538,0.072222,0.03,0.020976,0.03,0.020976,500,0.018263,0.048904,3.024,13,False,8.62,15,False,0.8666666666666667,0.1333333333333333,0.35248447204968947,15,0.002356637863315004,0.003179650238473768,0.8,0.5,1.8594288151492286,,2.4307913288782323,0.003125,,,,,,results/T-sweep-nonDyck-4/distributions/bbaN_L128_T128_ebsampler_categorical_gamma2.0.json
unconditional,bbaN,128,ebsampler,categorical,,5.0,128,5,0.588,0.033106,0.304,0.056427,0.004,0.004899,0.004,0.004899,500,0.001098,0.014466,1.37,5,False,6.63,2,True,,,,2,,,0.8,0.5,0.6931471805599453,,0.6931471805599453,0.0004807692307692308,,,,,,results/T-sweep-nonDyck-4/distributions/bbaN_L128_T128_ebsampler_categorical_gamma5.0.json
unconditional,aNbN,128,uniform,greedy,,,1,5,0.0,0.0,1.0,0.0,0.0,0.0,0.0,0.0,500,-0.0,0.007625,1.0,1,False,2.59,0,True,,,,0,,,,,,,,,,,,,,results/T-sweep-nonDyck-4/distributions/aNbN_L128_T1_uniform_greedy_none.json
unconditional,bbaN,128,ebsampler,categorical,,10.0,128,5,0.538,0.0402,0.168,0.048332,0.0,0.0,0.0,0.0,500,-0.0,0.007625,1.044,2,False,7.07,0,True,,,,0,,,,,,,,,,,,,,results/T-sweep-nonDyck-4/distributions/bbaN_L128_T128_ebsampler_categorical_gamma10.0.json
unconditional,aNbN,128,uniform,greedy,,,4,5,0.116,0.010198,1.0,0.0,0.076,0.017436,0.076,0.017436,500,0.055869,0.102597,1.234,4,False,6.59,38,False,0.2894736842105263,0.7105263157894737,0.04156598371474404,38,0.0011432926829268292,0.0015467904098994587,,,2.032161188918524,0.171875,,,,,,,,results/T-sweep-nonDyck-4/distributions/aNbN_L128_T4_uniform_greedy_none.json
unconditional,aNbN,128,uniform,greedy,,,2,5,0.004,0.004899,1.0,0.0,0.0,0.0,0.0,0.0,500,-0.0,0.007625,1.0,1,False,10.25,0,True,,,,0,,,,,,,,,,,,,,results/T-sweep-nonDyck-4/distributions/aNbN_L128_T2_uniform_greedy_none.json
unconditional,aNbN,128,uniform,greedy,,,8,5,0.44,0.046043,1.0,0.0,0.396,0.034409,0.396,0.034409,500,0.354081,0.439505,3.826,8,False,5.79,198,False,0.10101010101010101,0.898989898989899,0.05938438700228651,198,0.00021324992891669036,0.00028839221341023794,,,2.631819085445577,0.3125,,,,,,,,results/T-sweep-nonDyck-4/distributions/aNbN_L128_T8_uniform_greedy_none.json
unconditional,aNbN,128,uniform,greedy,,,16,5,0.754,0.04128,1.0,0.0,0.722,0.051536,0.722,0.051536,500,0.681151,0.759464,11.974,16,False,9.03,361,False,0.09141274238227147,0.9085872576177285,0.08247519894823588,200,0.00011406410402646287,0.00015420200462606013,,,3.0620874680368906,0.515625,,,,,,,,results/T-sweep-nonDyck-4/distributions/aNbN_L128_T16_uniform_greedy_none.json
unconditional,aNbN,128,uniform,greedy,,,32,5,0.912,0.019391,1.0,0.0,0.896,0.023324,0.896,0.023324,500,0.866155,0.919806,28.93,32,False,18.13,448,False,0.11383928571428571,0.8861607142857143,0.123884393254212,200,9.27873314363479e-05,0.00012545477355413375,,,3.406434771400052,0.796875,,,,,,,,results/T-sweep-nonDyck-4/distributions/aNbN_L128_T32_uniform_greedy_none.json
unconditional,aNbN,128,uniform,greedy,,,64,5,0.942,0.019391,1.0,0.0,0.936,0.018547,0.936,0.018547,500,0.911047,0.954304,60.114,64,False,35.76,468,False,0.11752136752136752,0.8824786324786325,0.1674593394796621,200,8.983649757441457e-05,0.00012148454109214603,,,3.700360392942266,0.859375,,,,,,,,results/T-sweep-nonDyck-4/distributions/aNbN_L128_T64_uniform_greedy_none.json
unconditional,aNbN,128,uniform,greedy,,,128,5,0.982,0.004,1.0,0.0,0.982,0.004,0.982,0.004,500,0.966148,0.990502,125.198,128,False,73.5,491,False,0.12219959266802444,0.8778004073319756,0.19084788545947629,200,8.614006374364717e-05,0.00011649580615097856,,,3.8396180352252114,0.9375,,,,,,,,results/T-sweep-nonDyck-4/distributions/aNbN_L128_T128_uniform_greedy_none.json
unconditional,aNbN,128,uniform,greedy,,,256,5,0.996,0.004899,1.0,0.0,0.996,0.004899,0.996,0.004899,500,0.985534,0.998902,252.57,255,False,148.5,498,False,0.11847389558232932,0.8815261044176707,0.20530766619249233,200,8.527087715308965e-05,0.00011532695190866105,,,3.868803507937783,0.921875,,,,,,,,results/T-sweep-nonDyck-4/distributions/aNbN_L128_T256_uniform_greedy_none.json
unconditional,bbaN,128,gaussian,categorical,1.0,,1024,5,0.944,0.020591,0.968,0.021354,0.904,0.028705,0.904,0.028705,500,0.875012,0.926827,948.694,1016,False,1077.66,452,False,0.9358407079646017,0.06415929203539827,0.32109608585726124,200,7.766588137831051e-05,0.00010478061558611657,0.8,0.5,4.510313198683822,,3.9154681076246556,0.10168269230769231,,,,,,results/T-sweep-nonDyck-4/distributions/bbaN_L128_T1024_gaussian_categorical_sigma1.0.json
unconditional,aNbN,128,uniform,categorical,,,1,5,0.078,0.021354,0.0,0.0,0.0,0.0,0.38,0.027568,500,-0.0,0.007625,1.0,1,False,1.75,0,True,,,,0,,,,,,,,,,,,,,results/T-sweep-nonDyck-4/distributions/aNbN_L128_T1_uniform_categorical_none.json
unconditional,aNbN,128,uniform,categorical,,,2,5,0.064,0.017436,0.02,0.012649,0.0,0.0,0.0,0.0,500,-0.0,0.007625,1.0,1,False,6.43,0,True,,,,0,,,,,,,,,,,,,,results/T-sweep-nonDyck-4/distributions/aNbN_L128_T2_uniform_categorical_none.json
unconditional,aNbN,128,uniform,categorical,,,4,5,0.126,0.034986,0.162,0.011662,0.0,0.0,0.0,0.0,500,-0.0,0.007625,1.0,1,False,4.41,0,True,,,,0,,,,,,,,,,,,,,results/T-sweep-nonDyck-4/distributions/aNbN_L128_T4_uniform_categorical_none.json
unconditional,aNbN,128,uniform,categorical,,,8,5,0.148,0.039699,0.53,0.049396,0.01,0.006325,0.01,0.006325,500,0.004279,0.023193,1.07,8,False,2.98,5,False,1.0,0.0,0.44565217391304346,5,0.01675977653631285,0.022988505747126436,,,1.6094379124341005,0.078125,,,,,,,,results/T-sweep-nonDyck-4/distributions/aNbN_L128_T8_uniform_categorical_none.json
unconditional,aNbN,128,uniform,categorical,,,16,5,0.258,0.029933,0.818,0.011662,0.092,0.019391,0.092,0.019391,500,0.069682,0.120539,2.526,16,False,3.5,46,False,0.5217391304347826,0.4782608695652174,0.21563962249187088,46,0.0010885341074020319,0.0014760147601476014,,,3.024227849917982,0.375,,,,,,,,results/T-sweep-nonDyck-4/distributions/aNbN_L128_T16_uniform_categorical_none.json
unconditional,aNbN,128,uniform,categorical,,,32,5,0.494,0.056427,0.916,0.021541,0.364,0.042708,0.364,0.042708,500,0.323011,0.407063,12.67,32,False,7.2,182,False,0.3241758241758242,0.6758241758241759,0.24819947476894666,182,0.0002512562814070352,0.0003401939105290015,,,3.882148903542096,0.921875,,,,,,,,results/T-sweep-nonDyck-4/distributions/aNbN_L128_T32_uniform_categorical_none.json
unconditional,aNbN,128,uniform,greedy,,,512,5,0.988,0.009798,1.0,0.0,0.986,0.008,0.986,0.008,500,0.971387,0.993202,498.548,509,False,290.91,493,False,0.11967545638945233,0.8803245436105477,0.21632472208591372,200,8.399832003359933e-05,0.00011356538527056953,,,3.933694732896985,0.921875,,,,,,,,results/T-sweep-nonDyck-4/distributions/aNbN_L128_T512_uniform_greedy_none.json
unconditional,aNbN,128,uniform,categorical,,,64,5,0.702,0.041665,0.962,0.022271,0.622,0.056356,0.622,0.056356,500,0.57872,0.66342,40.876,64,False,18.57,311,False,0.20257234726688103,0.797427652733119,0.2864213855308092,200,0.00014647722279185587,0.00019831432821021318,,,4.013689687654429,0.984375,,,,,,,,results/T-sweep-nonDyck-4/distributions/aNbN_L128_T64_uniform_categorical_none.json
unconditional,aNbN,128,uniform,categorical,,,128,5,0.86,0.026077,0.984,0.012,0.814,0.027276,0.814,0.027276,500,0.777545,0.845667,104.87,128,False,68.13,407,False,0.15724815724815724,0.8427518427518428,0.2966598965342684,200,0.00011546010853250202,0.00015639662183296842,,,4.058688045353801,1.0,,,,,,,,results/T-sweep-nonDyck-4/distributions/aNbN_L128_T128_uniform_categorical_none.json
unconditional,aNbN,128,uniform,categorical,,,256,5,0.908,0.011662,0.992,0.007483,0.876,0.017436,0.876,0.017436,500,0.844212,0.902054,223.448,255,False,93.98,438,False,0.1461187214611872,0.8538812785388128,0.3252801263675925,200,0.00010768126346015793,0.00014586828094230908,,,4.088421917403128,1.0,,,,,,,,results/T-sweep-nonDyck-4/distributions/aNbN_L128_T256_uniform_categorical_none.json
unconditional,bbaN,128,gaussian,categorical,2.0,,1024,5,0.954,0.010198,0.972,0.01833,0.902,0.030594,0.902,0.030594,500,0.872793,0.925076,940.048,1018,False,1140.15,451,False,0.9356984478935698,0.06430155210643018,0.30428219063421064,200,7.700995995482083e-05,0.00010387991481846985,0.8,0.5,4.518514039140634,,3.9258838669407763,0.10144230769230769,,,,,,results/T-sweep-nonDyck-4/distributions/bbaN_L128_T1024_gaussian_categorical_sigma2.0.json
unconditional,bbaN,128,gaussian,categorical,5.0,,1024,5,0.972,0.013266,0.982,0.007483,0.936,0.019596,0.936,0.019596,500,0.911047,0.954304,941.042,1018,False,936.5,468,False,0.9465811965811965,0.05341880341880345,0.2847431692507461,200,7.796865660004678e-05,0.00010523823305006709,0.8,0.5,4.5501958783696335,,3.8638131249010517,0.10649038461538461,,,,,,results/T-sweep-nonDyck-4/distributions/bbaN_L128_T1024_gaussian_categorical_sigma5.0.json
unconditional,aNbN,128,gaussian,greedy,1.0,,1,5,0.0,0.0,1.0,0.0,0.0,0.0,0.0,0.0,500,-0.0,0.007625,1.0,1,False,2.74,0,True,,,,0,,,,,,,,,,,,,,results/T-sweep-nonDyck-4/distributions/aNbN_L128_T1_gaussian_greedy_sigma1.0.json
unconditional,aNbN,128,gaussian,greedy,2.0,,1,5,0.0,0.0,1.0,0.0,0.0,0.0,0.0,0.0,500,-0.0,0.007625,1.0,1,False,2.8,0,True,,,,0,,,,,,,,,,,,,,results/T-sweep-nonDyck-4/distributions/aNbN_L128_T1_gaussian_greedy_sigma2.0.json
unconditional,aNbN,128,gaussian,greedy,5.0,,1,5,0.0,0.0,1.0,0.0,0.0,0.0,0.0,0.0,500,-0.0,0.007625,1.0,1,False,2.69,0,True,,,,0,,,,,,,,,,,,,,results/T-sweep-nonDyck-4/distributions/aNbN_L128_T1_gaussian_greedy_sigma5.0.json
unconditional,aNbN,128,gaussian,greedy,10.0,,1,5,0.0,0.0,1.0,0.0,0.0,0.0,0.0,0.0,500,-0.0,0.007625,1.0,1,False,2.8,0,True,,,,0,,,,,,,,,,,,,,results/T-sweep-nonDyck-4/distributions/aNbN_L128_T1_gaussian_greedy_sigma10.0.json
unconditional,aNbN,128,gaussian,greedy,20.0,,1,5,0.0,0.0,1.0,0.0,0.0,0.0,0.0,0.0,500,-0.0,0.007625,1.0,1,False,2.71,0,True,,,,0,,,,,,,,,,,,,,results/T-sweep-nonDyck-4/distributions/aNbN_L128_T1_gaussian_greedy_sigma20.0.json
unconditional,aNbN,128,gaussian,greedy,50.0,,1,5,0.0,0.0,1.0,0.0,0.0,0.0,0.0,0.0,500,-0.0,0.007625,1.0,1,False,2.86,0,True,,,,0,,,,,,,,,,,,,,results/T-sweep-nonDyck-4/distributions/aNbN_L128_T1_gaussian_greedy_sigma50.0.json
unconditional,aNbN,128,gaussian,greedy,100.0,,1,5,0.0,0.0,1.0,0.0,0.0,0.0,0.0,0.0,500,-0.0,0.007625,1.0,1,False,2.79,0,True,,,,0,,,,,,,,,,,,,,results/T-sweep-nonDyck-4/distributions/aNbN_L128_T1_gaussian_greedy_sigma100.0.json
unconditional,aNbN,128,gaussian,greedy,256.0,,1,5,0.0,0.0,1.0,0.0,0.0,0.0,0.0,0.0,500,-0.0,0.007625,1.0,1,False,2.98,0,True,,,,0,,,,,,,,,,,,,,results/T-sweep-nonDyck-4/distributions/aNbN_L128_T1_gaussian_greedy_sigma256.0.json
unconditional,aNbN,128,gaussian,greedy,1.0,,2,5,0.976,0.010198,1.0,0.0,0.976,0.010198,0.976,0.010198,500,0.958523,0.986219,1.978,3,False,3.51,488,False,0.0020491803278688526,0.9979508196721312,0.0,200,7.232401157184185e-05,9.75800156128025e-05,,,0.0,0.015625,,,,,,,,results/T-sweep-nonDyck-4/distributions/aNbN_L128_T2_gaussian_greedy_sigma1.0.json
unconditional,aNbN,128,gaussian,greedy,2.0,,2,5,0.766,0.036111,1.0,0.0,0.766,0.036111,0.766,0.036111,500,0.726948,0.800996,1.77,3,False,5.32,383,False,0.0026109660574412533,0.9973890339425587,0.0,200,9.215174320380894e-05,0.00012433171702101205,,,0.0,0.015625,,,,,,,,results/T-sweep-nonDyck-4/distributions/aNbN_L128_T2_gaussian_greedy_sigma2.0.json
unconditional,aNbN,128,gaussian,greedy,5.0,,2,5,0.25,0.05099,1.0,0.0,0.25,0.05099,0.25,0.05099,500,0.214048,0.289764,1.258,3,False,8.39,125,False,0.008,0.992,0.0,125,0.00028235294117647056,0.00038095238095238096,,,0.0,0.015625,,,,,,,,results/T-sweep-nonDyck-4/distributions/aNbN_L128_T2_gaussian_greedy_sigma5.0.json
unconditional,aNbN,128,gaussian,greedy,10.0,,2,5,0.028,0.016,1.0,0.0,0.028,0.016,0.028,0.016,500,0.016751,0.046447,1.03,3,False,11.31,14,False,0.07142857142857142,0.9285714285714286,0.0,14,0.0025210084033613447,0.003401360544217687,,,0.0,0.015625,,,,,,,,results/T-sweep-nonDyck-4/distributions/aNbN_L128_T2_gaussian_greedy_sigma10.0.json
unconditional,aNbN,128,gaussian,greedy,20.0,,2,5,0.004,0.004899,1.0,0.0,0.004,0.004899,0.004,0.004899,500,0.001098,0.014466,1.006,3,False,10.02,2,True,,,,2,,,,,0.6931471805599453,0.03125,,,,,,,,results/T-sweep-nonDyck-4/distributions/aNbN_L128_T2_gaussian_greedy_sigma20.0.json
unconditional,aNbN,128,gaussian,greedy,50.0,,2,5,0.0,0.0,1.0,0.0,0.0,0.0,0.0,0.0,500,-0.0,0.007625,1.0,1,False,11.38,0,True,,,,0,,,,,,,,,,,,,,results/T-sweep-nonDyck-4/distributions/aNbN_L128_T2_gaussian_greedy_sigma50.0.json
unconditional,aNbN,128,gaussian,greedy,100.0,,2,5,0.0,0.0,1.0,0.0,0.0,0.0,0.0,0.0,500,-0.0,0.007625,1.0,1,False,9.99,0,True,,,,0,,,,,,,,,,,,,,results/T-sweep-nonDyck-4/distributions/aNbN_L128_T2_gaussian_greedy_sigma100.0.json
unconditional,aNbN,128,gaussian,greedy,1.0,,4,5,1.0,0.0,1.0,0.0,1.0,0.0,1.0,0.0,500,0.992375,1.0,4.002,5,False,5.64,500,False,0.006,0.994,0.004983179671311482,200,6.332320162107397e-05,8.53315129277242e-05,,,0.7298907617959434,0.046875,,,,,,,,results/T-sweep-nonDyck-4/distributions/aNbN_L128_T4_gaussian_greedy_sigma1.0.json
unconditional,aNbN,128,gaussian,greedy,256.0,,2,5,0.002,0.004,1.0,0.0,0.0,0.0,0.0,0.0,500,-0.0,0.007625,1.0,1,False,11.07,0,True,,,,0,,,,,,,,,,,,,,results/T-sweep-nonDyck-4/distributions/aNbN_L128_T2_gaussian_greedy_sigma256.0.json
unconditional,aNbN,128,gaussian,greedy,2.0,,4,5,1.0,0.0,1.0,0.0,1.0,0.0,1.0,0.0,500,0.992375,1.0,4.008,5,False,5.64,500,False,0.01,0.99,0.0083766097705583,200,6.347325660121869e-05,8.553588230262595e-05,,,1.166437848960803,0.078125,,,,,,,,results/T-sweep-nonDyck-4/distributions/aNbN_L128_T4_gaussian_greedy_sigma2.0.json
unconditional,aNbN,128,gaussian,greedy,5.0,,4,5,1.0,0.0,1.0,0.0,1.0,0.0,1.0,0.0,500,0.992375,1.0,4.054,5,False,5.7,500,False,0.024,0.976,0.019619356790188596,200,6.310209919649994e-05,8.503039836741636e-05,,,1.9213890502599713,0.1875,,,,,,,,results/T-sweep-nonDyck-4/distributions/aNbN_L128_T4_gaussian_greedy_sigma5.0.json
unconditional,aNbN,128,gaussian,greedy,10.0,,4,5,0.996,0.004899,1.0,0.0,0.996,0.004899,0.996,0.004899,500,0.985534,0.998902,4.072,5,False,5.57,498,False,0.04417670682730924,0.9558232931726908,0.03713654980102826,200,6.290626965820927e-05,8.476012883539582e-05,,,2.4889460932276157,0.34375,,,,,,,,results/T-sweep-nonDyck-4/distributions/aNbN_L128_T4_gaussian_greedy_sigma10.0.json
unconditional,aNbN,128,gaussian,greedy,20.0,,4,5,0.84,0.028983,1.0,0.0,0.822,0.029257,0.822,0.029257,500,0.786054,0.853036,3.846,5,False,6.27,411,False,0.058394160583941604,0.9416058394160584,0.058839382724432975,200,7.810262685168312e-05,0.00010526315789473685,,,2.8805512158085156,0.375,,,,,,,,results/T-sweep-nonDyck-4/distributions/aNbN_L128_T4_gaussian_greedy_sigma20.0.json
unconditional,aNbN,128,gaussian,greedy,50.0,,4,5,0.532,0.046217,1.0,0.0,0.524,0.042237,0.524,0.042237,500,0.480207,0.567427,2.996,5,False,6.09,262,False,0.10305343511450382,0.8969465648854962,0.08160185135573639,200,0.0001380961148959676,0.00018637592023110615,,,3.0859063684715333,0.421875,,,,,,,,results/T-sweep-nonDyck-4/distributions/aNbN_L128_T4_gaussian_greedy_sigma50.0.json
unconditional,aNbN,128,gaussian,greedy,100.0,,4,5,0.41,0.039497,1.0,0.0,0.388,0.048332,0.388,0.048332,500,0.346295,0.431413,2.556,5,False,5.79,194,False,0.10824742268041238,0.8917525773195876,0.06952187315537482,194,0.00020466639377814163,0.0002765486725663717,,,2.7808737386182876,0.328125,,,,,,,,results/T-sweep-nonDyck-4/distributions/aNbN_L128_T4_gaussian_greedy_sigma100.0.json
unconditional,aNbN,128,gaussian,greedy,256.0,,4,5,0.324,0.032619,1.0,0.0,0.294,0.035553,0.294,0.035553,500,0.255758,0.335384,2.224,5,False,5.57,147,False,0.12244897959183673,0.8775510204081632,0.05970454132789961,147,0.00027992908463189323,0.0003784295175023652,,,2.6236314210738367,0.28125,,,,,,,,results/T-sweep-nonDyck-4/distributions/aNbN_L128_T4_gaussian_greedy_sigma256.0.json
unconditional,aNbN,128,gaussian,greedy,1.0,,8,5,1.0,0.0,1.0,0.0,1.0,0.0,1.0,0.0,500,0.992375,1.0,8.002,9,False,10.08,500,False,0.012,0.988,0.0366054083529933,200,5.710370031978072e-05,7.686985932815743e-05,,,1.1080700957393708,0.09375,,,,,,,,results/T-sweep-nonDyck-4/distributions/aNbN_L128_T8_gaussian_greedy_sigma1.0.json
unconditional,aNbN,128,gaussian,greedy,2.0,,8,5,1.0,0.0,1.0,0.0,1.0,0.0,1.0,0.0,500,0.992375,1.0,8.008,9,False,9.89,500,False,0.018,0.982,0.0431127918157386,200,5.8559437829396835e-05,7.88488074117879e-05,,,1.6160525221001734,0.140625,,,,,,,,results/T-sweep-nonDyck-4/distributions/aNbN_L128_T8_gaussian_greedy_sigma2.0.json
unconditional,aNbN,128,gaussian,greedy,5.0,,8,5,1.0,0.0,1.0,0.0,1.0,0.0,1.0,0.0,500,0.992375,1.0,8.034,9,False,10.0,500,False,0.034,0.966,0.043602721373078364,200,6.044487427466151e-05,8.141333550435561e-05,,,2.3859429012374855,0.265625,,,,,,,,results/T-sweep-nonDyck-4/distributions/aNbN_L128_T8_gaussian_greedy_sigma5.0.json
unconditional,aNbN,128,gaussian,greedy,10.0,,8,5,0.994,0.004899,1.0,0.0,0.994,0.004899,0.994,0.004899,500,0.982509,0.997957,8.046,9,False,9.83,497,False,0.052313883299798795,0.9476861167002012,0.049549479301603624,200,6.110601894286588e-05,8.230791390592206e-05,,,2.8103991497037772,0.40625,,,,,,,,results/T-sweep-nonDyck-4/distributions/aNbN_L128_T8_gaussian_greedy_sigma10.0.json
unconditional,aNbN,128,gaussian,greedy,20.0,,8,5,0.926,0.028705,1.0,0.0,0.926,0.028705,0.926,0.028705,500,0.899665,0.945839,7.81,9,False,9.78,463,False,0.056155507559395246,0.9438444924406048,0.06752786803038059,200,6.79671039217019e-05,9.158347834050737e-05,,,3.0789691041807106,0.40625,,,,,,,,results/T-sweep-nonDyck-4/distributions/aNbN_L128_T8_gaussian_greedy_sigma20.0.json
unconditional,aNbN,128,gaussian,greedy,50.0,,8,5,0.802,0.020396,1.0,0.0,0.8,0.020976,0.8,0.020976,500,0.76271,0.832715,7.354,9,False,9.07,400,False,0.0875,0.9125,0.09233197305450942,200,8.341675008341675e-05,0.00011247328759419637,,,3.3064954675229203,0.546875,,,,,,,,results/T-sweep-nonDyck-4/distributions/aNbN_L128_T8_gaussian_greedy_sigma50.0.json
unconditional,aNbN,128,gaussian,greedy,100.0,,8,5,0.752,0.022271,1.0,0.0,0.744,0.020591,0.744,0.020591,500,0.703986,0.780293,7.074,9,False,8.41,372,False,0.10752688172043011,0.8924731182795699,0.10742125186338027,200,9.9147332936744e-05,0.00013384193267750787,,,3.4139979415226636,0.625,,,,,,,,results/T-sweep-nonDyck-4/distributions/aNbN_L128_T8_gaussian_greedy_sigma100.0.json
unconditional,aNbN,128,gaussian,greedy,256.0,,8,5,0.788,0.044452,1.0,0.0,0.772,0.048332,0.772,0.048332,500,0.733233,0.806619,7.32,9,False,7.92,386,False,0.09585492227979274,0.9041450777202072,0.09990695212153214,200,0.00010538888498559685,0.00014245014245014244,,,3.28620569934846,0.578125,,,,,,,,results/T-sweep-nonDyck-4/distributions/aNbN_L128_T8_gaussian_greedy_sigma256.0.json
unconditional,aNbN,128,gaussian,greedy,1.0,,16,5,1.0,0.0,1.0,0.0,1.0,0.0,1.0,0.0,500,0.992375,1.0,16.002,17,False,19.09,500,False,0.012,0.988,0.016037916895868302,200,5.142093174728326e-05,6.915390200892085e-05,,,1.100683572811324,0.09375,,,,,,,,results/T-sweep-nonDyck-4/distributions/aNbN_L128_T16_gaussian_greedy_sigma1.0.json
unconditional,aNbN,128,gaussian,greedy,2.0,,16,5,1.0,0.0,1.0,0.0,1.0,0.0,1.0,0.0,500,0.992375,1.0,16.01,17,False,18.99,500,False,0.024,0.976,0.02214297292916194,200,5.208152494705045e-05,7.005008581135511e-05,,,1.8135497318984894,0.1875,,,,,,,,results/T-sweep-nonDyck-4/distributions/aNbN_L128_T16_gaussian_greedy_sigma2.0.json
unconditional,bbaN,128,gaussian,categorical,10.0,,1024,5,0.988,0.014697,0.988,0.004,0.972,0.011662,0.972,0.011662,500,0.953553,0.983249,946.392,1018,False,1000.3,486,False,0.9423868312757202,0.057613168724279795,0.2992596968688736,200,7.383888355608063e-05,9.964377350970282e-05,0.8,0.5,4.559875487336319,,3.8550217355812966,0.11009615384615384,,,,,,results/T-sweep-nonDyck-4/distributions/bbaN_L128_T1024_gaussian_categorical_sigma10.0.json
unconditional,aNbN,128,gaussian,greedy,5.0,,16,5,1.0,0.0,1.0,0.0,1.0,0.0,1.0,0.0,500,0.992375,1.0,15.84,17,False,16.01,500,False,0.042,0.958,0.03627278846393555,200,5.377114998566103e-05,7.234319612240469e-05,,,2.557964638749808,0.328125,,,,,,,,results/T-sweep-nonDyck-4/distributions/aNbN_L128_T16_gaussian_greedy_sigma5.0.json
unconditional,aNbN,128,gaussian,greedy,10.0,,16,5,1.0,0.0,1.0,0.0,1.0,0.0,1.0,0.0,500,0.992375,1.0,15.666,17,False,18.36,500,False,0.056,0.944,0.056716572553489095,200,5.701254275940707e-05,7.674597083653108e-05,,,3.0327021007313073,0.4375,,,,,,,,results/T-sweep-nonDyck-4/distributions/aNbN_L128_T16_gaussian_greedy_sigma10.0.json
unconditional,aNbN,128,gaussian,greedy,50.0,,16,5,0.894,0.016248,1.0,0.0,0.894,0.016248,0.894,0.016248,500,0.863948,0.918043,15.01,17,False,11.31,447,False,0.10067114093959731,0.8993288590604027,0.09854316219151042,200,7.332274227056092e-05,9.884353069091628e-05,,,3.469338018455044,0.703125,,,,,,,,results/T-sweep-nonDyck-4/distributions/aNbN_L128_T16_gaussian_greedy_sigma50.0.json
unconditional,aNbN,128,gaussian,greedy,20.0,,16,5,0.97,0.012649,1.0,0.0,0.97,0.012649,0.97,0.012649,500,0.951096,0.981737,15.464,17,False,19.16,485,False,0.06804123711340206,0.931958762886598,0.07935092085212474,200,6.200268678309393e-05,8.350730688935282e-05,,,3.2321959091698753,0.515625,,,,,,,,results/T-sweep-nonDyck-4/distributions/aNbN_L128_T16_gaussian_greedy_sigma20.0.json
unconditional,bbaN,128,gaussian,categorical,20.0,,1024,5,0.99,0.0,0.992,0.007483,0.982,0.004,0.982,0.004,500,0.966148,0.990502,947.778,1018,False,960.65,491,False,0.9490835030549898,0.050916496945010215,0.3191333658379008,200,7.255139056831923e-05,9.789764800900659e-05,0.8,0.5,4.53040620480439,,3.8813382629586144,0.11201923076923077,,,,,,results/T-sweep-nonDyck-4/distributions/bbaN_L128_T1024_gaussian_categorical_sigma20.0.json
unconditional,aNbN,128,gaussian,greedy,100.0,,16,5,0.876,0.031369,1.0,0.0,0.874,0.032,0.874,0.032,500,0.842032,0.900265,14.99,17,False,15.02,437,False,0.11212814645308924,0.8878718535469108,0.12193753727509463,200,8.302200083022001e-05,0.00011205109529945655,,,3.6091255654219574,0.765625,,,,,,,,results/T-sweep-nonDyck-4/distributions/aNbN_L128_T16_gaussian_greedy_sigma100.0.json
unconditional,aNbN,128,gaussian,greedy,256.0,,16,5,0.876,0.028705,1.0,0.0,0.856,0.036661,0.856,0.036661,500,0.822509,0.884062,15.006,17,False,10.13,428,False,0.11214953271028037,0.8878504672897196,0.13823559504173702,200,9.306365554038963e-05,0.00012575452716297788,,,3.6304298409352014,0.75,,,,,,,,results/T-sweep-nonDyck-4/distributions/aNbN_L128_T16_gaussian_greedy_sigma256.0.json
unconditional,aNbN,128,uniform,greedy,,,1024,5,1.0,0.0,1.0,0.0,1.0,0.0,1.0,0.0,500,0.992375,1.0,1009.81,1017,False,491.58,500,False,0.122,0.878,0.20845475258846463,200,8.496176720475786e-05,0.00011490950876185004,,,3.9239042425057473,0.953125,,,,,,,,results/T-sweep-nonDyck-4/distributions/aNbN_L128_T1024_uniform_greedy_none.json
unconditional,aNbN,128,gaussian,greedy,10.0,,32,5,1.0,0.0,1.0,0.0,1.0,0.0,1.0,0.0,500,0.992375,1.0,30.752,33,False,24.29,500,False,0.058,0.942,0.05192689923106156,200,5.469063331753382e-05,7.359163998969718e-05,,,3.016149554415785,0.453125,,,,,,,,results/T-sweep-nonDyck-4/distributions/aNbN_L128_T32_gaussian_greedy_sigma10.0.json
unconditional,bbaN,128,gaussian,categorical,256.0,,1024,5,0.998,0.004,0.998,0.004,0.992,0.004,0.992,0.004,500,0.979613,0.996885,1005.642,1018,False,944.42,496,False,0.9354838709677419,0.06451612903225812,0.2991748118634087,200,7.286859363614283e-05,9.834292176820574e-05,0.8,0.5,4.519505679329822,,3.896673596503318,0.11153846153846154,,,,,,results/T-sweep-nonDyck-4/distributions/bbaN_L128_T1024_gaussian_categorical_sigma256.0.json
unconditional,aNbN,128,gaussian,greedy,5.0,,32,5,1.0,0.0,1.0,0.0,1.0,0.0,1.0,0.0,500,0.992375,1.0,31.1,33,False,35.61,500,False,0.038,0.962,0.03299949551747145,200,5.154639175257732e-05,6.932409012131716e-05,,,2.5402473166996598,0.296875,,,,,,,,results/T-sweep-nonDyck-4/distributions/aNbN_L128_T32_gaussian_greedy_sigma5.0.json
unconditional,aNbN,128,gaussian,greedy,1.0,,32,5,1.0,0.0,1.0,0.0,1.0,0.0,1.0,0.0,500,0.992375,1.0,31.978,33,False,39.12,500,False,0.016,0.984,0.010136073993912307,200,4.918355301987015e-05,6.612007405448295e-05,,,1.3156792666257195,0.125,,,,,,,,results/T-sweep-nonDyck-4/distributions/aNbN_L128_T32_gaussian_greedy_sigma1.0.json
unconditional,aNbN,128,gaussian,greedy,2.0,,32,5,1.0,0.0,1.0,0.0,1.0,0.0,1.0,0.0,500,0.992375,1.0,31.552,33,False,36.78,500,False,0.022,0.978,0.015581474995744736,200,4.9544193420531116e-05,6.6608938919603e-05,,,1.8935870296738302,0.171875,,,,,,,,results/T-sweep-nonDyck-4/distributions/aNbN_L128_T32_gaussian_greedy_sigma2.0.json
unconditional,aNbN,128,gaussian,greedy,20.0,,32,5,0.988,0.007483,1.0,0.0,0.988,0.007483,0.988,0.007483,500,0.974069,0.994489,30.518,33,False,24.6,494,False,0.06882591093117409,0.9311740890688259,0.08140427844551913,200,5.963266279716944e-05,8.029871120568515e-05,,,3.286344787672537,0.53125,,,,,,,,results/T-sweep-nonDyck-4/distributions/aNbN_L128_T32_gaussian_greedy_sigma20.0.json
unconditional,aNbN,128,gaussian,greedy,50.0,,32,5,0.948,0.011662,1.0,0.0,0.946,0.008,0.946,0.008,500,0.922573,0.962626,30.352,33,False,21.83,473,False,0.09513742071881606,0.904862579281184,0.11197711186783507,200,6.802258349772124e-05,9.168003667201467e-05,,,3.553535548515541,0.703125,,,,,,,,results/T-sweep-nonDyck-4/distributions/aNbN_L128_T32_gaussian_greedy_sigma50.0.json
unconditional,aNbN,128,gaussian,greedy,256.0,,32,5,0.94,0.012649,1.0,0.0,0.932,0.013266,0.932,0.013266,500,0.906479,0.950934,31.062,33,False,28.2,466,False,0.12017167381974249,0.8798283261802575,0.16195590404372562,200,8.536793580331228e-05,0.00011535355865728458,,,3.823128015330213,0.875,,,,,,,,results/T-sweep-nonDyck-4/distributions/aNbN_L128_T32_gaussian_greedy_sigma256.0.json
unconditional,aNbN,128,gaussian,greedy,100.0,,32,5,0.962,0.007483,1.0,0.0,0.958,0.007483,0.958,0.007483,500,0.936648,0.972368,31.236,33,False,30.19,479,False,0.10855949895615867,0.8914405010438413,0.1496121223807385,200,7.300513469447351e-05,9.848820603732703e-05,,,3.719171287973828,0.8125,,,,,,,,results/T-sweep-nonDyck-4/distributions/aNbN_L128_T32_gaussian_greedy_sigma100.0.json
unconditional,aNbN,128,uniform,categorical,,,512,5,0.956,0.028705,1.0,0.0,0.956,0.028705,0.956,0.028705,500,0.93428,0.970766,484.442,509,False,304.67,478,False,0.13389121338912133,0.8661087866108786,0.3220488155061019,200,9.611687812379854e-05,0.00013014902062861977,,,4.082855201707671,1.0,,,,,,,,results/T-sweep-nonDyck-4/distributions/aNbN_L128_T512_uniform_categorical_none.json
unconditional,bbaN,128,gaussian,categorical,50.0,,1024,5,0.992,0.004,0.99,0.008944,0.984,0.004899,0.984,0.004899,500,0.968749,0.991871,967.702,1018,False,1039.25,492,False,0.9390243902439024,0.060975609756097615,0.32047279980586085,200,7.175488531177497e-05,9.681245008108043e-05,0.8,0.5,4.530525295236321,,3.9255461784715444,0.1110576923076923,,,,,,results/T-sweep-nonDyck-4/distributions/bbaN_L128_T1024_gaussian_categorical_sigma50.0.json
unconditional,aNbN,128,gaussian,greedy,2.0,,64,5,1.0,0.0,1.0,0.0,1.0,0.0,1.0,0.0,500,0.992375,1.0,62.664,65,False,71.98,500,False,0.018,0.982,0.012635408180549618,200,4.8603460566392325e-05,6.533385600418136e-05,,,1.7146130798973829,0.140625,,,,,,,,results/T-sweep-nonDyck-4/distributions/aNbN_L128_T64_gaussian_greedy_sigma2.0.json
unconditional,bbaN,128,gaussian,categorical,100.0,,1024,5,0.99,0.006325,0.994,0.008,0.986,0.010198,0.986,0.010198,500,0.971387,0.993202,982.864,1018,False,1035.12,493,False,0.9594320486815415,0.04056795131845847,0.31480381768097954,200,7.314397171766427e-05,9.87093749228833e-05,0.8,0.5,4.5118432690244745,,3.925771687121526,0.11370192307692308,,,,,,results/T-sweep-nonDyck-4/distributions/bbaN_L128_T1024_gaussian_categorical_sigma100.0.json
unconditional,aNbN,128,gaussian,greedy,1.0,,64,5,1.0,0.0,1.0,0.0,1.0,0.0,1.0,0.0,500,0.992375,1.0,63.16,65,False,76.07,500,False,0.012,0.988,0.008380272344861437,200,4.812937175126741e-05,6.469142191745374e-05,,,1.3419089199999117,0.09375,,,,,,,,results/T-sweep-nonDyck-4/distributions/aNbN_L128_T64_gaussian_greedy_sigma1.0.json
unconditional,aNbN,128,gaussian,greedy,5.0,,64,5,1.0,0.0,1.0,0.0,1.0,0.0,1.0,0.0,500,0.992375,1.0,61.716,65,False,71.01,500,False,0.038,0.962,0.030624361114645844,200,5.0644878114660004e-05,6.810133478616181e-05,,,2.462219930977198,0.296875,,,,,,,,results/T-sweep-nonDyck-4/distributions/aNbN_L128_T64_gaussian_greedy_sigma5.0.json
unconditional,aNbN,128,gaussian,greedy,10.0,,64,5,1.0,0.0,1.0,0.0,1.0,0.0,1.0,0.0,500,0.992375,1.0,61.006,65,False,64.13,500,False,0.056,0.944,0.05486678541996774,200,5.3800078906782394e-05,7.238246896601644e-05,,,2.9858739914803727,0.4375,,,,,,,,results/T-sweep-nonDyck-4/distributions/aNbN_L128_T64_gaussian_greedy_sigma10.0.json
unconditional,aNbN,128,gaussian,greedy,50.0,,64,5,0.976,0.004899,1.0,0.0,0.976,0.004899,0.976,0.004899,500,0.958523,0.986219,61.294,65,False,62.73,488,False,0.09221311475409837,0.9077868852459017,0.11284210140833845,200,6.524575902566333e-05,8.792754770069463e-05,,,3.5694664004818497,0.703125,,,,,,,,results/T-sweep-nonDyck-4/distributions/aNbN_L128_T64_gaussian_greedy_sigma50.0.json
unconditional,aNbN,128,gaussian,greedy,20.0,,64,5,0.988,0.011662,1.0,0.0,0.988,0.011662,0.988,0.011662,500,0.974069,0.994489,60.564,65,False,68.92,494,False,0.06882591093117409,0.9311740890688259,0.08510945253090003,200,5.8733701397862095e-05,7.907638779060572e-05,,,3.329307962233124,0.53125,,,,,,,,results/T-sweep-nonDyck-4/distributions/aNbN_L128_T64_gaussian_greedy_sigma20.0.json
unconditional,aNbN,128,gaussian,greedy,100.0,,64,5,0.978,0.007483,1.0,0.0,0.976,0.010198,0.976,0.010198,500,0.958523,0.986219,62.468,65,False,61.74,488,False,0.10655737704918032,0.8934426229508197,0.15583422330139055,200,7.16708872855846e-05,9.668842156151801e-05,,,3.756951624377885,0.8125,,,,,,,,results/T-sweep-nonDyck-4/distributions/aNbN_L128_T64_gaussian_greedy_sigma100.0.json
unconditional,aNbN,128,gaussian,greedy,256.0,,64,5,0.972,0.013266,1.0,0.0,0.97,0.014142,0.97,0.014142,500,0.951096,0.981737,63.064,65,False,59.75,485,False,0.1154639175257732,0.8845360824742268,0.1903902932998982,200,8.39278220730172e-05,0.00011344299489506523,,,3.8465611638468227,0.875,,,,,,,,results/T-sweep-nonDyck-4/distributions/aNbN_L128_T64_gaussian_greedy_sigma256.0.json
unconditional,aNbN,128,gaussian,greedy,10.0,,128,5,1.0,0.0,1.0,0.0,1.0,0.0,1.0,0.0,500,0.992375,1.0,121.884,129,False,137.45,500,False,0.06,0.94,0.06099145817899444,200,5.3746103407502955e-05,7.23091941140316e-05,,,3.0171570048194107,0.46875,,,,,,,,results/T-sweep-nonDyck-4/distributions/aNbN_L128_T128_gaussian_greedy_sigma10.0.json
unconditional,aNbN,128,gaussian,greedy,100.0,,128,5,0.99,0.008944,1.0,0.0,0.99,0.008944,0.99,0.008944,500,0.976807,0.995721,125.194,129,False,116.61,495,False,0.11313131313131314,0.8868686868686868,0.1646414105313319,200,7.183736021646992e-05,9.693209906460525e-05,,,3.793571483837609,0.875,,,,,,,,results/T-sweep-nonDyck-4/distributions/aNbN_L128_T128_gaussian_greedy_sigma100.0.json
unconditional,aNbN,128,gaussian,greedy,1.0,,128,5,1.0,0.0,1.0,0.0,1.0,0.0,1.0,0.0,500,0.992375,1.0,125.852,128,False,141.91,500,False,0.012,0.988,0.007399194469778708,200,4.777830864787386e-05,6.42157649703002e-05,,,1.134459939520118,0.09375,,,,,,,,results/T-sweep-nonDyck-4/distributions/aNbN_L128_T128_gaussian_greedy_sigma1.0.json
unconditional,aNbN,128,gaussian,greedy,50.0,,128,5,0.984,0.008,1.0,0.0,0.984,0.008,0.984,0.008,500,0.968749,0.991871,122.714,129,False,124.03,492,False,0.08943089430894309,0.9105691056910569,0.11991117730513282,200,6.526847097728658e-05,8.796622097114708e-05,,,3.5975361248896363,0.6875,,,,,,,,results/T-sweep-nonDyck-4/distributions/aNbN_L128_T128_gaussian_greedy_sigma50.0.json
unconditional,aNbN,128,gaussian,greedy,20.0,,128,5,1.0,0.0,1.0,0.0,1.0,0.0,1.0,0.0,500,0.992375,1.0,121.698,129,False,137.93,500,False,0.072,0.928,0.0915947949000536,200,5.793742757821553e-05,7.800312012480499e-05,,,3.365984518036022,0.5625,,,,,,,,results/T-sweep-nonDyck-4/distributions/aNbN_L128_T128_gaussian_greedy_sigma20.0.json
unconditional,aNbN,128,gaussian,greedy,2.0,,128,5,1.0,0.0,1.0,0.0,1.0,0.0,1.0,0.0,500,0.992375,1.0,124.728,129,False,152.67,500,False,0.016,0.984,0.012705883865906629,200,4.843709635753036e-05,6.510840549514942e-05,,,1.6628042522298216,0.125,,,,,,,,results/T-sweep-nonDyck-4/distributions/aNbN_L128_T128_gaussian_greedy_sigma2.0.json
unconditional,aNbN,128,gaussian,greedy,5.0,,128,5,1.0,0.0,1.0,0.0,1.0,0.0,1.0,0.0,500,0.992375,1.0,122.958,129,False,150.54,500,False,0.034,0.966,0.030043266687160314,200,5.035753852351697e-05,6.771168365101398e-05,,,2.413839930604223,0.265625,,,,,,,,results/T-sweep-nonDyck-4/distributions/aNbN_L128_T128_gaussian_greedy_sigma5.0.json
unconditional,aNbN,128,gaussian,greedy,256.0,,128,5,0.982,0.009798,1.0,0.0,0.98,0.008944,0.98,0.008944,500,0.963579,0.989101,126.142,129,False,116.33,490,False,0.11836734693877551,0.8816326530612245,0.1972902216873,200,8.062782197376908e-05,0.00010893839533743668,,,3.860141115673582,0.90625,,,,,,,,results/T-sweep-nonDyck-4/distributions/aNbN_L128_T128_gaussian_greedy_sigma256.0.json
unconditional,aNbN,128,uniform,categorical,,,1024,5,0.98,0.016733,0.998,0.004,0.978,0.014697,0.978,0.014697,500,0.961039,0.987672,988.78,1017,False,507.28,489,False,0.130879345603272,0.869120654396728,0.317382124192608,200,9.557488292076843e-05,0.00012944983818770226,,,4.098119612991828,1.0,,,,,,,,results/T-sweep-nonDyck-4/distributions/aNbN_L128_T1024_uniform_categorical_none.json
unconditional,aNbN,128,gaussian,greedy,1.0,,256,5,1.0,0.0,1.0,0.0,1.0,0.0,1.0,0.0,500,0.992375,1.0,250.092,256,False,293.22,500,False,0.01,0.99,0.005197546716821694,200,4.759487244574184e-05,6.396724876863046e-05,,,0.902242976919729,0.078125,,,,,,,,results/T-sweep-nonDyck-4/distributions/aNbN_L128_T256_gaussian_greedy_sigma1.0.json
unconditional,aNbN,128,gaussian,greedy,256.0,,256,5,0.98,0.006325,1.0,0.0,0.98,0.006325,0.98,0.006325,500,0.963579,0.989101,250.154,256,False,232.22,490,False,0.11836734693877551,0.8816326530612245,0.18043176662600363,200,8.041170794467674e-05,0.00010864251181487317,,,3.846591584780783,0.90625,,,,,,,,results/T-sweep-nonDyck-4/distributions/aNbN_L128_T256_gaussian_greedy_sigma256.0.json
unconditional,aNbN,128,gaussian,greedy,50.0,,256,5,0.994,0.004899,1.0,0.0,0.994,0.004899,0.994,0.004899,500,0.982509,0.997957,244.18,256,False,253.48,497,False,0.096579476861167,0.903420523138833,0.12172523209488358,200,6.517347005279051e-05,8.78464444151623e-05,,,3.6320451527638005,0.75,,,,,,,,results/T-sweep-nonDyck-4/distributions/aNbN_L128_T256_gaussian_greedy_sigma50.0.json
unconditional,aNbN,128,gaussian,greedy,100.0,,256,5,0.988,0.007483,1.0,0.0,0.986,0.008,0.986,0.008,500,0.971387,0.993202,248.296,256,False,244.05,493,False,0.11359026369168357,0.8864097363083164,0.17868695230847018,200,7.187178074315421e-05,9.69743987587277e-05,,,3.832613204583743,0.875,,,,,,,,results/T-sweep-nonDyck-4/distributions/aNbN_L128_T256_gaussian_greedy_sigma100.0.json
unconditional,aNbN,128,gaussian,greedy,20.0,,256,5,1.0,0.0,1.0,0.0,1.0,0.0,1.0,0.0,500,0.992375,1.0,241.54,256,False,267.62,500,False,0.07,0.9299999999999999,0.08397179224401004,200,5.739869130983814e-05,7.72707955028397e-05,,,3.3069206450514637,0.546875,,,,,,,,results/T-sweep-nonDyck-4/distributions/aNbN_L128_T256_gaussian_greedy_sigma20.0.json
unconditional,aNbN,128,gaussian,greedy,10.0,,256,5,1.0,0.0,1.0,0.0,1.0,0.0,1.0,0.0,500,0.992375,1.0,241.56,256,False,272.95,500,False,0.06,0.94,0.05241227070453454,200,5.316132690671959e-05,7.15154115711936e-05,,,2.953611956246288,0.46875,,,,,,,,results/T-sweep-nonDyck-4/distributions/aNbN_L128_T256_gaussian_greedy_sigma10.0.json
unconditional,aNbN,128,gaussian,greedy,5.0,,256,5,1.0,0.0,1.0,0.0,1.0,0.0,1.0,0.0,500,0.992375,1.0,244.422,256,False,276.98,500,False,0.038,0.962,0.02905390314315869,200,5.010689470871192e-05,6.737182510274203e-05,,,2.364149504170709,0.296875,,,,,,,,results/T-sweep-nonDyck-4/distributions/aNbN_L128_T256_gaussian_greedy_sigma5.0.json
unconditional,aNbN,128,gaussian,greedy,2.0,,256,5,1.0,0.0,1.0,0.0,1.0,0.0,1.0,0.0,500,0.992375,1.0,248.196,256,False,283.23,500,False,0.018,0.982,0.012756088132972555,200,4.8270313757039423e-05,6.4882400648824e-05,,,1.5817709964096056,0.140625,,,,,,,,results/T-sweep-nonDyck-4/distributions/aNbN_L128_T256_gaussian_greedy_sigma2.0.json
unconditional,aNbN,128,gaussian,greedy,1.0,,512,5,1.0,0.0,1.0,0.0,1.0,0.0,1.0,0.0,500,0.992375,1.0,498.868,508,False,512.68,500,False,0.01,0.99,0.004633198226370472,200,4.759487244574184e-05,6.396724876863046e-05,,,0.9030984355531066,0.078125,,,,,,,,results/T-sweep-nonDyck-4/distributions/aNbN_L128_T512_gaussian_greedy_sigma1.0.json
unconditional,baN,128,gaussian,categorical,20.0,,512,5,0.984,0.012,1.0,0.0,0.976,0.010198,0.988,0.007483,500,0.958523,0.986219,479.834,510,False,12501.95,488,False,1.0,0.0,0.15923902756686634,200,6.502267665848464e-05,0.0001310852217798096,0.75,0.625,,,,,,,,,,results/T-sweep-nonDyck-4/distributions/baN_L128_T512_gaussian_categorical_sigma20.0.json
unconditional,aNbN,128,gaussian,greedy,2.0,,512,5,1.0,0.0,1.0,0.0,1.0,0.0,1.0,0.0,500,0.992375,1.0,494.772,510,False,569.03,500,False,0.02,0.98,0.012345035920372133,200,4.8211358596085236e-05,6.48025143375563e-05,,,1.546553577719068,0.15625,,,,,,,,results/T-sweep-nonDyck-4/distributions/aNbN_L128_T512_gaussian_greedy_sigma2.0.json
unconditional,aNbN,128,gaussian,greedy,100.0,,512,5,0.992,0.004,1.0,0.0,0.992,0.004,0.992,0.004,500,0.979613,0.996885,496.326,510,False,437.72,496,False,0.11088709677419355,0.8891129032258065,0.15784222150395527,200,7.033008252063015e-05,9.487666034155598e-05,,,3.8093172342368176,0.859375,,,,,,,,results/T-sweep-nonDyck-4/distributions/aNbN_L128_T512_gaussian_greedy_sigma100.0.json
unconditional,aNbN,128,gaussian,greedy,256.0,,512,5,0.994,0.004899,1.0,0.0,0.992,0.004,0.992,0.004,500,0.979613,0.996885,503.156,510,False,435.51,496,False,0.12298387096774194,0.877016129032258,0.20751138062745803,200,8.118640398354622e-05,0.00010972130787798991,,,3.9352732280481657,0.953125,,,,,,,,results/T-sweep-nonDyck-4/distributions/aNbN_L128_T512_gaussian_greedy_sigma256.0.json
unconditional,aNbN,128,gaussian,greedy,50.0,,512,5,0.998,0.004,1.0,0.0,0.998,0.004,0.998,0.004,500,0.988759,0.999647,487.862,510,False,493.43,499,False,0.09418837675350701,0.905811623246493,0.12728368696792128,200,6.292342219518846e-05,8.478528127517063e-05,,,3.5701717560082598,0.734375,,,,,,,,results/T-sweep-nonDyck-4/distributions/aNbN_L128_T512_gaussian_greedy_sigma50.0.json
unconditional,aNbN,128,gaussian,greedy,5.0,,512,5,1.0,0.0,1.0,0.0,1.0,0.0,1.0,0.0,500,0.992375,1.0,488.504,510,False,571.75,500,False,0.04,0.96,0.026802733384422316,200,4.989356040447046e-05,6.708257865432348e-05,,,2.3202731508222394,0.3125,,,,,,,,results/T-sweep-nonDyck-4/distributions/aNbN_L128_T512_gaussian_greedy_sigma5.0.json
unconditional,aNbN,128,gaussian,categorical,1.0,,1,5,0.078,0.021354,0.0,0.0,0.0,0.0,0.38,0.027568,500,-0.0,0.007625,1.0,1,False,2.88,0,True,,,,0,,,,,,,,,,,,,,results/T-sweep-nonDyck-4/distributions/aNbN_L128_T1_gaussian_categorical_sigma1.0.json
unconditional,aNbN,128,gaussian,categorical,2.0,,1,5,0.078,0.021354,0.0,0.0,0.0,0.0,0.38,0.027568,500,-0.0,0.007625,1.0,1,False,2.88,0,True,,,,0,,,,,,,,,,,,,,results/T-sweep-nonDyck-4/distributions/aNbN_L128_T1_gaussian_categorical_sigma2.0.json
unconditional,aNbN,128,gaussian,categorical,5.0,,1,5,0.078,0.021354,0.0,0.0,0.0,0.0,0.374,0.029394,500,-0.0,0.007625,1.0,1,False,2.89,0,True,,,,0,,,,,,,,,,,,,,results/T-sweep-nonDyck-4/distributions/aNbN_L128_T1_gaussian_categorical_sigma5.0.json
unconditional,aNbN,128,gaussian,greedy,10.0,,512,5,1.0,0.0,1.0,0.0,1.0,0.0,1.0,0.0,500,0.992375,1.0,482.198,510,False,541.5,500,False,0.056,0.944,0.0528322993550485,200,5.283178360101437e-05,7.106815436003127e-05,,,2.8878487613000154,0.4375,,,,,,,,results/T-sweep-nonDyck-4/distributions/aNbN_L128_T512_gaussian_greedy_sigma10.0.json
unconditional,aNbN,128,gaussian,categorical,10.0,,1,5,0.08,0.025298,0.0,0.0,0.0,0.0,0.362,0.034871,500,-0.0,0.007625,1.0,1,False,2.91,0,True,,,,0,,,,,,,,,,,,,,results/T-sweep-nonDyck-4/distributions/aNbN_L128_T1_gaussian_categorical_sigma10.0.json
unconditional,aNbN,128,gaussian,categorical,20.0,,1,5,0.08,0.025298,0.0,0.0,0.0,0.0,0.34,0.046904,500,-0.0,0.007625,1.0,1,False,2.79,0,True,,,,0,,,,,,,,,,,,,,results/T-sweep-nonDyck-4/distributions/aNbN_L128_T1_gaussian_categorical_sigma20.0.json
unconditional,aNbN,128,gaussian,categorical,50.0,,1,5,0.08,0.030332,0.0,0.0,0.0,0.0,0.256,0.050438,500,-0.0,0.007625,1.0,1,False,2.92,0,True,,,,0,,,,,,,,,,,,,,results/T-sweep-nonDyck-4/distributions/aNbN_L128_T1_gaussian_categorical_sigma50.0.json
unconditional,aNbN,128,gaussian,categorical,100.0,,1,5,0.078,0.046217,0.0,0.0,0.0,0.0,0.172,0.063687,500,-0.0,0.007625,1.0,1,False,2.81,0,True,,,,0,,,,,,,,,,,,,,results/T-sweep-nonDyck-4/distributions/aNbN_L128_T1_gaussian_categorical_sigma100.0.json
unconditional,aNbN,128,gaussian,categorical,256.0,,1,5,0.074,0.044542,0.0,0.0,0.0,0.0,0.066,0.020591,500,-0.0,0.007625,1.0,1,False,2.98,0,True,,,,0,,,,,,,,,,,,,,results/T-sweep-nonDyck-4/distributions/aNbN_L128_T1_gaussian_categorical_sigma256.0.json
unconditional,aNbN,128,gaussian,categorical,1.0,,2,5,0.0,0.0,0.0,0.0,0.0,0.0,0.0,0.0,500,-0.0,0.007625,1.0,1,False,9.59,0,True,,,,0,,,,,,,,,,,,,,results/T-sweep-nonDyck-4/distributions/aNbN_L128_T2_gaussian_categorical_sigma1.0.json
unconditional,aNbN,128,gaussian,categorical,2.0,,2,5,0.0,0.0,0.0,0.0,0.0,0.0,0.0,0.0,500,-0.0,0.007625,1.0,1,False,10.4,0,True,,,,0,,,,,,,,,,,,,,results/T-sweep-nonDyck-4/distributions/aNbN_L128_T2_gaussian_categorical_sigma2.0.json
unconditional,aNbN,128,gaussian,greedy,20.0,,512,5,0.998,0.004,1.0,0.0,0.998,0.004,0.998,0.004,500,0.988759,0.999647,480.682,510,False,553.44,499,False,0.07214428857715431,0.9278557114228457,0.08459401390487918,200,5.776228892696921e-05,7.776352113223687e-05,,,3.3235050294606534,0.5625,,,,,,,,results/T-sweep-nonDyck-4/distributions/aNbN_L128_T512_gaussian_greedy_sigma20.0.json
unconditional,aNbN,128,gaussian,categorical,5.0,,2,5,0.0,0.0,0.0,0.0,0.0,0.0,0.0,0.0,500,-0.0,0.007625,1.0,1,False,9.69,0,True,,,,0,,,,,,,,,,,,,,results/T-sweep-nonDyck-4/distributions/aNbN_L128_T2_gaussian_categorical_sigma5.0.json
unconditional,aNbN,128,gaussian,categorical,10.0,,2,5,0.0,0.0,0.0,0.0,0.0,0.0,0.0,0.0,500,-0.0,0.007625,1.0,1,False,10.51,0,True,,,,0,,,,,,,,,,,,,,results/T-sweep-nonDyck-4/distributions/aNbN_L128_T2_gaussian_categorical_sigma10.0.json
unconditional,aNbN,128,gaussian,categorical,20.0,,2,5,0.0,0.0,0.0,0.0,0.0,0.0,0.0,0.0,500,-0.0,0.007625,1.0,1,False,10.64,0,True,,,,0,,,,,,,,,,,,,,results/T-sweep-nonDyck-4/distributions/aNbN_L128_T2_gaussian_categorical_sigma20.0.json
unconditional,aNbN,128,gaussian,categorical,50.0,,2,5,0.026,0.004899,0.0,0.0,0.0,0.0,0.0,0.0,500,-0.0,0.007625,1.0,1,False,9.62,0,True,,,,0,,,,,,,,,,,,,,results/T-sweep-nonDyck-4/distributions/aNbN_L128_T2_gaussian_categorical_sigma50.0.json
unconditional,aNbN,128,gaussian,categorical,100.0,,2,5,0.046,0.020591,0.004,0.004899,0.0,0.0,0.0,0.0,500,-0.0,0.007625,1.0,1,False,10.18,0,True,,,,0,,,,,,,,,,,,,,results/T-sweep-nonDyck-4/distributions/aNbN_L128_T2_gaussian_categorical_sigma100.0.json
unconditional,aNbN,128,gaussian,categorical,1.0,,4,5,0.0,0.0,0.03,0.016733,0.0,0.0,0.0,0.0,500,-0.0,0.007625,1.0,1,False,6.48,0,True,,,,0,,,,,,,,,,,,,,results/T-sweep-nonDyck-4/distributions/aNbN_L128_T4_gaussian_categorical_sigma1.0.json
unconditional,aNbN,128,gaussian,categorical,256.0,,2,5,0.072,0.016,0.016,0.010198,0.0,0.0,0.0,0.0,500,-0.0,0.007625,1.0,1,False,10.65,0,True,,,,0,,,,,,,,,,,,,,results/T-sweep-nonDyck-4/distributions/aNbN_L128_T2_gaussian_categorical_sigma256.0.json
unconditional,aNbN,128,gaussian,categorical,2.0,,4,5,0.0,0.0,0.05,0.006325,0.0,0.0,0.0,0.0,500,-0.0,0.007625,1.0,1,False,6.55,0,True,,,,0,,,,,,,,,,,,,,results/T-sweep-nonDyck-4/distributions/aNbN_L128_T4_gaussian_categorical_sigma2.0.json
unconditional,aNbN,128,gaussian,categorical,5.0,,4,5,0.0,0.0,0.088,0.011662,0.0,0.0,0.0,0.0,500,-0.0,0.007625,1.004,2,False,6.19,0,True,,,,0,,,,,,,,,,,,,,results/T-sweep-nonDyck-4/distributions/aNbN_L128_T4_gaussian_categorical_sigma5.0.json
unconditional,aNbN,128,gaussian,categorical,10.0,,4,5,0.002,0.004,0.182,0.023152,0.002,0.004,0.002,0.004,500,0.000353,0.011241,1.028,4,False,6.1,1,True,1.0,0.0,,1,0.07317073170731707,0.1,,,0.0,0.015625,,,,,,,,results/T-sweep-nonDyck-4/distributions/aNbN_L128_T4_gaussian_categorical_sigma10.0.json
unconditional,aNbN,128,gaussian,categorical,20.0,,4,5,0.008,0.007483,0.286,0.05004,0.008,0.007483,0.008,0.007483,500,0.003115,0.020387,1.078,4,False,5.13,4,True,,,,4,,,,,1.3862943611198906,0.0625,,,,,,,,results/T-sweep-nonDyck-4/distributions/aNbN_L128_T4_gaussian_categorical_sigma20.0.json
unconditional,aNbN,128,gaussian,categorical,50.0,,4,5,0.05,0.022804,0.424,0.032619,0.02,0.015492,0.02,0.015492,500,0.010899,0.036421,1.108,5,False,4.95,10,False,0.8,0.19999999999999996,0.26778577138289367,10,0.005494505494505495,0.007462686567164179,,,2.0253262207700673,0.125,,,,,,,,results/T-sweep-nonDyck-4/distributions/aNbN_L128_T4_gaussian_categorical_sigma50.0.json
unconditional,aNbN,128,gaussian,categorical,100.0,,4,5,0.084,0.013565,0.448,0.042143,0.006,0.004899,0.006,0.004899,500,0.002043,0.017491,1.038,5,False,5.22,3,True,,,,3,,,,,1.0986122886681096,0.046875,,,,,,,,results/T-sweep-nonDyck-4/distributions/aNbN_L128_T4_gaussian_categorical_sigma100.0.json
unconditional,aNbN,128,gaussian,categorical,256.0,,4,5,0.134,0.010198,0.47,0.028983,0.002,0.004,0.002,0.004,500,0.000353,0.011241,1.012,5,False,5.37,1,True,1.0,0.0,,1,0.42857142857142855,0.6666666666666666,,,0.0,0.015625,,,,,,,,results/T-sweep-nonDyck-4/distributions/aNbN_L128_T4_gaussian_categorical_sigma256.0.json
unconditional,aNbN,128,gaussian,categorical,1.0,,8,5,0.022,0.007483,0.272,0.047917,0.022,0.007483,0.022,0.007483,500,0.012328,0.038961,1.392,8,False,5.57,11,False,0.36363636363636365,0.6363636363636364,0.12839506172839507,11,0.009584664536741214,0.013245033112582781,,,1.2636544318820966,0.0625,,,,,,,,results/T-sweep-nonDyck-4/distributions/aNbN_L128_T8_gaussian_categorical_sigma1.0.json
unconditional,aNbN,128,gaussian,categorical,2.0,,8,5,0.03,0.006325,0.336,0.033226,0.028,0.007483,0.028,0.007483,500,0.016751,0.046447,1.492,9,False,6.01,14,False,0.5,0.5,0.24384926814076613,14,0.00625,0.008583690987124463,,,1.7671949977916748,0.109375,,,,,,,,results/T-sweep-nonDyck-4/distributions/aNbN_L128_T8_gaussian_categorical_sigma2.0.json
unconditional,aNbN,128,gaussian,categorical,5.0,,8,5,0.052,0.020396,0.264,0.044091,0.044,0.020591,0.044,0.020591,500,0.029234,0.06572,1.936,9,False,6.8,22,False,0.5909090909090909,0.40909090909090906,0.30120481927710846,22,0.0037128712871287127,0.005089058524173028,,,2.476354019830674,0.203125,,,,,,,,results/T-sweep-nonDyck-4/distributions/aNbN_L128_T8_gaussian_categorical_sigma5.0.json
unconditional,aNbN,128,gaussian,categorical,10.0,,8,5,0.088,0.019391,0.29,0.040497,0.08,0.016733,0.08,0.016733,500,0.059298,0.107107,2.442,9,False,7.12,40,False,0.7,0.30000000000000004,0.3282138053711658,40,0.0012908777969018934,0.0017513134851138354,,,3.246828738589744,0.4375,,,,,,,,results/T-sweep-nonDyck-4/distributions/aNbN_L128_T8_gaussian_categorical_sigma10.0.json
unconditional,aNbN,128,gaussian,categorical,20.0,,8,5,0.152,0.031875,0.466,0.045869,0.126,0.025768,0.126,0.025768,500,0.099735,0.157968,2.862,9,False,7.6,63,False,0.6349206349206349,0.3650793650793651,0.35770609318996416,63,0.0008271298593879239,0.001122334455667789,,,3.5984115366390506,0.625,,,,,,,,results/T-sweep-nonDyck-4/distributions/aNbN_L128_T8_gaussian_categorical_sigma20.0.json
unconditional,aNbN,128,gaussian,categorical,50.0,,8,5,0.248,0.045343,0.646,0.046733,0.172,0.027857,0.172,0.027857,500,0.141454,0.207548,3.08,9,False,6.94,86,False,0.5697674418604651,0.43023255813953487,0.29873172275973964,86,0.0005119453924914676,0.0006927606511950121,,,3.7709203965144744,0.765625,,,,,,,,results/T-sweep-nonDyck-4/distributions/aNbN_L128_T8_gaussian_categorical_sigma50.0.json
unconditional,aNbN,128,gaussian,categorical,100.0,,8,5,0.322,0.029257,0.772,0.019391,0.206,0.027276,0.206,0.027276,500,0.172856,0.243627,3.18,9,False,6.2,103,False,0.5048543689320388,0.49514563106796117,0.3172642016461651,103,0.00046941010796432484,0.0006361323155216285,,,3.8019523152132932,0.8125,,,,,,,,results/T-sweep-nonDyck-4/distributions/aNbN_L128_T8_gaussian_categorical_sigma100.0.json
unconditional,aNbN,128,gaussian,categorical,256.0,,8,5,0.322,0.041183,0.826,0.02245,0.16,0.025298,0.16,0.025298,500,0.130476,0.194709,2.68,9,False,6.06,80,False,0.5125,0.48750000000000004,0.296080049408089,80,0.0006252605252188412,0.000847816871555744,,,3.591333016309207,0.640625,,,,,,,,results/T-sweep-nonDyck-4/distributions/aNbN_L128_T8_gaussian_categorical_sigma256.0.json
unconditional,aNbN,128,gaussian,categorical,1.0,,16,5,0.176,0.047159,0.284,0.044989,0.176,0.047159,0.176,0.047159,500,0.145126,0.211815,4.844,17,False,9.49,88,False,0.22727272727272727,0.7727272727272727,0.3038397964702208,88,0.0010238907849829352,0.0014074595355383533,,,2.5891863529474994,0.3125,,,,,,,,results/T-sweep-nonDyck-4/distributions/aNbN_L128_T16_gaussian_categorical_sigma1.0.json
unconditional,aNbN,128,gaussian,categorical,2.0,,16,5,0.192,0.029257,0.306,0.029394,0.192,0.029257,0.192,0.029257,500,0.159876,0.228821,5.274,16,False,9.75,96,False,0.3020833333333333,0.6979166666666667,0.27471459516421753,96,0.0008571428571428571,0.0011750881316098707,,,3.0814878946610276,0.453125,,,,,,,,results/T-sweep-nonDyck-4/distributions/aNbN_L128_T16_gaussian_categorical_sigma2.0.json
unconditional,aNbN,128,gaussian,categorical,5.0,,16,5,0.25,0.040497,0.394,0.058856,0.246,0.04128,0.246,0.04128,500,0.21028,0.285593,6.438,17,False,11.86,123,False,0.3902439024390244,0.6097560975609756,0.3281326154393087,123,0.0005361930294906167,0.0007309941520467836,,,3.6328513818224075,0.75,,,,,,,,results/T-sweep-nonDyck-4/distributions/aNbN_L128_T16_gaussian_categorical_sigma5.0.json
unconditional,aNbN,128,gaussian,categorical,10.0,,16,5,0.32,0.033466,0.518,0.023152,0.294,0.04128,0.294,0.04128,500,0.255758,0.335384,7.206,17,False,12.64,147,False,0.3877551020408163,0.6122448979591837,0.33670214191888054,147,0.0003736455349358575,0.0005074854097944684,,,3.8907634120997883,0.890625,,,,,,,,results/T-sweep-nonDyck-4/distributions/aNbN_L128_T16_gaussian_categorical_sigma10.0.json
unconditional,aNbN,128,gaussian,categorical,20.0,,16,5,0.4,0.0502,0.668,0.049558,0.368,0.036,0.368,0.036,500,0.326884,0.411129,8.314,17,False,12.56,184,False,0.33152173913043476,0.6684782608695652,0.29788169725469704,184,0.00024260067928190198,0.0003283533081595797,,,4.001680930381236,0.953125,,,,,,,,results/T-sweep-nonDyck-4/distributions/aNbN_L128_T16_gaussian_categorical_sigma20.0.json
unconditional,aNbN,128,gaussian,categorical,50.0,,16,5,0.488,0.055281,0.832,0.027129,0.426,0.057131,0.426,0.057131,500,0.383382,0.469747,9.044,17,False,12.8,213,False,0.2863849765258216,0.7136150234741784,0.305344059704838,200,0.00022815423226100844,0.00030921459492888067,,,4.002090550137586,0.953125,,,,,,,,results/T-sweep-nonDyck-4/distributions/aNbN_L128_T16_gaussian_categorical_sigma50.0.json
unconditional,aNbN,128,gaussian,categorical,100.0,,16,5,0.518,0.0402,0.88,0.038471,0.436,0.035553,0.436,0.035553,500,0.393185,0.479791,8.988,17,False,11.75,218,False,0.27522935779816515,0.7247706422018348,0.3166299921510314,200,0.00021821355833575792,0.00029563932002956393,,,3.989079896675159,0.9375,,,,,,,,results/T-sweep-nonDyck-4/distributions/aNbN_L128_T16_gaussian_categorical_sigma100.0.json
unconditional,aNbN,128,gaussian,categorical,256.0,,16,5,0.568,0.044452,0.924,0.028,0.47,0.046904,0.47,0.046904,500,0.426647,0.51381,9.424,17,False,10.86,235,False,0.251063829787234,0.7489361702127659,0.2913303819533079,200,0.00018623129927369795,0.00025198437696862794,,,3.9696762884165055,0.921875,,,,,,,,results/T-sweep-nonDyck-4/distributions/aNbN_L128_T16_gaussian_categorical_sigma256.0.json
unconditional,aNbN,128,gaussian,categorical,1.0,,32,5,0.354,0.044989,0.418,0.050359,0.354,0.044989,0.354,0.044989,500,0.313342,0.396885,14.794,32,False,21.31,177,False,0.2768361581920904,0.7231638418079096,0.34530004365106715,177,0.00038774718883288094,0.0005291005291005291,,,3.615305915266064,0.765625,,,,,,,,results/T-sweep-nonDyck-4/distributions/aNbN_L128_T32_gaussian_categorical_sigma1.0.json
unconditional,aNbN,128,gaussian,categorical,2.0,,32,5,0.428,0.030594,0.496,0.035553,0.428,0.030594,0.428,0.030594,500,0.385341,0.471757,17.008,32,False,23.8,214,False,0.2570093457943925,0.7429906542056075,0.3401138533998405,200,0.00029342723004694836,0.0003996003996003996,,,3.777556530108833,0.859375,,,,,,,,results/T-sweep-nonDyck-4/distributions/aNbN_L128_T32_gaussian_categorical_sigma2.0.json
unconditional,aNbN,128,gaussian,categorical,5.0,,32,5,0.48,0.047749,0.558,0.044452,0.47,0.049396,0.47,0.049396,500,0.426647,0.51381,18.286,33,False,24.65,235,False,0.251063829787234,0.7489361702127659,0.31428953457079944,200,0.00021889821233126596,0.0002969561989606533,,,3.965039199591816,0.921875,,,,,,,,results/T-sweep-nonDyck-4/distributions/aNbN_L128_T32_gaussian_categorical_sigma5.0.json
unconditional,aNbN,128,gaussian,categorical,10.0,,32,5,0.57,0.052915,0.688,0.033106,0.552,0.0402,0.552,0.0402,500,0.508179,0.595028,20.416,33,False,27.9,276,False,0.2246376811594203,0.7753623188405797,0.2928921895613762,200,0.0001663524453809471,0.00022525059128280213,,,4.033371987787037,0.96875,,,,,,,,results/T-sweep-nonDyck-4/distributions/aNbN_L128_T32_gaussian_categorical_sigma10.0.json
unconditional,aNbN,128,gaussian,categorical,50.0,,32,5,0.65,0.035777,0.9,0.028983,0.62,0.043359,0.62,0.043359,500,0.576692,0.661478,22.588,33,False,25.38,310,False,0.2064516129032258,0.7935483870967742,0.3224137879676986,200,0.00014508172937421413,0.00019638648860958367,,,4.084975166554882,1.0,,,,,,,,results/T-sweep-nonDyck-4/distributions/aNbN_L128_T32_gaussian_categorical_sigma50.0.json
unconditional,aNbN,128,gaussian,categorical,20.0,,32,5,0.672,0.020396,0.808,0.016,0.662,0.020396,0.662,0.020396,500,0.619442,0.702088,23.124,33,False,29.36,331,False,0.1903323262839879,0.8096676737160121,0.3150629287244567,200,0.00013422218245268667,0.00018165304268846503,,,4.018037923381344,0.984375,,,,,,,,results/T-sweep-nonDyck-4/distributions/aNbN_L128_T32_gaussian_categorical_sigma20.0.json
unconditional,aNbN,128,gaussian,categorical,100.0,,32,5,0.726,0.028705,0.956,0.018547,0.696,0.043635,0.696,0.043635,500,0.654313,0.734699,24.482,33,False,26.28,348,False,0.1810344827586207,0.8189655172413793,0.3259041396902449,200,0.00013504996848834067,0.00018293240647580719,,,4.059509760831229,0.984375,,,,,,,,results/T-sweep-nonDyck-4/distributions/aNbN_L128_T32_gaussian_categorical_sigma100.0.json
unconditional,aNbN,128,gaussian,categorical,256.0,,32,5,0.728,0.031875,0.964,0.004899,0.682,0.038678,0.682,0.038678,500,0.639924,0.7213,24.282,33,False,23.27,341,False,0.187683284457478,0.8123167155425219,0.30905493291121283,200,0.00013266704992703312,0.00017959770114942528,,,4.058887662398519,1.0,,,,,,,,results/T-sweep-nonDyck-4/distributions/aNbN_L128_T32_gaussian_categorical_sigma256.0.json
unconditional,aNbN,128,gaussian,categorical,1.0,,64,5,0.576,0.043635,0.588,0.0402,0.576,0.043635,0.576,0.043635,500,0.532264,0.618577,41.802,64,False,52.13,288,False,0.21875,0.78125,0.3573559932795597,200,0.00020410940263981494,0.0002775850104094379,,,3.9812768676662045,0.984375,,,,,,,,results/T-sweep-nonDyck-4/distributions/aNbN_L128_T64_gaussian_categorical_sigma1.0.json
unconditional,aNbN,128,gaussian,categorical,2.0,,64,5,0.652,0.089308,0.668,0.08727,0.65,0.092087,0.65,0.092087,500,0.607192,0.690521,45.624,65,False,56.92,325,False,0.19076923076923077,0.8092307692307692,0.32482382153784295,200,0.000162539957739611,0.00022060445621001543,,,3.982512611997747,0.96875,,,,,,,,results/T-sweep-nonDyck-4/distributions/aNbN_L128_T64_gaussian_categorical_sigma2.0.json
unconditional,aNbN,128,gaussian,categorical,5.0,,64,5,0.67,0.053292,0.726,0.042237,0.666,0.05678,0.666,0.05678,500,0.623532,0.705937,45.958,65,False,55.05,333,False,0.1921921921921922,0.8078078078078078,0.338534864337792,200,0.0001442238353925292,0.00019542700801250732,,,4.05886729434925,1.0,,,,,,,,results/T-sweep-nonDyck-4/distributions/aNbN_L128_T64_gaussian_categorical_sigma5.0.json
unconditional,aNbN,128,gaussian,categorical,10.0,,64,5,0.782,0.023152,0.84,0.018974,0.772,0.024819,0.772,0.024819,500,0.733233,0.806619,50.486,65,False,61.36,386,False,0.16580310880829016,0.8341968911917098,0.3558956682083905,200,0.00012320328542094456,0.00016691704223001168,,,4.0614975575930945,1.0,,,,,,,,results/T-sweep-nonDyck-4/distributions/aNbN_L128_T64_gaussian_categorical_sigma10.0.json
unconditional,aNbN,128,gaussian,categorical,50.0,,64,5,0.846,0.016248,0.962,0.014697,0.826,0.008,0.826,0.008,500,0.790318,0.856711,54.244,65,False,55.27,413,False,0.1549636803874092,0.8450363196125907,0.3439092568954095,200,0.00011382175513146413,0.0001541782300339192,,,4.0767889603576934,1.0,,,,,,,,results/T-sweep-nonDyck-4/distributions/aNbN_L128_T64_gaussian_categorical_sigma50.0.json
unconditional,aNbN,128,gaussian,categorical,20.0,,64,5,0.796,0.030067,0.896,0.023324,0.78,0.025298,0.78,0.025298,500,0.741631,0.8141,50.938,65,False,60.88,390,False,0.1641025641025641,0.8358974358974359,0.3210887849349619,200,0.00011834319526627219,0.00016025641025641026,,,4.096167912385503,1.0,,,,,,,,results/T-sweep-nonDyck-4/distributions/aNbN_L128_T64_gaussian_categorical_sigma20.0.json
unconditional,aNbN,128,gaussian,categorical,100.0,,64,5,0.892,0.033106,0.986,0.010198,0.87,0.031623,0.87,0.031623,500,0.837678,0.89668,56.926,65,False,57.51,435,False,0.14482758620689656,0.8551724137931034,0.35429722615652265,200,0.00011178596713492567,0.00015150367396409362,,,4.092397536819621,0.984375,,,,,,,,results/T-sweep-nonDyck-4/distributions/aNbN_L128_T64_gaussian_categorical_sigma100.0.json
unconditional,aNbN,128,gaussian,categorical,256.0,,64,5,0.852,0.032496,0.992,0.011662,0.834,0.027276,0.834,0.027276,500,0.798864,0.864043,55.716,65,False,41.59,417,False,0.1510791366906475,0.8489208633093526,0.30514257455896343,200,0.00010992634934593822,0.00014884274763712137,,,4.052295062388705,0.984375,,,,,,,,results/T-sweep-nonDyck-4/distributions/aNbN_L128_T64_gaussian_categorical_sigma256.0.json
unconditional,baN,128,gaussian,categorical,256.0,,1024,5,0.728,0.051923,1.0,0.0,0.726,0.048826,0.998,0.004,500,0.685294,0.76326,1009.834,1018,False,8370.53,363,False,1.0,0.0,0.159438225856426,200,8.740876709934006e-05,0.00017621533513954052,0.75,0.625,,,,,,,,,,results/T-sweep-nonDyck-4/distributions/baN_L128_T1024_gaussian_categorical_sigma256.0.json
unconditional,aNbN,128,gaussian,categorical,5.0,,128,5,0.842,0.046648,0.856,0.039799,0.84,0.047749,0.84,0.047749,500,0.805291,0.869524,108.502,129,False,78.85,420,False,0.1523809523809524,0.8476190476190476,0.34438119949367174,200,0.0001166044776119403,0.000158052789631737,,,4.077986584413438,1.0,,,,,,,,results/T-sweep-nonDyck-4/distributions/aNbN_L128_T128_gaussian_categorical_sigma5.0.json
unconditional,aNbN,128,gaussian,categorical,1.0,,128,5,0.794,0.030725,0.802,0.030594,0.794,0.030725,0.794,0.030725,500,0.756373,0.827144,105.64,129,False,123.36,397,False,0.16120906801007556,0.8387909319899245,0.31088236883341436,200,0.00012699487787325912,0.0001722207870489968,,,4.080719250853038,1.0,,,,,,,,results/T-sweep-nonDyck-4/distributions/aNbN_L128_T128_gaussian_categorical_sigma1.0.json
unconditional,aNbN,128,gaussian,categorical,2.0,,128,5,0.822,0.042615,0.836,0.041761,0.822,0.042615,0.822,0.042615,500,0.786054,0.853036,107.492,129,False,125.88,411,False,0.15571776155717762,0.8442822384428224,0.3460168127999949,200,0.00011605864830360942,0.00015724506643604056,,,4.102046901943392,1.0,,,,,,,,results/T-sweep-nonDyck-4/distributions/aNbN_L128_T128_gaussian_categorical_sigma2.0.json
unconditional,aNbN,128,gaussian,categorical,10.0,,128,5,0.874,0.024166,0.916,0.034986,0.87,0.021909,0.87,0.021909,500,0.837678,0.89668,109.486,129,False,122.45,435,False,0.1471264367816092,0.8528735632183908,0.33561356696746625,200,0.0001111646348241746,0.00015064778547755348,,,4.094535969915699,1.0,,,,,,,,results/T-sweep-nonDyck-4/distributions/aNbN_L128_T128_gaussian_categorical_sigma10.0.json
unconditional,aNbN,128,gaussian,categorical,20.0,,128,5,0.88,0.016733,0.936,0.010198,0.874,0.014967,0.874,0.014967,500,0.842032,0.900265,110.126,129,False,77.24,437,False,0.14645308924485126,0.8535469107551488,0.31700763604499366,200,0.00010360904852357106,0.0001402622904832036,,,4.095322150183607,1.0,,,,,,,,results/T-sweep-nonDyck-4/distributions/aNbN_L128_T128_gaussian_categorical_sigma20.0.json
unconditional,aNbN,128,gaussian,categorical,50.0,,128,5,0.934,0.016248,0.982,0.009798,0.926,0.018547,0.926,0.018547,500,0.899665,0.945839,116.486,129,False,121.71,463,False,0.13822894168466524,0.8617710583153347,0.32914610801250704,200,0.0001029901472759106,0.00013953812879369286,,,4.081610291651267,1.0,,,,,,,,results/T-sweep-nonDyck-4/distributions/aNbN_L128_T128_gaussian_categorical_sigma50.0.json
unconditional,aNbN,128,gaussian,greedy,1.0,,1024,5,1.0,0.0,1.0,0.0,1.0,0.0,1.0,0.0,500,0.992375,1.0,996.364,1016,False,1064.86,500,False,0.01,0.99,0.005092322305304545,200,4.7534541767017366e-05,6.388551715326135e-05,,,0.8189014525162638,0.078125,,,,,,,,results/T-sweep-nonDyck-4/distributions/aNbN_L128_T1024_gaussian_greedy_sigma1.0.json
unconditional,aNbN,128,gaussian,greedy,2.0,,1024,5,1.0,0.0,1.0,0.0,1.0,0.0,1.0,0.0,500,0.992375,1.0,988.388,1018,False,1067.47,500,False,0.018,0.982,0.011642881232049908,200,4.8160277403197845e-05,6.47332988089073e-05,,,1.4999540978498969,0.140625,,,,,,,,results/T-sweep-nonDyck-4/distributions/aNbN_L128_T1024_gaussian_greedy_sigma2.0.json
unconditional,aNbN,128,gaussian,categorical,256.0,,128,5,0.922,0.027129,0.998,0.004,0.906,0.02245,0.906,0.02245,500,0.877235,0.928574,118.428,129,False,107.17,453,False,0.141280353200883,0.8587196467991169,0.32379855840843863,200,0.0001029336078229542,0.00013941168269901018,,,4.10178955714354,1.0,,,,,,,,results/T-sweep-nonDyck-4/distributions/aNbN_L128_T128_gaussian_categorical_sigma256.0.json
unconditional,aNbN,128,gaussian,categorical,100.0,,128,5,0.914,0.026533,0.99,0.006325,0.906,0.019596,0.906,0.019596,500,0.877235,0.928574,116.81,129,False,116.61,453,False,0.141280353200883,0.8587196467991169,0.32965033534397425,200,0.00010344470880314473,0.00014011489421325487,,,4.098117542673719,1.0,,,,,,,,results/T-sweep-nonDyck-4/distributions/aNbN_L128_T128_gaussian_categorical_sigma100.0.json
unconditional,aNbN,128,gaussian,greedy,100.0,,1024,5,0.998,0.004,1.0,0.0,0.998,0.004,0.998,0.004,500,0.988759,0.999647,995.088,1018,False,700.24,499,False,0.11422845691382766,0.8857715430861723,0.14823685953698837,200,7.124706105873133e-05,9.613535858488752e-05,,,3.7936297482570662,0.890625,,,,,,,,results/T-sweep-nonDyck-4/distributions/aNbN_L128_T1024_gaussian_greedy_sigma100.0.json
unconditional,aNbN,128,gaussian,categorical,1.0,,256,5,0.886,0.02245,0.89,0.024495,0.886,0.02245,0.886,0.02245,500,0.85515,0.910964,227.636,255,False,153.61,443,False,0.14446952595936793,0.8555304740406321,0.3489321608040201,200,0.00011598685482312004,0.0001573440327275588,,,4.078148569245626,1.0,,,,,,,,results/T-sweep-nonDyck-4/distributions/aNbN_L128_T256_gaussian_categorical_sigma1.0.json
unconditional,aNbN,128,gaussian,greedy,50.0,,1024,5,0.998,0.004,1.0,0.0,0.998,0.004,0.998,0.004,500,0.988759,0.999647,974.538,1018,False,742.07,499,False,0.09418837675350701,0.905811623246493,0.1213174152357071,200,6.282327811865223e-05,8.464891861006476e-05,,,3.6041188291985566,0.734375,,,,,,,,results/T-sweep-nonDyck-4/distributions/aNbN_L128_T1024_gaussian_greedy_sigma50.0.json
unconditional,aNbN,128,gaussian,greedy,5.0,,1024,5,1.0,0.0,1.0,0.0,1.0,0.0,1.0,0.0,500,0.992375,1.0,971.928,1018,False,997.52,500,False,0.038,0.962,0.02883527367687298,200,4.988692297459093e-05,6.70735797169495e-05,,,2.298825765448323,0.296875,,,,,,,,results/T-sweep-nonDyck-4/distributions/aNbN_L128_T1024_gaussian_greedy_sigma5.0.json
unconditional,aNbN,128,gaussian,categorical,5.0,,256,5,0.928,0.023152,0.938,0.01833,0.926,0.020591,0.926,0.020591,500,0.899665,0.945839,229.578,256,False,212.78,463,False,0.13822894168466524,0.8617710583153347,0.32465669032208,200,0.00010019705420660633,0.00013569441617477442,,,4.072870819859523,1.0,,,,,,,,results/T-sweep-nonDyck-4/distributions/aNbN_L128_T256_gaussian_categorical_sigma5.0.json
unconditional,aNbN,128,gaussian,categorical,20.0,,256,5,0.95,0.023664,0.972,0.011662,0.942,0.016,0.942,0.016,500,0.917943,0.959317,231.108,256,False,208.97,471,False,0.13588110403397027,0.8641188959660298,0.3302112246890767,200,0.00010089799212995662,0.0001366960563187752,,,4.089115470913321,1.0,,,,,,,,results/T-sweep-nonDyck-4/distributions/aNbN_L128_T256_gaussian_categorical_sigma20.0.json
unconditional,aNbN,128,gaussian,categorical,2.0,,256,5,0.864,0.023324,0.874,0.027276,0.864,0.023324,0.864,0.023324,500,0.831164,0.891285,222.282,256,False,255.09,432,False,0.14814814814814814,0.8518518518518519,0.33468882875918055,200,0.00011066027296200664,0.00014993627708224006,,,4.085992774821101,1.0,,,,,,,,results/T-sweep-nonDyck-4/distributions/aNbN_L128_T256_gaussian_categorical_sigma2.0.json
unconditional,aNbN,128,gaussian,categorical,10.0,,256,5,0.934,0.027276,0.944,0.024166,0.932,0.030594,0.932,0.030594,500,0.906479,0.950934,229.408,256,False,243.1,466,False,0.13733905579399142,0.8626609442060086,0.34307944487935077,200,9.887284951552304e-05,0.00013388673182487614,,,4.060342968033853,1.0,,,,,,,,results/T-sweep-nonDyck-4/distributions/aNbN_L128_T256_gaussian_categorical_sigma10.0.json
unconditional,aNbN,128,gaussian,categorical,100.0,,256,5,0.956,0.013565,0.99,0.006325,0.952,0.016,0.952,0.016,500,0.929572,0.967535,241.458,256,False,186.26,476,False,0.13445378151260504,0.865546218487395,0.3179999614932902,200,9.963467286615742e-05,0.0001349800904366606,,,4.079211733079803,1.0,,,,,,,,results/T-sweep-nonDyck-4/distributions/aNbN_L128_T256_gaussian_categorical_sigma100.0.json
unconditional,aNbN,128,gaussian,categorical,50.0,,256,5,0.962,0.026382,0.994,0.004899,0.96,0.026077,0.96,0.026077,500,0.939026,0.973959,237.438,256,False,238.25,480,False,0.13333333333333333,0.8666666666666667,0.33681341725566544,200,9.647543092359146e-05,0.0001306506401881369,,,4.08759116405167,1.0,,,,,,,,results/T-sweep-nonDyck-4/distributions/aNbN_L128_T256_gaussian_categorical_sigma50.0.json
unconditional,aNbN,128,gaussian,greedy,256.0,,1024,5,1.0,0.0,1.0,0.0,1.0,0.0,1.0,0.0,500,0.992375,1.0,1011.432,1018,False,867.03,500,False,0.118,0.882,0.1922068730335416,200,7.749935417204857e-05,0.00010468463752944256,,,3.918137240898667,0.921875,,,,,,,,results/T-sweep-nonDyck-4/distributions/aNbN_L128_T1024_gaussian_greedy_sigma256.0.json
unconditional,aNbN,128,gaussian,categorical,256.0,,256,5,0.966,0.016248,0.998,0.004,0.96,0.017889,0.96,0.017889,500,0.939026,0.973959,245.812,256,False,190.87,480,False,0.13333333333333333,0.8666666666666667,0.3382742784037552,200,0.00010140616549486209,0.00013743815283122595,,,4.081033976880301,1.0,,,,,,,,results/T-sweep-nonDyck-4/distributions/aNbN_L128_T256_gaussian_categorical_sigma256.0.json
unconditional,aNbN,128,gaussian,greedy,20.0,,1024,5,1.0,0.0,1.0,0.0,1.0,0.0,1.0,0.0,500,0.992375,1.0,960.68,1018,False,1061.92,500,False,0.072,0.928,0.08471832134949726,200,5.801585766776252e-05,7.810974419058778e-05,,,3.3589629146963613,0.5625,,,,,,,,results/T-sweep-nonDyck-4/distributions/aNbN_L128_T1024_gaussian_greedy_sigma20.0.json
unconditional,aNbN,128,gaussian,greedy,10.0,,1024,5,1.0,0.0,1.0,0.0,1.0,0.0,1.0,0.0,500,0.992375,1.0,961.018,1018,False,1099.68,500,False,0.06,0.94,0.06745537586090179,200,5.332764505119454e-05,7.174115790228854e-05,,,2.975108414177074,0.46875,,,,,,,,results/T-sweep-nonDyck-4/distributions/aNbN_L128_T1024_gaussian_greedy_sigma10.0.json
unconditional,aNbN,128,gaussian,categorical,10.0,,512,5,0.958,0.009798,0.968,0.014697,0.958,0.009798,0.958,0.009798,500,0.936648,0.972368,467.248,510,False,315.31,479,False,0.1336116910229645,0.8663883089770354,0.33525905820327523,200,9.704654999514767e-05,0.00013143195110731419,,,4.101487564793899,1.0,,,,,,,,results/T-sweep-nonDyck-4/distributions/aNbN_L128_T512_gaussian_categorical_sigma10.0.json
unconditional,aNbN,128,gaussian,categorical,5.0,,512,5,0.954,0.012,0.96,0.014142,0.954,0.012,0.954,0.012,500,0.931922,0.969155,470.974,510,False,389.83,477,False,0.13417190775681342,0.8658280922431866,0.3273377007412041,200,9.790803172220228e-05,0.00013260840737302744,,,4.089572211548506,1.0,,,,,,,,results/T-sweep-nonDyck-4/distributions/aNbN_L128_T512_gaussian_categorical_sigma5.0.json
unconditional,aNbN,128,gaussian,categorical,1.0,,512,5,0.94,0.0,0.944,0.004899,0.94,0.0,0.94,0.0,500,0.915638,0.957652,476.162,509,False,512.56,470,False,0.13617021276595745,0.8638297872340426,0.3238903464445814,200,0.00010547039797496836,0.00014298991921069565,,,4.104126830443977,1.0,,,,,,,,results/T-sweep-nonDyck-4/distributions/aNbN_L128_T512_gaussian_categorical_sigma1.0.json
unconditional,aNbN,128,gaussian,categorical,100.0,,512,5,0.972,0.011662,0.998,0.004,0.972,0.011662,0.972,0.011662,500,0.953553,0.983249,486.836,510,False,431.78,486,False,0.13168724279835392,0.868312757201646,0.32793618241595823,200,9.379689844922461e-05,0.0001269921899803162,,,4.062303448775828,1.0,,,,,,,,results/T-sweep-nonDyck-4/distributions/aNbN_L128_T512_gaussian_categorical_sigma100.0.json
unconditional,aNbN,128,gaussian,categorical,50.0,,512,5,0.982,0.009798,0.996,0.004899,0.98,0.010954,0.98,0.010954,500,0.963579,0.989101,481.916,510,False,440.56,490,False,0.1306122448979592,0.8693877551020408,0.31294718011514644,200,9.4631253548672e-05,0.00012815583749839805,,,4.099110582934913,1.0,,,,,,,,results/T-sweep-nonDyck-4/distributions/aNbN_L128_T512_gaussian_categorical_sigma50.0.json
unconditional,aNbN,128,gaussian,categorical,256.0,,512,5,0.982,0.009798,0.996,0.004899,0.978,0.011662,0.978,0.011662,500,0.961039,0.987672,497.494,510,False,441.73,489,False,0.130879345603272,0.869120654396728,0.3803565136779883,200,9.451498062442897e-05,0.00012799180852425445,,,4.1014994198621455,1.0,,,,,,,,results/T-sweep-nonDyck-4/distributions/aNbN_L128_T512_gaussian_categorical_sigma256.0.json
unconditional,aNbN,128,ar,greedy,,,130,1,1.0,0.0,1.0,0.0,1.0,0.0,1.0,0.0,100,0.963005,1.0,129.0,129,True,12.29,100,False,0.01,0.99,0.0,100,0.00023622047244094488,0.00031746031746031746,,,0.0,0.015625,,,,,,,,results/T-sweep-nonDyck-4/distributions/aNbN_L128_T130_ar_greedy_none.json
unconditional,aNbN,128,gaussian,categorical,2.0,,512,5,0.936,0.025768,0.94,0.025298,0.936,0.025768,0.936,0.025768,500,0.911047,0.954304,471.07,510,False,519.73,468,False,0.13675213675213677,0.8632478632478633,0.32857503751343026,200,0.00010069817400644469,0.00013640703860319192,,,4.097608989731602,1.0,,,,,,,,results/T-sweep-nonDyck-4/distributions/aNbN_L128_T512_gaussian_categorical_sigma2.0.json
unconditional,aNbN,128,ebsampler,greedy,,0.5,128,1,1.0,0.0,1.0,0.0,1.0,0.0,1.0,0.0,100,0.963005,1.0,29.0,29,True,7.24,100,False,0.01,0.99,0.0,100,0.00046153846153846153,0.000625,,,0.0,0.015625,,,,,,,,results/T-sweep-nonDyck-4/distributions/aNbN_L128_T128_ebsampler_greedy_gamma0.5.json
unconditional,aNbN,128,ebsampler,greedy,,0.1,128,1,1.0,0.0,1.0,0.0,1.0,0.0,1.0,0.0,100,0.963005,1.0,62.0,62,True,10.92,100,False,0.01,0.99,0.0,100,0.0027272727272727275,0.004,,,0.0,0.015625,,,,,,,,results/T-sweep-nonDyck-4/distributions/aNbN_L128_T128_ebsampler_greedy_gamma0.1.json
unconditional,aNbN,128,ebsampler,greedy,,2.0,128,1,1.0,0.0,1.0,0.0,1.0,0.0,1.0,0.0,100,0.963005,1.0,14.0,14,True,2.12,100,False,0.01,0.99,0.0,100,0.0004918032786885246,0.0006666666666666666,,,0.0,0.015625,,,,,,,,results/T-sweep-nonDyck-4/distributions/aNbN_L128_T128_ebsampler_greedy_gamma2.0.json
unconditional,aNbN,128,ebsampler,greedy,,5.0,128,1,1.0,0.0,1.0,0.0,1.0,0.0,1.0,0.0,100,0.963005,1.0,8.0,8,True,1.25,100,False,0.01,0.99,0.0,100,0.0004761904761904762,0.0006451612903225806,,,0.0,0.015625,,,,,,,,results/T-sweep-nonDyck-4/distributions/aNbN_L128_T128_ebsampler_greedy_gamma5.0.json
unconditional,aNbN,128,ebsampler,greedy,,0.9,128,1,1.0,0.0,1.0,0.0,1.0,0.0,1.0,0.0,100,0.963005,1.0,22.0,22,True,5.5,100,False,0.01,0.99,0.0,100,0.0004761904761904762,0.0006451612903225806,,,0.0,0.015625,,,,,,,,results/T-sweep-nonDyck-4/distributions/aNbN_L128_T128_ebsampler_greedy_gamma0.9.json
unconditional,aNbN,128,ebsampler,greedy,,10.0,128,1,0.0,0.0,1.0,0.0,0.0,0.0,0.0,0.0,100,0.0,0.036995,5.0,5,True,0.83,0,True,,,,0,,,,,,,,,,,,,,results/T-sweep-nonDyck-4/distributions/aNbN_L128_T128_ebsampler_greedy_gamma10.0.json
unconditional,aNbN,128,ebsampler,categorical,,0.5,128,5,0.456,0.030725,0.896,0.035553,0.454,0.028705,0.454,0.028705,500,0.410875,0.497827,8.31,29,False,10.1,227,False,0.14977973568281938,0.8502202643171806,0.3823729317638859,200,0.00020095116886596556,0.00027207182696231805,,,3.1396169017870994,0.53125,,,,,,,,results/T-sweep-nonDyck-4/distributions/aNbN_L128_T128_ebsampler_categorical_gamma0.5.json
unconditional,aNbN,128,ebsampler,categorical,,0.9,128,5,0.268,0.030594,0.862,0.029933,0.266,0.028,0.266,0.028,500,0.22916,0.306409,5.19,21,False,7.05,133,False,0.18045112781954886,0.8195488721804511,0.4434473376452899,133,0.0004008016032064128,0.000544069640914037,,,2.701698282616693,0.375,,,,,,,,results/T-sweep-nonDyck-4/distributions/aNbN_L128_T128_ebsampler_categorical_gamma0.9.json
unconditional,aNbN,128,ebsampler,categorical,,2.0,128,5,0.202,0.034871,0.848,0.034293,0.198,0.031875,0.198,0.031875,500,0.165431,0.235175,2.634,11,False,4.54,99,False,0.13131313131313133,0.8686868686868687,0.3905192298049441,99,0.0004677997816934352,0.0006335128286347799,,,2.170026407670564,0.203125,,,,,,,,results/T-sweep-nonDyck-4/distributions/aNbN_L128_T128_ebsampler_categorical_gamma2.0.json
unconditional,aNbN,128,gaussian,categorical,20.0,,512,5,0.972,0.014697,0.986,0.010198,0.968,0.019391,0.968,0.019391,500,0.948655,0.980209,468.426,510,False,505.22,484,False,0.128099173553719,0.871900826446281,0.3480136609520605,200,0.0001004352192835621,0.00013611924045463827,,,4.07822042867032,0.96875,,,,,,,,results/T-sweep-nonDyck-4/distributions/aNbN_L128_T512_gaussian_categorical_sigma20.0.json
unconditional,aNbN,128,ebsampler,categorical,,5.0,128,5,0.088,0.039699,0.75,0.063246,0.088,0.039699,0.088,0.039699,500,0.066206,0.116077,1.414,4,False,3.7,44,False,0.11363636363636363,0.8863636363636364,0.31061835226248424,44,0.0009063444108761329,0.001224739742804654,,,1.3189122873323487,0.078125,,,,,,,,results/T-sweep-nonDyck-4/distributions/aNbN_L128_T128_ebsampler_categorical_gamma5.0.json
unconditional,aNbNcN,128,uniform,greedy,,,1,5,0.0,0.0,1.0,0.0,0.0,0.0,0.0,0.0,500,-0.0,0.007625,1.0,1,False,5.04,0,True,,,,0,,,,,,,,,,,,,,results/T-sweep-nonDyck-4/distributions/aNbNcN_L128_T1_uniform_greedy_none.json
unconditional,aNbN,128,ebsampler,categorical,,10.0,128,5,0.012,0.011662,0.706,0.064684,0.012,0.011662,0.012,0.011662,500,0.005511,0.025931,1.056,3,False,6.75,6,False,0.5,0.5,0.036303630363036306,6,0.005,0.006734006734006734,,,0.8675632284814612,0.046875,,,,,,,,results/T-sweep-nonDyck-4/distributions/aNbN_L128_T128_ebsampler_categorical_gamma10.0.json
unconditional,aNbN,128,ar,categorical,,,130,5,1.0,0.0,1.0,0.0,1.0,0.0,1.0,0.0,500,0.992375,1.0,129.0,129,False,60.1,500,False,0.128,0.872,0.3352361047301881,200,9.333582228859437e-05,0.00012641425952847481,,,4.100305426902594,1.0,,,,,,,,results/T-sweep-nonDyck-4/distributions/aNbN_L128_T130_ar_categorical_none.json
unconditional,aNbNcN,128,uniform,greedy,,,2,5,0.0,0.0,1.0,0.0,0.0,0.0,0.0,0.0,500,-0.0,0.007625,1.0,1,False,11.2,0,True,,,,0,,,,,,,,,,,,,,results/T-sweep-nonDyck-4/distributions/aNbNcN_L128_T2_uniform_greedy_none.json
unconditional,aNbNcN,128,uniform,greedy,,,8,5,0.058,0.013266,1.0,0.0,0.058,0.013266,0.058,0.013266,500,0.040683,0.082057,1.436,8,False,10.32,29,False,0.4827586206896552,0.5172413793103448,0.12626728110599078,29,0.002730748225013654,0.00388457269700333,,,2.4346651032548796,0.3333333333333333,,,,,,,,results/T-sweep-nonDyck-4/distributions/aNbNcN_L128_T8_uniform_greedy_none.json
unconditional,aNbNcN,128,uniform,greedy,,,4,5,0.002,0.004,1.0,0.0,0.002,0.004,0.002,0.004,500,0.000353,0.011241,1.006,4,False,17.4,1,True,1.0,0.0,,1,0.07042253521126761,0.1,,,0.0,0.023809523809523808,,,,,,,,results/T-sweep-nonDyck-4/distributions/aNbNcN_L128_T4_uniform_greedy_none.json
unconditional,aNbN,128,ebsampler,categorical,,0.1,128,5,0.63,0.022804,1.0,0.0,0.62,0.017889,0.62,0.017889,500,0.576692,0.661478,25.568,62,False,49.91,310,False,0.16774193548387098,0.832258064516129,0.31739725576169264,200,0.0001800288046087374,0.00024458847988259754,,,3.8799622317560427,0.8125,,,,,,,,results/T-sweep-nonDyck-4/distributions/aNbN_L128_T128_ebsampler_categorical_gamma0.1.json
unconditional,aNbNcN,128,uniform,greedy,,,16,5,0.314,0.043174,1.0,0.0,0.308,0.045782,0.308,0.045782,500,0.269125,0.349803,5.782,16,False,13.42,154,False,0.16233766233766234,0.8376623376623377,0.1276128940777914,154,0.0004960809604127393,0.0007052896725440807,,,2.9246677869395974,0.5952380952380952,,,,,,,,results/T-sweep-nonDyck-4/distributions/aNbNcN_L128_T16_uniform_greedy_none.json
unconditional,aNbNcN,128,uniform,greedy,,,32,5,0.624,0.040792,1.0,0.0,0.618,0.038678,0.618,0.038678,500,0.574664,0.659536,20.646,32,False,26.54,309,False,0.11974110032362459,0.8802588996763754,0.20066756808253236,200,0.00025002500250025,0.00035552846767230434,,,3.336844232791581,0.8809523809523809,,,,,,,,results/T-sweep-nonDyck-4/distributions/aNbNcN_L128_T32_uniform_greedy_none.json
unconditional,aNbNcN,128,uniform,greedy,,,64,5,0.816,0.039799,1.0,0.0,0.814,0.04128,0.814,0.04128,500,0.777545,0.845667,52.818,64,False,97.83,407,False,0.09828009828009827,0.9017199017199017,0.25484531205499156,200,0.00020356648481394024,0.00033119436969571516,,,3.5025058763604897,0.9523809523809523,,,,,,,,results/T-sweep-nonDyck-4/distributions/aNbNcN_L128_T64_uniform_greedy_none.json
unconditional,aNbNcN,128,uniform,greedy,,,128,5,0.91,0.021909,1.0,0.0,0.91,0.021909,0.91,0.021909,500,0.88169,0.932058,116.872,128,False,208.15,455,False,0.08791208791208792,0.9120879120879121,0.28694332179778936,200,0.00018298261665141812,0.000297729810197246,,,3.5623076776665408,0.9523809523809523,,,,,,,,results/T-sweep-nonDyck-4/distributions/aNbNcN_L128_T128_uniform_greedy_none.json
unconditional,aNbNcN,128,uniform,categorical,,,1,5,0.0,0.0,0.0,0.0,0.0,0.0,0.362,0.027857,500,-0.0,0.007625,1.0,1,False,8.59,0,True,,,,0,,,,,,,,,,,,,,results/T-sweep-nonDyck-4/distributions/aNbNcN_L128_T1_uniform_categorical_none.json
unconditional,aNbNcN,128,uniform,categorical,,,2,5,0.008,0.007483,0.0,0.0,0.0,0.0,0.0,0.0,500,-0.0,0.007625,1.0,1,False,17.17,0,True,,,,0,,,,,,,,,,,,,,results/T-sweep-nonDyck-4/distributions/aNbNcN_L128_T2_uniform_categorical_none.json
unconditional,aNbNcN,128,uniform,categorical,,,4,5,0.026,0.028705,0.048,0.019391,0.0,0.0,0.0,0.0,500,-0.0,0.007625,1.0,1,False,14.19,0,True,,,,0,,,,,,,,,,,,,,results/T-sweep-nonDyck-4/distributions/aNbNcN_L128_T4_uniform_categorical_none.json
unconditional,aNbNcN,128,uniform,categorical,,,8,5,0.046,0.023324,0.344,0.036111,0.002,0.004,0.002,0.004,500,0.000353,0.011241,1.016,8,False,13.58,1,True,1.0,0.0,,1,0.07042253521126761,0.1,,,0.0,0.023809523809523808,,,,,,,,results/T-sweep-nonDyck-4/distributions/aNbNcN_L128_T8_uniform_categorical_none.json
unconditional,aNbNcN,128,uniform,categorical,,,16,5,0.134,0.02245,0.702,0.027857,0.08,0.021909,0.08,0.021909,500,0.059298,0.107107,2.28,16,False,16.16,40,False,0.575,0.42500000000000004,0.18522124851238775,40,0.001783166904422254,0.002894356005788712,,,3.038884584421759,0.5476190476190477,,,,,,,,results/T-sweep-nonDyck-4/distributions/aNbNcN_L128_T16_uniform_categorical_none.json
unconditional,aNbNcN,128,uniform,greedy,,,256,5,0.974,0.008,1.0,0.0,0.974,0.008,0.974,0.008,500,0.956028,0.984744,247.24,255,False,298.76,487,False,0.08418891170431211,0.9158110882956879,0.26502793111699713,200,0.00017071838295547664,0.00027776813305093573,,,3.6123559051766803,0.9761904761904762,,,,,,,,results/T-sweep-nonDyck-4/distributions/aNbNcN_L128_T256_uniform_greedy_none.json
unconditional,aNbNcN,128,uniform,categorical,,,32,5,0.382,0.072222,0.892,0.017205,0.33,0.066633,0.33,0.066633,500,0.290217,0.372375,11.574,32,False,31.15,165,False,0.23636363636363636,0.7636363636363637,0.2610700671322066,165,0.00046816479400749064,0.0007608178792201616,,,3.5150945447018875,0.9285714285714286,,,,,,,,results/T-sweep-nonDyck-4/distributions/aNbNcN_L128_T32_uniform_categorical_none.json
unconditional,aNbNcN,128,uniform,categorical,,,64,5,0.636,0.032,0.968,0.020396,0.628,0.027129,0.628,0.027129,500,0.584808,0.66924,40.898,64,False,72.78,314,False,0.1337579617834395,0.8662420382165605,0.29907354702630595,200,0.00024287171516005246,0.00039461352537858237,,,3.652534835257662,1.0,,,,,,,,results/T-sweep-nonDyck-4/distributions/aNbNcN_L128_T64_uniform_categorical_none.json
unconditional,baN,128,gaussian,categorical,10.0,,512,5,0.98,0.006325,1.0,0.0,0.976,0.010198,0.99,0.006325,500,0.958523,0.986219,481.29,510,False,14812.35,488,False,1.0,0.0,0.15870526444459496,200,6.503007641033979e-05,0.00013110025892301138,0.75,0.625,,,,,,,,,,results/T-sweep-nonDyck-4/distributions/baN_L128_T512_gaussian_categorical_sigma10.0.json
unconditional,aNbNcN,128,uniform,categorical,,,128,5,0.804,0.032619,0.98,0.008944,0.8,0.031623,0.8,0.031623,500,0.76271,0.832715,102.994,128,False,176.63,400,False,0.105,0.895,0.30192021815064435,200,0.00019820819789106476,0.0003222428099573028,,,3.694385264918018,1.0,,,,,,,,results/T-sweep-nonDyck-4/distributions/aNbNcN_L128_T128_uniform_categorical_none.json
unconditional,aNbN,128,gaussian,categorical,10.0,,1024,5,0.988,0.009798,0.996,0.004899,0.986,0.012,0.986,0.012,500,0.971387,0.993202,951.422,1018,False,878.47,493,False,0.12981744421906694,0.8701825557809331,0.3245979309232144,200,9.610764055742432e-05,0.00013019985678015754,,,4.103929068279277,1.0,,,,,,,,results/T-sweep-nonDyck-4/distributions/aNbN_L128_T1024_gaussian_categorical_sigma10.0.json
unconditional,aNbNcN,128,gaussian,greedy,1.0,,1,5,0.0,0.0,1.0,0.0,0.0,0.0,0.0,0.0,500,-0.0,0.007625,1.0,1,False,5.4,0,True,,,,0,,,,,,,,,,,,,,results/T-sweep-nonDyck-4/distributions/aNbNcN_L128_T1_gaussian_greedy_sigma1.0.json
unconditional,aNbNcN,128,gaussian,greedy,2.0,,1,5,0.0,0.0,1.0,0.0,0.0,0.0,0.0,0.0,500,-0.0,0.007625,1.0,1,False,5.39,0,True,,,,0,,,,,,,,,,,,,,results/T-sweep-nonDyck-4/distributions/aNbNcN_L128_T1_gaussian_greedy_sigma2.0.json
unconditional,aNbN,128,gaussian,categorical,2.0,,1024,5,0.966,0.014967,0.974,0.008,0.966,0.014967,0.966,0.014967,500,0.946228,0.978666,961.616,1018,False,994.51,483,False,0.13250517598343686,0.8674948240165632,0.30393307402181113,200,9.742473938882214e-05,0.00013196964698119432,,,4.095307265433886,1.0,,,,,,,,results/T-sweep-nonDyck-4/distributions/aNbN_L128_T1024_gaussian_categorical_sigma2.0.json
unconditional,aNbNcN,128,gaussian,greedy,5.0,,1,5,0.0,0.0,1.0,0.0,0.0,0.0,0.0,0.0,500,-0.0,0.007625,1.0,1,False,5.45,0,True,,,,0,,,,,,,,,,,,,,results/T-sweep-nonDyck-4/distributions/aNbNcN_L128_T1_gaussian_greedy_sigma5.0.json
unconditional,aNbNcN,128,gaussian,greedy,10.0,,1,5,0.0,0.0,1.0,0.0,0.0,0.0,0.0,0.0,500,-0.0,0.007625,1.0,1,False,8.63,0,True,,,,0,,,,,,,,,,,,,,results/T-sweep-nonDyck-4/distributions/aNbNcN_L128_T1_gaussian_greedy_sigma10.0.json
unconditional,aNbNcN,128,gaussian,greedy,20.0,,1,5,0.0,0.0,1.0,0.0,0.0,0.0,0.0,0.0,500,-0.0,0.007625,1.0,1,False,5.39,0,True,,,,0,,,,,,,,,,,,,,results/T-sweep-nonDyck-4/distributions/aNbNcN_L128_T1_gaussian_greedy_sigma20.0.json
unconditional,aNbNcN,128,gaussian,greedy,100.0,,1,5,0.0,0.0,1.0,0.0,0.0,0.0,0.0,0.0,500,-0.0,0.007625,1.0,1,False,5.43,0,True,,,,0,,,,,,,,,,,,,,results/T-sweep-nonDyck-4/distributions/aNbNcN_L128_T1_gaussian_greedy_sigma100.0.json
unconditional,aNbNcN,128,gaussian,greedy,50.0,,1,5,0.0,0.0,1.0,0.0,0.0,0.0,0.0,0.0,500,-0.0,0.007625,1.0,1,False,8.67,0,True,,,,0,,,,,,,,,,,,,,results/T-sweep-nonDyck-4/distributions/aNbNcN_L128_T1_gaussian_greedy_sigma50.0.json
unconditional,aNbNcN,128,gaussian,greedy,256.0,,1,5,0.0,0.0,1.0,0.0,0.0,0.0,0.0,0.0,500,-0.0,0.007625,1.0,1,False,5.52,0,True,,,,0,,,,,,,,,,,,,,results/T-sweep-nonDyck-4/distributions/aNbNcN_L128_T1_gaussian_greedy_sigma256.0.json
unconditional,aNbN,128,gaussian,categorical,1.0,,1024,5,0.966,0.020591,0.97,0.014142,0.966,0.020591,0.966,0.020591,500,0.946228,0.978666,971.492,1018,False,1017.19,483,False,0.13250517598343686,0.8674948240165632,0.32356346952152065,200,9.751340809361287e-05,0.00013209167162010435,,,4.103759166837608,1.0,,,,,,,,results/T-sweep-nonDyck-4/distributions/aNbN_L128_T1024_gaussian_categorical_sigma1.0.json
unconditional,aNbNcN,128,gaussian,greedy,2.0,,2,5,0.0,0.0,1.0,0.0,0.0,0.0,0.0,0.0,500,-0.0,0.007625,1.0,1,False,12.69,0,True,,,,0,,,,,,,,,,,,,,results/T-sweep-nonDyck-4/distributions/aNbNcN_L128_T2_gaussian_greedy_sigma2.0.json
unconditional,aNbNcN,128,gaussian,greedy,1.0,,2,5,0.0,0.0,1.0,0.0,0.0,0.0,0.0,0.0,500,-0.0,0.007625,1.0,1,False,19.77,0,True,,,,0,,,,,,,,,,,,,,results/T-sweep-nonDyck-4/distributions/aNbNcN_L128_T2_gaussian_greedy_sigma1.0.json
unconditional,aNbNcN,128,gaussian,greedy,5.0,,2,5,0.0,0.0,1.0,0.0,0.0,0.0,0.0,0.0,500,-0.0,0.007625,1.0,1,False,19.91,0,True,,,,0,,,,,,,,,,,,,,results/T-sweep-nonDyck-4/distributions/aNbNcN_L128_T2_gaussian_greedy_sigma5.0.json
unconditional,aNbNcN,128,gaussian,greedy,10.0,,2,5,0.0,0.0,1.0,0.0,0.0,0.0,0.0,0.0,500,-0.0,0.007625,1.0,1,False,12.78,0,True,,,,0,,,,,,,,,,,,,,results/T-sweep-nonDyck-4/distributions/aNbNcN_L128_T2_gaussian_greedy_sigma10.0.json
unconditional,aNbNcN,128,gaussian,greedy,20.0,,2,5,0.0,0.0,1.0,0.0,0.0,0.0,0.0,0.0,500,-0.0,0.007625,1.0,1,False,19.71,0,True,,,,0,,,,,,,,,,,,,,results/T-sweep-nonDyck-4/distributions/aNbNcN_L128_T2_gaussian_greedy_sigma20.0.json
unconditional,aNbNcN,128,gaussian,greedy,50.0,,2,5,0.0,0.0,1.0,0.0,0.0,0.0,0.0,0.0,500,-0.0,0.007625,1.0,1,False,19.43,0,True,,,,0,,,,,,,,,,,,,,results/T-sweep-nonDyck-4/distributions/aNbNcN_L128_T2_gaussian_greedy_sigma50.0.json
unconditional,aNbNcN,128,gaussian,greedy,100.0,,2,5,0.0,0.0,1.0,0.0,0.0,0.0,0.0,0.0,500,-0.0,0.007625,1.0,1,False,16.69,0,True,,,,0,,,,,,,,,,,,,,results/T-sweep-nonDyck-4/distributions/aNbNcN_L128_T2_gaussian_greedy_sigma100.0.json
unconditional,aNbNcN,128,gaussian,greedy,256.0,,2,5,0.0,0.0,1.0,0.0,0.0,0.0,0.0,0.0,500,-0.0,0.007625,1.0,1,False,18.73,0,True,,,,0,,,,,,,,,,,,,,results/T-sweep-nonDyck-4/distributions/aNbNcN_L128_T2_gaussian_greedy_sigma256.0.json
unconditional,aNbNcN,128,gaussian,greedy,1.0,,4,5,1.0,0.0,1.0,0.0,1.0,0.0,1.0,0.0,500,0.992375,1.0,4.004,5,False,16.2,500,False,0.008,0.992,0.005464490289610231,200,0.000115738061618944,0.0001639305871056884,,,0.2942052538894401,0.09523809523809523,,,,,,,,results/T-sweep-nonDyck-4/distributions/aNbNcN_L128_T4_gaussian_greedy_sigma1.0.json
unconditional,aNbNcN,128,gaussian,greedy,2.0,,4,5,1.0,0.0,1.0,0.0,1.0,0.0,1.0,0.0,500,0.992375,1.0,4.008,5,False,16.85,500,False,0.014,0.986,0.03523539725275497,200,0.0001110790216159776,0.00015725743041358704,,,1.1700590864106095,0.16666666666666666,,,,,,,,results/T-sweep-nonDyck-4/distributions/aNbNcN_L128_T4_gaussian_greedy_sigma2.0.json
unconditional,aNbNcN,128,gaussian,greedy,5.0,,4,5,1.0,0.0,1.0,0.0,1.0,0.0,1.0,0.0,500,0.992375,1.0,4.028,5,False,16.81,500,False,0.022,0.978,0.05042492283042862,200,0.00010802635843145727,0.0001528885006006334,,,1.9255722776291644,0.2619047619047619,,,,,,,,results/T-sweep-nonDyck-4/distributions/aNbNcN_L128_T4_gaussian_greedy_sigma5.0.json
unconditional,aNbNcN,128,gaussian,greedy,10.0,,4,5,0.964,0.016248,1.0,0.0,0.964,0.016248,0.964,0.016248,500,0.943815,0.977109,3.99,5,False,16.54,482,False,0.024896265560165973,0.975103734439834,0.05100633545825608,200,0.00011361570623522995,0.0001608234158893535,,,2.2241516772289898,0.2857142857142857,,,,,,,,results/T-sweep-nonDyck-4/distributions/aNbNcN_L128_T4_gaussian_greedy_sigma10.0.json
unconditional,aNbNcN,128,gaussian,greedy,20.0,,4,5,0.664,0.047159,1.0,0.0,0.664,0.047159,0.664,0.047159,500,0.621486,0.704013,3.28,5,False,17.38,332,False,0.04216867469879518,0.9578313253012049,0.04775654250103981,200,0.00016636167027116953,0.0002355078558691922,,,2.2944445038518477,0.3333333333333333,,,,,,,,results/T-sweep-nonDyck-4/distributions/aNbNcN_L128_T4_gaussian_greedy_sigma20.0.json
unconditional,aNbNcN,128,gaussian,greedy,100.0,,4,5,0.056,0.012,1.0,0.0,0.056,0.012,0.056,0.012,500,0.039025,0.079745,1.244,5,False,16.94,28,False,0.5,0.5,0.0977672708169162,28,0.0023957834211787254,0.003399708596406022,,,2.462814373674547,0.3333333333333333,,,,,,,,results/T-sweep-nonDyck-4/distributions/aNbNcN_L128_T4_gaussian_greedy_sigma100.0.json
unconditional,aNbNcN,128,gaussian,greedy,50.0,,4,5,0.152,0.034871,1.0,0.0,0.152,0.034871,0.152,0.034871,500,0.123192,0.186115,1.644,5,False,17.4,76,False,0.23684210526315788,0.7631578947368421,0.07521590556073314,76,0.0007859163784973279,0.0011135857461024498,,,2.5631474409873394,0.42857142857142855,,,,,,,,results/T-sweep-nonDyck-4/distributions/aNbNcN_L128_T4_gaussian_greedy_sigma50.0.json
unconditional,aNbNcN,128,gaussian,greedy,256.0,,4,5,0.026,0.010198,1.0,0.0,0.026,0.010198,0.026,0.010198,500,0.015256,0.043972,1.13,5,False,17.22,13,False,0.7692307692307693,0.23076923076923073,0.09075907590759076,13,0.005580357142857143,0.007927519818799546,,,2.245035274126178,0.23809523809523808,,,,,,,,results/T-sweep-nonDyck-4/distributions/aNbNcN_L128_T4_gaussian_greedy_sigma256.0.json
unconditional,aNbN,128,gaussian,categorical,5.0,,1024,5,0.98,0.012649,0.988,0.011662,0.98,0.012649,0.98,0.012649,500,0.963579,0.989101,957.856,1018,False,1031.74,490,False,0.1306122448979592,0.8693877551020408,0.3012439220922565,200,9.609224855861628e-05,0.00013016596160104132,,,4.098668578646528,1.0,,,,,,,,results/T-sweep-nonDyck-4/distributions/aNbN_L128_T1024_gaussian_categorical_sigma5.0.json
unconditional,aNbNcN,128,gaussian,greedy,1.0,,8,5,1.0,0.0,1.0,0.0,1.0,0.0,1.0,0.0,500,0.992375,1.0,8.006,9,False,29.66,500,False,0.008,0.992,0.00254366744313037,200,0.0001155615133935794,0.00016367760188930718,,,0.32770145675274587,0.09523809523809523,,,,,,,,results/T-sweep-nonDyck-4/distributions/aNbNcN_L128_T8_gaussian_greedy_sigma1.0.json
unconditional,aNbNcN,128,gaussian,greedy,2.0,,8,5,1.0,0.0,1.0,0.0,1.0,0.0,1.0,0.0,500,0.992375,1.0,8.01,9,False,30.2,500,False,0.014,0.986,0.03624596858759786,200,0.00011059255490920351,0.00015656102525105677,,,1.1878532503570116,0.16666666666666666,,,,,,,,results/T-sweep-nonDyck-4/distributions/aNbNcN_L128_T8_gaussian_greedy_sigma2.0.json
unconditional,aNbNcN,128,gaussian,greedy,5.0,,8,5,1.0,0.0,1.0,0.0,1.0,0.0,1.0,0.0,500,0.992375,1.0,8.022,9,False,30.68,500,False,0.022,0.978,0.051093200037634165,200,0.00010762872395384881,0.00015231961006179824,,,2.056383959874442,0.2619047619047619,,,,,,,,results/T-sweep-nonDyck-4/distributions/aNbNcN_L128_T8_gaussian_greedy_sigma5.0.json
unconditional,aNbNcN,128,gaussian,greedy,10.0,,8,5,0.996,0.008,1.0,0.0,0.996,0.008,0.996,0.008,500,0.985534,0.998902,8.048,9,False,29.23,498,False,0.030120481927710843,0.9698795180722891,0.05416235119618448,200,0.00010830246713020123,0.00015327683986949571,,,2.39557965967822,0.35714285714285715,,,,,,,,results/T-sweep-nonDyck-4/distributions/aNbNcN_L128_T8_gaussian_greedy_sigma10.0.json
unconditional,aNbNcN,128,gaussian,greedy,50.0,,8,5,0.542,0.024819,1.0,0.0,0.542,0.024819,0.542,0.024819,500,0.498173,0.585186,5.656,9,False,24.24,271,False,0.1033210332103321,0.8966789667896679,0.10639045243182318,200,0.00021189134211976098,0.0003000943153562548,,,3.0332999510637673,0.6666666666666666,,,,,,,,results/T-sweep-nonDyck-4/distributions/aNbNcN_L128_T8_gaussian_greedy_sigma50.0.json
unconditional,aNbN,128,gaussian,categorical,50.0,,1024,5,0.988,0.007483,0.998,0.004,0.984,0.010198,0.984,0.010198,500,0.968749,0.991871,965.278,1018,False,837.47,492,False,0.13008130081300814,0.8699186991869918,0.32714119068511843,200,9.429218003520242e-05,0.00012769761205465457,,,4.10037398742185,1.0,,,,,,,,results/T-sweep-nonDyck-4/distributions/aNbN_L128_T1024_gaussian_categorical_sigma50.0.json
unconditional,aNbNcN,128,gaussian,greedy,20.0,,8,5,0.838,0.034293,1.0,0.0,0.838,0.034293,0.838,0.034293,500,0.803147,0.867699,7.362,9,False,27.65,419,False,0.045346062052505964,0.9546539379474941,0.06537164388802619,200,0.00012764219340345145,0.00018063117694114004,,,2.6169130199002115,0.4523809523809524,,,,,,,,results/T-sweep-nonDyck-4/distributions/aNbNcN_L128_T8_gaussian_greedy_sigma20.0.json
unconditional,aNbNcN,128,gaussian,greedy,100.0,,8,5,0.468,0.046217,1.0,0.0,0.468,0.046217,0.468,0.046217,500,0.424673,0.511815,5.12,9,False,23.06,234,False,0.13247863247863248,0.8675213675213675,0.1416513793576122,200,0.00027731558513588466,0.00039334681951000227,,,3.1354214598544607,0.7380952380952381,,,,,,,,results/T-sweep-nonDyck-4/distributions/aNbNcN_L128_T8_gaussian_greedy_sigma100.0.json
unconditional,aNbNcN,128,gaussian,greedy,256.0,,8,5,0.41,0.024495,1.0,0.0,0.41,0.024495,0.41,0.024495,500,0.367734,0.453638,4.654,9,False,21.74,205,False,0.13658536585365855,0.8634146341463415,0.13749989335471927,200,0.00035075412136092597,0.000498220640569395,,,3.110917732669904,0.6666666666666666,,,,,,,,results/T-sweep-nonDyck-4/distributions/aNbNcN_L128_T8_gaussian_greedy_sigma256.0.json
unconditional,aNbNcN,128,gaussian,greedy,2.0,,16,5,1.0,0.0,1.0,0.0,1.0,0.0,1.0,0.0,500,0.992375,1.0,16.004,17,False,37.76,500,False,0.02,0.98,0.028847327143443485,200,9.292643943054678e-05,0.00013131730011630961,,,1.7510496779482227,0.23809523809523808,,,,,,,,results/T-sweep-nonDyck-4/distributions/aNbNcN_L128_T16_gaussian_greedy_sigma2.0.json
unconditional,aNbN,128,gaussian,categorical,20.0,,1024,5,0.994,0.004899,0.996,0.004899,0.992,0.004,0.992,0.004,500,0.979613,0.996885,952.998,1018,False,959.59,496,False,0.12903225806451613,0.8709677419354839,0.31831476355194854,200,9.315612967333251e-05,0.00012615112905260502,,,4.081897687234853,1.0,,,,,,,,results/T-sweep-nonDyck-4/distributions/aNbN_L128_T1024_gaussian_categorical_sigma20.0.json
unconditional,aNbNcN,128,gaussian,greedy,1.0,,16,5,1.0,0.0,1.0,0.0,1.0,0.0,1.0,0.0,500,0.992375,1.0,16.0,16,False,59.87,500,False,0.014,0.986,0.008917308872346503,200,9.161871953677576e-05,0.0001294522321263454,,,0.8979556918855134,0.16666666666666666,,,,,,,,results/T-sweep-nonDyck-4/distributions/aNbNcN_L128_T16_gaussian_greedy_sigma1.0.json
unconditional,aNbNcN,128,gaussian,greedy,10.0,,16,5,1.0,0.0,1.0,0.0,1.0,0.0,1.0,0.0,500,0.992375,1.0,15.71,17,False,56.62,500,False,0.042,0.958,0.06733757916140416,200,0.00010027877499448466,0.00014181236198618344,,,2.747584655083644,0.5,,,,,,,,results/T-sweep-nonDyck-4/distributions/aNbNcN_L128_T16_gaussian_greedy_sigma10.0.json
unconditional,aNbNcN,128,gaussian,greedy,5.0,,16,5,1.0,0.0,1.0,0.0,1.0,0.0,1.0,0.0,500,0.992375,1.0,15.848,17,False,57.69,500,False,0.034,0.966,0.05253658659942415,200,9.718550769709221e-05,0.00013739499097118631,,,2.4773424896206917,0.40476190476190477,,,,,,,,results/T-sweep-nonDyck-4/distributions/aNbNcN_L128_T16_gaussian_greedy_sigma5.0.json
unconditional,aNbNcN,128,gaussian,greedy,20.0,,16,5,0.96,0.010954,1.0,0.0,0.96,0.010954,0.96,0.010954,500,0.939026,0.973959,15.304,17,False,51.21,480,False,0.05,0.95,0.08084873932074005,200,0.00010638750585131282,0.00015047938432434757,,,2.8973583579994058,0.5714285714285714,,,,,,,,results/T-sweep-nonDyck-4/distributions/aNbNcN_L128_T16_gaussian_greedy_sigma20.0.json
unconditional,aNbNcN,128,gaussian,greedy,50.0,,16,5,0.736,0.024166,1.0,0.0,0.736,0.024166,0.736,0.024166,500,0.695668,0.772733,13.184,17,False,27.88,368,False,0.09782608695652174,0.9021739130434783,0.127415901457278,200,0.00015214679122417307,0.00021541775657793507,,,3.185465531559476,0.8571428571428571,,,,,,,,results/T-sweep-nonDyck-4/distributions/aNbNcN_L128_T16_gaussian_greedy_sigma50.0.json
unconditional,aNbNcN,128,uniform,categorical,,,256,5,0.894,0.014967,0.988,0.007483,0.888,0.007483,0.888,0.007483,500,0.857346,0.912738,226.212,255,False,362.44,444,False,0.0945945945945946,0.9054054054054054,0.29875080732817694,200,0.00017415534656913968,0.00028302554305526076,,,3.7052273202521864,1.0,,,,,,,,results/T-sweep-nonDyck-4/distributions/aNbNcN_L128_T256_uniform_categorical_none.json
unconditional,aNbNcN,128,gaussian,greedy,100.0,,16,5,0.674,0.070029,1.0,0.0,0.674,0.070029,0.674,0.070029,500,0.631721,0.713625,12.336,17,False,38.71,337,False,0.10979228486646884,0.8902077151335311,0.17167860924192363,200,0.0001858736059479554,0.000263524451304446,,,3.3698580446105337,0.8809523809523809,,,,,,,,results/T-sweep-nonDyck-4/distributions/aNbNcN_L128_T16_gaussian_greedy_sigma100.0.json
unconditional,aNbNcN,128,gaussian,greedy,256.0,,16,5,0.678,0.042143,1.0,0.0,0.676,0.04128,0.676,0.04128,500,0.633771,0.715545,12.556,17,False,37.17,338,False,0.10946745562130178,0.8905325443786982,0.20437049640151764,200,0.0002145738563213458,0.0003048249433896534,,,3.425168298128333,0.8809523809523809,,,,,,,,results/T-sweep-nonDyck-4/distributions/aNbNcN_L128_T16_gaussian_greedy_sigma256.0.json
unconditional,aNbN,128,gaussian,categorical,256.0,,1024,5,0.988,0.014697,1.0,0.0,0.988,0.014697,0.988,0.014697,500,0.974069,0.994489,1000.08,1018,False,855.85,494,False,0.12955465587044535,0.8704453441295547,0.36354008047928094,200,0.00010178462373617426,0.00013802622498274673,,,4.090867220896228,1.0,,,,,,,,results/T-sweep-nonDyck-4/distributions/aNbN_L128_T1024_gaussian_categorical_sigma256.0.json
unconditional,aNbN,128,gaussian,categorical,100.0,,1024,5,0.984,0.008,0.994,0.008,0.98,0.010954,0.98,0.010954,500,0.963579,0.989101,980.338,1018,False,924.14,490,False,0.1306122448979592,0.8693877551020408,0.3347036800920023,200,9.909493294576204e-05,0.00013430029546065002,,,4.089026502026567,1.0,,,,,,,,results/T-sweep-nonDyck-4/distributions/aNbN_L128_T1024_gaussian_categorical_sigma100.0.json
unconditional,aNbNcN,128,uniform,greedy,,,512,5,0.974,0.014967,1.0,0.0,0.974,0.014967,0.974,0.014967,500,0.956028,0.984744,493.12,509,False,771.77,487,False,0.08624229979466119,0.9137577002053388,0.3034131731096835,200,0.0001714207350521119,0.0002789303022907151,,,3.6433184974337514,1.0,,,,,,,,results/T-sweep-nonDyck-4/distributions/aNbNcN_L128_T512_uniform_greedy_none.json
unconditional,baN,128,gaussian,greedy,20.0,,1024,5,0.978,0.007483,1.0,0.0,0.978,0.007483,0.996,0.004899,500,0.961039,0.987672,959.818,1018,False,23396.84,489,False,0.07157464212678936,0.9284253578732107,0.007350816582914573,200,4.830684507994783e-05,6.492031031908333e-05,0.75,0.625,,,,,,,,,,results/T-sweep-nonDyck-4/distributions/baN_L128_T1024_gaussian_greedy_sigma20.0.json
unconditional,aNbNcN,128,gaussian,greedy,20.0,,32,5,0.97,0.016733,1.0,0.0,0.97,0.016733,0.97,0.016733,500,0.951096,0.981737,30.284,33,False,96.4,485,False,0.049484536082474224,0.9505154639175257,0.07851499384829753,200,0.00010446482669285251,0.00014774789986913759,,,2.948656853862188,0.5714285714285714,,,,,,,,results/T-sweep-nonDyck-4/distributions/aNbNcN_L128_T32_gaussian_greedy_sigma20.0.json
unconditional,aNbNcN,128,gaussian,greedy,100.0,,32,5,0.84,0.056921,1.0,0.0,0.838,0.054918,0.838,0.054918,500,0.803147,0.867699,28.396,33,False,75.99,419,False,0.09307875894988067,0.9069212410501193,0.1928436783725765,200,0.00015441630636195183,0.00021901692687963456,,,3.4595368938008306,0.9285714285714286,,,,,,,,results/T-sweep-nonDyck-4/distributions/aNbNcN_L128_T32_gaussian_greedy_sigma100.0.json
unconditional,aNbNcN,128,gaussian,greedy,256.0,,32,5,0.816,0.040792,1.0,0.0,0.814,0.040299,0.814,0.040299,500,0.777545,0.845667,27.94,33,False,72.12,407,False,0.10073710073710074,0.8992628992628993,0.2376673172002465,200,0.00017928215425436553,0.00025471217524197657,,,3.5522162578838254,0.9761904761904762,,,,,,,,results/T-sweep-nonDyck-4/distributions/aNbNcN_L128_T32_gaussian_greedy_sigma256.0.json
unconditional,aNbNcN,128,gaussian,greedy,2.0,,32,5,1.0,0.0,1.0,0.0,1.0,0.0,1.0,0.0,500,0.992375,1.0,31.55,33,False,115.57,500,False,0.022,0.978,0.024956662160907205,200,8.63453468492583e-05,0.00012193634922570419,,,1.9075750356382524,0.2619047619047619,,,,,,,,results/T-sweep-nonDyck-4/distributions/aNbNcN_L128_T32_gaussian_greedy_sigma2.0.json
unconditional,aNbNcN,128,gaussian,greedy,10.0,,32,5,1.0,0.0,1.0,0.0,1.0,0.0,1.0,0.0,500,0.992375,1.0,30.762,33,False,107.84,500,False,0.046,0.954,0.07395135830292283,200,9.749819628336876e-05,0.00013784140361932143,,,2.8339919900113877,0.5476190476190477,,,,,,,,results/T-sweep-nonDyck-4/distributions/aNbNcN_L128_T32_gaussian_greedy_sigma10.0.json
unconditional,aNbNcN,128,gaussian,greedy,50.0,,32,5,0.862,0.016,1.0,0.0,0.862,0.016,0.862,0.016,500,0.828997,0.889482,28.456,33,False,81.26,431,False,0.08584686774941995,0.91415313225058,0.13736629561793612,200,0.00012712618545167932,0.00017994858611825192,,,3.2741622097202008,0.8809523809523809,,,,,,,,results/T-sweep-nonDyck-4/distributions/aNbNcN_L128_T32_gaussian_greedy_sigma50.0.json
unconditional,aNbNcN,128,gaussian,greedy,1.0,,32,5,1.0,0.0,1.0,0.0,1.0,0.0,1.0,0.0,500,0.992375,1.0,31.964,33,False,119.06,500,False,0.016,0.984,0.01473531177902089,200,8.473427331887202e-05,0.00011964175839201477,,,1.3816161921865804,0.19047619047619047,,,,,,,,results/T-sweep-nonDyck-4/distributions/aNbNcN_L128_T32_gaussian_greedy_sigma1.0.json
unconditional,aNbNcN,128,gaussian,greedy,5.0,,32,5,1.0,0.0,1.0,0.0,1.0,0.0,1.0,0.0,500,0.992375,1.0,31.092,33,False,115.19,500,False,0.036,0.964,0.05002598494584929,200,9.083477155054956e-05,0.0001283344027866899,,,2.469885998970678,0.42857142857142855,,,,,,,,results/T-sweep-nonDyck-4/distributions/aNbNcN_L128_T32_gaussian_greedy_sigma5.0.json
unconditional,aNbNcN,128,gaussian,greedy,5.0,,64,5,1.0,0.0,1.0,0.0,1.0,0.0,1.0,0.0,500,0.992375,1.0,61.762,65,False,136.15,500,False,0.034,0.966,0.04361617763679619,200,8.922039221284417e-05,0.00012603302065141068,,,2.425947612459567,0.40476190476190477,,,,,,,,results/T-sweep-nonDyck-4/distributions/aNbNcN_L128_T64_gaussian_greedy_sigma5.0.json
unconditional,aNbNcN,128,gaussian,greedy,256.0,,64,5,0.904,0.023324,1.0,0.0,0.9,0.024495,0.9,0.024495,500,0.870577,0.923323,59.62,65,False,148.62,450,False,0.09111111111111111,0.9088888888888889,0.2621888408172771,200,0.00016706762897620957,0.00027138883234954883,,,3.601288852671589,0.9761904761904762,,,,,,,,results/T-sweep-nonDyck-4/distributions/aNbNcN_L128_T64_gaussian_greedy_sigma256.0.json
unconditional,aNbNcN,128,gaussian,greedy,100.0,,64,5,0.89,0.022804,1.0,0.0,0.89,0.022804,0.89,0.022804,500,0.859544,0.914509,58.36,65,False,149.25,445,False,0.0898876404494382,0.9101123595505618,0.19312218403687567,200,0.00014410467763783613,0.00020436762816769823,,,3.5160561750171566,0.9523809523809523,,,,,,,,results/T-sweep-nonDyck-4/distributions/aNbNcN_L128_T64_gaussian_greedy_sigma100.0.json
unconditional,aNbNcN,128,gaussian,greedy,10.0,,64,5,1.0,0.0,1.0,0.0,1.0,0.0,1.0,0.0,500,0.992375,1.0,61.094,65,False,157.68,500,False,0.046,0.954,0.07056740506598493,200,9.592694204094162e-05,0.00013559847354861206,,,2.8322343273500787,0.5476190476190477,,,,,,,,results/T-sweep-nonDyck-4/distributions/aNbNcN_L128_T64_gaussian_greedy_sigma10.0.json
unconditional,aNbNcN,128,gaussian,greedy,50.0,,64,5,0.92,0.016733,1.0,0.0,0.92,0.016733,0.92,0.016733,500,0.892893,0.940702,58.764,65,False,160.5,460,False,0.0782608695652174,0.9217391304347826,0.13456353525362164,200,0.0001197346679757657,0.00016949562943412673,,,3.2777238070946675,0.8571428571428571,,,,,,,,results/T-sweep-nonDyck-4/distributions/aNbNcN_L128_T64_gaussian_greedy_sigma50.0.json
unconditional,aNbNcN,128,gaussian,greedy,1.0,,64,5,1.0,0.0,1.0,0.0,1.0,0.0,1.0,0.0,500,0.992375,1.0,63.132,64,False,237.16,500,False,0.012,0.988,0.013926811913560945,200,8.227067050596462e-05,0.00011613438407299876,,,1.3410465549444004,0.14285714285714285,,,,,,,,results/T-sweep-nonDyck-4/distributions/aNbNcN_L128_T64_gaussian_greedy_sigma1.0.json
unconditional,aNbNcN,128,gaussian,greedy,2.0,,64,5,1.0,0.0,1.0,0.0,1.0,0.0,1.0,0.0,500,0.992375,1.0,62.658,65,False,226.41,500,False,0.018,0.982,0.020849671198187977,200,8.377173876620984e-05,0.00011827121278680768,,,1.7529401322629046,0.21428571428571427,,,,,,,,results/T-sweep-nonDyck-4/distributions/aNbNcN_L128_T64_gaussian_greedy_sigma2.0.json
unconditional,aNbNcN,128,gaussian,greedy,20.0,,64,5,0.984,0.012,1.0,0.0,0.984,0.012,0.984,0.012,500,0.968749,0.991871,60.472,65,False,191.64,492,False,0.0508130081300813,0.9491869918699187,0.0981248955776324,200,0.00010245061880173756,0.00014489153833416128,,,3.0232645594472833,0.5952380952380952,,,,,,,,results/T-sweep-nonDyck-4/distributions/aNbNcN_L128_T64_gaussian_greedy_sigma20.0.json
unconditional,aNbNcN,128,gaussian,greedy,100.0,,128,5,0.946,0.013565,1.0,0.0,0.946,0.013565,0.946,0.013565,500,0.922573,0.962626,121.134,129,False,184.64,473,False,0.08879492600422834,0.9112050739957717,0.2263899132166598,200,0.00013719303059404582,0.0002223951962637607,,,3.568645133975015,1.0,,,,,,,,results/T-sweep-nonDyck-4/distributions/aNbNcN_L128_T128_gaussian_greedy_sigma100.0.json
unconditional,aNbNcN,128,uniform,categorical,,,512,5,0.934,0.020591,0.996,0.004899,0.93,0.021909,0.93,0.021909,500,0.904202,0.949241,471.618,509,False,805.43,465,False,0.09032258064516129,0.9096774193548387,0.3071094287524382,200,0.0001726400110489607,0.00028073130504965437,,,3.698914720340074,1.0,,,,,,,,results/T-sweep-nonDyck-4/distributions/aNbNcN_L128_T512_uniform_categorical_none.json
unconditional,aNbNcN,128,gaussian,greedy,10.0,,128,5,1.0,0.0,1.0,0.0,1.0,0.0,1.0,0.0,500,0.992375,1.0,121.706,129,False,254.91,500,False,0.044,0.956,0.07034193587316645,200,9.488386215272506e-05,0.00013410989347842746,,,2.8308996000100866,0.5238095238095238,,,,,,,,results/T-sweep-nonDyck-4/distributions/aNbNcN_L128_T128_gaussian_greedy_sigma10.0.json
unconditional,aNbNcN,128,gaussian,greedy,1.0,,128,5,1.0,0.0,1.0,0.0,1.0,0.0,1.0,0.0,500,0.992375,1.0,125.914,128,False,433.92,500,False,0.01,0.99,0.010257196836897667,200,8.133916806298905e-05,0.00011480867953617294,,,1.0911340966119136,0.11904761904761904,,,,,,,,results/T-sweep-nonDyck-4/distributions/aNbNcN_L128_T128_gaussian_greedy_sigma1.0.json
unconditional,aNbNcN,128,gaussian,greedy,256.0,,128,5,0.956,0.02245,1.0,0.0,0.956,0.02245,0.956,0.02245,500,0.93428,0.970766,123.94,129,False,288.18,478,False,0.08786610878661087,0.9121338912133892,0.2595495032087443,200,0.00015226725949386364,0.0002472264285052072,,,3.6279294726333604,1.0,,,,,,,,results/T-sweep-nonDyck-4/distributions/aNbNcN_L128_T128_gaussian_greedy_sigma256.0.json
unconditional,aNbNcN,128,gaussian,greedy,5.0,,128,5,1.0,0.0,1.0,0.0,1.0,0.0,1.0,0.0,500,0.992375,1.0,122.98,129,False,446.76,500,False,0.034,0.966,0.04440175761065926,200,8.794920054176708e-05,0.00012422139802310519,,,2.3932479277580883,0.40476190476190477,,,,,,,,results/T-sweep-nonDyck-4/distributions/aNbNcN_L128_T128_gaussian_greedy_sigma5.0.json
unconditional,aNbNcN,128,gaussian,greedy,2.0,,128,5,1.0,0.0,1.0,0.0,1.0,0.0,1.0,0.0,500,0.992375,1.0,124.71,129,False,458.84,500,False,0.018,0.982,0.01965078793224466,200,8.2904990880451e-05,0.00011703728473499415,,,1.5901044295668378,0.21428571428571427,,,,,,,,results/T-sweep-nonDyck-4/distributions/aNbNcN_L128_T128_gaussian_greedy_sigma2.0.json
unconditional,aNbNcN,128,gaussian,greedy,50.0,,128,5,0.956,0.023324,1.0,0.0,0.956,0.023324,0.956,0.023324,500,0.93428,0.970766,120.338,129,False,331.63,478,False,0.08368200836820083,0.9163179916317992,0.1558505391679885,200,0.00011464471602503841,0.00016228121015416714,,,3.3420178555569415,0.9523809523809523,,,,,,,,results/T-sweep-nonDyck-4/distributions/aNbNcN_L128_T128_gaussian_greedy_sigma50.0.json
unconditional,aNbNcN,128,gaussian,greedy,20.0,,128,5,0.992,0.011662,1.0,0.0,0.992,0.011662,0.992,0.011662,500,0.979613,0.996885,121.238,129,False,384.91,496,False,0.05443548387096774,0.9455645161290323,0.08462011681928731,200,0.00010044598015187433,0.00014203968994764822,,,2.9949971112649703,0.6428571428571429,,,,,,,,results/T-sweep-nonDyck-4/distributions/aNbNcN_L128_T128_gaussian_greedy_sigma20.0.json
unconditional,baN,128,gaussian,categorical,2.0,,512,5,0.972,0.009798,1.0,0.0,0.948,0.014697,0.95,0.015492,500,0.924898,0.96427,494.24,510,False,16557.86,474,False,1.0,0.0,0.15881917858310293,200,6.698596644003081e-05,0.0001350438892640108,0.75,0.625,,,,,,,,,,results/T-sweep-nonDyck-4/distributions/baN_L128_T512_gaussian_categorical_sigma2.0.json
unconditional,aNbNcN,128,gaussian,greedy,50.0,,256,5,0.982,0.009798,1.0,0.0,0.982,0.009798,0.982,0.009798,500,0.966148,0.990502,242.784,256,False,411.15,491,False,0.07739307535641547,0.9226069246435845,0.1420941804212426,200,0.0001112272818276867,0.00015743781206423464,,,3.2811768887061903,0.9047619047619048,,,,,,,,results/T-sweep-nonDyck-4/distributions/aNbNcN_L128_T256_gaussian_greedy_sigma50.0.json
unconditional,baN,128,gaussian,categorical,5.0,,512,5,0.974,0.010198,1.0,0.0,0.954,0.018547,0.968,0.017205,500,0.931922,0.969155,486.532,510,False,16227.13,477,False,1.0,0.0,0.15825740206152908,200,6.65767880028628e-05,0.00013421917992081068,0.75,0.625,,,,,,,,,,results/T-sweep-nonDyck-4/distributions/baN_L128_T512_gaussian_categorical_sigma5.0.json
unconditional,aNbNcN,128,uniform,greedy,,,1024,5,0.984,0.012,1.0,0.0,0.984,0.012,0.984,0.012,500,0.968749,0.991871,995.77,1017,False,1718.76,492,False,0.08536585365853659,0.9146341463414634,0.28823963644479106,200,0.00016433313613356998,0.00026725462684572726,,,3.6241837702781767,1.0,,,,,,,,results/T-sweep-nonDyck-4/distributions/aNbNcN_L128_T1024_uniform_greedy_none.json
unconditional,aNbNcN,128,gaussian,greedy,100.0,,256,5,0.974,0.010198,1.0,0.0,0.974,0.010198,0.974,0.010198,500,0.956028,0.984744,245.372,256,False,590.03,487,False,0.08213552361396304,0.917864476386037,0.20715899675433605,200,0.0001280901754835404,0.00020753346477119436,,,3.5125531993183894,0.9523809523809523,,,,,,,,results/T-sweep-nonDyck-4/distributions/aNbNcN_L128_T256_gaussian_greedy_sigma100.0.json
unconditional,aNbNcN,128,gaussian,greedy,256.0,,256,5,0.974,0.010198,1.0,0.0,0.974,0.010198,0.974,0.010198,500,0.956028,0.984744,249.038,256,False,580.39,487,False,0.08624229979466119,0.9137577002053388,0.28204302208662924,200,0.00015861434508136917,0.0002577651759247326,,,3.6347029525946297,1.0,,,,,,,,results/T-sweep-nonDyck-4/distributions/aNbNcN_L128_T256_gaussian_greedy_sigma256.0.json
unconditional,aNbNcN,128,gaussian,greedy,5.0,,256,5,1.0,0.0,1.0,0.0,1.0,0.0,1.0,0.0,500,0.992375,1.0,243.984,256,False,868.74,500,False,0.034,0.966,0.05020069641294149,200,8.741870060843415e-05,0.00012346550021165515,,,2.3638419272545694,0.40476190476190477,,,,,,,,results/T-sweep-nonDyck-4/distributions/aNbNcN_L128_T256_gaussian_greedy_sigma5.0.json
unconditional,aNbNcN,128,gaussian,greedy,2.0,,256,5,1.0,0.0,1.0,0.0,1.0,0.0,1.0,0.0,500,0.992375,1.0,248.096,256,False,883.81,500,False,0.018,0.982,0.018468341708542713,200,8.265829062654984e-05,0.00011668611435239207,,,1.5627827769866247,0.21428571428571427,,,,,,,,results/T-sweep-nonDyck-4/distributions/aNbNcN_L128_T256_gaussian_greedy_sigma2.0.json
unconditional,aNbNcN,128,gaussian,greedy,1.0,,256,5,1.0,0.0,1.0,0.0,1.0,0.0,1.0,0.0,500,0.992375,1.0,250.056,256,False,908.15,500,False,0.01,0.99,0.009017824070285072,200,8.109773899503682e-05,0.00011446512084246328,,,1.0128981451176313,0.11904761904761904,,,,,,,,results/T-sweep-nonDyck-4/distributions/aNbNcN_L128_T256_gaussian_greedy_sigma1.0.json
unconditional,aNbNcN,128,gaussian,greedy,20.0,,256,5,0.994,0.008,1.0,0.0,0.994,0.008,0.994,0.008,500,0.982509,0.997957,240.866,256,False,766.12,497,False,0.052313883299798795,0.9476861167002012,0.08771274788862729,200,0.00010023655827753498,0.00014174344436569808,,,2.9787375047280285,0.6190476190476191,,,,,,,,results/T-sweep-nonDyck-4/distributions/aNbNcN_L128_T256_gaussian_greedy_sigma20.0.json
unconditional,aNbNcN,128,gaussian,greedy,10.0,,256,5,1.0,0.0,1.0,0.0,1.0,0.0,1.0,0.0,500,0.992375,1.0,242.504,256,False,775.41,500,False,0.044,0.956,0.06698136590918218,200,9.421873822265772e-05,0.00013316085831684675,,,2.8232914808034932,0.5238095238095238,,,,,,,,results/T-sweep-nonDyck-4/distributions/aNbNcN_L128_T256_gaussian_greedy_sigma10.0.json
unconditional,aNbNcN,128,uniform,categorical,,,1024,5,0.974,0.014967,0.996,0.004899,0.974,0.014967,0.974,0.014967,500,0.956028,0.984744,983.166,1017,False,1581.63,487,False,0.08624229979466119,0.9137577002053388,0.3178522561935979,200,0.00015805778592653473,0.000256846566282467,,,3.6956958090017964,1.0,,,,,,,,results/T-sweep-nonDyck-4/distributions/aNbNcN_L128_T1024_uniform_categorical_none.json
unconditional,baN,128,gaussian,categorical,1.0,,512,5,0.956,0.021541,1.0,0.0,0.928,0.031875,0.93,0.033466,500,0.901931,0.947542,498.444,508,False,17592.91,464,False,1.0,0.0,0.15888713184580325,200,6.84767350292738e-05,0.0001380500431406385,0.75,0.625,,,,,,,,,,results/T-sweep-nonDyck-4/distributions/baN_L128_T512_gaussian_categorical_sigma1.0.json
unconditional,aNbNcN,128,gaussian,categorical,1.0,,1,5,0.0,0.0,0.0,0.0,0.0,0.0,0.362,0.027857,500,-0.0,0.007625,1.0,1,False,8.48,0,True,,,,0,,,,,,,,,,,,,,results/T-sweep-nonDyck-4/distributions/aNbNcN_L128_T1_gaussian_categorical_sigma1.0.json
unconditional,aNbNcN,128,gaussian,categorical,2.0,,1,5,0.0,0.0,0.0,0.0,0.0,0.0,0.362,0.027857,500,-0.0,0.007625,1.0,1,False,8.49,0,True,,,,0,,,,,,,,,,,,,,results/T-sweep-nonDyck-4/distributions/aNbNcN_L128_T1_gaussian_categorical_sigma2.0.json
unconditional,aNbNcN,128,gaussian,categorical,5.0,,1,5,0.0,0.0,0.0,0.0,0.0,0.0,0.352,0.029933,500,-0.0,0.007625,1.0,1,False,8.49,0,True,,,,0,,,,,,,,,,,,,,results/T-sweep-nonDyck-4/distributions/aNbNcN_L128_T1_gaussian_categorical_sigma5.0.json
unconditional,aNbNcN,128,gaussian,categorical,10.0,,1,5,0.0,0.0,0.0,0.0,0.0,0.0,0.332,0.027857,500,-0.0,0.007625,1.0,1,False,8.49,0,True,,,,0,,,,,,,,,,,,,,results/T-sweep-nonDyck-4/distributions/aNbNcN_L128_T1_gaussian_categorical_sigma10.0.json
unconditional,aNbNcN,128,gaussian,categorical,20.0,,1,5,0.0,0.0,0.0,0.0,0.0,0.0,0.31,0.030332,500,-0.0,0.007625,1.0,1,False,8.53,0,True,,,,0,,,,,,,,,,,,,,results/T-sweep-nonDyck-4/distributions/aNbNcN_L128_T1_gaussian_categorical_sigma20.0.json
unconditional,aNbNcN,128,gaussian,categorical,50.0,,1,5,0.0,0.0,0.0,0.0,0.0,0.0,0.24,0.023664,500,-0.0,0.007625,1.0,1,False,8.54,0,True,,,,0,,,,,,,,,,,,,,results/T-sweep-nonDyck-4/distributions/aNbNcN_L128_T1_gaussian_categorical_sigma50.0.json
unconditional,aNbNcN,128,gaussian,categorical,100.0,,1,5,0.002,0.004,0.0,0.0,0.0,0.0,0.17,0.010954,500,-0.0,0.007625,1.0,1,False,8.55,0,True,,,,0,,,,,,,,,,,,,,results/T-sweep-nonDyck-4/distributions/aNbNcN_L128_T1_gaussian_categorical_sigma100.0.json
unconditional,aNbNcN,128,gaussian,categorical,256.0,,1,5,0.004,0.008,0.0,0.0,0.0,0.0,0.08,0.010954,500,-0.0,0.007625,1.0,1,False,8.56,0,True,,,,0,,,,,,,,,,,,,,results/T-sweep-nonDyck-4/distributions/aNbNcN_L128_T1_gaussian_categorical_sigma256.0.json
unconditional,aNbNcN,128,gaussian,categorical,1.0,,2,5,0.0,0.0,0.0,0.0,0.0,0.0,0.0,0.0,500,-0.0,0.007625,1.0,1,False,17.48,0,True,,,,0,,,,,,,,,,,,,,results/T-sweep-nonDyck-4/distributions/aNbNcN_L128_T2_gaussian_categorical_sigma1.0.json
unconditional,aNbNcN,128,gaussian,categorical,2.0,,2,5,0.0,0.0,0.0,0.0,0.0,0.0,0.0,0.0,500,-0.0,0.007625,1.0,1,False,17.46,0,True,,,,0,,,,,,,,,,,,,,results/T-sweep-nonDyck-4/distributions/aNbNcN_L128_T2_gaussian_categorical_sigma2.0.json
unconditional,aNbNcN,128,gaussian,categorical,5.0,,2,5,0.0,0.0,0.0,0.0,0.0,0.0,0.0,0.0,500,-0.0,0.007625,1.0,1,False,17.4,0,True,,,,0,,,,,,,,,,,,,,results/T-sweep-nonDyck-4/distributions/aNbNcN_L128_T2_gaussian_categorical_sigma5.0.json
unconditional,aNbNcN,128,gaussian,categorical,10.0,,2,5,0.0,0.0,0.0,0.0,0.0,0.0,0.0,0.0,500,-0.0,0.007625,1.0,1,False,17.31,0,True,,,,0,,,,,,,,,,,,,,results/T-sweep-nonDyck-4/distributions/aNbNcN_L128_T2_gaussian_categorical_sigma10.0.json
unconditional,aNbNcN,128,gaussian,categorical,20.0,,2,5,0.0,0.0,0.0,0.0,0.0,0.0,0.0,0.0,500,-0.0,0.007625,1.0,1,False,16.9,0,True,,,,0,,,,,,,,,,,,,,results/T-sweep-nonDyck-4/distributions/aNbNcN_L128_T2_gaussian_categorical_sigma20.0.json
unconditional,baN,128,gaussian,categorical,100.0,,1024,5,0.908,0.009798,1.0,0.0,0.908,0.009798,1.0,0.0,500,0.879461,0.930318,992.77,1018,False,12069.98,454,False,1.0,0.0,0.15854450479187066,200,6.996676578625154e-05,0.00014105367092178575,0.75,0.625,,,,,,,,,,results/T-sweep-nonDyck-4/distributions/baN_L128_T1024_gaussian_categorical_sigma100.0.json
unconditional,aNbNcN,128,gaussian,categorical,50.0,,2,5,0.002,0.004,0.0,0.0,0.0,0.0,0.0,0.0,500,-0.0,0.007625,1.0,1,False,16.44,0,True,,,,0,,,,,,,,,,,,,,results/T-sweep-nonDyck-4/distributions/aNbNcN_L128_T2_gaussian_categorical_sigma50.0.json
unconditional,aNbNcN,128,gaussian,categorical,100.0,,2,5,0.004,0.004899,0.0,0.0,0.0,0.0,0.0,0.0,500,-0.0,0.007625,1.0,1,False,16.68,0,True,,,,0,,,,,,,,,,,,,,results/T-sweep-nonDyck-4/distributions/aNbNcN_L128_T2_gaussian_categorical_sigma100.0.json
unconditional,aNbNcN,128,gaussian,categorical,256.0,,2,5,0.008,0.004,0.0,0.0,0.0,0.0,0.0,0.0,500,-0.0,0.007625,1.0,1,False,16.18,0,True,,,,0,,,,,,,,,,,,,,results/T-sweep-nonDyck-4/distributions/aNbNcN_L128_T2_gaussian_categorical_sigma256.0.json
unconditional,aNbNcN,128,gaussian,categorical,1.0,,4,5,0.0,0.0,0.0,0.0,0.0,0.0,0.0,0.0,500,-0.0,0.007625,1.0,1,False,14.74,0,True,,,,0,,,,,,,,,,,,,,results/T-sweep-nonDyck-4/distributions/aNbNcN_L128_T4_gaussian_categorical_sigma1.0.json
unconditional,aNbNcN,128,gaussian,categorical,2.0,,4,5,0.0,0.0,0.0,0.0,0.0,0.0,0.0,0.0,500,-0.0,0.007625,1.0,1,False,16.51,0,True,,,,0,,,,,,,,,,,,,,results/T-sweep-nonDyck-4/distributions/aNbNcN_L128_T4_gaussian_categorical_sigma2.0.json
unconditional,aNbNcN,128,gaussian,categorical,5.0,,4,5,0.0,0.0,0.002,0.004,0.0,0.0,0.0,0.0,500,-0.0,0.007625,1.0,1,False,10.27,0,True,,,,0,,,,,,,,,,,,,,results/T-sweep-nonDyck-4/distributions/aNbNcN_L128_T4_gaussian_categorical_sigma5.0.json
unconditional,aNbNcN,128,gaussian,categorical,20.0,,4,5,0.002,0.004,0.11,0.012649,0.002,0.004,0.002,0.004,500,0.000353,0.011241,1.014,4,False,9.47,1,True,1.0,0.0,,1,0.045454545454545456,0.06422018348623854,,,0.0,0.023809523809523808,,,,,,,,results/T-sweep-nonDyck-4/distributions/aNbNcN_L128_T4_gaussian_categorical_sigma20.0.json
unconditional,aNbNcN,128,gaussian,categorical,10.0,,4,5,0.0,0.0,0.034,0.014967,0.0,0.0,0.0,0.0,500,-0.0,0.007625,1.0,1,False,15.8,0,True,,,,0,,,,,,,,,,,,,,results/T-sweep-nonDyck-4/distributions/aNbNcN_L128_T4_gaussian_categorical_sigma10.0.json
unconditional,aNbNcN,128,gaussian,categorical,50.0,,4,5,0.01,0.006325,0.212,0.024819,0.004,0.004899,0.004,0.004899,500,0.001098,0.014466,1.02,5,False,8.81,2,True,,,,2,,,,,0.6931471805599453,0.047619047619047616,,,,,,,,results/T-sweep-nonDyck-4/distributions/aNbNcN_L128_T4_gaussian_categorical_sigma50.0.json
unconditional,aNbNcN,128,gaussian,categorical,100.0,,4,5,0.022,0.011662,0.268,0.011662,0.002,0.004,0.002,0.004,500,0.000353,0.011241,1.006,4,False,13.38,1,True,1.0,0.0,,1,0.04310344827586207,0.06086956521739131,,,0.0,0.023809523809523808,,,,,,,,results/T-sweep-nonDyck-4/distributions/aNbNcN_L128_T4_gaussian_categorical_sigma100.0.json
unconditional,aNbNcN,128,gaussian,greedy,50.0,,512,5,0.988,0.011662,1.0,0.0,0.988,0.011662,0.988,0.011662,500,0.974069,0.994489,484.814,510,False,797.03,494,False,0.08097165991902834,0.9190283400809717,0.14142092629788539,200,0.00011198208286674133,0.0001585288522511097,,,3.3355491779416804,0.9523809523809523,,,,,,,,results/T-sweep-nonDyck-4/distributions/aNbNcN_L128_T512_gaussian_greedy_sigma50.0.json
unconditional,aNbNcN,128,gaussian,categorical,256.0,,4,5,0.04,0.016733,0.276,0.034986,0.0,0.0,0.0,0.0,500,-0.0,0.007625,1.0,1,False,8.32,0,True,,,,0,,,,,,,,,,,,,,results/T-sweep-nonDyck-4/distributions/aNbNcN_L128_T4_gaussian_categorical_sigma256.0.json
unconditional,aNbNcN,128,gaussian,categorical,2.0,,8,5,0.032,0.004,0.216,0.025768,0.032,0.004,0.032,0.004,500,0.019791,0.051345,1.38,8,False,11.21,16,False,0.3125,0.6875,0.12430555555555556,16,0.008928571428571428,0.012867647058823529,,,1.4075317407193153,0.11904761904761904,,,,,,,,results/T-sweep-nonDyck-4/distributions/aNbNcN_L128_T8_gaussian_categorical_sigma2.0.json
unconditional,aNbNcN,128,gaussian,categorical,5.0,,8,5,0.046,0.028705,0.262,0.038678,0.046,0.028705,0.046,0.028705,500,0.030845,0.068078,1.722,8,False,12.24,23,False,0.6086956521739131,0.3913043478260869,0.34077461000537923,23,0.005045408678102927,0.007231404958677686,,,2.532757537181371,0.3333333333333333,,,,,,,,results/T-sweep-nonDyck-4/distributions/aNbNcN_L128_T8_gaussian_categorical_sigma5.0.json
unconditional,aNbNcN,128,gaussian,categorical,1.0,,8,5,0.024,0.013565,0.2,0.024495,0.024,0.013565,0.024,0.013565,500,0.013781,0.041477,1.26,8,False,17.67,12,False,0.3333333333333333,0.6666666666666667,0.1293054771315641,12,0.010615711252653927,0.015250544662309368,,,1.1988493129136213,0.09523809523809523,,,,,,,,results/T-sweep-nonDyck-4/distributions/aNbNcN_L128_T8_gaussian_categorical_sigma1.0.json
unconditional,aNbNcN,128,gaussian,categorical,10.0,,8,5,0.066,0.031369,0.278,0.028566,0.06,0.035214,0.06,0.035214,500,0.042348,0.084362,2.112,9,False,13.29,30,False,0.7666666666666667,0.23333333333333328,0.37696856155962766,30,0.0028785261945883708,0.0046865846514352666,,,3.060287092608695,0.5476190476190477,,,,,,,,results/T-sweep-nonDyck-4/distributions/aNbNcN_L128_T8_gaussian_categorical_sigma10.0.json
unconditional,aNbNcN,128,gaussian,categorical,20.0,,8,5,0.114,0.039294,0.388,0.014697,0.104,0.037202,0.104,0.037202,500,0.080194,0.133845,2.556,9,False,17.16,52,False,0.6346153846153846,0.3653846153846154,0.3733700858209685,52,0.0016909029421711193,0.0024096385542168677,,,3.3677412581733415,0.7857142857142857,,,,,,,,results/T-sweep-nonDyck-4/distributions/aNbNcN_L128_T8_gaussian_categorical_sigma20.0.json
unconditional,aNbNcN,128,gaussian,categorical,100.0,,8,5,0.168,0.036551,0.732,0.029933,0.14,0.041473,0.14,0.041473,500,0.112322,0.173168,2.572,9,False,11.56,70,False,0.4857142857142857,0.5142857142857142,0.3460975934051323,70,0.0012973533990659055,0.0021141649048625794,,,3.3607842175836042,0.8095238095238095,,,,,,,,results/T-sweep-nonDyck-4/distributions/aNbNcN_L128_T8_gaussian_categorical_sigma100.0.json
unconditional,aNbNcN,128,gaussian,categorical,50.0,,8,5,0.2,0.058992,0.646,0.037736,0.17,0.043359,0.17,0.043359,500,0.13962,0.205412,2.872,9,False,19.88,85,False,0.4,0.6,0.2869460317460317,85,0.0009025270758122744,0.001466544454628781,,,3.3792523496813143,0.8095238095238095,,,,,,,,results/T-sweep-nonDyck-4/distributions/aNbNcN_L128_T8_gaussian_categorical_sigma50.0.json
unconditional,aNbNcN,128,gaussian,categorical,256.0,,8,5,0.192,0.054553,0.788,0.039192,0.154,0.042237,0.154,0.042237,500,0.12501,0.188266,2.488,9,False,17.05,77,False,0.44155844155844154,0.5584415584415585,0.25563052931473984,77,0.0009637625289128759,0.0013695949911954608,,,3.3865538944090483,0.8095238095238095,,,,,,,,results/T-sweep-nonDyck-4/distributions/aNbNcN_L128_T8_gaussian_categorical_sigma256.0.json
unconditional,aNbNcN,128,gaussian,categorical,1.0,,16,5,0.146,0.036111,0.242,0.029933,0.146,0.036111,0.146,0.036111,500,0.117748,0.17965,4.056,16,False,16.15,73,False,0.2602739726027397,0.7397260273972603,0.27260113139075676,73,0.001639344262295082,0.0023513604299630502,,,2.532194683300804,0.4523809523809524,,,,,,,,results/T-sweep-nonDyck-4/distributions/aNbNcN_L128_T16_gaussian_categorical_sigma1.0.json
unconditional,aNbNcN,128,gaussian,categorical,2.0,,16,5,0.14,0.040497,0.242,0.054185,0.14,0.040497,0.14,0.040497,500,0.112322,0.173168,4.166,16,False,28.33,70,False,0.3,0.7,0.30096669586733676,70,0.001812250815512867,0.0026031982149497955,,,2.7830233543347394,0.5,,,,,,,,results/T-sweep-nonDyck-4/distributions/aNbNcN_L128_T16_gaussian_categorical_sigma2.0.json
unconditional,aNbNcN,128,gaussian,categorical,10.0,,16,5,0.306,0.034409,0.512,0.029257,0.304,0.035553,0.304,0.035553,500,0.265301,0.345687,7.016,17,False,22.75,152,False,0.26973684210526316,0.7302631578947368,0.3098469558848641,152,0.0005260389268805891,0.0008553405324494814,,,3.58024365149416,0.9761904761904762,,,,,,,,results/T-sweep-nonDyck-4/distributions/aNbNcN_L128_T16_gaussian_categorical_sigma10.0.json
unconditional,aNbNcN,128,gaussian,categorical,5.0,,16,5,0.214,0.026533,0.344,0.031369,0.212,0.027129,0.212,0.027129,500,0.178439,0.249953,5.53,17,False,33.01,106,False,0.3113207547169811,0.6886792452830188,0.3669063248931958,106,0.0009297136481963555,0.0015174506828528073,,,3.333928936564624,0.7857142857142857,,,,,,,,results/T-sweep-nonDyck-4/distributions/aNbNcN_L128_T16_gaussian_categorical_sigma5.0.json
unconditional,aNbNcN,128,gaussian,categorical,50.0,,16,5,0.442,0.029257,0.82,0.043359,0.426,0.031369,0.426,0.031369,500,0.383382,0.469747,8.79,17,False,23.42,213,False,0.19248826291079812,0.8075117370892019,0.2941228846335776,200,0.0003474393718296157,0.0005642544787699252,,,3.5788186538440474,0.9761904761904762,,,,,,,,results/T-sweep-nonDyck-4/distributions/aNbNcN_L128_T16_gaussian_categorical_sigma50.0.json
unconditional,aNbNcN,128,gaussian,categorical,20.0,,16,5,0.362,0.051923,0.654,0.028,0.354,0.056427,0.354,0.056427,500,0.313342,0.396885,7.858,17,False,37.6,177,False,0.23728813559322035,0.7627118644067796,0.3208053529737406,177,0.0004482696790389098,0.0007287965746560992,,,3.5847886264491535,1.0,,,,,,,,results/T-sweep-nonDyck-4/distributions/aNbNcN_L128_T16_gaussian_categorical_sigma20.0.json
unconditional,aNbNcN,128,gaussian,categorical,100.0,,16,5,0.428,0.036551,0.886,0.040299,0.404,0.039294,0.404,0.039294,500,0.361878,0.447585,8.492,17,False,32.51,202,False,0.20297029702970298,0.7970297029702971,0.3053881588153582,200,0.0003771876885938443,0.0005362341044890455,,,3.5880403279848836,0.9761904761904762,,,,,,,,results/T-sweep-nonDyck-4/distributions/aNbNcN_L128_T16_gaussian_categorical_sigma100.0.json
unconditional,aNbNcN,128,gaussian,categorical,256.0,,16,5,0.484,0.052764,0.904,0.032619,0.454,0.057827,0.454,0.057827,500,0.410875,0.497827,9.128,17,False,19.86,227,False,0.18502202643171806,0.8149779735682819,0.2810416968243136,200,0.00033654169751632225,0.0005468215994531784,,,3.6126519628067015,1.0,,,,,,,,results/T-sweep-nonDyck-4/distributions/aNbNcN_L128_T16_gaussian_categorical_sigma256.0.json
unconditional,aNbNcN,128,gaussian,categorical,1.0,,32,5,0.356,0.017436,0.418,0.027129,0.356,0.017436,0.356,0.017436,500,0.315274,0.398922,14.08,32,False,55.06,178,False,0.20224719101123595,0.797752808988764,0.33004652227591225,178,0.0006162188809465122,0.0010080645161290322,,,3.243666064691539,0.8571428571428571,,,,,,,,results/T-sweep-nonDyck-4/distributions/aNbNcN_L128_T32_gaussian_categorical_sigma1.0.json
unconditional,aNbNcN,128,gaussian,categorical,5.0,,32,5,0.496,0.034409,0.584,0.040792,0.494,0.032,0.494,0.032,500,0.450389,0.537702,18.214,33,False,43.69,247,False,0.1659919028340081,0.8340080971659919,0.3200907324158859,200,0.0003315649867374005,0.0005393379626508461,,,3.6562398669693716,0.9761904761904762,,,,,,,,results/T-sweep-nonDyck-4/distributions/aNbNcN_L128_T32_gaussian_categorical_sigma5.0.json
unconditional,aNbNcN,128,gaussian,categorical,2.0,,32,5,0.398,0.079347,0.472,0.070257,0.398,0.079347,0.398,0.079347,500,0.356029,0.441526,15.292,32,False,59.4,199,False,0.19597989949748743,0.8040201005025126,0.3453279022899276,199,0.0005125576627370579,0.0008371703641691084,,,3.482600893602438,0.9285714285714286,,,,,,,,results/T-sweep-nonDyck-4/distributions/aNbNcN_L128_T32_gaussian_categorical_sigma2.0.json
unconditional,aNbNcN,128,gaussian,categorical,20.0,,32,5,0.634,0.043174,0.858,0.051147,0.634,0.043174,0.634,0.043174,500,0.590903,0.675053,22.08,33,False,47.27,317,False,0.13249211356466878,0.8675078864353312,0.35099459337017236,200,0.00024952590078850185,0.0004056589422443081,,,3.6662478843824533,1.0,,,,,,,,results/T-sweep-nonDyck-4/distributions/aNbNcN_L128_T32_gaussian_categorical_sigma20.0.json
unconditional,aNbNcN,128,gaussian,categorical,50.0,,32,5,0.674,0.024166,0.918,0.027129,0.662,0.017205,0.662,0.017205,500,0.619442,0.702088,23.112,33,False,56.33,331,False,0.1268882175226586,0.8731117824773413,0.3376891781337736,200,0.0002442121715346293,0.0003971603038276324,,,3.662002864358383,1.0,,,,,,,,results/T-sweep-nonDyck-4/distributions/aNbNcN_L128_T32_gaussian_categorical_sigma50.0.json
unconditional,aNbNcN,128,gaussian,categorical,10.0,,32,5,0.6,0.032863,0.744,0.017436,0.598,0.030594,0.598,0.030594,500,0.554434,0.640072,20.906,33,False,75.51,299,False,0.14046822742474915,0.8595317725752508,0.3152296321532332,200,0.0002705920554172529,0.00044006821057263876,,,3.6755772107046294,1.0,,,,,,,,results/T-sweep-nonDyck-4/distributions/aNbNcN_L128_T32_gaussian_categorical_sigma10.0.json
unconditional,aNbNcN,128,gaussian,categorical,100.0,,32,5,0.638,0.047074,0.946,0.027276,0.624,0.056427,0.624,0.056427,500,0.580748,0.665361,22.338,33,False,42.44,312,False,0.1346153846153846,0.8653846153846154,0.33024954259764217,200,0.00025329280648429586,0.00041177681696520483,,,3.6749227283440415,1.0,,,,,,,,results/T-sweep-nonDyck-4/distributions/aNbNcN_L128_T32_gaussian_categorical_sigma100.0.json
unconditional,aNbNcN,128,gaussian,categorical,256.0,,32,5,0.664,0.044989,0.942,0.026382,0.634,0.052764,0.634,0.052764,500,0.590903,0.675053,22.634,33,False,39.93,317,False,0.13249211356466878,0.8675078864353312,0.3362736480957259,200,0.00026040310400499974,0.00042363905952128787,,,3.6597036328848627,1.0,,,,,,,,results/T-sweep-nonDyck-4/distributions/aNbNcN_L128_T32_gaussian_categorical_sigma256.0.json
unconditional,aNbNcN,128,gaussian,categorical,2.0,,64,5,0.664,0.028705,0.692,0.030594,0.664,0.028705,0.664,0.028705,500,0.621486,0.704013,44.854,65,False,91.52,332,False,0.12349397590361445,0.8765060240963856,0.34082677790332067,200,0.0002677232812165346,0.0004361098996947231,,,3.6409932969991607,0.9761904761904762,,,,,,,,results/T-sweep-nonDyck-4/distributions/aNbNcN_L128_T64_gaussian_categorical_sigma2.0.json
unconditional,aNbNcN,128,gaussian,categorical,1.0,,64,5,0.608,0.033106,0.626,0.029394,0.608,0.033106,0.608,0.033106,500,0.56454,0.649813,42.066,64,False,130.61,304,False,0.13815789473684212,0.8618421052631579,0.35932106717540735,200,0.0003169371196754564,0.000517063081695967,,,3.6085484323113945,1.0,,,,,,,,results/T-sweep-nonDyck-4/distributions/aNbNcN_L128_T64_gaussian_categorical_sigma1.0.json
unconditional,aNbNcN,128,gaussian,categorical,5.0,,64,5,0.692,0.01833,0.75,0.024495,0.692,0.01833,0.692,0.01833,500,0.650197,0.730875,45.968,65,False,120.2,346,False,0.12138728323699421,0.8786127167630058,0.31804274145078043,200,0.00023661918508352658,0.00038489295164782295,,,3.6572194060558223,1.0,,,,,,,,results/T-sweep-nonDyck-4/distributions/aNbNcN_L128_T64_gaussian_categorical_sigma5.0.json
unconditional,aNbNcN,128,gaussian,greedy,100.0,,512,5,0.986,0.008,1.0,0.0,0.986,0.008,0.986,0.008,500,0.971387,0.993202,493.702,510,False,1101.04,493,False,0.08519269776876268,0.9148073022312373,0.19615350862131462,200,0.00013251000450534016,0.00021482277121374866,,,3.5255130003203177,1.0,,,,,,,,results/T-sweep-nonDyck-4/distributions/aNbNcN_L128_T512_gaussian_greedy_sigma100.0.json
unconditional,aNbNcN,128,gaussian,greedy,20.0,,512,5,0.996,0.004899,1.0,0.0,0.996,0.004899,0.996,0.004899,500,0.985534,0.998902,480.334,510,False,1407.44,498,False,0.05220883534136546,0.9477911646586346,0.09139582430484022,200,0.00010005803365952253,0.00014149131849695794,,,3.003440064499923,0.6190476190476191,,,,,,,,results/T-sweep-nonDyck-4/distributions/aNbNcN_L128_T512_gaussian_greedy_sigma20.0.json
unconditional,aNbNcN,128,gaussian,greedy,256.0,,512,5,0.99,0.010954,1.0,0.0,0.99,0.010954,0.99,0.010954,500,0.976807,0.995721,503.01,510,False,1045.23,495,False,0.08484848484848485,0.9151515151515152,0.23785100110421362,200,0.00014520532032293664,0.00023571702171543062,,,3.639598478305691,1.0,,,,,,,,results/T-sweep-nonDyck-4/distributions/aNbNcN_L128_T512_gaussian_greedy_sigma256.0.json
unconditional,aNbNcN,128,gaussian,categorical,10.0,,64,5,0.758,0.05671,0.862,0.028566,0.754,0.058515,0.754,0.058515,500,0.714407,0.78972,49.256,65,False,100.44,377,False,0.11140583554376658,0.8885941644562334,0.32542404031708105,200,0.00021265736645117387,0.00034579641236222173,,,3.688065107403692,1.0,,,,,,,,results/T-sweep-nonDyck-4/distributions/aNbNcN_L128_T64_gaussian_categorical_sigma10.0.json
unconditional,aNbNcN,128,gaussian,greedy,5.0,,512,5,1.0,0.0,1.0,0.0,1.0,0.0,1.0,0.0,500,0.992375,1.0,488.518,510,False,1568.59,500,False,0.036,0.964,0.04400696702306273,200,8.745539774714896e-05,0.00012351778656126481,,,2.3517409212450655,0.42857142857142855,,,,,,,,results/T-sweep-nonDyck-4/distributions/aNbNcN_L128_T512_gaussian_greedy_sigma5.0.json
unconditional,aNbNcN,128,gaussian,categorical,256.0,,64,5,0.798,0.031875,0.976,0.012,0.788,0.032496,0.788,0.032496,500,0.750047,0.821561,53.44,65,False,102.66,394,False,0.1065989847715736,0.8934010152284264,0.31210927131101773,200,0.00019806686737442562,0.00032193158953722336,,,3.7091391838404233,1.0,,,,,,,,results/T-sweep-nonDyck-4/distributions/aNbNcN_L128_T64_gaussian_categorical_sigma256.0.json
unconditional,aNbNcN,128,gaussian,categorical,20.0,,64,5,0.804,0.019596,0.926,0.016248,0.8,0.017889,0.8,0.017889,500,0.76271,0.832715,51.562,65,False,166.65,400,False,0.105,0.895,0.32899958143439395,200,0.00019755037534571315,0.0003211561621838619,,,3.6928445596046027,1.0,,,,,,,,results/T-sweep-nonDyck-4/distributions/aNbNcN_L128_T64_gaussian_categorical_sigma20.0.json
unconditional,aNbNcN,128,gaussian,categorical,100.0,,64,5,0.83,0.036332,0.962,0.019391,0.82,0.028284,0.82,0.028284,500,0.783925,0.851196,53.936,65,False,138.75,410,False,0.1024390243902439,0.8975609756097561,0.3267783803660577,200,0.00019313967861557478,0.000313996389041526,,,3.6837609171989554,1.0,,,,,,,,results/T-sweep-nonDyck-4/distributions/aNbNcN_L128_T64_gaussian_categorical_sigma100.0.json
unconditional,aNbNcN,128,gaussian,categorical,50.0,,64,5,0.814,0.042237,0.968,0.004,0.814,0.042237,0.814,0.042237,500,0.777545,0.845667,53.14,65,False,155.85,407,False,0.10319410319410319,0.8968058968058968,0.3196002283130575,200,0.0001872378669862193,0.0003042172110887173,,,3.6824435739955703,1.0,,,,,,,,results/T-sweep-nonDyck-4/distributions/aNbNcN_L128_T64_gaussian_categorical_sigma50.0.json
unconditional,aNbNcN,128,gaussian,greedy,10.0,,512,5,1.0,0.0,1.0,0.0,1.0,0.0,1.0,0.0,500,0.992375,1.0,481.794,510,False,1637.87,500,False,0.046,0.954,0.0666840951174009,200,9.37681675824691e-05,0.00013251803191791455,,,2.782228345350494,0.5476190476190477,,,,,,,,results/T-sweep-nonDyck-4/distributions/aNbNcN_L128_T512_gaussian_greedy_sigma10.0.json
unconditional,aNbNcN,128,gaussian,greedy,1.0,,512,5,1.0,0.0,1.0,0.0,1.0,0.0,1.0,0.0,500,0.992375,1.0,498.752,508,False,1768.15,500,False,0.01,0.99,0.008057132836263145,200,8.086166186887473e-05,0.00011412919424788861,,,0.8788595938209242,0.11904761904761904,,,,,,,,results/T-sweep-nonDyck-4/distributions/aNbNcN_L128_T512_gaussian_greedy_sigma1.0.json
unconditional,aNbNcN,128,gaussian,greedy,2.0,,512,5,1.0,0.0,1.0,0.0,1.0,0.0,1.0,0.0,500,0.992375,1.0,494.71,510,False,1791.84,500,False,0.018,0.982,0.015240898894864711,200,8.236011135087055e-05,0.00011626168845189257,,,1.4962138875806013,0.21428571428571427,,,,,,,,results/T-sweep-nonDyck-4/distributions/aNbNcN_L128_T512_gaussian_greedy_sigma2.0.json
unconditional,aNbNcN,128,gaussian,categorical,1.0,,128,5,0.776,0.058172,0.782,0.054185,0.776,0.058172,0.776,0.058172,500,0.73743,0.810362,102.056,128,False,255.13,388,False,0.10824742268041238,0.8917525773195876,0.3274303086193018,200,0.0002256317689530686,0.00036744442403086535,,,3.653557057760169,1.0,,,,,,,,results/T-sweep-nonDyck-4/distributions/aNbNcN_L128_T128_gaussian_categorical_sigma1.0.json
unconditional,aNbNcN,128,gaussian,categorical,2.0,,128,5,0.826,0.046733,0.844,0.042237,0.826,0.046733,0.826,0.046733,500,0.790318,0.856711,106.604,129,False,271.05,413,False,0.1016949152542373,0.8983050847457628,0.3061522618692567,200,0.00018882888326598438,0.0003069132202869639,,,3.679365580486156,1.0,,,,,,,,results/T-sweep-nonDyck-4/distributions/aNbNcN_L128_T128_gaussian_categorical_sigma2.0.json
unconditional,aNbNcN,128,gaussian,categorical,10.0,,128,5,0.878,0.041665,0.922,0.036551,0.876,0.043174,0.876,0.043174,500,0.844212,0.902054,109.58,129,False,227.84,438,False,0.0958904109589041,0.904109589041096,0.330323265314034,200,0.00018568033273915627,0.00030200075500188753,,,3.7015070648530592,1.0,,,,,,,,results/T-sweep-nonDyck-4/distributions/aNbNcN_L128_T128_gaussian_categorical_sigma10.0.json
unconditional,aNbNcN,128,gaussian,categorical,5.0,,128,5,0.828,0.039192,0.866,0.016248,0.828,0.039192,0.828,0.039192,500,0.792452,0.858546,105.588,129,False,295.53,414,False,0.10144927536231885,0.8985507246376812,0.34901620779956116,200,0.0001986491855383393,0.0003231539828728389,,,3.6791649949765115,1.0,,,,,,,,results/T-sweep-nonDyck-4/distributions/aNbNcN_L128_T128_gaussian_categorical_sigma5.0.json
unconditional,aNbNcN,128,gaussian,categorical,100.0,,128,5,0.922,0.031875,0.988,0.004,0.92,0.035214,0.92,0.035214,500,0.892893,0.940702,118.3,129,False,286.27,460,False,0.09130434782608696,0.908695652173913,0.3216868254017189,200,0.0001639344262295082,0.0002663115845539281,,,3.671653208395634,1.0,,,,,,,,results/T-sweep-nonDyck-4/distributions/aNbNcN_L128_T128_gaussian_categorical_sigma100.0.json
unconditional,aNbNcN,128,gaussian,categorical,50.0,,128,5,0.88,0.017889,0.98,0.014142,0.878,0.020396,0.878,0.020396,500,0.846395,0.903841,111.432,129,False,296.32,439,False,0.09567198177676538,0.9043280182232346,0.3044974818275346,200,0.00017514975303884822,0.00028461647929415115,,,3.7124872249523233,1.0,,,,,,,,results/T-sweep-nonDyck-4/distributions/aNbNcN_L128_T128_gaussian_categorical_sigma50.0.json
unconditional,aNbNcN,128,gaussian,categorical,20.0,,128,5,0.888,0.027129,0.95,0.016733,0.886,0.027276,0.886,0.027276,500,0.85515,0.910964,110.794,129,False,326.12,443,False,0.09480812641083522,0.9051918735891648,0.2919290974188101,200,0.00017292062943109114,0.0002809778027535825,,,3.693516253717862,1.0,,,,,,,,results/T-sweep-nonDyck-4/distributions/aNbNcN_L128_T128_gaussian_categorical_sigma20.0.json
unconditional,aNbNcN,128,gaussian,categorical,256.0,,128,5,0.928,0.031875,0.988,0.007483,0.928,0.031875,0.928,0.031875,500,0.901931,0.947542,120.408,129,False,282.73,464,False,0.09051724137931035,0.9094827586206896,0.32461886500170023,200,0.0001706892431638958,0.0002774983523535329,,,3.7001486225493436,1.0,,,,,,,,results/T-sweep-nonDyck-4/distributions/aNbNcN_L128_T128_gaussian_categorical_sigma256.0.json
unconditional,aNbNcN,128,gaussian,greedy,100.0,,1024,5,0.996,0.004899,1.0,0.0,0.996,0.004899,0.996,0.004899,500,0.985534,0.998902,992.68,1018,False,1695.71,498,False,0.08433734939759036,0.9156626506024097,0.2195593351372246,200,0.0001294598933250479,0.00020984156961494072,,,3.571625161279064,1.0,,,,,,,,results/T-sweep-nonDyck-4/distributions/aNbNcN_L128_T1024_gaussian_greedy_sigma100.0.json
unconditional,aNbNcN,128,gaussian,categorical,20.0,,256,5,0.936,0.012,0.97,0.012649,0.936,0.012,0.936,0.012,500,0.911047,0.954304,229.456,256,False,498.75,468,False,0.08974358974358974,0.9102564102564102,0.3548197335885778,200,0.00017741821020509545,0.0002886627697192755,,,3.6783851765080753,1.0,,,,,,,,results/T-sweep-nonDyck-4/distributions/aNbNcN_L128_T256_gaussian_categorical_sigma20.0.json
unconditional,aNbNcN,128,gaussian,categorical,1.0,,256,5,0.866,0.021541,0.876,0.018547,0.866,0.021541,0.866,0.021541,500,0.833333,0.893085,221.592,255,False,637.58,433,False,0.09699769053117784,0.9030023094688222,0.3310861612850145,200,0.00019039640531586763,0.0003097413659594239,,,3.6881286006345007,1.0,,,,,,,,results/T-sweep-nonDyck-4/distributions/aNbNcN_L128_T256_gaussian_categorical_sigma1.0.json
unconditional,aNbNcN,128,gaussian,categorical,2.0,,256,5,0.886,0.036661,0.898,0.038678,0.886,0.036661,0.886,0.036661,500,0.85515,0.910964,224.854,256,False,660.57,443,False,0.09480812641083522,0.9051918735891648,0.3168749488049746,200,0.0001853018567246044,0.0003014318010550113,,,3.6846184063403378,1.0,,,,,,,,results/T-sweep-nonDyck-4/distributions/aNbNcN_L128_T256_gaussian_categorical_sigma2.0.json
unconditional,aNbNcN,128,gaussian,categorical,5.0,,256,5,0.934,0.004899,0.956,0.010198,0.934,0.004899,0.934,0.004899,500,0.90876,0.952622,230.938,256,False,659.73,467,False,0.08993576017130621,0.9100642398286938,0.31779203782962373,200,0.00016763335233177992,0.00027247956403269756,,,3.704100699224754,1.0,,,,,,,,results/T-sweep-nonDyck-4/distributions/aNbNcN_L128_T256_gaussian_categorical_sigma5.0.json
unconditional,aNbNcN,128,gaussian,categorical,10.0,,256,5,0.932,0.023152,0.956,0.02245,0.932,0.023152,0.932,0.023152,500,0.906479,0.950934,228.988,256,False,673.92,466,False,0.09012875536480687,0.9098712446351931,0.3063378566843026,200,0.00016549715344896067,0.0002689437235258522,,,3.688919703189652,1.0,,,,,,,,results/T-sweep-nonDyck-4/distributions/aNbNcN_L128_T256_gaussian_categorical_sigma10.0.json
unconditional,aNbNcN,128,gaussian,categorical,100.0,,256,5,0.942,0.007483,0.99,0.008944,0.94,0.008944,0.94,0.008944,500,0.915638,0.957652,238.388,256,False,572.26,470,False,0.08936170212765958,0.9106382978723404,0.3141221804087703,200,0.0001621849557235071,0.00026351329095161235,,,3.6882436941725314,1.0,,,,,,,,results/T-sweep-nonDyck-4/distributions/aNbNcN_L128_T256_gaussian_categorical_sigma100.0.json
unconditional,aNbNcN,128,gaussian,categorical,50.0,,256,5,0.952,0.007483,0.986,0.004899,0.952,0.007483,0.952,0.007483,500,0.929572,0.967535,236.36,256,False,642.9,476,False,0.08823529411764706,0.9117647058823529,0.31573297080932666,200,0.0001641982200912942,0.00026688907422852374,,,3.6980677041112955,1.0,,,,,,,,results/T-sweep-nonDyck-4/distributions/aNbNcN_L128_T256_gaussian_categorical_sigma50.0.json
unconditional,aNbNcN,128,gaussian,categorical,256.0,,256,5,0.96,0.008944,0.994,0.004899,0.96,0.008944,0.96,0.008944,500,0.939026,0.973959,245.578,256,False,640.34,480,False,0.0875,0.9125,0.3395752236722681,200,0.00016799381782750395,0.000273196052317044,,,3.687732402286659,1.0,,,,,,,,results/T-sweep-nonDyck-4/distributions/aNbNcN_L128_T256_gaussian_categorical_sigma256.0.json
unconditional,aNbNcN,128,gaussian,greedy,256.0,,1024,5,0.996,0.004899,1.0,0.0,0.996,0.004899,0.996,0.004899,500,0.985534,0.998902,1006.764,1018,False,2195.75,498,False,0.08433734939759036,0.9156626506024097,0.2691757359795685,200,0.00014636573870788325,0.00023764964501084277,,,3.644891417308715,1.0,,,,,,,,results/T-sweep-nonDyck-4/distributions/aNbNcN_L128_T1024_gaussian_greedy_sigma256.0.json
unconditional,aNbNcN,128,gaussian,categorical,5.0,,512,5,0.96,0.032863,0.966,0.025768,0.958,0.036551,0.958,0.036551,500,0.936648,0.972368,471.562,510,False,898.4,479,False,0.08768267223382047,0.9123173277661796,0.3253075412906828,200,0.0001620430386310604,0.00026335714520854596,,,3.6994822108495677,1.0,,,,,,,,results/T-sweep-nonDyck-4/distributions/aNbNcN_L128_T512_gaussian_categorical_sigma5.0.json
unconditional,aNbNcN,128,gaussian,greedy,50.0,,1024,5,1.0,0.0,1.0,0.0,1.0,0.0,1.0,0.0,500,0.992375,1.0,980.978,1018,False,2597.69,500,False,0.08,0.92,0.14332952999338822,200,0.00011195199498455063,0.0001585073139803451,,,3.3239694118701264,0.9523809523809523,,,,,,,,results/T-sweep-nonDyck-4/distributions/aNbNcN_L128_T1024_gaussian_greedy_sigma50.0.json
unconditional,aNbNcN,128,gaussian,greedy,5.0,,1024,5,1.0,0.0,1.0,0.0,1.0,0.0,1.0,0.0,500,0.992375,1.0,973.47,1018,False,2684.54,500,False,0.036,0.964,0.04540807711388409,200,8.78379565377791e-05,0.00012406288215798523,,,2.395600583861809,0.42857142857142855,,,,,,,,results/T-sweep-nonDyck-4/distributions/aNbNcN_L128_T1024_gaussian_greedy_sigma5.0.json
unconditional,aNbNcN,128,gaussian,categorical,1.0,,512,5,0.948,0.024,0.952,0.020396,0.948,0.024,0.948,0.024,500,0.924898,0.96427,476.83,510,False,1378.59,474,False,0.08860759493670886,0.9113924050632911,0.30118188837477977,200,0.00016816332021659435,0.00027342014422912606,,,3.7043480222028977,1.0,,,,,,,,results/T-sweep-nonDyck-4/distributions/aNbNcN_L128_T512_gaussian_categorical_sigma1.0.json
unconditional,aNbNcN,128,gaussian,categorical,2.0,,512,5,0.95,0.018974,0.954,0.014967,0.95,0.018974,0.95,0.018974,500,0.927231,0.965906,473.406,510,False,1369.0,475,False,0.08842105263157894,0.911578947368421,0.30150526284660056,200,0.00016427374576995105,0.00026700487283892933,,,3.701991248922235,1.0,,,,,,,,results/T-sweep-nonDyck-4/distributions/aNbNcN_L128_T512_gaussian_categorical_sigma2.0.json
unconditional,aNbNcN,128,ar,greedy,,,130,1,1.0,0.0,1.0,0.0,1.0,0.0,1.0,0.0,100,0.963005,1.0,129.0,129,True,84.58,100,False,0.01,0.99,0.0,100,0.0004,0.0005645161290322581,,,0.0,0.023809523809523808,,,,,,,,results/T-sweep-nonDyck-4/distributions/aNbNcN_L128_T130_ar_greedy_none.json
unconditional,aNbNcN,128,gaussian,categorical,100.0,,512,5,0.974,0.004899,0.998,0.004,0.974,0.004899,0.974,0.004899,500,0.956028,0.984744,488.186,510,False,1031.49,487,False,0.08624229979466119,0.9137577002053388,0.32414429008690265,200,0.00016233766233766234,0.0002639131725662257,,,3.695105461650166,1.0,,,,,,,,results/T-sweep-nonDyck-4/distributions/aNbNcN_L128_T512_gaussian_categorical_sigma100.0.json
unconditional,aNbNcN,128,gaussian,categorical,256.0,,512,5,0.982,0.007483,1.0,0.0,0.974,0.008,0.974,0.008,500,0.956028,0.984744,496.172,510,False,1020.48,487,False,0.08624229979466119,0.9137577002053388,0.32945828467312455,200,0.000166472448809722,0.0002707459049681874,,,3.700125713867316,1.0,,,,,,,,results/T-sweep-nonDyck-4/distributions/aNbNcN_L128_T512_gaussian_categorical_sigma256.0.json
unconditional,aNbNcN,128,ebsampler,greedy,,0.1,128,1,1.0,0.0,1.0,0.0,1.0,0.0,1.0,0.0,100,0.963005,1.0,42.0,42,True,39.79,100,False,0.01,0.99,0.0,100,0.0029411764705882353,0.004375,,,0.0,0.023809523809523808,,,,,,,,results/T-sweep-nonDyck-4/distributions/aNbNcN_L128_T128_ebsampler_greedy_gamma0.1.json
unconditional,aNbNcN,128,gaussian,greedy,20.0,,1024,5,1.0,0.0,1.0,0.0,1.0,0.0,1.0,0.0,500,0.992375,1.0,962.972,1018,False,2931.15,500,False,0.05,0.95,0.09651099167563174,200,9.973271632026169e-05,0.0001410323568521578,,,3.0196205476216442,0.5952380952380952,,,,,,,,results/T-sweep-nonDyck-4/distributions/aNbNcN_L128_T1024_gaussian_greedy_sigma20.0.json
unconditional,aNbNcN,128,ebsampler,greedy,,2.0,128,1,1.0,0.0,1.0,0.0,1.0,0.0,1.0,0.0,100,0.963005,1.0,13.0,13,True,6.7,100,False,0.01,0.99,0.0,100,0.0008064516129032258,0.0011475409836065574,,,0.0,0.023809523809523808,,,,,,,,results/T-sweep-nonDyck-4/distributions/aNbNcN_L128_T128_ebsampler_greedy_gamma2.0.json
unconditional,aNbNcN,128,ebsampler,greedy,,0.5,128,1,1.0,0.0,1.0,0.0,1.0,0.0,1.0,0.0,100,0.963005,1.0,28.0,28,True,27.93,100,False,0.01,0.99,0.0,100,0.0010638297872340426,0.0015217391304347826,,,0.0,0.023809523809523808,,,,,,,,results/T-sweep-nonDyck-4/distributions/aNbNcN_L128_T128_ebsampler_greedy_gamma0.5.json
unconditional,aNbNcN,128,ebsampler,greedy,,5.0,128,1,0.0,0.0,1.0,0.0,0.0,0.0,0.0,0.0,100,0.0,0.036995,8.0,8,True,4.12,0,True,,,,0,,,,,,,,,,,,,,results/T-sweep-nonDyck-4/distributions/aNbNcN_L128_T128_ebsampler_greedy_gamma5.0.json
unconditional,aNbNcN,128,ebsampler,greedy,,0.9,128,1,1.0,0.0,1.0,0.0,1.0,0.0,1.0,0.0,100,0.963005,1.0,19.0,19,True,15.98,100,False,0.01,0.99,0.0,100,0.001,0.0014285714285714286,,,0.0,0.023809523809523808,,,,,,,,results/T-sweep-nonDyck-4/distributions/aNbNcN_L128_T128_ebsampler_greedy_gamma0.9.json
unconditional,aNbNcN,128,ebsampler,greedy,,10.0,128,1,0.0,0.0,1.0,0.0,0.0,0.0,0.0,0.0,100,0.0,0.036995,5.0,5,True,5.2,0,True,,,,0,,,,,,,,,,,,,,results/T-sweep-nonDyck-4/distributions/aNbNcN_L128_T128_ebsampler_greedy_gamma10.0.json
unconditional,aNbNcN,128,ebsampler,categorical,,0.9,128,5,0.296,0.023324,0.94,0.014142,0.296,0.023324,0.296,0.023324,500,0.257665,0.337446,4.596,17,False,39.01,148,False,0.12837837837837837,0.8716216216216216,0.41431513286523947,148,0.000650110518788194,0.000928012727031685,,,2.6770413723108866,0.4523809523809524,,,,,,,,results/T-sweep-nonDyck-4/distributions/aNbNcN_L128_T128_ebsampler_categorical_gamma0.9.json
unconditional,aNbNcN,128,ebsampler,categorical,,0.5,128,5,0.26,0.024495,0.984,0.008,0.258,0.026382,0.258,0.026382,500,0.221596,0.298095,8.116,28,False,56.14,129,False,0.17829457364341086,0.8217054263565892,0.5283805031446541,129,0.0010773540185304892,0.0017730496453900709,,,2.6714825184153232,0.5476190476190477,,,,,,,,results/T-sweep-nonDyck-4/distributions/aNbNcN_L128_T128_ebsampler_categorical_gamma0.5.json
unconditional,aNbNcN,128,ebsampler,categorical,,2.0,128,5,0.146,0.019596,0.826,0.024166,0.146,0.019596,0.146,0.019596,500,0.117748,0.17965,2.48,12,False,26.17,73,False,0.1506849315068493,0.8493150684931507,0.42589612943595245,73,0.0013676148796498905,0.0019536701088473346,,,2.094246347396355,0.2619047619047619,,,,,,,,results/T-sweep-nonDyck-4/distributions/aNbNcN_L128_T128_ebsampler_categorical_gamma2.0.json
unconditional,aNbNcN,128,ebsampler,categorical,,5.0,128,5,0.026,0.023324,0.802,0.045343,0.026,0.023324,0.026,0.023324,500,0.015256,0.043972,1.318,7,False,17.25,13,False,0.46153846153846156,0.5384615384615384,0.502906976744186,13,0.009940357852882704,0.014285714285714285,,,1.5247073930301436,0.14285714285714285,,,,,,,,results/T-sweep-nonDyck-4/distributions/aNbNcN_L128_T128_ebsampler_categorical_gamma5.0.json
unconditional,aNbNcN,128,ebsampler,categorical,,10.0,128,5,0.002,0.004,0.794,0.054991,0.002,0.004,0.002,0.004,500,0.000353,0.011241,1.036,2,False,11.33,1,True,1.0,0.0,,1,0.04950495049504951,0.07,,,0.0,0.023809523809523808,,,,,,,,results/T-sweep-nonDyck-4/distributions/aNbNcN_L128_T128_ebsampler_categorical_gamma10.0.json
unconditional,aNbNcN,128,ebsampler,categorical,,0.1,128,5,1.0,0.0,1.0,0.0,1.0,0.0,1.0,0.0,500,0.992375,1.0,23.09,42,False,82.63,500,False,0.084,0.916,0.32632775847446677,200,0.0001565484204264379,0.00025446101975253667,,,3.6832352850986423,1.0,,,,,,,,results/T-sweep-nonDyck-4/distributions/aNbNcN_L128_T128_ebsampler_categorical_gamma0.1.json
unconditional,aNbNcN,128,gaussian,greedy,10.0,,1024,5,1.0,0.0,1.0,0.0,1.0,0.0,1.0,0.0,500,0.992375,1.0,964.182,1018,False,3092.46,500,False,0.048,0.952,0.07966135179112144,200,9.505703422053231e-05,0.0001343570057581574,,,2.8545748080918125,0.5714285714285714,,,,,,,,results/T-sweep-nonDyck-4/distributions/aNbNcN_L128_T1024_gaussian_greedy_sigma10.0.json
unconditional,aNbNcN,128,gaussian,categorical,20.0,,512,5,0.984,0.008,0.996,0.008,0.984,0.008,0.984,0.008,500,0.968749,0.991871,473.422,510,False,1309.83,492,False,0.08536585365853659,0.9146341463414634,0.3056288956936694,200,0.00015500992063492063,0.0002518574486840448,,,3.703923051445985,1.0,,,,,,,,results/T-sweep-nonDyck-4/distributions/aNbNcN_L128_T512_gaussian_categorical_sigma20.0.json
unconditional,aNbNcN,128,gaussian,categorical,10.0,,512,5,0.972,0.024,0.98,0.014142,0.972,0.024,0.972,0.024,500,0.953553,0.983249,470.242,510,False,1387.29,486,False,0.08641975308641975,0.9135802469135803,0.3261941321106772,200,0.0001585942208265931,0.00025772365581005764,,,3.693382141714333,1.0,,,,,,,,results/T-sweep-nonDyck-4/distributions/aNbNcN_L128_T512_gaussian_categorical_sigma10.0.json
unconditional,aNbNcN,128,ar,categorical,,,130,5,1.0,0.0,1.0,0.0,1.0,0.0,1.0,0.0,500,0.992375,1.0,129.0,129,False,302.57,500,False,0.084,0.916,0.33602847806778857,200,0.00015724259387382854,0.00025560738705348587,,,3.6808947534675154,1.0,,,,,,,,results/T-sweep-nonDyck-4/distributions/aNbNcN_L128_T130_ar_categorical_none.json
unconditional,aNbNcN,128,gaussian,categorical,50.0,,512,5,0.97,0.010954,0.994,0.008,0.97,0.010954,0.97,0.010954,500,0.951096,0.981737,477.556,510,False,1320.08,485,False,0.0865979381443299,0.9134020618556701,0.32344394204844684,200,0.00015798786653185035,0.0002567146937072811,,,3.6982441774691384,1.0,,,,,,,,results/T-sweep-nonDyck-4/distributions/aNbNcN_L128_T512_gaussian_categorical_sigma50.0.json
unconditional,aNbNcN,128,gaussian,greedy,2.0,,1024,5,1.0,0.0,1.0,0.0,1.0,0.0,1.0,0.0,500,0.992375,1.0,988.27,1018,False,3233.82,500,False,0.016,0.984,0.016860392112448573,200,8.220979940808945e-05,0.00011604774535809019,,,1.4491428080871311,0.19047619047619047,,,,,,,,results/T-sweep-nonDyck-4/distributions/aNbNcN_L128_T1024_gaussian_greedy_sigma2.0.json
unconditional,aNbNcN,128,gaussian,greedy,1.0,,1024,5,1.0,0.0,1.0,0.0,1.0,0.0,1.0,0.0,500,0.992375,1.0,996.436,1018,False,3291.11,500,False,0.01,0.99,0.006975751247524729,200,8.083420903726457e-05,0.00011409013120365089,,,0.8621781663221296,0.11904761904761904,,,,,,,,results/T-sweep-nonDyck-4/distributions/aNbNcN_L128_T1024_gaussian_greedy_sigma1.0.json
unconditional,baN,128,gaussian,greedy,10.0,,1024,5,0.978,0.014697,1.0,0.0,0.978,0.014697,0.998,0.004,500,0.961039,0.987672,964.024,1018,False,28563.17,489,False,0.04703476482617587,0.9529652351738241,0.0071211526381909545,200,6.440912677326377e-05,0.00011361054305839582,0.75,0.625,,,,,,,,,,results/T-sweep-nonDyck-4/distributions/baN_L128_T1024_gaussian_greedy_sigma10.0.json
unconditional,aNbNcN,128,gaussian,categorical,1.0,,1024,5,0.982,0.011662,0.982,0.011662,0.982,0.011662,0.982,0.011662,500,0.966148,0.990502,981.224,1015,False,2037.03,491,False,0.0855397148676171,0.9144602851323829,0.32376065390361863,200,0.00016003584802995872,0.00026014568158168577,,,3.6906811526302503,1.0,,,,,,,,results/T-sweep-nonDyck-4/distributions/aNbNcN_L128_T1024_gaussian_categorical_sigma1.0.json
unconditional,aNbNcN,128,gaussian,categorical,2.0,,1024,5,0.972,0.007483,0.972,0.007483,0.972,0.007483,0.972,0.007483,500,0.953553,0.983249,964.534,1018,False,2058.4,486,False,0.08641975308641975,0.9135802469135803,0.3003382380790896,200,0.00015624511734008313,0.0002538473742662224,,,3.714520424163684,1.0,,,,,,,,results/T-sweep-nonDyck-4/distributions/aNbNcN_L128_T1024_gaussian_categorical_sigma2.0.json
unconditional,aNbNcN,128,gaussian,categorical,100.0,,1024,5,0.982,0.011662,0.996,0.004899,0.98,0.012649,0.98,0.012649,500,0.963579,0.989101,979.766,1018,False,1371.27,490,False,0.08571428571428572,0.9142857142857143,0.3136227011947076,200,0.00015934223525287613,0.00025899187412994917,,,3.697624256936454,1.0,,,,,,,,results/T-sweep-nonDyck-4/distributions/aNbNcN_L128_T1024_gaussian_categorical_sigma100.0.json
unconditional,aNbNcN,128,gaussian,categorical,256.0,,1024,5,0.98,0.014142,0.998,0.004,0.978,0.017205,0.978,0.017205,500,0.961039,0.987672,994.096,1018,False,1341.85,489,False,0.08588957055214724,0.9141104294478528,0.30791393338743694,200,0.0001602255976414792,0.00026044210046554024,,,3.697764397000612,1.0,,,,,,,,results/T-sweep-nonDyck-4/distributions/aNbNcN_L128_T1024_gaussian_categorical_sigma256.0.json
unconditional,aNbNcN,128,gaussian,categorical,10.0,,1024,5,0.994,0.008,0.998,0.004,0.994,0.008,0.994,0.008,500,0.982509,0.997957,959.0,1018,False,1741.57,497,False,0.08450704225352113,0.9154929577464789,0.3358817291679573,200,0.00016177564952923285,0.00026307135810588623,,,3.6856815906425684,1.0,,,,,,,,results/T-sweep-nonDyck-4/distributions/aNbNcN_L128_T1024_gaussian_categorical_sigma10.0.json
unconditional,aNbNcN,128,gaussian,categorical,5.0,,1024,5,0.972,0.011662,0.98,0.010954,0.972,0.011662,0.972,0.011662,500,0.953553,0.983249,948.368,1018,False,2181.12,486,False,0.08641975308641975,0.9135802469135803,0.32644257364528473,200,0.0001605342580106595,0.0002609262883235486,,,3.694147775381947,1.0,,,,,,,,results/T-sweep-nonDyck-4/distributions/aNbNcN_L128_T1024_gaussian_categorical_sigma5.0.json
unconditional,aNbNcN,128,gaussian,categorical,50.0,,1024,5,0.988,0.014697,0.998,0.004,0.986,0.013565,0.986,0.013565,500,0.971387,0.993202,965.28,1018,False,1606.99,493,False,0.08519269776876268,0.9148073022312373,0.3204938824061242,200,0.0001545833977430824,0.0002511616225040814,,,3.7019936950422214,1.0,,,,,,,,results/T-sweep-nonDyck-4/distributions/aNbNcN_L128_T1024_gaussian_categorical_sigma50.0.json
unconditional,aNbNcN,128,gaussian,categorical,20.0,,1024,5,0.988,0.011662,0.99,0.010954,0.988,0.011662,0.988,0.011662,500,0.974069,0.994489,950.792,1018,False,1689.17,494,False,0.08502024291497975,0.9149797570850202,0.3049763369167544,200,0.00015863447444398616,0.00025785656728444803,,,3.6970174653370864,1.0,,,,,,,,results/T-sweep-nonDyck-4/distributions/aNbNcN_L128_T1024_gaussian_categorical_sigma20.0.json
unconditional,baN,128,gaussian,categorical,50.0,,1024,5,0.97,0.008944,1.0,0.0,0.968,0.011662,0.998,0.004,500,0.948655,0.980209,980.028,1018,False,16354.33,484,False,1.0,0.0,0.15854911292280005,200,6.558882366444758e-05,0.0001322270338170639,0.75,0.625,,,,,,,,,,results/T-sweep-nonDyck-4/distributions/baN_L128_T1024_gaussian_categorical_sigma50.0.json
unconditional,baN,128,gaussian,greedy,5.0,,1024,5,0.984,0.004899,1.0,0.0,0.984,0.004899,0.992,0.007483,500,0.968749,0.991871,973.682,1018,False,29754.71,492,False,0.17886178861788618,0.8211382113821138,0.00923975345477387,200,6.401638819537802e-05,0.0001290489095367144,0.75,0.625,,,,,,,,,,results/T-sweep-nonDyck-4/distributions/baN_L128_T1024_gaussian_greedy_sigma5.0.json
unconditional,baN,128,gaussian,greedy,1.0,,1024,5,0.962,0.009798,1.0,0.0,0.962,0.009798,0.962,0.009798,500,0.941415,0.97554,995.686,1018,False,30458.23,481,False,1.0,0.0,0.037946568781407036,200,6.548038044101036e-05,0.000132000132000132,0.75,0.625,,,,,,,,,,results/T-sweep-nonDyck-4/distributions/baN_L128_T1024_gaussian_greedy_sigma1.0.json
unconditional,baN,128,gaussian,greedy,2.0,,1024,5,0.974,0.004899,1.0,0.0,0.974,0.004899,0.98,0.008944,500,0.956028,0.984744,987.544,1018,False,30416.61,487,False,0.9835728952772074,0.01642710472279263,0.02955480527638191,200,6.467364064091577e-05,0.00013037384700629055,0.75,0.625,,,,,,,,,,results/T-sweep-nonDyck-4/distributions/baN_L128_T1024_gaussian_greedy_sigma2.0.json
unconditional,baN,128,gaussian,categorical,20.0,,1024,5,0.996,0.008,1.0,0.0,0.996,0.008,0.998,0.004,500,0.985534,0.998902,957.43,1018,False,20114.21,498,False,1.0,0.0,0.15862953277907554,200,6.377042646472698e-05,0.00012856155688045382,0.75,0.625,,,,,,,,,,results/T-sweep-nonDyck-4/distributions/baN_L128_T1024_gaussian_categorical_sigma20.0.json
unconditional,baN,128,gaussian,categorical,10.0,,1024,5,0.984,0.012,1.0,0.0,0.984,0.012,0.992,0.007483,500,0.968749,0.991871,962.68,1018,False,23027.79,492,False,1.0,0.0,0.15914626506305507,200,6.448804552856014e-05,0.00013000731291135125,0.75,0.625,,,,,,,,,,results/T-sweep-nonDyck-4/distributions/baN_L128_T1024_gaussian_categorical_sigma10.0.json
unconditional,baN,128,gaussian,categorical,2.0,,1024,5,0.984,0.010198,1.0,0.0,0.97,0.017889,0.972,0.017205,500,0.951096,0.981737,987.67,1018,False,24549.51,485,False,1.0,0.0,0.15916110303813005,200,6.544609695839265e-05,0.00013193917603984562,0.75,0.625,,,,,,,,,,results/T-sweep-nonDyck-4/distributions/baN_L128_T1024_gaussian_categorical_sigma2.0.json
unconditional,baN,128,gaussian,categorical,5.0,,1024,5,0.99,0.008944,1.0,0.0,0.986,0.013565,0.99,0.008944,500,0.971387,0.993202,972.078,1018,False,24516.15,493,False,1.0,0.0,0.15998742728303347,200,6.443298969072165e-05,0.0001298975433127121,0.75,0.625,,,,,,,,,,results/T-sweep-nonDyck-4/distributions/baN_L128_T1024_gaussian_categorical_sigma5.0.json
unconditional,baN,128,gaussian,categorical,1.0,,1024,5,0.97,0.014142,1.0,0.0,0.954,0.025768,0.956,0.028,500,0.931922,0.969155,995.302,1015,False,25076.13,477,False,1.0,0.0,0.15893658412115685,200,6.656238559589975e-05,0.00013418991227334486,0.75,0.625,,,,,,,,,,results/T-sweep-nonDyck-4/distributions/baN_L128_T1024_gaussian_categorical_sigma1.0.json
unconditional,parentheses_and_brackets,32,uniform,greedy,,,1,5,0.0,0.0,1.0,0.0,0.0,0.0,1.0,0.0,500,-0.0,0.007625,1.0,1,False,296.47,0,True,,,,0,,,,,,,,,,,,,0,results/T-sweep-Dyck-4/distributions/parentheses_and_brackets_L32_T1_uniform_greedy_none.json
unconditional,parentheses_and_brackets,32,gaussian,greedy,2.0,,1,5,0.0,0.0,1.0,0.0,0.0,0.0,0.998,0.004,500,-0.0,0.007625,1.0,1,False,331.25,0,True,,,,0,,,,,,,,,,,,,0,results/T-sweep-Dyck-4/distributions/parentheses_and_brackets_L32_T1_gaussian_greedy_sigma2.0.json
unconditional,parentheses_and_brackets,32,gaussian,greedy,100.0,,1,5,0.196,0.02245,1.0,0.0,0.196,0.02245,0.852,0.030594,500,0.163578,0.233058,1.216,2,False,339.04,98,False,0.16326530612244897,0.8367346938775511,0.02931701030927835,98,0.0013166556945358788,0.002380952380952381,,,,,,,0.9406887755102041,0.013752460875540705,0.0,0.0,0,results/T-sweep-Dyck-4/distributions/parentheses_and_brackets_L32_T1_gaussian_greedy_sigma100.0.json
unconditional,parentheses_and_brackets,32,uniform,greedy,,,2,5,0.034,0.014967,1.0,0.0,0.034,0.014967,1.0,0.0,500,0.021334,0.053772,2.0,2,False,359.2,17,False,1.0,0.0,0.12143841911764706,17,0.007590132827324478,0.01568627450980392,,,,,,,0.5625,0.11741705457846553,0.0,0.0,0,results/T-sweep-Dyck-4/distributions/parentheses_and_brackets_L32_T2_uniform_greedy_none.json
unconditional,parentheses_and_brackets,32,gaussian,greedy,1.0,,1,5,0.0,0.0,1.0,0.0,0.0,0.0,1.0,0.0,500,-0.0,0.007625,1.0,1,False,392.54,0,True,,,,0,,,,,,,,,,,,,0,results/T-sweep-Dyck-4/distributions/parentheses_and_brackets_L32_T1_gaussian_greedy_sigma1.0.json
unconditional,parentheses_and_brackets,32,gaussian,greedy,10.0,,1,5,0.038,0.017205,1.0,0.0,0.038,0.017205,0.978,0.004,500,0.02446,0.058585,1.04,2,False,412.42,19,False,0.42105263157894735,0.5789473684210527,0.027777777777777776,19,0.006791171477079796,0.010526315789473684,,,,,,,0.9375,0.0,0.0,0.0,0,results/T-sweep-Dyck-4/distributions/parentheses_and_brackets_L32_T1_gaussian_greedy_sigma10.0.json
unconditional,parentheses_and_brackets,32,uniform,categorical,,,1,5,0.0,0.0,1.0,0.0,0.0,0.0,0.762,0.029933,500,-0.0,0.007625,1.0,1,False,420.7,0,True,,,,0,,,,,,,,,,,,,0,results/T-sweep-Dyck-4/distributions/parentheses_and_brackets_L32_T1_uniform_categorical_none.json
unconditional,parentheses_and_brackets,32,gaussian,greedy,256.0,,1,5,0.228,0.033106,1.0,0.0,0.228,0.033106,0.79,0.033466,500,0.193381,0.266767,1.248,2,False,422.69,114,False,0.14035087719298245,0.8596491228070176,0.029372380065207267,114,0.0011318619128466328,0.0020467836257309943,,,,,,,0.9418859649122807,0.01596515326596605,0.0,0.0,0,results/T-sweep-Dyck-4/distributions/parentheses_and_brackets_L32_T1_gaussian_greedy_sigma256.0.json
unconditional,parentheses_and_brackets,32,gaussian,greedy,50.0,,1,5,0.164,0.020591,1.0,0.0,0.164,0.020591,0.916,0.024166,500,0.134128,0.198995,1.174,2,False,430.63,82,False,0.1951219512195122,0.8048780487804879,0.029142201144233666,82,0.0015735641227380016,0.002845528455284553,,,,,,,0.9405487804878049,0.013463050101109524,0.0,0.0,0,results/T-sweep-Dyck-4/distributions/parentheses_and_brackets_L32_T1_gaussian_greedy_sigma50.0.json
unconditional,parentheses_and_brackets,32,uniform,categorical,,,2,5,0.002,0.004,1.0,0.0,0.002,0.004,0.248,0.044452,500,0.000353,0.011241,1.25,2,False,433.95,1,True,1.0,0.0,,1,0.3548387096774194,0.6666666666666666,,,,,,,0.3125,,2.2,,0,results/T-sweep-Dyck-4/distributions/parentheses_and_brackets_L32_T2_uniform_categorical_none.json
unconditional,parentheses_and_brackets,32,gaussian,greedy,20.0,,1,5,0.096,0.024166,1.0,0.0,0.096,0.024166,0.972,0.011662,500,0.073173,0.124988,1.104,2,False,435.9,48,False,0.3125,0.6875,0.02917220744680851,48,0.002688172043010753,0.004166666666666667,,,,,,,0.9388020833333334,0.008926633594272194,0.0,0.0,0,results/T-sweep-Dyck-4/distributions/parentheses_and_brackets_L32_T1_gaussian_greedy_sigma20.0.json
unconditional,parentheses_and_brackets,32,gaussian,greedy,5.0,,1,5,0.004,0.004899,1.0,0.0,0.004,0.004899,0.988,0.009798,500,0.001098,0.014466,1.004,2,False,436.28,2,True,,,,2,,,,,,,,,0.9375,0.0,0.0,0.0,0,results/T-sweep-Dyck-4/distributions/parentheses_and_brackets_L32_T1_gaussian_greedy_sigma5.0.json
unconditional,parentheses_and_brackets,32,uniform,categorical,,,4,5,0.06,0.018974,1.0,0.0,0.06,0.018974,0.244,0.05748,500,0.042348,0.084362,2.494,4,False,471.64,30,False,1.0,0.0,0.2696580580002886,30,0.01511879049676026,0.05357142857142857,,,,,,,0.3891666666666667,0.11125130045016036,1.0775060125060125,0.49146752479514544,0,results/T-sweep-Dyck-4/distributions/parentheses_and_brackets_L32_T4_uniform_categorical_none.json
unconditional,parentheses_and_brackets,32,uniform,greedy,,,4,5,0.11,0.028284,1.0,0.0,0.11,0.028284,0.898,0.017205,500,0.085491,0.140456,3.898,4,False,566.51,55,False,1.0,0.0,0.13805765993265992,55,0.002346041055718475,0.0048484848484848485,,,,,,,0.4636363636363636,0.10705968830285342,0.0,0.0,0,results/T-sweep-Dyck-4/distributions/parentheses_and_brackets_L32_T4_uniform_greedy_none.json
unconditional,parentheses_and_brackets,32,gaussian,greedy,1.0,,2,5,0.0,0.0,1.0,0.0,0.0,0.0,1.0,0.0,500,-0.0,0.007625,2.0,2,False,303.06,0,True,,,,0,,,,,,,,,,,,,0,results/T-sweep-Dyck-4/distributions/parentheses_and_brackets_L32_T2_gaussian_greedy_sigma1.0.json
unconditional,parentheses_and_brackets,32,uniform,categorical,,,8,5,0.212,0.050754,1.0,0.0,0.212,0.050754,0.366,0.031369,500,0.178439,0.249953,5.842,8,False,636.86,106,False,1.0,0.0,0.2695839718485726,106,0.0043076923076923075,0.015267175572519083,,,,,,,0.35363881401617253,0.0943201537263452,1.0638126024918477,0.6044511989538256,0,results/T-sweep-Dyck-4/distributions/parentheses_and_brackets_L32_T8_uniform_categorical_none.json
unconditional,parentheses_and_brackets,32,gaussian,greedy,2.0,,2,5,0.0,0.0,1.0,0.0,0.0,0.0,0.996,0.004899,500,-0.0,0.007625,2.0,2,False,306.55,0,True,,,,0,,,,,,,,,,,,,0,results/T-sweep-Dyck-4/distributions/parentheses_and_brackets_L32_T2_gaussian_greedy_sigma2.0.json
unconditional,parentheses_and_brackets,32,gaussian,greedy,10.0,,2,5,0.002,0.004,1.0,0.0,0.002,0.004,0.926,0.014967,500,0.000353,0.011241,2.0,2,False,332.79,1,True,1.0,0.0,,1,0.12903225806451613,0.26666666666666666,,,,,,,0.5625,,0.0,,0,results/T-sweep-Dyck-4/distributions/parentheses_and_brackets_L32_T2_gaussian_greedy_sigma10.0.json
unconditional,parentheses_and_brackets,32,gaussian,greedy,20.0,,2,5,0.012,0.007483,1.0,0.0,0.012,0.007483,0.852,0.022271,500,0.005511,0.025931,2.002,3,False,391.87,6,False,1.0,0.0,0.13229166666666667,6,0.021505376344086023,0.044444444444444446,,,,,,,0.5208333333333334,0.09991315673568166,0.0,0.0,0,results/T-sweep-Dyck-4/distributions/parentheses_and_brackets_L32_T2_gaussian_greedy_sigma20.0.json
unconditional,parentheses_and_brackets,32,gaussian,greedy,5.0,,2,5,0.002,0.004,1.0,0.0,0.002,0.004,0.974,0.018547,500,0.000353,0.011241,2.002,3,False,484.03,1,True,1.0,0.0,,1,0.12903225806451613,0.2,,,,,,,0.9375,,0.0,,0,results/T-sweep-Dyck-4/distributions/parentheses_and_brackets_L32_T2_gaussian_greedy_sigma5.0.json
unconditional,parentheses_and_brackets,32,gaussian,greedy,50.0,,2,5,0.046,0.013565,1.0,0.0,0.046,0.013565,0.688,0.049558,500,0.030845,0.068078,2.02,3,False,447.78,23,False,1.0,0.0,0.12957015810276679,23,0.005610098176718092,0.011594202898550725,,,,,,,0.5652173913043478,0.1468397400663728,0.0,0.0,0,results/T-sweep-Dyck-4/distributions/parentheses_and_brackets_L32_T2_gaussian_greedy_sigma50.0.json
unconditional,parentheses_and_brackets,32,gaussian,greedy,256.0,,2,5,0.046,0.020591,1.0,0.0,0.046,0.020591,0.518,0.049153,500,0.030845,0.068078,2.032,3,False,466.82,23,False,1.0,0.0,0.12018280632411067,23,0.005610098176718092,0.011594202898550725,,,,,,,0.5842391304347826,0.1230951266620231,0.0,0.0,0,results/T-sweep-Dyck-4/distributions/parentheses_and_brackets_L32_T2_gaussian_greedy_sigma256.0.json
unconditional,parentheses_and_brackets,32,uniform,greedy,,,8,5,0.282,0.044452,1.0,0.0,0.282,0.044452,0.87,0.031623,500,0.244336,0.322989,7.832,8,False,899.65,141,False,1.0,0.0,0.1396403242147923,141,0.0009151223976206818,0.0018912529550827422,,,,,,,0.4228723404255319,0.1062221745667999,0.0,0.0,0,results/T-sweep-Dyck-4/distributions/parentheses_and_brackets_L32_T8_uniform_greedy_none.json
unconditional,parentheses_and_brackets,32,gaussian,greedy,100.0,,2,5,0.036,0.013565,1.0,0.0,0.036,0.013565,0.576,0.051225,500,0.022891,0.056185,2.032,3,False,481.73,18,False,1.0,0.0,0.12928921568627452,18,0.007168458781362007,0.014814814814814815,,,,,,,0.5590277777777778,0.11500343862277218,0.0,0.0,0,results/T-sweep-Dyck-4/distributions/parentheses_and_brackets_L32_T2_gaussian_greedy_sigma100.0.json
unconditional,parentheses_and_brackets,32,gaussian,greedy,100.0,,4,5,0.242,0.017205,1.0,0.0,0.242,0.017205,0.416,0.042237,500,0.206517,0.281417,3.644,5,False,394.98,121,False,1.0,0.0,0.141432076446281,121,0.0010663822980538523,0.0022038567493112946,,,,,,,0.4772727272727273,0.1280616780634619,0.0,0.0,0,results/T-sweep-Dyck-4/distributions/parentheses_and_brackets_L32_T4_gaussian_greedy_sigma100.0.json
unconditional,parentheses_and_brackets,32,gaussian,greedy,20.0,,4,5,0.196,0.032,1.0,0.0,0.196,0.032,0.332,0.050754,500,0.163578,0.233058,3.336,5,False,535.53,98,False,1.0,0.0,0.14217007679360405,98,0.0013166556945358788,0.0027210884353741495,,,,,,,0.47831632653061223,0.1363185679881591,0.0,0.0,0,results/T-sweep-Dyck-4/distributions/parentheses_and_brackets_L32_T4_gaussian_greedy_sigma20.0.json
unconditional,parentheses_and_brackets,32,gaussian,greedy,1.0,,4,5,0.03,0.02,1.0,0.0,0.03,0.02,0.15,0.025298,500,0.018263,0.048904,2.306,4,False,691.61,15,False,0.4666666666666667,0.5333333333333333,0.040773809523809525,15,0.008602150537634409,0.017777777777777778,,,,,,,0.4875,0.0338501600193165,0.0,0.0,0,results/T-sweep-Dyck-4/distributions/parentheses_and_brackets_L32_T4_gaussian_greedy_sigma1.0.json
unconditional,parentheses_and_brackets,32,gaussian,greedy,2.0,,4,5,0.032,0.007483,1.0,0.0,0.032,0.007483,0.066,0.004899,500,0.019791,0.051345,2.144,4,False,699.33,16,False,0.9375,0.0625,0.08450520833333333,16,0.008064516129032258,0.016666666666666666,,,,,,,0.484375,0.05182226234930312,0.0,0.0,0,results/T-sweep-Dyck-4/distributions/parentheses_and_brackets_L32_T4_gaussian_greedy_sigma2.0.json
unconditional,parentheses_and_brackets,32,gaussian,greedy,5.0,,4,5,0.108,0.027857,1.0,0.0,0.108,0.027857,0.182,0.041183,500,0.083722,0.138255,2.51,5,False,723.98,54,False,1.0,0.0,0.1333420684835779,54,0.0023894862604540022,0.0049382716049382715,,,,,,,0.4351851851851852,0.09314073860523477,0.0,0.0,0,results/T-sweep-Dyck-4/distributions/parentheses_and_brackets_L32_T4_gaussian_greedy_sigma5.0.json
unconditional,parentheses_and_brackets,32,gaussian,greedy,10.0,,4,5,0.178,0.027857,1.0,0.0,0.178,0.027857,0.338,0.060465,500,0.146964,0.213946,3.102,5,False,771.43,89,False,1.0,0.0,0.14400456460674158,89,0.0014498006524102935,0.00299625468164794,,,,,,,0.449438202247191,0.1280787990469438,0.0,0.0,0,results/T-sweep-Dyck-4/distributions/parentheses_and_brackets_L32_T4_gaussian_greedy_sigma10.0.json
unconditional,parentheses_and_brackets,32,gaussian,greedy,50.0,,4,5,0.236,0.038262,1.0,0.0,0.236,0.038262,0.39,0.053666,500,0.200881,0.275145,3.53,5,False,717.35,118,False,1.0,0.0,0.14108901926698536,118,0.0010934937124111536,0.0022598870056497176,,,,,,,0.4809322033898305,0.11607675564138507,0.0,0.0,0,results/T-sweep-Dyck-4/distributions/parentheses_and_brackets_L32_T4_gaussian_greedy_sigma50.0.json
unconditional,parentheses_and_brackets,32,gaussian,greedy,256.0,,4,5,0.262,0.044452,1.0,0.0,0.262,0.044452,0.458,0.039699,500,0.225376,0.302254,3.76,5,False,669.52,131,False,1.0,0.0,0.13995155607751028,131,0.0009849790691947797,0.002035623409669211,,,,,,,0.46803435114503816,0.11872775309231612,0.0,0.0,0,results/T-sweep-Dyck-4/distributions/parentheses_and_brackets_L32_T4_gaussian_greedy_sigma256.0.json
unconditional,parentheses_and_brackets,32,uniform,categorical,,,16,5,0.502,0.061123,1.0,0.0,0.502,0.061123,0.572,0.044,500,0.458326,0.545644,13.194,16,False,1424.98,251,False,1.0,0.0,0.2703780484521568,200,0.0018151173343705432,0.006432591798445457,,,,,,,0.36130003794346427,0.09489801213737883,1.1285029269093014,0.6623747270047451,0,results/T-sweep-Dyck-4/distributions/parentheses_and_brackets_L32_T16_uniform_categorical_none.json
unconditional,parentheses_and_brackets,32,uniform,greedy,,,16,5,0.454,0.048826,1.0,0.0,0.454,0.048826,0.862,0.032496,500,0.410875,0.497827,15.652,16,False,1490.54,227,False,1.0,0.0,0.14073649497487437,200,0.0005684240443370755,0.0011747430249632893,,,,,,,0.4041850220264317,0.11663224384489337,0.0,0.0,0,results/T-sweep-Dyck-4/distributions/parentheses_and_brackets_L32_T16_uniform_greedy_none.json
unconditional,parentheses_and_brackets,32,gaussian,greedy,1.0,,8,5,0.174,0.025768,1.0,0.0,0.174,0.025768,0.178,0.024,500,0.143289,0.209682,5.6,9,False,1156.3,87,False,0.8160919540229885,0.1839080459770115,0.134255546645282,87,0.0014831294030404152,0.0030651340996168583,,,,,,,0.36853448275862066,0.056089716367652684,0.0,0.0,0,results/T-sweep-Dyck-4/distributions/parentheses_and_brackets_L32_T8_gaussian_greedy_sigma1.0.json
unconditional,parentheses_and_brackets,32,gaussian,greedy,20.0,,8,5,0.508,0.044,1.0,0.0,0.508,0.044,0.666,0.057827,500,0.464285,0.551593,7.112,9,False,1056.09,254,False,1.0,0.0,0.14295147613065326,200,0.000508001016002032,0.0010498687664041995,,,,,,,0.4183070866141732,0.10286610338381857,0.0,0.0,0,results/T-sweep-Dyck-4/distributions/parentheses_and_brackets_L32_T8_gaussian_greedy_sigma20.0.json
unconditional,parentheses_and_brackets,32,gaussian,greedy,2.0,,8,5,0.154,0.046303,1.0,0.0,0.154,0.046303,0.212,0.0449,500,0.12501,0.188266,5.548,8,False,1263.33,77,False,1.0,0.0,0.1541566985645933,77,0.0016757436112274822,0.003463203463203463,,,,,,,0.37012987012987014,0.07852009431776967,0.0,0.0,0,results/T-sweep-Dyck-4/distributions/parentheses_and_brackets_L32_T8_gaussian_greedy_sigma2.0.json
unconditional,parentheses_and_brackets,32,uniform,categorical,,,32,5,0.72,0.026077,1.0,0.0,0.72,0.026077,0.758,0.031875,500,0.679081,0.757565,28.968,32,False,1959.74,360,False,1.0,0.0,0.27061905608955017,200,0.0012690355329949238,0.004497751124437781,,,,,,,0.3672577075702076,0.0957474588871537,1.20278171674005,0.8545070893308246,0,results/T-sweep-Dyck-4/distributions/parentheses_and_brackets_L32_T32_uniform_categorical_none.json
unconditional,parentheses_and_brackets,32,gaussian,greedy,5.0,,8,5,0.286,0.028705,1.0,0.0,0.286,0.028705,0.404,0.034986,500,0.248139,0.327124,6.052,9,False,1177.27,143,False,1.0,0.0,0.15058972717423422,143,0.0009023234829686443,0.0018648018648018648,,,,,,,0.361013986013986,0.09125304754094679,0.0,0.0,0,results/T-sweep-Dyck-4/distributions/parentheses_and_brackets_L32_T8_gaussian_greedy_sigma5.0.json
unconditional,parentheses_and_brackets,32,gaussian,greedy,50.0,,8,5,0.526,0.02245,1.0,0.0,0.526,0.02245,0.724,0.021541,500,0.482201,0.569403,7.562,9,False,1080.37,263,False,1.0,0.0,0.14055590452261307,200,0.0004906169508156506,0.0010139416983523447,,,,,,,0.44082699619771865,0.10591290414109485,0.0,0.0,0,results/T-sweep-Dyck-4/distributions/parentheses_and_brackets_L32_T8_gaussian_greedy_sigma50.0.json
unconditional,parentheses_and_brackets,32,gaussian,greedy,256.0,,8,5,0.522,0.038678,1.0,0.0,0.522,0.038678,0.758,0.034871,500,0.478215,0.56545,7.948,9,False,1190.17,261,False,1.0,0.0,0.14115106783919598,200,0.0004943764676801385,0.0010217113665389529,,,,,,,0.4384578544061303,0.1174656228572889,0.0,0.0,0,results/T-sweep-Dyck-4/distributions/parentheses_and_brackets_L32_T8_gaussian_greedy_sigma256.0.json
unconditional,parentheses_and_brackets,32,gaussian,greedy,100.0,,8,5,0.556,0.056427,1.0,0.0,0.556,0.056427,0.778,0.039699,500,0.512186,0.59896,7.842,9,False,1207.89,278,False,1.0,0.0,0.14082050879396985,200,0.0004641448131817127,0.0009592326139088729,,,,,,,0.4318794964028777,0.11582514750877654,0.0,0.0,0,results/T-sweep-Dyck-4/distributions/parentheses_and_brackets_L32_T8_gaussian_greedy_sigma100.0.json
unconditional,parentheses_and_brackets,32,gaussian,greedy,10.0,,8,5,0.464,0.076837,1.0,0.0,0.464,0.076837,0.59,0.05933,500,0.420727,0.507822,6.73,9,False,1479.84,232,False,1.0,0.0,0.14558260050251257,200,0.0005561735261401557,0.0011494252873563218,,,,,,,0.3911637931034483,0.10286857148519887,0.0,0.0,0,results/T-sweep-Dyck-4/distributions/parentheses_and_brackets_L32_T8_gaussian_greedy_sigma10.0.json
unconditional,parentheses_and_brackets,32,uniform,greedy,,,32,5,0.658,0.047074,1.0,0.0,0.658,0.047074,0.936,0.039294,500,0.615355,0.698235,31.372,32,False,2538.88,329,False,1.0,0.0,0.14014525753768844,200,0.0003921953132660065,0.0008105369807497467,,,,,,,0.39190729483282677,0.10353988295917081,0.0,0.0,0,results/T-sweep-Dyck-4/distributions/parentheses_and_brackets_L32_T32_uniform_greedy_none.json
unconditional,parentheses_and_brackets,32,gaussian,greedy,100.0,,16,5,0.702,0.016,1.0,0.0,0.702,0.016,0.9,0.044721,500,0.660492,0.740427,15.614,17,False,1735.6,351,False,1.0,0.0,0.13963410804020102,200,0.00036761327083907727,0.0007597340930674264,,,,,,,0.40865384615384615,0.1081621947676035,0.0,0.0,0,results/T-sweep-Dyck-4/distributions/parentheses_and_brackets_L32_T16_gaussian_greedy_sigma100.0.json
unconditional,parentheses_and_brackets,32,gaussian,greedy,2.0,,16,5,0.5,0.029665,1.0,0.0,0.5,0.029665,0.53,0.022804,500,0.45634,0.54366,13.018,16,False,2130.96,250,False,1.0,0.0,0.14384108040201005,200,0.0005161290322580645,0.0010666666666666667,,,,,,,0.2705,0.060866657539247214,0.0,0.0,0,results/T-sweep-Dyck-4/distributions/parentheses_and_brackets_L32_T16_gaussian_greedy_sigma2.0.json
unconditional,parentheses_and_brackets,32,gaussian,greedy,256.0,,16,5,0.706,0.018547,1.0,0.0,0.706,0.018547,0.9,0.026833,500,0.664616,0.744242,15.746,17,False,1994.72,353,False,1.0,0.0,0.14147534547738694,200,0.0003655304761034451,0.0007554296506137865,,,,,,,0.4187322946175637,0.10851709636511936,0.0,0.0,0,results/T-sweep-Dyck-4/distributions/parentheses_and_brackets_L32_T16_gaussian_greedy_sigma256.0.json
unconditional,parentheses_and_brackets,32,gaussian,greedy,20.0,,16,5,0.758,0.021354,1.0,0.0,0.758,0.021354,0.89,0.028983,500,0.718583,0.793483,14.646,17,False,2203.89,379,False,1.0,0.0,0.13963410804020102,200,0.0003404545067665333,0.0007036059806508355,,,,,,,0.3954485488126649,0.10537921528956481,0.0,0.0,0,results/T-sweep-Dyck-4/distributions/parentheses_and_brackets_L32_T16_gaussian_greedy_sigma20.0.json
unconditional,parentheses_and_brackets,32,gaussian,greedy,1.0,,16,5,0.458,0.038678,1.0,0.0,0.458,0.038678,0.464,0.037202,500,0.414814,0.501827,13.146,16,False,2431.6,229,False,1.0,0.0,0.1366441582914573,200,0.0005634596422031273,0.0011644832605531296,,,,,,,0.2535480349344978,0.04603959144969333,0.0,0.0,0,results/T-sweep-Dyck-4/distributions/parentheses_and_brackets_L32_T16_gaussian_greedy_sigma1.0.json
unconditional,parentheses_and_brackets,32,gaussian,greedy,5.0,,16,5,0.592,0.026382,1.0,0.0,0.592,0.026382,0.698,0.027857,500,0.548379,0.634218,13.588,17,False,2321.6,296,False,1.0,0.0,0.1463049623115578,200,0.00043591979075850045,0.0009009009009009009,,,,,,,0.3061655405405405,0.07071809252124206,0.0,0.0,0,results/T-sweep-Dyck-4/distributions/parentheses_and_brackets_L32_T16_gaussian_greedy_sigma5.0.json
unconditional,parentheses_and_brackets,32,gaussian,greedy,50.0,,16,5,0.744,0.028,1.0,0.0,0.744,0.028,0.876,0.034409,500,0.703986,0.780293,15.134,17,False,2251.76,372,False,1.0,0.0,0.1414533605527638,200,0.000346860908775581,0.0007168458781362007,,,,,,,0.4025537634408602,0.1073618945928568,0.0,0.0,0,results/T-sweep-Dyck-4/distributions/parentheses_and_brackets_L32_T16_gaussian_greedy_sigma50.0.json
unconditional,parentheses_and_brackets,32,gaussian,greedy,10.0,,16,5,0.692,0.026382,1.0,0.0,0.692,0.026382,0.816,0.025768,500,0.650197,0.730875,13.956,17,False,2502.83,346,False,1.0,0.0,0.14522927135678393,200,0.00037292560134253216,0.0007707129094412332,,,,,,,0.36235549132947975,0.09163917957321027,0.0,0.0,0,results/T-sweep-Dyck-4/distributions/parentheses_and_brackets_L32_T16_gaussian_greedy_sigma10.0.json
unconditional,parentheses_and_brackets,32,uniform,categorical,,,64,5,0.842,0.036551,1.0,0.0,0.84,0.034641,0.858,0.041665,500,0.805291,0.869524,58.492,63,False,4121.5,420,False,1.0,0.0,0.2724851328114322,200,0.0010874631039304024,0.003854183394893207,,,,,,,0.3638329626722484,0.09547849740641577,1.2074450879808023,0.7195309360175676,0,results/T-sweep-Dyck-4/distributions/parentheses_and_brackets_L32_T64_uniform_categorical_none.json
unconditional,parentheses_and_brackets,32,gaussian,greedy,50.0,,32,5,0.844,0.024166,1.0,0.0,0.844,0.024166,0.944,0.020591,500,0.809585,0.87317,30.216,33,False,3166.09,422,False,1.0,0.0,0.13998508165829146,200,0.00030576364470264486,0.000631911532385466,,,,,,,0.39351303317535546,0.104421909849785,0.0,0.0,0,results/T-sweep-Dyck-4/distributions/parentheses_and_brackets_L32_T32_gaussian_greedy_sigma50.0.json
unconditional,parentheses_and_brackets,32,uniform,greedy,,,64,5,0.822,0.011662,1.0,0.0,0.822,0.011662,0.974,0.016248,500,0.786054,0.853036,61.508,63,False,5194.65,411,False,1.0,0.0,0.14114007537688442,200,0.00031394709991366455,0.0006488240064882401,,,,,,,0.3867092457420925,0.10319993357174276,0.0,0.0,0,results/T-sweep-Dyck-4/distributions/parentheses_and_brackets_L32_T64_uniform_greedy_none.json
unconditional,parentheses_and_brackets,32,gaussian,greedy,100.0,,32,5,0.804,0.02498,1.0,0.0,0.804,0.02498,0.956,0.020591,500,0.766942,0.836422,30.744,33,False,3420.84,402,False,1.0,0.0,0.14072157663316584,200,0.0003209757663296421,0.0006633499170812604,,,,,,,0.3935012437810945,0.10337574257378694,0.0,0.0,0,results/T-sweep-Dyck-4/distributions/parentheses_and_brackets_L32_T32_gaussian_greedy_sigma100.0.json
unconditional,parentheses_and_brackets,32,gaussian,greedy,256.0,,32,5,0.798,0.045343,1.0,0.0,0.798,0.045343,0.96,0.016733,500,0.760596,0.830859,31.188,33,False,3502.93,399,False,1.0,0.0,0.13915201005025127,200,0.0003233891179561808,0.0006683375104427736,,,,,,,0.3881578947368421,0.10043353458258264,0.0,0.0,0,results/T-sweep-Dyck-4/distributions/parentheses_and_brackets_L32_T32_gaussian_greedy_sigma256.0.json
unconditional,parentheses_and_brackets,32,gaussian,greedy,1.0,,32,5,0.806,0.013565,1.0,0.0,0.806,0.013565,0.806,0.013565,500,0.76906,0.838274,28.776,32,False,4102.53,403,False,0.9975186104218362,0.002481389578163795,0.12449277638190955,200,0.0003201793004082286,0.0006617038875103391,,,,,,,0.2126240694789082,0.040935290474945034,0.0,0.0,0,results/T-sweep-Dyck-4/distributions/parentheses_and_brackets_L32_T32_gaussian_greedy_sigma1.0.json
unconditional,parentheses_and_brackets,32,gaussian,greedy,2.0,,32,5,0.792,0.042615,1.0,0.0,0.792,0.042615,0.81,0.038987,500,0.754263,0.825284,28.154,33,False,4345.03,396,False,0.9974747474747475,0.002525252525252486,0.13790201005025127,200,0.00032583903551645487,0.0006734006734006734,,,,,,,0.2307449494949495,0.05009599975710751,0.0,0.0,0,results/T-sweep-Dyck-4/distributions/parentheses_and_brackets_L32_T32_gaussian_greedy_sigma2.0.json
unconditional,parentheses_and_brackets,32,gaussian,greedy,5.0,,32,5,0.822,0.017205,1.0,0.0,0.822,0.017205,0.868,0.023152,500,0.786054,0.853036,27.632,33,False,4338.35,411,False,1.0,0.0,0.14352308417085427,200,0.00031394709991366455,0.0006488240064882401,,,,,,,0.2913625304136253,0.06377875732222923,0.0,0.0,0,results/T-sweep-Dyck-4/distributions/parentheses_and_brackets_L32_T32_gaussian_greedy_sigma5.0.json
unconditional,parentheses_and_brackets,32,gaussian,greedy,10.0,,32,5,0.82,0.018974,1.0,0.0,0.82,0.018974,0.882,0.024819,500,0.783925,0.851196,27.974,33,False,4518.07,410,False,1.0,0.0,0.14250235552763818,200,0.0003147128245476003,0.0006504065040650406,,,,,,,0.34176829268292686,0.0797819893454302,0.0,0.0,0,results/T-sweep-Dyck-4/distributions/parentheses_and_brackets_L32_T32_gaussian_greedy_sigma10.0.json
unconditional,parentheses_and_brackets,32,gaussian,greedy,20.0,,32,5,0.846,0.020591,1.0,0.0,0.846,0.020591,0.906,0.036111,500,0.811734,0.87499,28.704,33,False,4485.14,423,False,1.0,0.0,0.14312107412060301,200,0.00030504079920689394,0.0006304176516942475,,,,,,,0.3888888888888889,0.10399414397244743,0.0,0.0,0,results/T-sweep-Dyck-4/distributions/parentheses_and_brackets_L32_T32_gaussian_greedy_sigma20.0.json
unconditional,parentheses_and_brackets,32,uniform,categorical,,,128,5,0.922,0.013266,1.0,0.0,0.922,0.013266,0.936,0.012,500,0.895146,0.942419,119.0,125,False,8651.77,461,False,1.0,0.0,0.2741841108350208,200,0.0009886307464162135,0.0035036496350364962,,,,,,,0.3692142817413967,0.09450654152691253,1.210985941029325,1.0266515332594728,0,results/T-sweep-Dyck-4/distributions/parentheses_and_brackets_L32_T128_uniform_categorical_none.json
unconditional,parentheses_and_brackets,32,gaussian,greedy,256.0,,64,5,0.83,0.030332,1.0,0.0,0.83,0.030332,0.978,0.017205,500,0.794588,0.86038,60.628,64,False,5703.95,415,False,1.0,0.0,0.13928784547738693,200,0.00031092110376991836,0.000642570281124498,,,,,,,0.3933734939759036,0.10699090275969401,0.0,0.0,0,results/T-sweep-Dyck-4/distributions/parentheses_and_brackets_L32_T64_gaussian_greedy_sigma256.0.json
unconditional,parentheses_and_brackets,32,uniform,greedy,,,128,5,0.888,0.017205,1.0,0.0,0.888,0.017205,0.98,0.010954,500,0.857346,0.912738,121.644,125,False,9472.16,444,False,1.0,0.0,0.13984532035175878,200,0.0002906131938390003,0.0006006006006006006,,,,,,,0.38161599099099097,0.10023659260240474,0.0,0.0,0,results/T-sweep-Dyck-4/distributions/parentheses_and_brackets_L32_T128_uniform_greedy_none.json
unconditional,parentheses_and_brackets,32,gaussian,greedy,50.0,,64,5,0.882,0.038678,1.0,0.0,0.882,0.038678,0.972,0.017205,500,0.850767,0.907407,58.788,64,False,6459.95,441,False,1.0,0.0,0.1397385364321608,200,0.0002925901543413064,0.0006046863189720333,,,,,,,0.39526643990929705,0.10372484470399417,0.0,0.0,0,results/T-sweep-Dyck-4/distributions/parentheses_and_brackets_L32_T64_gaussian_greedy_sigma50.0.json
unconditional,parentheses_and_brackets,32,gaussian,greedy,1.0,,64,5,0.954,0.020591,1.0,0.0,0.954,0.020591,0.954,0.020591,500,0.931922,0.969155,58.41,63,False,7639.95,477,False,0.9811320754716981,0.018867924528301883,0.11683103015075377,200,0.00027050787854196256,0.0005590496156533892,,,,,,,0.1931341719077568,0.039973836123383066,0.0,0.0,0,results/T-sweep-Dyck-4/distributions/parentheses_and_brackets_L32_T64_gaussian_greedy_sigma1.0.json
unconditional,parentheses_and_brackets,32,gaussian,greedy,100.0,,64,5,0.858,0.004,1.0,0.0,0.858,0.004,0.97,0.008944,500,0.82467,0.885871,60.206,64,False,7092.81,429,False,1.0,0.0,0.14006516959798995,200,0.0003007744943228814,0.0006216006216006216,,,,,,,0.38956876456876455,0.10218199542898446,0.0,0.0,0,results/T-sweep-Dyck-4/distributions/parentheses_and_brackets_L32_T64_gaussian_greedy_sigma100.0.json
unconditional,parentheses_and_brackets,32,gaussian,greedy,10.0,,64,5,0.912,0.022271,1.0,0.0,0.912,0.022271,0.954,0.013565,500,0.883923,0.933794,55.52,64,False,8162.63,456,False,1.0,0.0,0.14220791457286433,200,0.0002829654782116582,0.0005847953216374269,,,,,,,0.3315515350877193,0.08312556607016647,0.0,0.0,0,results/T-sweep-Dyck-4/distributions/parentheses_and_brackets_L32_T64_gaussian_greedy_sigma10.0.json
unconditional,parentheses_and_brackets,32,gaussian,greedy,2.0,,64,5,0.928,0.029933,1.0,0.0,0.928,0.029933,0.932,0.027857,500,0.901931,0.947542,56.932,64,False,8662.34,464,False,1.0,0.0,0.13034155150753768,200,0.00027808676307007786,0.0005747126436781609,,,,,,,0.21066810344827586,0.045898721620575574,0.0,0.0,0,results/T-sweep-Dyck-4/distributions/parentheses_and_brackets_L32_T64_gaussian_greedy_sigma2.0.json
unconditional,parentheses_and_brackets,32,gaussian,greedy,20.0,,64,5,0.93,0.026833,1.0,0.0,0.93,0.026833,0.978,0.016,500,0.904202,0.949241,56.714,64,False,8647.82,465,False,1.0,0.0,0.14092101130653267,200,0.00027748872702046477,0.0005734767025089606,,,,,,,0.36989247311827955,0.10209888337468145,0.0,0.0,0,results/T-sweep-Dyck-4/distributions/parentheses_and_brackets_L32_T64_gaussian_greedy_sigma20.0.json
unconditional,parentheses_and_brackets,32,gaussian,greedy,5.0,,64,5,0.932,0.03763,1.0,0.0,0.932,0.03763,0.952,0.019391,500,0.906479,0.950934,55.3,64,False,9687.05,466,False,1.0,0.0,0.14325219849246232,200,0.00027689325764917625,0.0005722460658082976,,,,,,,0.2687768240343348,0.06355994415904741,0.0,0.0,0,results/T-sweep-Dyck-4/distributions/parentheses_and_brackets_L32_T64_gaussian_greedy_sigma5.0.json
unconditional,parentheses_and_brackets,32,uniform,categorical,,,256,5,0.942,0.017205,1.0,0.0,0.942,0.017205,0.954,0.016248,500,0.917943,0.959317,237.478,249,False,16450.44,471,False,1.0,0.0,0.27142653329740185,200,0.0009683890157017362,0.003432003432003432,,,,,,,0.3630420623255018,0.09454299624598711,1.2280610755133048,0.8688830950507556,0,results/T-sweep-Dyck-4/distributions/parentheses_and_brackets_L32_T256_uniform_categorical_none.json
unconditional,parentheses_and_brackets,32,gaussian,categorical,1.0,,1,5,0.0,0.0,1.0,0.0,0.0,0.0,0.76,0.027568,500,-0.0,0.007625,1.0,1,False,424.57,0,True,,,,0,,,,,,,,,,,,,0,results/T-sweep-Dyck-4/distributions/parentheses_and_brackets_L32_T1_gaussian_categorical_sigma1.0.json
unconditional,parentheses_and_brackets,32,gaussian,categorical,2.0,,1,5,0.0,0.0,1.0,0.0,0.0,0.0,0.752,0.031875,500,-0.0,0.007625,1.0,1,False,327.48,0,True,,,,0,,,,,,,,,,,,,0,results/T-sweep-Dyck-4/distributions/parentheses_and_brackets_L32_T1_gaussian_categorical_sigma2.0.json
unconditional,parentheses_and_brackets,32,gaussian,categorical,5.0,,1,5,0.0,0.0,1.0,0.0,0.0,0.0,0.74,0.030984,500,-0.0,0.007625,1.0,1,False,403.48,0,True,,,,0,,,,,,,,,,,,,0,results/T-sweep-Dyck-4/distributions/parentheses_and_brackets_L32_T1_gaussian_categorical_sigma5.0.json
unconditional,parentheses_and_brackets,32,uniform,greedy,,,256,5,0.956,0.017436,1.0,0.0,0.956,0.017436,0.998,0.004,500,0.93428,0.970766,242.444,249,False,17933.21,478,False,1.0,0.0,0.13867854899497487,200,0.00026994196247806724,0.0005578800557880056,,,,,,,0.3825836820083682,0.09748749144866369,0.0,0.0,0,results/T-sweep-Dyck-4/distributions/parentheses_and_brackets_L32_T256_uniform_greedy_none.json
unconditional,parentheses_and_brackets,32,gaussian,categorical,10.0,,1,5,0.0,0.0,1.0,0.0,0.0,0.0,0.682,0.044452,500,-0.0,0.007625,1.0,1,False,415.05,0,True,,,,0,,,,,,,,,,,,,0,results/T-sweep-Dyck-4/distributions/parentheses_and_brackets_L32_T1_gaussian_categorical_sigma10.0.json
unconditional,parentheses_and_brackets,32,gaussian,greedy,256.0,,128,5,0.874,0.045869,1.0,0.0,0.874,0.045869,0.99,0.008944,500,0.842032,0.900265,120.47,126,False,12943.15,437,False,1.0,0.0,0.14081658291457286,200,0.00029526832509042594,0.0006102212051868803,,,,,,,0.37428489702517165,0.10591348613540925,0.0,0.0,0,results/T-sweep-Dyck-4/distributions/parentheses_and_brackets_L32_T128_gaussian_greedy_sigma256.0.json
unconditional,parentheses_and_brackets,32,gaussian,categorical,20.0,,1,5,0.0,0.0,1.0,0.0,0.0,0.0,0.634,0.047582,500,-0.0,0.007625,1.0,1,False,421.1,0,True,,,,0,,,,,,,,,,,,,0,results/T-sweep-Dyck-4/distributions/parentheses_and_brackets_L32_T1_gaussian_categorical_sigma20.0.json
unconditional,parentheses_and_brackets,32,gaussian,categorical,50.0,,1,5,0.0,0.0,1.0,0.0,0.0,0.0,0.526,0.034409,500,-0.0,0.007625,1.0,1,False,443.4,0,True,,,,0,,,,,,,,,,,,,0,results/T-sweep-Dyck-4/distributions/parentheses_and_brackets_L32_T1_gaussian_categorical_sigma50.0.json
unconditional,parentheses_and_brackets,32,gaussian,categorical,100.0,,1,5,0.0,0.0,1.0,0.0,0.0,0.0,0.426,0.018547,500,-0.0,0.007625,1.0,1,False,336.91,0,True,,,,0,,,,,,,,,,,,,0,results/T-sweep-Dyck-4/distributions/parentheses_and_brackets_L32_T1_gaussian_categorical_sigma100.0.json
unconditional,parentheses_and_brackets,32,gaussian,categorical,256.0,,1,5,0.0,0.0,1.0,0.0,0.0,0.0,0.374,0.020591,500,-0.0,0.007625,1.0,1,False,413.13,0,True,,,,0,,,,,,,,,,,,,0,results/T-sweep-Dyck-4/distributions/parentheses_and_brackets_L32_T1_gaussian_categorical_sigma256.0.json
unconditional,parentheses_and_brackets,32,gaussian,greedy,1.0,,128,5,0.988,0.011662,1.0,0.0,0.988,0.011662,0.988,0.011662,500,0.974069,0.994489,115.954,125,False,15388.42,494,False,0.9534412955465587,0.046558704453441346,0.10986730527638192,200,0.0002611989029646076,0.0005398110661268556,,,,,,,0.1737095141700405,0.03676633364978578,0.0,0.0,0,results/T-sweep-Dyck-4/distributions/parentheses_and_brackets_L32_T128_gaussian_greedy_sigma1.0.json
unconditional,parentheses_and_brackets,32,gaussian,categorical,1.0,,2,5,0.004,0.004899,1.0,0.0,0.004,0.004899,0.022,0.011662,500,0.001098,0.014466,1.028,2,False,447.56,2,True,,,,2,,,,,,,,,0.9375,0.0625,0.6888888888888889,0.0888888888888889,0,results/T-sweep-Dyck-4/distributions/parentheses_and_brackets_L32_T2_gaussian_categorical_sigma1.0.json
unconditional,parentheses_and_brackets,32,gaussian,greedy,100.0,,128,5,0.91,0.012649,1.0,0.0,0.91,0.012649,0.986,0.004899,500,0.88169,0.932058,118.38,126,False,13861.98,455,False,0.9978021978021978,0.00219780219780219,0.13957914572864322,200,0.0002835873803615739,0.0005860805860805861,,,,,,,0.3938186813186813,0.10473628621928664,0.0,0.0,0,results/T-sweep-Dyck-4/distributions/parentheses_and_brackets_L32_T128_gaussian_greedy_sigma100.0.json
unconditional,parentheses_and_brackets,32,gaussian,categorical,2.0,,2,5,0.0,0.0,1.0,0.0,0.0,0.0,0.026,0.010198,500,-0.0,0.007625,1.034,2,False,434.19,0,True,,,,0,,,,,,,,,,,,,0,results/T-sweep-Dyck-4/distributions/parentheses_and_brackets_L32_T2_gaussian_categorical_sigma2.0.json
unconditional,parentheses_and_brackets,32,gaussian,categorical,5.0,,2,5,0.0,0.0,1.0,0.0,0.0,0.0,0.044,0.024166,500,-0.0,0.007625,1.056,2,False,430.76,0,True,,,,0,,,,,,,,,,,,,0,results/T-sweep-Dyck-4/distributions/parentheses_and_brackets_L32_T2_gaussian_categorical_sigma5.0.json
unconditional,parentheses_and_brackets,32,gaussian,greedy,20.0,,128,5,0.948,0.011662,1.0,0.0,0.948,0.011662,0.978,0.007483,500,0.924898,0.96427,111.89,126,False,15095.49,474,False,1.0,0.0,0.1396050565326633,200,0.00027221995372260786,0.0005625879043600563,,,,,,,0.372626582278481,0.097491126990643,0.0,0.0,0,results/T-sweep-Dyck-4/distributions/parentheses_and_brackets_L32_T128_gaussian_greedy_sigma20.0.json
unconditional,parentheses_and_brackets,32,gaussian,categorical,10.0,,2,5,0.002,0.004,1.0,0.0,0.002,0.004,0.082,0.034293,500,0.000353,0.011241,1.112,2,False,470.27,1,True,1.0,0.0,,1,0.41935483870967744,0.7,,,,,,,0.6875,,0.7777777777777778,,0,results/T-sweep-Dyck-4/distributions/parentheses_and_brackets_L32_T2_gaussian_categorical_sigma10.0.json
unconditional,parentheses_and_brackets,32,gaussian,categorical,20.0,,2,5,0.004,0.004899,1.0,0.0,0.004,0.004899,0.148,0.017205,500,0.001098,0.014466,1.21,2,False,381.41,2,True,,,,2,,,,,,,,,0.68125,0.11875000000000002,1.2708333333333335,0.39583333333333337,0,results/T-sweep-Dyck-4/distributions/parentheses_and_brackets_L32_T2_gaussian_categorical_sigma20.0.json
unconditional,parentheses_and_brackets,32,gaussian,categorical,100.0,,2,5,0.0,0.0,1.0,0.0,0.0,0.0,0.12,0.022804,500,-0.0,0.007625,1.236,2,False,297.13,0,True,,,,0,,,,,,,,,,,,,0,results/T-sweep-Dyck-4/distributions/parentheses_and_brackets_L32_T2_gaussian_categorical_sigma100.0.json
unconditional,parentheses_and_brackets,32,gaussian,categorical,50.0,,2,5,0.0,0.0,1.0,0.0,0.0,0.0,0.136,0.02498,500,-0.0,0.007625,1.232,2,False,420.68,0,True,,,,0,,,,,,,,,,,,,0,results/T-sweep-Dyck-4/distributions/parentheses_and_brackets_L32_T2_gaussian_categorical_sigma50.0.json
unconditional,parentheses_and_brackets,32,gaussian,greedy,50.0,,128,5,0.94,0.021909,1.0,0.0,0.94,0.021909,0.99,0.006325,500,0.915638,0.957652,117.05,126,False,14502.43,470,False,1.0,0.0,0.13950062814070352,200,0.0002745367192862045,0.0005673758865248227,,,,,,,0.38457446808510637,0.1016392493463809,0.0,0.0,0,results/T-sweep-Dyck-4/distributions/parentheses_and_brackets_L32_T128_gaussian_greedy_sigma50.0.json
unconditional,parentheses_and_brackets,32,gaussian,categorical,256.0,,2,5,0.002,0.004,1.0,0.0,0.002,0.004,0.12,0.028983,500,0.000353,0.011241,1.264,3,False,435.53,1,True,1.0,0.0,,1,0.3870967741935484,0.7333333333333333,,,,,,,0.3125,,0.6,,0,results/T-sweep-Dyck-4/distributions/parentheses_and_brackets_L32_T2_gaussian_categorical_sigma256.0.json
unconditional,parentheses_and_brackets,32,gaussian,categorical,1.0,,4,5,0.0,0.0,1.0,0.0,0.0,0.0,0.002,0.004,500,-0.0,0.007625,1.398,4,False,446.36,0,True,,,,0,,,,,,,,,,,,,0,results/T-sweep-Dyck-4/distributions/parentheses_and_brackets_L32_T4_gaussian_categorical_sigma1.0.json
unconditional,parentheses_and_brackets,32,gaussian,greedy,2.0,,128,5,0.976,0.016248,1.0,0.0,0.976,0.016248,0.98,0.014142,500,0.958523,0.986219,113.31,126,False,16307.74,488,False,0.9959016393442623,0.004098360655737654,0.12951868718592965,200,0.00026441036488630354,0.000546448087431694,,,,,,,0.20350922131147542,0.03950634698187951,0.0,0.0,0,results/T-sweep-Dyck-4/distributions/parentheses_and_brackets_L32_T128_gaussian_greedy_sigma2.0.json
unconditional,parentheses_and_brackets,32,gaussian,categorical,5.0,,4,5,0.002,0.004,1.0,0.0,0.002,0.004,0.004,0.004899,500,0.000353,0.011241,1.938,4,False,477.24,1,True,1.0,0.0,,1,0.41935483870967744,0.8,,,,,,,0.375,,1.2857142857142858,,0,results/T-sweep-Dyck-4/distributions/parentheses_and_brackets_L32_T4_gaussian_categorical_sigma5.0.json
unconditional,parentheses_and_brackets,32,gaussian,categorical,2.0,,4,5,0.0,0.0,1.0,0.0,0.0,0.0,0.0,0.0,500,-0.0,0.007625,1.554,3,False,506.24,0,True,,,,0,,,,,,,,,,,,,0,results/T-sweep-Dyck-4/distributions/parentheses_and_brackets_L32_T4_gaussian_categorical_sigma2.0.json
unconditional,parentheses_and_brackets,32,gaussian,categorical,10.0,,4,5,0.014,0.010198,1.0,0.0,0.014,0.010198,0.022,0.013266,500,0.006798,0.028613,2.144,5,False,611.97,7,False,1.0,0.0,0.256006006006006,7,0.06511627906976744,0.21634615384615385,,,,,,,0.45952380952380956,0.07957957126841855,1.4111111111111112,0.7006421846416836,0,results/T-sweep-Dyck-4/distributions/parentheses_and_brackets_L32_T4_gaussian_categorical_sigma10.0.json
unconditional,parentheses_and_brackets,32,gaussian,categorical,20.0,,4,5,0.016,0.008,1.0,0.0,0.016,0.008,0.02,0.015492,500,0.008129,0.031251,2.286,5,False,696.78,8,False,1.0,0.0,0.28065241844769406,8,0.056910569105691054,0.19327731092436976,,,,,,,0.3463541666666667,0.053050908300685845,0.7925324675324675,0.23824104318215605,0,results/T-sweep-Dyck-4/distributions/parentheses_and_brackets_L32_T4_gaussian_categorical_sigma20.0.json
unconditional,parentheses_and_brackets,32,gaussian,categorical,256.0,,4,5,0.06,0.006325,1.0,0.0,0.06,0.006325,0.082,0.013266,500,0.042348,0.084362,2.496,5,False,572.27,30,False,1.0,0.0,0.26796277593420864,30,0.01511879049676026,0.05357142857142857,,,,,,,0.35333333333333333,0.0805608235825348,1.0560702260702262,0.6243198928501875,0,results/T-sweep-Dyck-4/distributions/parentheses_and_brackets_L32_T4_gaussian_categorical_sigma256.0.json
unconditional,parentheses_and_brackets,32,gaussian,categorical,1.0,,8,5,0.008,0.007483,1.0,0.0,0.008,0.007483,0.008,0.007483,500,0.003115,0.020387,2.486,8,False,502.06,4,True,,,,4,,,,,,,,,0.3489583333333333,0.027063293868263713,1.4468253968253968,0.537499670410699,0,results/T-sweep-Dyck-4/distributions/parentheses_and_brackets_L32_T8_gaussian_categorical_sigma1.0.json
unconditional,parentheses_and_brackets,32,gaussian,categorical,100.0,,4,5,0.05,0.016733,1.0,0.0,0.05,0.016733,0.064,0.020591,500,0.034094,0.072769,2.468,5,False,670.71,25,False,1.0,0.0,0.2695214105793451,25,0.018205461638491547,0.06451612903225806,,,,,,,0.38549999999999995,0.10947551730359116,1.1336666666666668,0.7614071430519626,0,results/T-sweep-Dyck-4/distributions/parentheses_and_brackets_L32_T4_gaussian_categorical_sigma100.0.json
unconditional,parentheses_and_brackets,32,gaussian,categorical,50.0,,4,5,0.018,0.009798,1.0,0.0,0.018,0.009798,0.048,0.01833,500,0.009498,0.033852,2.39,5,False,687.64,9,False,1.0,0.0,0.2674825174825175,9,0.05054151624548736,0.17537313432835822,,,,,,,0.3768518518518518,0.14877471668173708,1.2671957671957672,0.6598713049783592,0,results/T-sweep-Dyck-4/distributions/parentheses_and_brackets_L32_T4_gaussian_categorical_sigma50.0.json
unconditional,parentheses_and_brackets,32,gaussian,greedy,5.0,,128,5,0.954,0.013565,1.0,0.0,0.954,0.013565,0.97,0.012649,500,0.931922,0.969155,109.532,126,False,16917.7,477,False,1.0,0.0,0.1432011620603015,200,0.00027050787854196256,0.0005590496156533892,,,,,,,0.2727987421383648,0.06074099012213552,0.0,0.0,0,results/T-sweep-Dyck-4/distributions/parentheses_and_brackets_L32_T128_gaussian_greedy_sigma5.0.json
unconditional,parentheses_and_brackets,32,gaussian,categorical,2.0,,8,5,0.014,0.010198,1.0,0.0,0.014,0.010198,0.018,0.014697,500,0.006798,0.028613,3.1,8,False,885.73,7,False,1.0,0.0,0.27157738095238093,7,0.06451612903225806,0.22380952380952382,,,,,,,0.4375,0.1417366773784602,1.5424036281179139,1.2502979421866605,0,results/T-sweep-Dyck-4/distributions/parentheses_and_brackets_L32_T8_gaussian_categorical_sigma2.0.json
unconditional,parentheses_and_brackets,32,gaussian,categorical,5.0,,8,5,0.034,0.013565,1.0,0.0,0.034,0.013565,0.048,0.023152,500,0.021334,0.053772,3.84,8,False,991.82,17,False,1.0,0.0,0.26447610294117646,17,0.026565464895635674,0.09411764705882353,,,,,,,0.4338235294117647,0.10385622714577598,0.9959021370786078,0.48274583228654977,0,results/T-sweep-Dyck-4/distributions/parentheses_and_brackets_L32_T8_gaussian_categorical_sigma5.0.json
unconditional,parentheses_and_brackets,32,gaussian,categorical,50.0,,8,5,0.184,0.037202,1.0,0.0,0.184,0.037202,0.196,0.034409,500,0.152489,0.22033,5.33,9,False,885.29,92,False,1.0,0.0,0.2729476405946994,92,0.0049435028248587575,0.017518248175182483,,,,,,,0.37554347826086953,0.09249097706862779,1.174299281636238,0.6599756955908168,0,results/T-sweep-Dyck-4/distributions/parentheses_and_brackets_L32_T8_gaussian_categorical_sigma50.0.json
unconditional,parentheses_and_brackets,32,gaussian,categorical,256.0,,8,5,0.214,0.044989,1.0,0.0,0.214,0.044989,0.226,0.049639,500,0.180302,0.252059,5.49,9,False,852.96,107,False,1.0,0.0,0.27245650792943193,107,0.004269594388533089,0.015132408575031526,,,,,,,0.37491313203930027,0.10326189185030771,1.1992056489720042,0.6322235630970445,0,results/T-sweep-Dyck-4/distributions/parentheses_and_brackets_L32_T8_gaussian_categorical_sigma256.0.json
unconditional,parentheses_and_brackets,32,gaussian,categorical,10.0,,8,5,0.122,0.029257,1.0,0.0,0.118,0.029933,0.138,0.037094,500,0.092593,0.149233,4.604,9,False,1208.59,59,False,1.0,0.0,0.27008417632725396,59,0.007739082365948038,0.027428571428571427,,,,,,,0.40261299435028247,0.09149926389070275,1.2310531746972426,0.8542102912843829,0,results/T-sweep-Dyck-4/distributions/parentheses_and_brackets_L32_T8_gaussian_categorical_sigma10.0.json
unconditional,parentheses_and_brackets,32,gaussian,categorical,100.0,,8,5,0.186,0.033823,1.0,0.0,0.186,0.033823,0.198,0.032496,500,0.154333,0.222455,5.408,9,False,993.23,93,False,1.0,0.0,0.27027733592553316,93,0.004896817068905212,0.01735357917570499,,,,,,,0.36553379416282644,0.0895042156795916,1.0336157271641142,0.5479721201062091,0,results/T-sweep-Dyck-4/distributions/parentheses_and_brackets_L32_T8_gaussian_categorical_sigma100.0.json
unconditional,parentheses_and_brackets,32,gaussian,categorical,20.0,,8,5,0.138,0.023152,1.0,0.0,0.136,0.020591,0.15,0.024495,500,0.108715,0.168836,4.844,9,False,1208.99,68,False,1.0,0.0,0.27309286898839136,68,0.006692160611854685,0.023715415019762844,,,,,,,0.38389355742296916,0.10311624649859945,1.2170045640633875,0.7935652707791296,0,results/T-sweep-Dyck-4/distributions/parentheses_and_brackets_L32_T8_gaussian_categorical_sigma20.0.json
unconditional,parentheses_and_brackets,32,gaussian,greedy,10.0,,128,5,0.974,0.010198,1.0,0.0,0.974,0.010198,0.984,0.008,500,0.956028,0.984744,110.352,126,False,17962.88,487,False,1.0,0.0,0.14269864949748745,200,0.00026495330198052594,0.0005475701574264203,,,,,,,0.3313655030800821,0.08073493833445382,0.0,0.0,0,results/T-sweep-Dyck-4/distributions/parentheses_and_brackets_L32_T128_gaussian_greedy_sigma10.0.json
unconditional,parentheses_and_brackets,32,gaussian,categorical,1.0,,16,5,0.028,0.007483,1.0,0.0,0.028,0.007483,0.028,0.007483,500,0.016751,0.046447,5.848,17,False,1482.43,14,False,1.0,0.0,0.2702656088306313,14,0.032407407407407406,0.11483253588516747,,,,,,,0.36815476190476193,0.08676858623193848,1.0588149945292804,0.7371114320712941,0,results/T-sweep-Dyck-4/distributions/parentheses_and_brackets_L32_T16_gaussian_categorical_sigma1.0.json
unconditional,parentheses_and_brackets,32,gaussian,categorical,2.0,,16,5,0.072,0.021354,1.0,0.0,0.072,0.021354,0.074,0.021541,500,0.052458,0.098069,7.266,16,False,1738.63,36,False,1.0,0.0,0.2734480179506357,36,0.012612612612612612,0.0446927374301676,,,,,,,0.444130291005291,0.1195613216190862,1.1997454705788038,0.7471795437126704,0,results/T-sweep-Dyck-4/distributions/parentheses_and_brackets_L32_T16_gaussian_categorical_sigma2.0.json
unconditional,parentheses_and_brackets,32,gaussian,categorical,50.0,,16,5,0.44,0.059666,1.0,0.0,0.44,0.059666,0.45,0.061644,500,0.397111,0.483804,11.938,17,False,1262.96,220,False,1.0,0.0,0.27210561367395,200,0.002082093991671624,0.007380073800738007,,,,,,,0.3722858391608392,0.0954519177920202,1.1665602200829475,0.6542978420428994,0,results/T-sweep-Dyck-4/distributions/parentheses_and_brackets_L32_T16_gaussian_categorical_sigma50.0.json
unconditional,parentheses_and_brackets,32,gaussian,categorical,256.0,,16,5,0.48,0.036878,1.0,0.0,0.48,0.036878,0.488,0.044452,500,0.436528,0.523777,12.744,17,False,1254.1,240,False,1.0,0.0,0.27078815544515145,200,0.001895991332611051,0.006718924972004479,,,,,,,0.3680753968253968,0.09393946379665269,1.1346787818662818,0.6617520911185284,0,results/T-sweep-Dyck-4/distributions/parentheses_and_brackets_L32_T16_gaussian_categorical_sigma256.0.json
unconditional,parentheses_and_brackets,32,gaussian,categorical,5.0,,16,5,0.212,0.036551,1.0,0.0,0.21,0.034059,0.212,0.036551,500,0.176577,0.247846,9.37,17,False,2003.15,105,False,1.0,0.0,0.27057842367716317,105,0.004338394793926247,0.015374759769378604,,,,,,,0.3936394557823129,0.11141163342147437,1.1417274524417382,0.6707617169928327,0,results/T-sweep-Dyck-4/distributions/parentheses_and_brackets_L32_T16_gaussian_categorical_sigma5.0.json
unconditional,parentheses_and_brackets,32,gaussian,categorical,100.0,,16,5,0.452,0.023152,1.0,0.0,0.45,0.023664,0.468,0.017205,500,0.406939,0.493824,12.394,17,False,1578.27,225,False,1.0,0.0,0.2693706779400315,200,0.0020286914939863787,0.007189934092270821,,,,,,,0.3731349206349206,0.09598014486661698,1.1626160012826678,0.6565311843815151,0,results/T-sweep-Dyck-4/distributions/parentheses_and_brackets_L32_T16_gaussian_categorical_sigma100.0.json
unconditional,parentheses_and_brackets,32,gaussian,categorical,20.0,,16,5,0.36,0.010954,1.0,0.0,0.36,0.010954,0.372,0.009798,500,0.319141,0.402994,11.228,17,False,1874.46,180,False,1.0,0.0,0.27044193759845025,180,0.002531645569620253,0.00897196261682243,,,,,,,0.3685711741961742,0.10410005928812792,1.1525939800939802,0.7781980532513892,0,results/T-sweep-Dyck-4/distributions/parentheses_and_brackets_L32_T16_gaussian_categorical_sigma20.0.json
unconditional,parentheses_and_brackets,32,gaussian,categorical,10.0,,16,5,0.334,0.034409,1.0,0.0,0.334,0.034409,0.35,0.031623,500,0.294063,0.376468,10.72,17,False,2513.59,167,False,1.0,0.0,0.2690698594984166,167,0.002729576915578085,0.009673518742442563,,,,,,,0.3750035642999715,0.10615192394548714,1.150263957599287,0.5718976560067148,0,results/T-sweep-Dyck-4/distributions/parentheses_and_brackets_L32_T16_gaussian_categorical_sigma10.0.json
unconditional,parentheses_and_brackets,32,gaussian,categorical,1.0,,32,5,0.172,0.024819,1.0,0.0,0.168,0.023152,0.172,0.023152,500,0.137788,0.203275,16.07,32,False,3354.77,84,False,1.0,0.0,0.26985336555804057,84,0.005409582689335394,0.019169329073482427,,,,,,,0.4007086167800454,0.10198995055276062,1.1775565704137132,0.6359946627507969,0,results/T-sweep-Dyck-4/distributions/parentheses_and_brackets_L32_T32_gaussian_categorical_sigma1.0.json
unconditional,parentheses_and_brackets,32,gaussian,categorical,2.0,,32,5,0.302,0.039192,1.0,0.0,0.296,0.044091,0.304,0.039294,500,0.257665,0.337446,19.22,31,False,3966.45,148,False,1.0,0.0,0.2697897996703985,148,0.0030661410424879547,0.010864644635581712,,,,,,,0.39273246460746464,0.10153879253447877,1.1634442884442884,0.6508781035332923,0,results/T-sweep-Dyck-4/distributions/parentheses_and_brackets_L32_T32_gaussian_categorical_sigma2.0.json
unconditional,parentheses_and_brackets,32,gaussian,categorical,50.0,,32,5,0.644,0.017436,1.0,0.0,0.642,0.017205,0.648,0.017205,500,0.599041,0.682793,25.872,33,False,3317.28,321,False,1.0,0.0,0.2701036689433304,200,0.0014205986808726535,0.005034612964128383,,,,,,,0.371818264808919,0.09520506636164824,1.1192363019465823,0.6379865683115835,0,results/T-sweep-Dyck-4/distributions/parentheses_and_brackets_L32_T32_gaussian_categorical_sigma50.0.json
unconditional,parentheses_and_brackets,32,gaussian,categorical,256.0,,32,5,0.714,0.04128,1.0,0.0,0.714,0.04128,0.718,0.041665,500,0.672876,0.751861,28.146,33,False,3065.5,357,False,1.0,0.0,0.27084477505638427,200,0.0012749294235497677,0.004518072289156626,,,,,,,0.3703587845394568,0.09411008724035516,1.1828333353543439,0.7277243644587404,0,results/T-sweep-Dyck-4/distributions/parentheses_and_brackets_L32_T32_gaussian_categorical_sigma256.0.json
unconditional,parentheses_and_brackets,32,gaussian,categorical,10.0,,32,5,0.554,0.048,1.0,0.0,0.544,0.045869,0.55,0.0502,500,0.500173,0.587156,23.762,33,False,4050.43,272,False,1.0,0.0,0.2684103916044871,200,0.0016750418760469012,0.005936186000494682,,,,,,,0.3673888305322129,0.10354980436285878,1.1737415974548329,0.6982524458712958,0,results/T-sweep-Dyck-4/distributions/parentheses_and_brackets_L32_T32_gaussian_categorical_sigma10.0.json
unconditional,parentheses_and_brackets,32,gaussian,categorical,5.0,,32,5,0.45,0.058652,1.0,0.0,0.448,0.058788,0.448,0.058788,500,0.404972,0.491821,21.946,33,False,4379.74,224,False,1.0,0.0,0.27054536136774526,200,0.0020325203252032522,0.007202881152460984,,,,,,,0.3715189200680272,0.09109967194319821,1.144699360659182,0.700785598205652,0,results/T-sweep-Dyck-4/distributions/parentheses_and_brackets_L32_T32_gaussian_categorical_sigma5.0.json
unconditional,parentheses_and_brackets,32,gaussian,categorical,20.0,,32,5,0.612,0.054918,1.0,0.0,0.612,0.054918,0.616,0.054991,500,0.568587,0.653705,25.064,33,False,3813.24,306,False,1.0,0.0,0.2714788453307547,200,0.0014896786550329857,0.005279366476022877,,,,,,,0.3697926392779334,0.09412151846815774,1.1337953350208252,0.7118310674485017,0,results/T-sweep-Dyck-4/distributions/parentheses_and_brackets_L32_T32_gaussian_categorical_sigma20.0.json
unconditional,parentheses_and_brackets,32,gaussian,categorical,100.0,,32,5,0.668,0.050359,1.0,0.0,0.664,0.051225,0.684,0.047582,500,0.621486,0.704013,26.82,33,False,3659.66,332,False,1.0,0.0,0.271357577778307,200,0.0013763271726307512,0.004878048780487805,,,,,,,0.3638141853126793,0.08882233372568021,1.1099552555877856,0.6209261538632235,0,results/T-sweep-Dyck-4/distributions/parentheses_and_brackets_L32_T32_gaussian_categorical_sigma100.0.json
unconditional,parentheses_and_brackets,32,gaussian,categorical,1.0,,64,5,0.44,0.046476,1.0,0.0,0.436,0.044542,0.436,0.044542,500,0.393185,0.479791,41.918,63,False,5685.58,218,False,1.0,0.0,0.2726312837833556,200,0.002090800477897252,0.007409694350108058,,,,,,,0.3862139580602883,0.09842033752862549,1.2141915424025516,0.8131402114883837,0,results/T-sweep-Dyck-4/distributions/parentheses_and_brackets_L32_T64_gaussian_categorical_sigma1.0.json
unconditional,parentheses_and_brackets,32,gaussian,categorical,2.0,,64,5,0.518,0.040694,1.0,0.0,0.508,0.044452,0.51,0.042895,500,0.464285,0.551593,45.208,64,False,7002.62,254,False,1.0,0.0,0.2720916273773532,200,0.0017916560020476069,0.006349206349206349,,,,,,,0.3779550993625797,0.10010714656017813,1.3025556355280765,0.9051234761444344,0,results/T-sweep-Dyck-4/distributions/parentheses_and_brackets_L32_T64_gaussian_categorical_sigma2.0.json
unconditional,parentheses_and_brackets,32,gaussian,greedy,1.0,,256,5,0.99,0.006325,1.0,0.0,0.99,0.006325,0.99,0.006325,500,0.976807,0.995721,230.382,250,False,26496.53,495,False,0.9252525252525252,0.07474747474747478,0.10978800251256281,200,0.0002606712284131639,0.0005387205387205387,,,,,,,0.16780303030303031,0.03562620320008333,0.0,0.0,0,results/T-sweep-Dyck-4/distributions/parentheses_and_brackets_L32_T256_gaussian_greedy_sigma1.0.json
unconditional,parentheses_and_brackets,32,gaussian,categorical,100.0,,64,5,0.816,0.052764,1.0,0.0,0.816,0.052764,0.83,0.048166,500,0.77967,0.847511,56.588,64,False,5877.65,408,False,1.0,0.0,0.2678556718016311,200,0.0011153601019757808,0.003952569169960474,,,,,,,0.361750116713352,0.08934251840717065,1.184725391710686,0.7033326680248967,0,results/T-sweep-Dyck-4/distributions/parentheses_and_brackets_L32_T64_gaussian_categorical_sigma100.0.json
unconditional,parentheses_and_brackets,32,gaussian,categorical,50.0,,64,5,0.82,0.025298,1.0,0.0,0.82,0.025298,0.824,0.02245,500,0.783925,0.851196,55.214,64,False,6295.44,410,False,1.0,0.0,0.27041934355320907,200,0.0011158935118762952,0.003955174686882004,,,,,,,0.3641778343607612,0.09586594716184808,1.1997344999174266,0.62116426460341,0,results/T-sweep-Dyck-4/distributions/parentheses_and_brackets_L32_T64_gaussian_categorical_sigma50.0.json
unconditional,parentheses_and_brackets,32,gaussian,categorical,256.0,,64,5,0.8,0.046904,1.0,0.0,0.8,0.046904,0.804,0.039294,500,0.76271,0.832715,56.524,64,False,6084.61,400,False,1.0,0.0,0.26915066983198377,200,0.0011396939107782482,0.004039044092898014,,,,,,,0.3588990384615385,0.0917149700238563,1.1624786879786881,0.6605227312128403,0,results/T-sweep-Dyck-4/distributions/parentheses_and_brackets_L32_T64_gaussian_categorical_sigma256.0.json
unconditional,parentheses_and_brackets,32,gaussian,categorical,20.0,,64,5,0.782,0.046217,1.0,0.0,0.782,0.046217,0.79,0.051769,500,0.743733,0.815967,52.428,64,False,6655.65,391,False,1.0,0.0,0.27019653157261614,200,0.001164434833236297,0.0041265474552957355,,,,,,,0.36443783198898294,0.09389041161424473,1.1658628597886909,0.6385520363259242,0,results/T-sweep-Dyck-4/distributions/parentheses_and_brackets_L32_T64_gaussian_categorical_sigma20.0.json
unconditional,parentheses_and_brackets,32,gaussian,categorical,5.0,,64,5,0.676,0.058172,1.0,0.0,0.672,0.059464,0.672,0.059464,500,0.629673,0.711705,48.328,64,False,7903.97,336,False,1.0,0.0,0.269707740476217,200,0.0013584319813700757,0.00481444332998997,,,,,,,0.37013125763125765,0.09347557325815828,1.1581258853580283,0.7454500193584019,0,results/T-sweep-Dyck-4/distributions/parentheses_and_brackets_L32_T64_gaussian_categorical_sigma5.0.json
unconditional,parentheses_and_brackets,32,gaussian,greedy,100.0,,256,5,0.912,0.031875,1.0,0.0,0.912,0.031875,0.998,0.004,500,0.883923,0.933794,236.608,250,False,24043.4,456,False,1.0,0.0,0.13961447864321608,200,0.0002829654782116582,0.0005847953216374269,,,,,,,0.38199013157894735,0.09695260989212703,0.0,0.0,0,results/T-sweep-Dyck-4/distributions/parentheses_and_brackets_L32_T256_gaussian_greedy_sigma100.0.json
unconditional,parentheses_and_brackets,32,gaussian,greedy,50.0,,256,5,0.94,0.014142,1.0,0.0,0.94,0.014142,0.998,0.004,500,0.915638,0.957652,231.37,250,False,26618.7,470,False,1.0,0.0,0.14095948492462312,200,0.0002745367192862045,0.0005673758865248227,,,,,,,0.37872340425531914,0.09954734298209081,0.0,0.0,0,results/T-sweep-Dyck-4/distributions/parentheses_and_brackets_L32_T256_gaussian_greedy_sigma50.0.json
unconditional,parentheses_and_brackets,32,gaussian,categorical,10.0,,64,5,0.716,0.029394,1.0,0.0,0.714,0.027276,0.72,0.031623,500,0.672876,0.751861,49.646,64,False,7526.47,357,False,1.0,0.0,0.2714811446893991,200,0.0012779552715654952,0.004529156444612191,,,,,,,0.37331111931952266,0.1038646702719699,1.170273633929096,0.7031993464550502,0,results/T-sweep-Dyck-4/distributions/parentheses_and_brackets_L32_T64_gaussian_categorical_sigma10.0.json
unconditional,parentheses_and_brackets,32,gaussian,greedy,256.0,,256,5,0.874,0.02245,1.0,0.0,0.874,0.02245,0.996,0.004899,500,0.842032,0.900265,240.294,250,False,24054.16,437,False,1.0,0.0,0.13788395100502512,200,0.00029526832509042594,0.0006102212051868803,,,,,,,0.38172196796338675,0.10451175543033142,0.0,0.0,0,results/T-sweep-Dyck-4/distributions/parentheses_and_brackets_L32_T256_gaussian_greedy_sigma256.0.json
unconditional,parentheses_and_brackets,32,gaussian,greedy,2.0,,256,5,0.986,0.010198,1.0,0.0,0.986,0.010198,0.99,0.008944,500,0.971387,0.993202,224.008,249,False,28247.14,493,False,1.0,0.0,0.12830166457286432,200,0.0002617287181836027,0.0005409060175794456,,,,,,,0.19827586206896552,0.038835338739443795,0.0,0.0,0,results/T-sweep-Dyck-4/distributions/parentheses_and_brackets_L32_T256_gaussian_greedy_sigma2.0.json
unconditional,parentheses_and_brackets,32,uniform,categorical,,,512,5,0.97,0.014142,1.0,0.0,0.97,0.014142,0.972,0.011662,500,0.951096,0.981737,479.086,497,False,34021.27,485,False,1.0,0.0,0.27194331277840306,200,0.0009409234491565293,0.003334722801167153,,,,,,,0.3606394207167403,0.09605196297690242,1.132667510038644,0.6078288354313571,0,results/T-sweep-Dyck-4/distributions/parentheses_and_brackets_L32_T512_uniform_categorical_none.json
unconditional,parentheses_and_brackets,32,uniform,greedy,,,512,5,0.958,0.017205,1.0,0.0,0.958,0.017205,0.994,0.008,500,0.936648,0.972368,482.184,497,False,34463.7,479,False,1.0,0.0,0.13944173994974873,200,0.00026937840932049294,0.0005567153792623522,,,,,,,0.38021920668058456,0.10034272671390329,0.0,0.0,0,results/T-sweep-Dyck-4/distributions/parentheses_and_brackets_L32_T512_uniform_greedy_none.json
unconditional,parentheses_and_brackets,32,gaussian,greedy,20.0,,256,5,0.974,0.010198,1.0,0.0,0.974,0.010198,0.992,0.007483,500,0.956028,0.984744,223.364,250,False,28429.86,487,False,1.0,0.0,0.1406501256281407,200,0.00026495330198052594,0.0005475701574264203,,,,,,,0.3737166324435318,0.09519525374340611,0.0,0.0,0,results/T-sweep-Dyck-4/distributions/parentheses_and_brackets_L32_T256_gaussian_greedy_sigma20.0.json
unconditional,parentheses_and_brackets,32,gaussian,greedy,10.0,,256,5,0.988,0.011662,1.0,0.0,0.988,0.011662,0.996,0.004899,500,0.974069,0.994489,218.048,250,False,29862.59,494,False,1.0,0.0,0.1418734296482412,200,0.0002611989029646076,0.0005398110661268556,,,,,,,0.3231275303643725,0.08311929217671178,0.0,0.0,0,results/T-sweep-Dyck-4/distributions/parentheses_and_brackets_L32_T256_gaussian_greedy_sigma10.0.json
unconditional,parentheses_and_brackets,32,gaussian,greedy,5.0,,256,5,0.982,0.009798,1.0,0.0,0.982,0.009798,0.986,0.004899,500,0.966148,0.990502,219.18,250,False,30245.61,491,False,1.0,0.0,0.14242776381909547,200,0.00026279482294198805,0.0005431093007467753,,,,,,,0.2679480651731161,0.06092132794764164,0.0,0.0,0,results/T-sweep-Dyck-4/distributions/parentheses_and_brackets_L32_T256_gaussian_greedy_sigma5.0.json
unconditional,parentheses_and_brackets,32,gaussian,categorical,1.0,,128,5,0.638,0.032496,1.0,0.0,0.638,0.032496,0.638,0.032496,500,0.594971,0.678925,95.918,125,False,9924.94,319,False,1.0,0.0,0.27353296968816426,200,0.0014284256708499133,0.0050622231596709555,,,,,,,0.3624942586149483,0.09451680472528214,1.1357840435426643,0.6191423268123175,0,results/T-sweep-Dyck-4/distributions/parentheses_and_brackets_L32_T128_gaussian_categorical_sigma1.0.json
unconditional,parentheses_and_brackets,32,gaussian,categorical,2.0,,128,5,0.724,0.014967,1.0,0.0,0.722,0.016,0.728,0.01833,500,0.681151,0.759464,99.724,126,False,10850.1,361,False,1.0,0.0,0.27106212018478265,200,0.0012620571531596501,0.004472605292582929,,,,,,,0.3651103974511177,0.09319657605609476,1.1090817923227896,0.6712378327480736,0,results/T-sweep-Dyck-4/distributions/parentheses_and_brackets_L32_T128_gaussian_categorical_sigma2.0.json
unconditional,parentheses_and_brackets,32,gaussian,categorical,100.0,,128,5,0.908,0.026382,1.0,0.0,0.908,0.026382,0.92,0.026077,500,0.879461,0.930318,115.412,126,False,6658.71,454,False,1.0,0.0,0.26916264804476353,200,0.001004016064257028,0.003558191252779837,,,,,,,0.3607734867922093,0.09454261166166723,1.2630612840414603,0.9422022156477828,0,results/T-sweep-Dyck-4/distributions/parentheses_and_brackets_L32_T128_gaussian_categorical_sigma100.0.json
unconditional,parentheses_and_brackets,32,gaussian,categorical,256.0,,128,5,0.894,0.024166,1.0,0.0,0.894,0.024166,0.906,0.020591,500,0.863948,0.918043,114.808,126,False,6904.81,447,False,1.0,0.0,0.27216777584469704,200,0.0010228684152845766,0.0036253776435045317,,,,,,,0.36631890667125566,0.09224139495848503,1.1550805893087774,0.682052549270202,0,results/T-sweep-Dyck-4/distributions/parentheses_and_brackets_L32_T128_gaussian_categorical_sigma256.0.json
unconditional,parentheses_and_brackets,32,gaussian,categorical,5.0,,128,5,0.834,0.010198,1.0,0.0,0.834,0.010198,0.84,0.016733,500,0.798864,0.864043,103.148,126,False,10533.14,417,False,1.0,0.0,0.26902527110062585,200,0.0010911074740861974,0.0038666022232962784,,,,,,,0.36792994176087707,0.09194067010013487,1.175600285672228,0.9203984257896982,0,results/T-sweep-Dyck-4/distributions/parentheses_and_brackets_L32_T128_gaussian_categorical_sigma5.0.json
unconditional,parentheses_and_brackets,32,ar,greedy,,,34,1,1.0,0.0,1.0,0.0,1.0,0.0,1.0,0.0,100,0.963005,1.0,33.0,33,True,338.71,100,False,0.01,0.99,0.0,100,0.0012903225806451613,0.0016666666666666668,,,,,,,0.125,0.0,0.0,0.0,0,results/T-sweep-Dyck-4/distributions/parentheses_and_brackets_L32_T34_ar_greedy_none.json
unconditional,parentheses_and_brackets,32,gaussian,categorical,50.0,,128,5,0.892,0.027129,1.0,0.0,0.892,0.027129,0.898,0.026382,500,0.861745,0.916278,112.088,126,False,7590.06,446,False,1.0,0.0,0.2701151703611145,200,0.0010229431535876078,0.0036253776435045317,,,,,,,0.3646247063847961,0.09629103005536044,1.1295244926971384,0.6329684247617708,0,results/T-sweep-Dyck-4/distributions/parentheses_and_brackets_L32_T128_gaussian_categorical_sigma50.0.json
unconditional,parentheses_and_brackets,32,gaussian,categorical,20.0,,128,5,0.886,0.034409,1.0,0.0,0.886,0.034409,0.888,0.036551,500,0.85515,0.910964,107.614,126,False,7807.94,443,False,1.0,0.0,0.2705192629815745,200,0.0010291847386605896,0.00364741641337386,,,,,,,0.35863245107037434,0.0949331016169977,1.1775573310562024,0.7311148450583405,0,results/T-sweep-Dyck-4/distributions/parentheses_and_brackets_L32_T128_gaussian_categorical_sigma20.0.json
unconditional,parentheses_and_brackets,32,ebsampler,greedy,,0.1,32,1,1.0,0.0,1.0,0.0,1.0,0.0,1.0,0.0,100,0.963005,1.0,33.0,33,True,182.9,100,False,0.01,0.99,0.0,100,0.0012903225806451613,0.002,,,,,,,0.5,0.0,0.0,0.0,0,results/T-sweep-Dyck-4/distributions/parentheses_and_brackets_L32_T32_ebsampler_greedy_gamma0.1.json
unconditional,parentheses_and_brackets,32,ebsampler,greedy,,0.5,32,1,1.0,0.0,1.0,0.0,1.0,0.0,1.0,0.0,100,0.963005,1.0,32.0,32,True,148.49,100,False,0.01,0.99,0.0,100,0.0012903225806451613,0.002,,,,,,,0.5,0.0,0.0,0.0,0,results/T-sweep-Dyck-4/distributions/parentheses_and_brackets_L32_T32_ebsampler_greedy_gamma0.5.json
unconditional,parentheses_and_brackets,32,ebsampler,greedy,,0.9,32,1,1.0,0.0,1.0,0.0,1.0,0.0,1.0,0.0,100,0.963005,1.0,31.0,31,True,162.71,100,False,0.01,0.99,0.0,100,0.0012903225806451613,0.002,,,,,,,0.5,0.0,0.0,0.0,0,results/T-sweep-Dyck-4/distributions/parentheses_and_brackets_L32_T32_ebsampler_greedy_gamma0.9.json
unconditional,parentheses_and_brackets,32,ebsampler,greedy,,2.0,32,1,0.0,0.0,1.0,0.0,0.0,0.0,1.0,0.0,100,0.0,0.036995,15.0,15,True,65.01,0,True,,,,0,,,,,,,,,,,,,0,results/T-sweep-Dyck-4/distributions/parentheses_and_brackets_L32_T32_ebsampler_greedy_gamma2.0.json
unconditional,parentheses_and_brackets,32,ebsampler,greedy,,10.0,32,1,1.0,0.0,1.0,0.0,1.0,0.0,1.0,0.0,100,0.963005,1.0,4.0,4,True,31.62,100,False,0.01,0.99,0.0,100,0.0012903225806451613,0.0026666666666666666,,,,,,,0.4375,0.0,0.0,0.0,0,results/T-sweep-Dyck-4/distributions/parentheses_and_brackets_L32_T32_ebsampler_greedy_gamma10.0.json
unconditional,parentheses_and_brackets,32,ebsampler,greedy,,5.0,32,1,0.0,0.0,1.0,0.0,0.0,0.0,0.0,0.0,100,0.0,0.036995,6.0,6,True,61.83,0,True,,,,0,,,,,,,,,,,,,0,results/T-sweep-Dyck-4/distributions/parentheses_and_brackets_L32_T32_ebsampler_greedy_gamma5.0.json
unconditional,parentheses_and_brackets,32,gaussian,categorical,10.0,,128,5,0.862,0.024819,1.0,0.0,0.862,0.024819,0.862,0.024819,500,0.828997,0.889482,103.622,126,False,9809.43,431,False,1.0,0.0,0.27234079140951906,200,0.001062941310454787,0.0037676609105180532,,,,,,,0.37214534305601593,0.09409357637609107,1.175119222102981,0.6576540920870778,0,results/T-sweep-Dyck-4/distributions/parentheses_and_brackets_L32_T128_gaussian_categorical_sigma10.0.json
unconditional,parentheses_and_brackets,32,ebsampler,categorical,,0.1,32,5,1.0,0.0,1.0,0.0,1.0,0.0,1.0,0.0,500,0.992375,1.0,31.526,33,False,573.4,500,False,1.0,0.0,0.27197716979961534,200,0.0009143155694879833,0.0032406157169862274,,,,,,,0.364543315018315,0.09785704107260966,1.161052147852148,0.7316348594809261,0,results/T-sweep-Dyck-4/distributions/parentheses_and_brackets_L32_T32_ebsampler_categorical_gamma0.1.json
unconditional,parentheses_and_brackets,32,ebsampler,categorical,,0.9,32,5,0.924,0.018547,1.0,0.0,0.912,0.027857,0.912,0.027857,500,0.883923,0.933794,25.282,31,False,585.63,456,False,1.0,0.0,0.269092950611006,200,0.0009971509971509972,0.0035335689045936395,,,,,,,0.35689875730994153,0.10049693497074526,1.1468809638217534,0.6627150680766581,0,results/T-sweep-Dyck-4/distributions/parentheses_and_brackets_L32_T32_ebsampler_categorical_gamma0.9.json
unconditional,parentheses_and_brackets,32,ebsampler,categorical,,0.5,32,5,0.972,0.011662,1.0,0.0,0.958,0.021354,0.958,0.021354,500,0.936648,0.972368,29.318,32,False,828.84,479,False,1.0,0.0,0.2697234202508606,200,0.0009498609132234209,0.0033660589060308557,,,,,,,0.3554267322795507,0.09302195862078999,1.1392950183659998,0.6544143027773245,0,results/T-sweep-Dyck-4/distributions/parentheses_and_brackets_L32_T32_ebsampler_categorical_gamma0.5.json
unconditional,parentheses_and_brackets,32,ebsampler,categorical,,5.0,32,5,0.032,0.011662,1.0,0.0,0.024,0.004899,0.048,0.007483,500,0.013781,0.041477,2.286,7,False,239.28,12,False,1.0,0.0,0.2784090909090909,12,0.03763440860215054,0.13333333333333333,,,,,,,0.4322916666666667,0.06484322707285797,1.4010249010249012,0.9247258927562094,0,results/T-sweep-Dyck-4/distributions/parentheses_and_brackets_L32_T32_ebsampler_categorical_gamma5.0.json
unconditional,not_nested_parentheses_and_brackets,32,uniform,greedy,,,1,5,1.0,0.0,1.0,0.0,1.0,0.0,1.0,0.0,500,0.992375,1.0,1.0,1,False,20.61,500,False,0.002,0.998,0.0,200,0.0001935483870967742,0.0002666666666666667,,,,,,,1.0,0.0,0.0,0.0,0,results/T-sweep-Dyck-4/distributions/not_nested_parentheses_and_brackets_L32_T1_uniform_greedy_none.json
unconditional,parentheses_and_brackets,32,ebsampler,categorical,,2.0,32,5,0.3,0.037417,1.0,0.0,0.24,0.045607,0.364,0.038262,500,0.204637,0.279328,8.494,15,False,365.81,120,False,1.0,0.0,0.27037891759100724,120,0.0037654653039268424,0.013340744858254585,,,,,,,0.3454861111111111,0.0743209680277393,1.2851972101972102,0.8688303658818066,0,results/T-sweep-Dyck-4/distributions/parentheses_and_brackets_L32_T32_ebsampler_categorical_gamma2.0.json
unconditional,not_nested_parentheses_and_brackets,32,uniform,greedy,,,2,5,0.002,0.004,0.524,0.038781,0.002,0.004,1.0,0.0,500,0.000353,0.011241,2.0,2,False,21.97,1,True,1.0,0.0,,1,0.2903225806451613,0.6,,,,,,,1.0,,0.6,,0,results/T-sweep-Dyck-4/distributions/not_nested_parentheses_and_brackets_L32_T2_uniform_greedy_none.json
unconditional,not_nested_parentheses_and_brackets,32,uniform,greedy,,,4,5,0.106,0.036111,0.188,0.057061,0.02,0.014142,0.818,0.03544,500,0.010899,0.036421,3.812,4,False,27.78,10,False,1.0,0.0,0.25277777777777777,10,0.05161290322580645,0.17666666666666667,,,,,,,0.61875,0.12639842760097927,0.7813919413919413,0.9393515722970718,0,results/T-sweep-Dyck-4/distributions/not_nested_parentheses_and_brackets_L32_T4_uniform_greedy_none.json
unconditional,not_nested_parentheses_and_brackets,32,uniform,greedy,,,8,5,0.29,0.045607,0.348,0.044452,0.124,0.036111,0.786,0.039294,500,0.097946,0.155788,7.756,8,False,39.17,62,False,1.0,0.0,0.2610969725013221,62,0.008324661810613945,0.034408602150537634,,,,,,,0.6179435483870968,0.11617260187375777,1.2507707346417025,1.2475774018808088,0,results/T-sweep-Dyck-4/distributions/not_nested_parentheses_and_brackets_L32_T8_uniform_greedy_none.json
unconditional,not_nested_parentheses_and_brackets,32,uniform,greedy,,,16,5,0.446,0.044091,0.682,0.020396,0.36,0.044272,0.812,0.047917,500,0.319141,0.402994,15.632,16,False,67.86,180,False,1.0,0.0,0.25439459186840474,180,0.002867383512544803,0.011851851851851851,,,,,,,0.596875,0.09822093682385419,1.0234891034891036,0.7501564710075498,0,results/T-sweep-Dyck-4/distributions/not_nested_parentheses_and_brackets_L32_T16_uniform_greedy_none.json
unconditional,parentheses_and_brackets,32,ebsampler,categorical,,10.0,32,5,0.014,0.010198,1.0,0.0,0.014,0.010198,0.042,0.011662,500,0.006798,0.028613,1.554,4,False,215.24,7,False,1.0,0.0,0.27529761904761907,7,0.06451612903225806,0.22380952380952382,,,,,,,0.39285714285714285,0.07985957062499249,1.2412698412698415,0.5580804303071933,0,results/T-sweep-Dyck-4/distributions/parentheses_and_brackets_L32_T32_ebsampler_categorical_gamma10.0.json
unconditional,not_nested_parentheses_and_brackets,32,uniform,greedy,,,32,5,0.642,0.017205,0.88,0.008944,0.596,0.02498,0.906,0.039294,500,0.552415,0.638122,31.304,32,False,118.8,298,False,1.0,0.0,0.24762484296482412,200,0.0017319766183156527,0.0071588366890380315,,,,,,,0.6098993288590604,0.10877285272292189,0.8634020714557628,0.46150789877106785,0,results/T-sweep-Dyck-4/distributions/not_nested_parentheses_and_brackets_L32_T32_uniform_greedy_none.json
unconditional,not_nested_parentheses_and_brackets,32,uniform,greedy,,,64,5,0.784,0.049639,0.946,0.020591,0.77,0.041952,0.94,0.021909,500,0.731137,0.804746,61.39,63,False,224.27,385,False,1.0,0.0,0.2446089824120603,200,0.0013405948889819858,0.005541125541125541,,,,,,,0.6063311688311688,0.11619340153800256,0.7971280090760611,0.4199417757316747,0,results/T-sweep-Dyck-4/distributions/not_nested_parentheses_and_brackets_L32_T64_uniform_greedy_none.json
unconditional,not_nested_parentheses_and_brackets,32,uniform,greedy,,,128,5,0.888,0.013266,0.984,0.012,0.884,0.016248,0.978,0.011662,500,0.852958,0.909187,121.628,125,False,431.17,442,False,1.0,0.0,0.24306218592964823,200,0.0011677127426653043,0.0048265460030165915,,,,,,,0.6073246606334841,0.09938518764421021,0.769528309799803,0.37902221424855365,0,results/T-sweep-Dyck-4/distributions/not_nested_parentheses_and_brackets_L32_T128_uniform_greedy_none.json
unconditional,not_nested_parentheses_and_brackets,32,uniform,categorical,,,1,5,0.066,0.012,0.066,0.024166,0.006,0.004899,0.846,0.036111,500,0.002043,0.017491,1.0,1,False,20.64,3,True,,,,3,,,,,,,,,0.5416666666666666,0.02946278254943948,1.2433862433862435,0.36411958802296834,0,results/T-sweep-Dyck-4/distributions/not_nested_parentheses_and_brackets_L32_T1_uniform_categorical_none.json
unconditional,not_nested_parentheses_and_brackets,32,uniform,categorical,,,2,5,0.122,0.034871,0.132,0.029257,0.032,0.024819,0.794,0.037736,500,0.019791,0.051345,1.814,2,False,22.06,16,False,1.0,0.0,0.27098039215686276,16,0.032388663967611336,0.13389121338912133,,,,,,,0.4778645833333333,0.07671249125862206,1.2327741702741704,0.8382035553900415,0,results/T-sweep-Dyck-4/distributions/not_nested_parentheses_and_brackets_L32_T2_uniform_categorical_none.json
unconditional,not_nested_parentheses_and_brackets,32,uniform,categorical,,,4,5,0.202,0.026382,0.19,0.016733,0.098,0.01833,0.786,0.025768,500,0.074924,0.127207,3.67,4,False,26.31,49,False,1.0,0.0,0.2665653008962868,49,0.010575016523463317,0.04371584699453552,,,,,,,0.45986394557823135,0.08698908937677306,1.0862075566157199,0.445319938541924,0,results/T-sweep-Dyck-4/distributions/not_nested_parentheses_and_brackets_L32_T4_uniform_categorical_none.json
unconditional,parentheses_and_brackets,32,ar,categorical,,,34,5,1.0,0.0,1.0,0.0,1.0,0.0,1.0,0.0,500,0.992375,1.0,33.0,33,False,2068.5,500,False,1.0,0.0,0.2685518788913119,200,0.0009102730819245773,0.0032258064516129032,,,,,,,0.3567607142857143,0.0878439261174364,1.1668617493617495,0.6956900098153185,0,results/T-sweep-Dyck-4/distributions/parentheses_and_brackets_L32_T34_ar_categorical_none.json
unconditional,not_nested_parentheses_and_brackets,32,uniform,categorical,,,8,5,0.344,0.037736,0.36,0.010954,0.282,0.027857,0.726,0.013565,500,0.244336,0.322989,7.426,8,False,37.05,141,False,1.0,0.0,0.26887800393126626,141,0.003665521191294387,0.015151515151515152,,,,,,,0.4309988179669031,0.0981775532028453,0.9956676696038399,0.3538252867082323,0,results/T-sweep-Dyck-4/distributions/not_nested_parentheses_and_brackets_L32_T8_uniform_categorical_none.json
unconditional,not_nested_parentheses_and_brackets,32,uniform,categorical,,,16,5,0.562,0.0402,0.566,0.039799,0.52,0.042426,0.774,0.028705,500,0.476223,0.563472,15.088,16,False,62.36,260,False,1.0,0.0,0.270495086035764,200,0.0019975031210986267,0.008258064516129033,,,,,,,0.4289697802197802,0.10013861262746736,1.0579556554556555,0.4264211521483035,0,results/T-sweep-Dyck-4/distributions/not_nested_parentheses_and_brackets_L32_T16_uniform_categorical_none.json
unconditional,not_nested_parentheses_and_brackets,32,uniform,categorical,,,32,5,0.734,0.030725,0.722,0.034871,0.696,0.027276,0.84,0.026077,500,0.654313,0.734699,30.544,32,False,108.79,348,False,1.0,0.0,0.2699999211126275,200,0.001490035388340473,0.006159769008662175,,,,,,,0.4179255610290093,0.09044205035703179,1.0774443946857741,0.44788862511069333,0,results/T-sweep-Dyck-4/distributions/not_nested_parentheses_and_brackets_L32_T32_uniform_categorical_none.json
unconditional,not_nested_parentheses_and_brackets,32,uniform,categorical,,,64,5,0.854,0.028705,0.858,0.027857,0.848,0.032496,0.93,0.012649,500,0.813885,0.876808,61.086,63,False,212.46,424,False,1.0,0.0,0.2688048145369255,200,0.0012223071046600458,0.005052897520922154,,,,,,,0.42251375786163525,0.10045633305088048,1.073393980233603,0.4530472575442512,0,results/T-sweep-Dyck-4/distributions/not_nested_parentheses_and_brackets_L32_T64_uniform_categorical_none.json
unconditional,not_nested_parentheses_and_brackets,32,uniform,greedy,,,256,5,0.95,0.018974,0.994,0.004899,0.948,0.020396,0.99,0.006325,500,0.924898,0.96427,241.732,249,False,815.99,474,False,1.0,0.0,0.24190797738693468,200,0.0010888798148904315,0.00450070323488045,,,,,,,0.601925105485232,0.1038387624595165,0.7458561129447205,0.35147173683737,0,results/T-sweep-Dyck-4/distributions/not_nested_parentheses_and_brackets_L32_T256_uniform_greedy_none.json
unconditional,not_nested_parentheses_and_brackets,32,uniform,categorical,,,128,5,0.926,0.020591,0.94,0.02,0.924,0.019596,0.96,0.020976,500,0.897403,0.944131,121.364,125,False,338.33,462,False,1.0,0.0,0.2694510555289008,200,0.0011231222799382282,0.0046430644225188625,,,,,,,0.42124819624819626,0.09516428020231231,1.0935369464590243,0.44983072086812126,0,results/T-sweep-Dyck-4/distributions/not_nested_parentheses_and_brackets_L32_T128_uniform_categorical_none.json
unconditional,not_nested_parentheses_and_brackets,32,gaussian,greedy,1.0,,1,5,1.0,0.0,1.0,0.0,1.0,0.0,1.0,0.0,500,0.992375,1.0,1.002,2,False,13.13,500,False,0.002,0.998,0.0,200,0.0001935483870967742,0.0002666666666666667,,,,,,,1.0,0.0,0.0,0.0,0,results/T-sweep-Dyck-4/distributions/not_nested_parentheses_and_brackets_L32_T1_gaussian_greedy_sigma1.0.json
unconditional,not_nested_parentheses_and_brackets,32,gaussian,greedy,2.0,,1,5,1.0,0.0,1.0,0.0,1.0,0.0,1.0,0.0,500,0.992375,1.0,1.008,2,False,20.29,500,False,0.002,0.998,0.0,200,0.0001935483870967742,0.0002666666666666667,,,,,,,1.0,0.0,0.0,0.0,0,results/T-sweep-Dyck-4/distributions/not_nested_parentheses_and_brackets_L32_T1_gaussian_greedy_sigma2.0.json
unconditional,not_nested_parentheses_and_brackets,32,gaussian,greedy,5.0,,1,5,1.0,0.0,1.0,0.0,1.0,0.0,1.0,0.0,500,0.992375,1.0,1.032,2,False,20.8,500,False,0.002,0.998,0.0,200,0.0001935483870967742,0.0002666666666666667,,,,,,,1.0,0.0,0.0,0.0,0,results/T-sweep-Dyck-4/distributions/not_nested_parentheses_and_brackets_L32_T1_gaussian_greedy_sigma5.0.json
unconditional,not_nested_parentheses_and_brackets,32,gaussian,greedy,10.0,,1,5,1.0,0.0,1.0,0.0,1.0,0.0,1.0,0.0,500,0.992375,1.0,1.068,2,False,20.71,500,False,0.002,0.998,0.0,200,0.0001935483870967742,0.0002666666666666667,,,,,,,1.0,0.0,0.0,0.0,0,results/T-sweep-Dyck-4/distributions/not_nested_parentheses_and_brackets_L32_T1_gaussian_greedy_sigma10.0.json
unconditional,not_nested_parentheses_and_brackets,32,gaussian,greedy,20.0,,1,5,0.998,0.004,1.0,0.0,0.998,0.004,1.0,0.0,500,0.988759,0.999647,1.162,2,False,20.79,499,False,0.002004008016032064,0.9979959919839679,0.0,200,0.0001939362596160062,0.0002672010688042752,,,,,,,1.0,0.0,0.0,0.0,0,results/T-sweep-Dyck-4/distributions/not_nested_parentheses_and_brackets_L32_T1_gaussian_greedy_sigma20.0.json
unconditional,not_nested_parentheses_and_brackets,32,gaussian,greedy,50.0,,1,5,0.99,0.010954,1.0,0.0,0.99,0.010954,1.0,0.0,500,0.976807,0.995721,1.304,2,False,20.76,495,False,0.00202020202020202,0.997979797979798,0.0,200,0.00019550342130987292,0.00026936026936026934,,,,,,,1.0,0.0,0.0,0.0,0,results/T-sweep-Dyck-4/distributions/not_nested_parentheses_and_brackets_L32_T1_gaussian_greedy_sigma50.0.json
unconditional,not_nested_parentheses_and_brackets,32,gaussian,greedy,100.0,,1,5,0.962,0.013266,1.0,0.0,0.962,0.013266,1.0,0.0,500,0.941415,0.97554,1.434,2,False,20.86,481,False,0.002079002079002079,0.997920997920998,0.0,200,0.00020119374958084635,0.0002772002772002772,,,,,,,1.0,0.0,0.0,0.0,0,results/T-sweep-Dyck-4/distributions/not_nested_parentheses_and_brackets_L32_T1_gaussian_greedy_sigma100.0.json
unconditional,not_nested_parentheses_and_brackets,32,gaussian,greedy,256.0,,1,5,0.94,0.010954,1.0,0.0,0.94,0.010954,1.0,0.0,500,0.915638,0.957652,1.512,2,False,20.81,470,False,0.002127659574468085,0.997872340425532,0.0,200,0.0002059025394646534,0.00028368794326241134,,,,,,,1.0,0.0,0.0,0.0,0,results/T-sweep-Dyck-4/distributions/not_nested_parentheses_and_brackets_L32_T1_gaussian_greedy_sigma256.0.json
unconditional,not_nested_parentheses_and_brackets,32,gaussian,greedy,1.0,,2,5,0.83,0.032863,1.0,0.0,0.83,0.032863,1.0,0.0,500,0.794588,0.86038,2.002,3,False,22.78,415,False,0.0024096385542168677,0.9975903614457832,0.0,200,0.0002331908278274388,0.000321285140562249,,,,,,,1.0,0.0,0.0,0.0,0,results/T-sweep-Dyck-4/distributions/not_nested_parentheses_and_brackets_L32_T2_gaussian_greedy_sigma1.0.json
unconditional,not_nested_parentheses_and_brackets,32,gaussian,greedy,2.0,,2,5,0.564,0.046303,1.0,0.0,0.564,0.046303,1.0,0.0,500,0.520209,0.606815,2.006,3,False,23.03,282,False,0.0035460992907801418,0.9964539007092199,0.0,200,0.00034317089910775565,0.00047281323877068556,,,,,,,1.0,0.0,0.0,0.0,0,results/T-sweep-Dyck-4/distributions/not_nested_parentheses_and_brackets_L32_T2_gaussian_greedy_sigma2.0.json
unconditional,not_nested_parentheses_and_brackets,32,gaussian,greedy,5.0,,2,5,0.128,0.052307,1.0,0.0,0.128,0.052307,0.976,0.013565,500,0.101526,0.160146,2.004,3,False,23.37,64,False,0.046875,0.953125,0.001953125,64,0.0020161290322580645,0.004166666666666667,,,,,,,0.99609375,0.02174907954230477,0.0,0.0,0,results/T-sweep-Dyck-4/distributions/not_nested_parentheses_and_brackets_L32_T2_gaussian_greedy_sigma5.0.json
unconditional,not_nested_parentheses_and_brackets,32,gaussian,greedy,10.0,,2,5,0.016,0.012,0.886,0.034986,0.016,0.012,0.94,0.028983,500,0.008129,0.031251,2.004,3,False,20.35,8,False,0.375,0.625,0.015625,8,0.016129032258064516,0.03333333333333333,,,,,,,0.96875,0.05412658773652741,0.0,0.0,0,results/T-sweep-Dyck-4/distributions/not_nested_parentheses_and_brackets_L32_T2_gaussian_greedy_sigma10.0.json
unconditional,not_nested_parentheses_and_brackets,32,gaussian,greedy,20.0,,2,5,0.004,0.004899,0.564,0.058515,0.004,0.004899,0.854,0.037736,500,0.001098,0.014466,2.004,3,False,22.76,2,True,,,,2,,,,,,,,,0.9375,0.0625,0.0,0.0,0,results/T-sweep-Dyck-4/distributions/not_nested_parentheses_and_brackets_L32_T2_gaussian_greedy_sigma20.0.json
unconditional,not_nested_parentheses_and_brackets,32,gaussian,greedy,50.0,,2,5,0.0,0.0,0.498,0.01833,0.0,0.0,0.698,0.032496,500,-0.0,0.007625,2.002,3,False,22.4,0,True,,,,0,,,,,,,,,,,,,0,results/T-sweep-Dyck-4/distributions/not_nested_parentheses_and_brackets_L32_T2_gaussian_greedy_sigma50.0.json
unconditional,not_nested_parentheses_and_brackets,32,gaussian,greedy,100.0,,2,5,0.004,0.004899,0.468,0.036551,0.004,0.004899,0.592,0.030594,500,0.001098,0.014466,2.008,3,False,22.43,2,True,,,,2,,,,,,,,,1.0,0.0,0.5272727272727272,0.07272727272727272,0,results/T-sweep-Dyck-4/distributions/not_nested_parentheses_and_brackets_L32_T2_gaussian_greedy_sigma100.0.json
unconditional,not_nested_parentheses_and_brackets,32,gaussian,greedy,256.0,,2,5,0.004,0.008,0.44,0.030984,0.004,0.008,0.504,0.026533,500,0.001098,0.014466,2.006,3,False,22.33,2,True,,,,2,,,,,,,,,0.875,0.125,0.3,0.3,0,results/T-sweep-Dyck-4/distributions/not_nested_parentheses_and_brackets_L32_T2_gaussian_greedy_sigma256.0.json
unconditional,not_nested_parentheses_and_brackets,32,gaussian,greedy,1.0,,4,5,0.134,0.024166,0.214,0.023324,0.134,0.024166,0.136,0.021541,500,0.106915,0.166667,2.418,4,False,35.29,67,False,0.23880597014925373,0.7611940298507462,0.029101650836725463,67,0.004814636494944632,0.008955223880597015,,,,,,,0.49533582089552236,0.016424269460502808,0.0029850746268656717,0.013787469114976136,0,results/T-sweep-Dyck-4/distributions/not_nested_parentheses_and_brackets_L32_T4_gaussian_greedy_sigma1.0.json
unconditional,not_nested_parentheses_and_brackets,32,gaussian,greedy,2.0,,4,5,0.06,0.0,0.046,0.013565,0.034,0.004899,0.06,0.018974,500,0.021334,0.053772,2.322,4,False,36.66,17,False,0.8235294117647058,0.17647058823529416,0.16590073529411764,17,0.028462998102466792,0.06862745098039216,,,,,,,0.5661764705882353,0.12215623327820699,0.3389355742296919,0.62164127056153,0,results/T-sweep-Dyck-4/distributions/not_nested_parentheses_and_brackets_L32_T4_gaussian_greedy_sigma2.0.json
unconditional,not_nested_parentheses_and_brackets,32,gaussian,greedy,5.0,,4,5,0.224,0.028705,0.102,0.019391,0.06,0.006325,0.216,0.032,500,0.042348,0.084362,2.962,5,False,40.02,30,False,1.0,0.0,0.21580459770114943,30,0.017204301075268817,0.06,,,,,,,0.79375,0.12305782854685299,2.4776046176046176,1.9392198757608743,0,results/T-sweep-Dyck-4/distributions/not_nested_parentheses_and_brackets_L32_T4_gaussian_greedy_sigma5.0.json
unconditional,not_nested_parentheses_and_brackets,32,gaussian,greedy,10.0,,4,5,0.154,0.027276,0.152,0.020396,0.066,0.014967,0.232,0.034871,500,0.047378,0.09124,3.076,5,False,40.24,33,False,1.0,0.0,0.22132457386363635,33,0.015640273704789834,0.05555555555555555,,,,,,,0.8106060606060606,0.10932477037622584,1.462258953168044,1.310130507088121,0,results/T-sweep-Dyck-4/distributions/not_nested_parentheses_and_brackets_L32_T4_gaussian_greedy_sigma10.0.json
unconditional,not_nested_parentheses_and_brackets,32,gaussian,greedy,20.0,,4,5,0.116,0.037736,0.138,0.016,0.056,0.025768,0.214,0.058172,500,0.039025,0.079745,3.096,5,False,37.61,28,False,1.0,0.0,0.23950066137566137,28,0.018433179723502304,0.06785714285714285,,,,,,,0.7366071428571429,0.1286922795124962,1.1186004471718758,1.2994368942590466,0,results/T-sweep-Dyck-4/distributions/not_nested_parentheses_and_brackets_L32_T4_gaussian_greedy_sigma20.0.json
unconditional,not_nested_parentheses_and_brackets,32,gaussian,greedy,50.0,,4,5,0.146,0.034986,0.194,0.042237,0.098,0.024819,0.242,0.029257,500,0.074924,0.127207,3.288,5,False,33.75,49,False,1.0,0.0,0.2360358205782313,49,0.01053324555628703,0.04353741496598639,,,,,,,0.6849489795918368,0.1546263516397116,0.6328302083404124,0.5915294702195052,0,results/T-sweep-Dyck-4/distributions/not_nested_parentheses_and_brackets_L32_T4_gaussian_greedy_sigma50.0.json
unconditional,not_nested_parentheses_and_brackets,32,uniform,greedy,,,512,5,0.978,0.014697,0.994,0.004899,0.974,0.013565,0.99,0.006325,500,0.956028,0.984744,481.97,497,False,1356.44,487,False,1.0,0.0,0.24454224246231157,200,0.0010598132079221037,0.004380561259411362,,,,,,,0.5966375770020534,0.10229928795901606,0.7344597451373632,0.3078098998758304,0,results/T-sweep-Dyck-4/distributions/not_nested_parentheses_and_brackets_L32_T512_uniform_greedy_none.json
unconditional,not_nested_parentheses_and_brackets,32,uniform,categorical,,,256,5,0.968,0.014697,0.966,0.012,0.966,0.012,0.982,0.011662,500,0.946228,0.978666,240.622,249,False,757.32,483,False,1.0,0.0,0.2689869176443876,200,0.0010743302222520647,0.004441360166551007,,,,,,,0.42867238868791663,0.09669887180277374,1.0717928321965589,0.4462146105460081,0,results/T-sweep-Dyck-4/distributions/not_nested_parentheses_and_brackets_L32_T256_uniform_categorical_none.json
unconditional,not_nested_parentheses_and_brackets,32,gaussian,greedy,100.0,,4,5,0.146,0.038781,0.202,0.050359,0.092,0.020396,0.274,0.042708,500,0.069682,0.120539,3.384,5,False,32.29,46,False,1.0,0.0,0.2523550724637681,46,0.011220196353436185,0.0463768115942029,,,,,,,0.6603260869565217,0.1413565956917386,0.9722451461581897,0.9861309491759105,0,results/T-sweep-Dyck-4/distributions/not_nested_parentheses_and_brackets_L32_T4_gaussian_greedy_sigma100.0.json
unconditional,not_nested_parentheses_and_brackets,32,gaussian,greedy,256.0,,4,5,0.138,0.016,0.214,0.032619,0.094,0.020591,0.288,0.037094,500,0.071426,0.122765,3.518,5,False,30.88,47,False,1.0,0.0,0.24442067530064754,47,0.01098146877144818,0.04539007092198582,,,,,,,0.6595744680851063,0.14801911818451466,0.7090389515921431,0.73202814974899,0,results/T-sweep-Dyck-4/distributions/not_nested_parentheses_and_brackets_L32_T4_gaussian_greedy_sigma256.0.json
unconditional,not_nested_parentheses_and_brackets,32,gaussian,greedy,1.0,,8,5,0.048,0.016,0.048,0.024819,0.032,0.017205,0.044,0.014967,500,0.019791,0.051345,4.878,8,False,61.0,16,False,0.9375,0.0625,0.213671875,16,0.03024193548387097,0.07708333333333334,,,,,,,0.46875,0.05846339666834283,2.588034188034188,3.88335400242247,0,results/T-sweep-Dyck-4/distributions/not_nested_parentheses_and_brackets_L32_T8_gaussian_greedy_sigma1.0.json
unconditional,not_nested_parentheses_and_brackets,32,gaussian,greedy,2.0,,8,5,0.098,0.024,0.092,0.032496,0.058,0.026382,0.116,0.030067,500,0.040683,0.082057,5.46,8,False,64.95,29,False,1.0,0.0,0.2817887931034483,29,0.017797552836484983,0.06551724137931035,,,,,,,0.4978448275862069,0.11190306022195835,3.1773460256218877,4.477296159787413,0,results/T-sweep-Dyck-4/distributions/not_nested_parentheses_and_brackets_L32_T8_gaussian_greedy_sigma2.0.json
unconditional,not_nested_parentheses_and_brackets,32,gaussian,greedy,5.0,,8,5,0.21,0.057619,0.212,0.058788,0.136,0.033823,0.258,0.0402,500,0.108715,0.168836,5.886,9,False,69.91,68,False,1.0,0.0,0.2865246378402107,68,0.007590132827324478,0.03137254901960784,,,,,,,0.5340073529411765,0.09185200262983234,1.6002474649533471,1.700676822218848,0,results/T-sweep-Dyck-4/distributions/not_nested_parentheses_and_brackets_L32_T8_gaussian_greedy_sigma5.0.json
unconditional,not_nested_parentheses_and_brackets,32,gaussian,greedy,20.0,,8,5,0.354,0.043174,0.382,0.046217,0.266,0.04128,0.456,0.067409,500,0.22916,0.306409,6.642,9,False,46.43,133,False,1.0,0.0,0.26699739405331513,133,0.003880669415474169,0.016040100250626566,,,,,,,0.612312030075188,0.1143897768958608,1.2672542161263967,1.2454206278072955,0,results/T-sweep-Dyck-4/distributions/not_nested_parentheses_and_brackets_L32_T8_gaussian_greedy_sigma20.0.json
unconditional,not_nested_parentheses_and_brackets,32,gaussian,greedy,10.0,,8,5,0.298,0.027857,0.328,0.029257,0.218,0.016,0.384,0.063435,500,0.184033,0.256267,6.3,9,False,69.77,109,False,1.0,0.0,0.27666018943255183,109,0.004735128736312519,0.019571865443425075,,,,,,,0.5865825688073395,0.11543329846019834,1.5917063568439713,2.024117446832995,0,results/T-sweep-Dyck-4/distributions/not_nested_parentheses_and_brackets_L32_T8_gaussian_greedy_sigma10.0.json
unconditional,not_nested_parentheses_and_brackets,32,gaussian,greedy,50.0,,8,5,0.408,0.040694,0.498,0.022271,0.346,0.033823,0.552,0.049558,500,0.305621,0.388728,7.214,9,False,55.93,173,False,1.0,0.0,0.26585919646457856,173,0.0029834048107402573,0.01233140655105973,,,,,,,0.6123554913294798,0.1262508830686964,1.3008043979142245,1.6138568159355515,0,results/T-sweep-Dyck-4/distributions/not_nested_parentheses_and_brackets_L32_T8_gaussian_greedy_sigma50.0.json
unconditional,not_nested_parentheses_and_brackets,32,gaussian,greedy,100.0,,8,5,0.45,0.04858,0.476,0.066513,0.346,0.048826,0.572,0.033106,500,0.305621,0.388728,7.426,9,False,37.14,173,False,1.0,0.0,0.267007074203522,173,0.0029834048107402573,0.01233140655105973,,,,,,,0.6304190751445087,0.10832609373606962,1.5319543654803771,1.6325365767711417,0,results/T-sweep-Dyck-4/distributions/not_nested_parentheses_and_brackets_L32_T8_gaussian_greedy_sigma100.0.json
unconditional,not_nested_parentheses_and_brackets,32,gaussian,greedy,256.0,,8,5,0.476,0.025768,0.51,0.070993,0.372,0.03763,0.602,0.024,500,0.33076,0.415192,7.61,9,False,51.93,186,False,1.0,0.0,0.2664232781168265,186,0.002774887270204648,0.011469534050179211,,,,,,,0.6001344086021505,0.11902373125135313,1.312590157751448,1.1796458101371554,0,results/T-sweep-Dyck-4/distributions/not_nested_parentheses_and_brackets_L32_T8_gaussian_greedy_sigma256.0.json
unconditional,not_nested_parentheses_and_brackets,32,gaussian,greedy,1.0,,16,5,0.15,0.051381,0.12,0.038987,0.1,0.040988,0.114,0.042237,500,0.076677,0.129423,11.144,16,False,115.19,50,False,1.0,0.0,0.25698979591836735,50,0.01032258064516129,0.042,,,,,,,0.45375,0.05563553271066972,0.8167059607059608,0.8236122203820193,0,results/T-sweep-Dyck-4/distributions/not_nested_parentheses_and_brackets_L32_T16_gaussian_greedy_sigma1.0.json
unconditional,not_nested_parentheses_and_brackets,32,gaussian,greedy,2.0,,16,5,0.25,0.054037,0.242,0.045343,0.194,0.04128,0.252,0.048744,500,0.161726,0.23094,11.996,17,False,122.13,97,False,1.0,0.0,0.2722428049828179,97,0.005320917858330562,0.021993127147766325,,,,,,,0.4587628865979381,0.06464526887208251,0.8744307239152601,0.7639494680522819,0,results/T-sweep-Dyck-4/distributions/not_nested_parentheses_and_brackets_L32_T16_gaussian_greedy_sigma2.0.json
unconditional,not_nested_parentheses_and_brackets,32,gaussian,greedy,5.0,,16,5,0.446,0.023324,0.54,0.028284,0.412,0.027857,0.512,0.039699,500,0.369688,0.455654,12.864,17,False,130.87,206,False,1.0,0.0,0.27434359296482413,200,0.002505480739116818,0.010355987055016181,,,,,,,0.4933252427184466,0.08877906221106985,1.0659077707621398,1.0477437040386388,0,results/T-sweep-Dyck-4/distributions/not_nested_parentheses_and_brackets_L32_T16_gaussian_greedy_sigma5.0.json
unconditional,not_nested_parentheses_and_brackets,32,gaussian,greedy,10.0,,16,5,0.602,0.058103,0.636,0.018547,0.528,0.038678,0.644,0.033823,500,0.484195,0.571378,13.456,17,False,128.14,264,False,1.0,0.0,0.26858746859296484,200,0.0019550342130987292,0.00808080808080808,,,,,,,0.5400094696969697,0.10269901644371604,1.243693007329371,1.1794863927335628,0,results/T-sweep-Dyck-4/distributions/not_nested_parentheses_and_brackets_L32_T16_gaussian_greedy_sigma10.0.json
unconditional,not_nested_parentheses_and_brackets,32,gaussian,greedy,20.0,,16,5,0.682,0.054918,0.768,0.061774,0.636,0.078128,0.764,0.074993,500,0.592937,0.676989,14.228,17,False,110.67,318,False,1.0,0.0,0.26034783291457286,200,0.0016230472712517752,0.0067085953878406705,,,,,,,0.5807783018867925,0.10721570745659564,1.0910677023884572,0.900119329271741,0,results/T-sweep-Dyck-4/distributions/not_nested_parentheses_and_brackets_L32_T16_gaussian_greedy_sigma20.0.json
unconditional,not_nested_parentheses_and_brackets,32,gaussian,greedy,50.0,,16,5,0.692,0.034871,0.794,0.027276,0.652,0.03763,0.82,0.042426,500,0.609232,0.69245,14.986,17,False,104.21,326,False,1.0,0.0,0.25621545226130654,200,0.001583217890362161,0.006543967280163599,,,,,,,0.5993098159509203,0.10797167471927033,1.117854333805254,1.1791538522899327,0,results/T-sweep-Dyck-4/distributions/not_nested_parentheses_and_brackets_L32_T16_gaussian_greedy_sigma50.0.json
unconditional,not_nested_parentheses_and_brackets,32,gaussian,greedy,100.0,,16,5,0.714,0.045869,0.794,0.032619,0.652,0.038678,0.826,0.030725,500,0.609232,0.69245,15.332,17,False,94.95,326,False,1.0,0.0,0.25590452261306534,200,0.001583217890362161,0.006543967280163599,,,,,,,0.5991180981595092,0.10886549227672165,1.0362135478699896,0.7253438131278396,0,results/T-sweep-Dyck-4/distributions/not_nested_parentheses_and_brackets_L32_T16_gaussian_greedy_sigma100.0.json
unconditional,not_nested_parentheses_and_brackets,32,gaussian,greedy,256.0,,16,5,0.684,0.032619,0.828,0.027129,0.632,0.024,0.842,0.019391,500,0.588871,0.673116,15.546,17,False,91.46,316,False,1.0,0.0,0.2548413944723618,200,0.0016333197223356473,0.006751054852320675,,,,,,,0.5953322784810127,0.11331878706729727,1.0429213543137594,0.7874166762746686,0,results/T-sweep-Dyck-4/distributions/not_nested_parentheses_and_brackets_L32_T16_gaussian_greedy_sigma256.0.json
unconditional,not_nested_parentheses_and_brackets,32,gaussian,greedy,1.0,,32,5,0.422,0.060465,0.356,0.077872,0.33,0.075366,0.344,0.075525,500,0.290217,0.372375,26.29,32,False,228.2,165,False,1.0,0.0,0.23217618255728012,165,0.0031280547409579668,0.01292929292929293,,,,,,,0.42234848484848486,0.04137293157852469,0.45286982377891466,0.23562728811980008,0,results/T-sweep-Dyck-4/distributions/not_nested_parentheses_and_brackets_L32_T32_gaussian_greedy_sigma1.0.json
unconditional,not_nested_parentheses_and_brackets,32,gaussian,greedy,2.0,,32,5,0.526,0.05004,0.534,0.041761,0.484,0.049639,0.526,0.030067,500,0.440485,0.527759,26.492,33,False,235.74,242,False,1.0,0.0,0.24815797738693468,200,0.0021327645961077045,0.008815426997245178,,,,,,,0.4269111570247934,0.05330831265229512,0.5286579352695056,0.36887853985333796,0,results/T-sweep-Dyck-4/distributions/not_nested_parentheses_and_brackets_L32_T32_gaussian_greedy_sigma2.0.json
unconditional,not_nested_parentheses_and_brackets,32,gaussian,greedy,5.0,,32,5,0.692,0.059127,0.77,0.0498,0.672,0.057061,0.746,0.049234,500,0.629673,0.711705,27.47,33,False,253.55,336,False,1.0,0.0,0.26587233040201,200,0.0015360983102918587,0.006349206349206349,,,,,,,0.46335565476190477,0.07666015272384158,0.8723612366469509,0.6446159503880621,0,results/T-sweep-Dyck-4/distributions/not_nested_parentheses_and_brackets_L32_T32_gaussian_greedy_sigma5.0.json
unconditional,not_nested_parentheses_and_brackets,32,gaussian,greedy,10.0,,32,5,0.778,0.037094,0.838,0.037094,0.736,0.035553,0.828,0.053066,500,0.695668,0.772733,27.666,33,False,249.25,368,False,1.0,0.0,0.2616763505025126,200,0.001402524544179523,0.005797101449275362,,,,,,,0.5254755434782609,0.08903798621282416,1.0536779645475298,0.7804902074197468,0,results/T-sweep-Dyck-4/distributions/not_nested_parentheses_and_brackets_L32_T32_gaussian_greedy_sigma10.0.json
unconditional,not_nested_parentheses_and_brackets,32,uniform,categorical,,,512,5,0.988,0.011662,0.99,0.010954,0.988,0.011662,0.994,0.008,500,0.974069,0.994489,482.204,497,False,1606.71,494,False,1.0,0.0,0.26847760816661925,200,0.0010512483574244415,0.004346054597310879,,,,,,,0.4226298920377868,0.10132929880604404,1.0760473388509826,0.40536492960169856,0,results/T-sweep-Dyck-4/distributions/not_nested_parentheses_and_brackets_L32_T512_uniform_categorical_none.json
unconditional,not_nested_parentheses_and_brackets,32,gaussian,greedy,50.0,,32,5,0.842,0.019391,0.952,0.013266,0.832,0.020396,0.924,0.014967,500,0.796725,0.862212,30.06,33,False,197.69,416,False,1.0,0.0,0.25202418341708543,200,0.0012406947890818859,0.005128205128205128,,,,,,,0.5934495192307693,0.10391552990548665,0.9208951305105152,0.571821261055066,0,results/T-sweep-Dyck-4/distributions/not_nested_parentheses_and_brackets_L32_T32_gaussian_greedy_sigma50.0.json
unconditional,not_nested_parentheses_and_brackets,32,gaussian,greedy,20.0,,32,5,0.832,0.044452,0.914,0.027276,0.816,0.049639,0.904,0.026533,500,0.77967,0.847511,28.664,33,False,227.02,408,False,1.0,0.0,0.25521199748743717,200,0.001265022137887413,0.00522875816993464,,,,,,,0.5715379901960784,0.10458562212734888,0.9451353657236011,0.604396216475669,0,results/T-sweep-Dyck-4/distributions/not_nested_parentheses_and_brackets_L32_T32_gaussian_greedy_sigma20.0.json
unconditional,not_nested_parentheses_and_brackets,32,gaussian,greedy,256.0,,32,5,0.78,0.026077,0.942,0.034293,0.772,0.027129,0.946,0.014967,500,0.733233,0.806619,31.17,33,False,169.29,386,False,1.0,0.0,0.24798680904522613,200,0.0013371218452281465,0.005526770293609672,,,,,,,0.5943976683937824,0.10408096076385605,0.879788720203228,0.5121508311581952,0,results/T-sweep-Dyck-4/distributions/not_nested_parentheses_and_brackets_L32_T32_gaussian_greedy_sigma256.0.json
unconditional,not_nested_parentheses_and_brackets,32,gaussian,greedy,100.0,,32,5,0.82,0.022804,0.932,0.013266,0.8,0.034059,0.936,0.013565,500,0.76271,0.832715,30.662,33,False,178.26,400,False,1.0,0.0,0.24917478015075376,200,0.0012903225806451613,0.005333333333333333,,,,,,,0.60640625,0.11082069114537006,0.9064800754800756,0.5982526778627605,0,results/T-sweep-Dyck-4/distributions/not_nested_parentheses_and_brackets_L32_T32_gaussian_greedy_sigma100.0.json
unconditional,not_nested_parentheses_and_brackets,32,gaussian,greedy,1.0,,64,5,0.698,0.017205,0.654,0.025768,0.626,0.049234,0.626,0.049234,500,0.582778,0.667301,55.614,63,False,438.44,313,False,1.0,0.0,0.20204773869346734,200,0.0016489745439554778,0.006815761448349307,,,,,,,0.40595047923322686,0.03873801916932908,0.32844790991755846,0.1299761228292708,0,results/T-sweep-Dyck-4/distributions/not_nested_parentheses_and_brackets_L32_T64_gaussian_greedy_sigma1.0.json
unconditional,not_nested_parentheses_and_brackets,32,gaussian,greedy,2.0,,64,5,0.734,0.033226,0.736,0.048,0.692,0.042615,0.71,0.038471,500,0.650197,0.730875,54.95,64,False,443.49,346,False,1.0,0.0,0.22952104271356785,200,0.0014917024053701287,0.006165703275529865,,,,,,,0.40841763005780346,0.0500726322876076,0.42720234165320875,0.21858967782980546,0,results/T-sweep-Dyck-4/distributions/not_nested_parentheses_and_brackets_L32_T64_gaussian_greedy_sigma2.0.json
unconditional,not_nested_parentheses_and_brackets,32,gaussian,greedy,10.0,,64,5,0.894,0.025768,0.954,0.013565,0.886,0.027276,0.942,0.011662,500,0.85515,0.910964,55.112,64,False,334.64,443,False,1.0,0.0,0.25465059673366836,200,0.0011650768222529672,0.004815650865312265,,,,,,,0.5286399548532731,0.09036044354700515,0.8979824289079368,0.5160629908487254,0,results/T-sweep-Dyck-4/distributions/not_nested_parentheses_and_brackets_L32_T64_gaussian_greedy_sigma10.0.json
unconditional,not_nested_parentheses_and_brackets,32,gaussian,greedy,5.0,,64,5,0.832,0.023152,0.884,0.021541,0.818,0.023152,0.858,0.026382,500,0.781797,0.849354,54.198,64,False,474.66,409,False,1.0,0.0,0.2541174623115578,200,0.0012619291742250965,0.0052159739201303994,,,,,,,0.4559902200488998,0.07149531865058811,0.7267444318789061,0.3986348911350388,0,results/T-sweep-Dyck-4/distributions/not_nested_parentheses_and_brackets_L32_T64_gaussian_greedy_sigma5.0.json
unconditional,not_nested_parentheses_and_brackets,32,gaussian,greedy,100.0,,64,5,0.904,0.024166,0.984,0.010198,0.9,0.023664,0.968,0.014697,500,0.870577,0.923323,60.038,64,False,217.3,450,False,1.0,0.0,0.24584013819095477,200,0.0011469534050179211,0.004740740740740741,,,,,,,0.5944444444444444,0.10114125008687504,0.7863342583342583,0.38521078254863794,0,results/T-sweep-Dyck-4/distributions/not_nested_parentheses_and_brackets_L32_T64_gaussian_greedy_sigma100.0.json
unconditional,not_nested_parentheses_and_brackets,32,gaussian,greedy,50.0,,64,5,0.92,0.030332,0.988,0.009798,0.914,0.032619,0.97,0.018974,500,0.88616,0.935527,58.762,64,False,354.98,457,False,1.0,0.0,0.24688991834170854,200,0.001129385190936684,0.0046681254558716264,,,,,,,0.5925875273522976,0.10270596533255787,0.8425519046963248,0.4967543841117787,0,results/T-sweep-Dyck-4/distributions/not_nested_parentheses_and_brackets_L32_T64_gaussian_greedy_sigma50.0.json
unconditional,not_nested_parentheses_and_brackets,32,gaussian,greedy,20.0,,64,5,0.9,0.032863,0.974,0.013565,0.894,0.030067,0.954,0.014967,500,0.863948,0.918043,56.274,64,False,430.54,447,False,1.0,0.0,0.2501209170854271,200,0.001154651078877102,0.004772557792692021,,,,,,,0.5769015659955258,0.10211626668403531,0.8749108708840253,0.4849288538491652,0,results/T-sweep-Dyck-4/distributions/not_nested_parentheses_and_brackets_L32_T64_gaussian_greedy_sigma20.0.json
unconditional,not_nested_parentheses_and_brackets,32,gaussian,greedy,256.0,,64,5,0.83,0.020976,0.97,0.012649,0.824,0.024166,0.982,0.014697,500,0.788185,0.854874,60.56,64,False,320.48,412,False,1.0,0.0,0.24628297738693467,200,0.001252740369558409,0.005177993527508091,,,,,,,0.5976941747572816,0.10181525323501026,0.8098836438642264,0.4251807623313409,0,results/T-sweep-Dyck-4/distributions/not_nested_parentheses_and_brackets_L32_T64_gaussian_greedy_sigma256.0.json
unconditional,not_nested_parentheses_and_brackets,32,gaussian,greedy,1.0,,128,5,0.828,0.038158,0.802,0.039192,0.794,0.039799,0.794,0.039799,500,0.756373,0.827144,112.866,126,False,658.69,397,False,1.0,0.0,0.1799976444723618,200,0.0013000731291135125,0.005373635600335852,,,,,,,0.3962531486146096,0.035083395017518525,0.2806997089112958,0.09346307644009375,0,results/T-sweep-Dyck-4/distributions/not_nested_parentheses_and_brackets_L32_T128_gaussian_greedy_sigma1.0.json
unconditional,not_nested_parentheses_and_brackets,32,gaussian,greedy,2.0,,128,5,0.864,0.02245,0.882,0.036551,0.852,0.024819,0.864,0.026533,500,0.818193,0.880439,110.706,126,False,808.2,426,False,1.0,0.0,0.216147141959799,200,0.0012115704982583674,0.005007824726134585,,,,,,,0.40199530516431925,0.04435218343150218,0.36392996674686817,0.1620544670610539,0,results/T-sweep-Dyck-4/distributions/not_nested_parentheses_and_brackets_L32_T128_gaussian_greedy_sigma2.0.json
unconditional,not_nested_parentheses_and_brackets,32,gaussian,greedy,10.0,,128,5,0.946,0.013565,0.974,0.020591,0.94,0.010954,0.962,0.011662,500,0.915638,0.957652,108.502,126,False,868.06,470,False,1.0,0.0,0.252816425879397,200,0.001098146877144818,0.0045390070921985815,,,,,,,0.5228723404255319,0.0902979387670961,0.8485330272564315,0.45361943714728215,0,results/T-sweep-Dyck-4/distributions/not_nested_parentheses_and_brackets_L32_T128_gaussian_greedy_sigma10.0.json
unconditional,not_nested_parentheses_and_brackets,32,gaussian,greedy,5.0,,128,5,0.938,0.009798,0.962,0.007483,0.928,0.009798,0.948,0.011662,500,0.901931,0.947542,108.89,126,False,939.43,464,False,1.0,0.0,0.253791614321608,200,0.0011123470522803114,0.004597701149425287,,,,,,,0.44127155172413796,0.06669074737565314,0.6455852576542231,0.32943324472633234,0,results/T-sweep-Dyck-4/distributions/not_nested_parentheses_and_brackets_L32_T128_gaussian_greedy_sigma5.0.json
unconditional,not_nested_parentheses_and_brackets,32,gaussian,greedy,20.0,,128,5,0.938,0.021354,0.98,0.014142,0.936,0.024166,0.976,0.016248,500,0.911047,0.954304,110.736,126,False,775.87,468,False,1.0,0.0,0.243075533919598,200,0.0011028398125172319,0.004558404558404558,,,,,,,0.5838675213675214,0.09879157446085507,0.8145053427104709,0.4091440082984259,0,results/T-sweep-Dyck-4/distributions/not_nested_parentheses_and_brackets_L32_T128_gaussian_greedy_sigma20.0.json
unconditional,parentheses_and_brackets,32,gaussian,greedy,256.0,,512,5,0.878,0.032496,1.0,0.0,0.878,0.032496,0.998,0.004,500,0.846395,0.903841,476.864,498,False,33821.33,439,False,1.0,0.0,0.14165436557788944,200,0.0002939231390991256,0.0006074411541381929,,,,,,,0.3775626423690205,0.10234916706297544,0.0,0.0,0,results/T-sweep-Dyck-4/distributions/parentheses_and_brackets_L32_T512_gaussian_greedy_sigma256.0.json
unconditional,not_nested_parentheses_and_brackets,32,gaussian,greedy,100.0,,128,5,0.912,0.020396,0.98,0.008944,0.908,0.017205,0.982,0.004,500,0.879461,0.930318,118.51,126,False,456.65,454,False,1.0,0.0,0.2440946922110553,200,0.001136848088674151,0.004698972099853157,,,,,,,0.6015969162995595,0.10372102042785984,0.7694824020815211,0.3736674224386279,0,results/T-sweep-Dyck-4/distributions/not_nested_parentheses_and_brackets_L32_T128_gaussian_greedy_sigma100.0.json
unconditional,not_nested_parentheses_and_brackets,32,gaussian,greedy,50.0,,128,5,0.93,0.016733,0.986,0.004899,0.928,0.014697,0.99,0.006325,500,0.901931,0.947542,115.468,126,False,676.67,464,False,1.0,0.0,0.2438018216080402,200,0.0011123470522803114,0.004597701149425287,,,,,,,0.5984644396551724,0.10222800500358793,0.7791417394865671,0.37498152958576203,0,results/T-sweep-Dyck-4/distributions/not_nested_parentheses_and_brackets_L32_T128_gaussian_greedy_sigma50.0.json
unconditional,parentheses_and_brackets,32,gaussian,categorical,100.0,,256,5,0.972,0.014697,1.0,0.0,0.972,0.014697,0.976,0.010198,500,0.953553,0.983249,232.314,250,False,12135.53,486,False,1.0,0.0,0.2697931820925106,200,0.0009395973154362416,0.0033300957402525324,,,,,,,0.3583599014154569,0.09823026884196191,1.1550212818731336,0.931403279624898,0,results/T-sweep-Dyck-4/distributions/parentheses_and_brackets_L32_T256_gaussian_categorical_sigma100.0.json
unconditional,not_nested_parentheses_and_brackets,32,gaussian,greedy,256.0,,128,5,0.856,0.036111,0.978,0.019391,0.856,0.036111,0.988,0.011662,500,0.822509,0.884062,119.424,126,False,636.92,428,False,1.0,0.0,0.24367933417085427,200,0.0012059089538739825,0.004984423676012461,,,,,,,0.6071845794392523,0.11047404670713917,0.7647228161246853,0.41157351645452317,0,results/T-sweep-Dyck-4/distributions/not_nested_parentheses_and_brackets_L32_T128_gaussian_greedy_sigma256.0.json
unconditional,parentheses_and_brackets,32,gaussian,categorical,1.0,,256,5,0.82,0.041952,1.0,0.0,0.82,0.041952,0.82,0.041952,500,0.783925,0.851196,211.38,249,False,13580.26,410,False,1.0,0.0,0.269267988779644,200,0.0011118170266836086,0.003940239697914957,,,,,,,0.36611475922451536,0.10264212447080906,1.1253639653029897,0.6705307683079641,0,results/T-sweep-Dyck-4/distributions/parentheses_and_brackets_L32_T256_gaussian_categorical_sigma1.0.json
unconditional,parentheses_and_brackets,32,gaussian,categorical,256.0,,256,5,0.968,0.017205,1.0,0.0,0.968,0.017205,0.98,0.016733,500,0.948655,0.980209,236.478,250,False,12168.53,484,False,1.0,0.0,0.2702769131235223,200,0.000942253331538565,0.0033393627382774455,,,,,,,0.3697522174794902,0.10024487816979126,1.1427588595977025,0.6757056398444974,0,results/T-sweep-Dyck-4/distributions/parentheses_and_brackets_L32_T256_gaussian_categorical_sigma256.0.json
unconditional,parentheses_and_brackets,32,gaussian,categorical,50.0,,256,5,0.932,0.027129,1.0,0.0,0.932,0.027129,0.938,0.019391,500,0.906479,0.950934,227.072,250,False,13263.61,466,False,1.0,0.0,0.27074801319372194,200,0.0009769713886950454,0.003462204270051933,,,,,,,0.36038984263233187,0.09092356995120625,1.1358741818505769,0.6391590591578118,0,results/T-sweep-Dyck-4/distributions/parentheses_and_brackets_L32_T256_gaussian_categorical_sigma50.0.json
unconditional,parentheses_and_brackets,32,gaussian,greedy,100.0,,512,5,0.922,0.023152,1.0,0.0,0.922,0.023152,0.996,0.004899,500,0.895146,0.942419,472.238,498,False,35184.47,461,False,1.0,0.0,0.13889996859296483,200,0.00027989643831782243,0.0005784526391901663,,,,,,,0.37703362255965295,0.10465183189708159,0.0,0.0,0,results/T-sweep-Dyck-4/distributions/parentheses_and_brackets_L32_T512_gaussian_greedy_sigma100.0.json
unconditional,not_nested_parentheses_and_brackets,32,gaussian,greedy,100.0,,256,5,0.91,0.023664,0.988,0.004,0.906,0.021541,0.994,0.004899,500,0.877235,0.928574,235.892,250,False,1140.59,453,False,1.0,0.0,0.2407043027638191,200,0.0011393576871038952,0.0047093451066961,,,,,,,0.6114790286975718,0.10175742213599445,0.751016998699118,0.3165290404580498,0,results/T-sweep-Dyck-4/distributions/not_nested_parentheses_and_brackets_L32_T256_gaussian_greedy_sigma100.0.json
unconditional,not_nested_parentheses_and_brackets,32,gaussian,greedy,20.0,,256,5,0.972,0.023152,0.998,0.004,0.972,0.023152,0.988,0.009798,500,0.953553,0.983249,221.408,250,False,1312.02,486,False,1.0,0.0,0.24927449748743719,200,0.0010619938935351122,0.0043895747599451305,,,,,,,0.5752314814814815,0.09799762435532146,0.8526770897141268,0.439600910587928,0,results/T-sweep-Dyck-4/distributions/not_nested_parentheses_and_brackets_L32_T256_gaussian_greedy_sigma20.0.json
unconditional,not_nested_parentheses_and_brackets,32,gaussian,greedy,1.0,,256,5,0.912,0.014697,0.892,0.025612,0.876,0.030067,0.876,0.030067,500,0.844212,0.902054,226.756,250,False,1532.36,438,False,1.0,0.0,0.17675643844221106,200,0.0011783767859773163,0.004794520547945206,,,,,,,0.3905536529680365,0.03158699985302791,0.26356869918513753,0.060868607920078484,0,results/T-sweep-Dyck-4/distributions/not_nested_parentheses_and_brackets_L32_T256_gaussian_greedy_sigma1.0.json
unconditional,not_nested_parentheses_and_brackets,32,gaussian,greedy,256.0,,256,5,0.862,0.047917,0.986,0.004899,0.856,0.047582,0.988,0.007483,500,0.822509,0.884062,238.172,250,False,1121.7,428,False,1.0,0.0,0.24334877512562814,200,0.0012059089538739825,0.004984423676012461,,,,,,,0.6070385514018691,0.10376121844428077,0.7640098219537472,0.36710216588730005,0,results/T-sweep-Dyck-4/distributions/not_nested_parentheses_and_brackets_L32_T256_gaussian_greedy_sigma256.0.json
unconditional,not_nested_parentheses_and_brackets,32,gaussian,greedy,10.0,,256,5,0.982,0.013266,0.992,0.004,0.978,0.011662,0.984,0.012,500,0.961039,0.987672,218.0,250,False,1492.67,489,False,1.0,0.0,0.2508903894472362,200,0.001055478593574774,0.0043626448534424,,,,,,,0.5273517382413088,0.08894456697241847,0.8210513866955584,0.41047032341320555,0,results/T-sweep-Dyck-4/distributions/not_nested_parentheses_and_brackets_L32_T256_gaussian_greedy_sigma10.0.json
unconditional,not_nested_parentheses_and_brackets,32,gaussian,greedy,2.0,,256,5,0.952,0.014697,0.95,0.014142,0.94,0.008944,0.946,0.004899,500,0.915638,0.957652,223.354,250,False,1573.32,470,False,1.0,0.0,0.21035097361809046,200,0.001098146877144818,0.0045390070921985815,,,,,,,0.4026595744680851,0.04465709854975749,0.33535636939892255,0.12953268918273414,0,results/T-sweep-Dyck-4/distributions/not_nested_parentheses_and_brackets_L32_T256_gaussian_greedy_sigma2.0.json
unconditional,not_nested_parentheses_and_brackets,32,gaussian,greedy,50.0,,256,5,0.946,0.020591,0.992,0.007483,0.946,0.020591,0.996,0.008,500,0.922573,0.962626,229.9,250,False,1371.34,473,False,1.0,0.0,0.24444488065326633,200,0.0010911818863806862,0.004510218463706836,,,,,,,0.5984408033826638,0.09920009188189151,0.7633686961382522,0.3535125952966235,0,results/T-sweep-Dyck-4/distributions/not_nested_parentheses_and_brackets_L32_T256_gaussian_greedy_sigma50.0.json
unconditional,not_nested_parentheses_and_brackets,32,gaussian,categorical,1.0,,1,5,0.066,0.012,0.066,0.024166,0.006,0.004899,0.846,0.036111,500,0.002043,0.017491,1.0,1,False,21.36,3,True,,,,3,,,,,,,,,0.5416666666666666,0.02946278254943948,1.2433862433862435,0.36411958802296834,0,results/T-sweep-Dyck-4/distributions/not_nested_parentheses_and_brackets_L32_T1_gaussian_categorical_sigma1.0.json
unconditional,not_nested_parentheses_and_brackets,32,gaussian,categorical,2.0,,1,5,0.066,0.012,0.066,0.024166,0.006,0.004899,0.838,0.040694,500,0.002043,0.017491,1.0,1,False,21.27,3,True,,,,3,,,,,,,,,0.5416666666666666,0.02946278254943948,1.2433862433862435,0.36411958802296834,0,results/T-sweep-Dyck-4/distributions/not_nested_parentheses_and_brackets_L32_T1_gaussian_categorical_sigma2.0.json
unconditional,not_nested_parentheses_and_brackets,32,gaussian,categorical,5.0,,1,5,0.066,0.012,0.066,0.024166,0.006,0.004899,0.83,0.037947,500,0.002043,0.017491,1.0,1,False,21.32,3,True,,,,3,,,,,,,,,0.5416666666666666,0.02946278254943948,1.2433862433862435,0.36411958802296834,0,results/T-sweep-Dyck-4/distributions/not_nested_parentheses_and_brackets_L32_T1_gaussian_categorical_sigma5.0.json
unconditional,not_nested_parentheses_and_brackets,32,gaussian,categorical,10.0,,1,5,0.06,0.010954,0.066,0.024166,0.008,0.004,0.78,0.035777,500,0.003115,0.020387,1.002,2,False,21.27,4,True,,,,4,,,,,,,,,0.578125,0.06810779599282303,1.253968253968254,0.31586902765289526,0,results/T-sweep-Dyck-4/distributions/not_nested_parentheses_and_brackets_L32_T1_gaussian_categorical_sigma10.0.json
unconditional,not_nested_parentheses_and_brackets,32,gaussian,categorical,20.0,,1,5,0.062,0.011662,0.07,0.026077,0.008,0.004,0.736,0.018547,500,0.003115,0.020387,1.002,2,False,21.31,4,True,,,,4,,,,,,,,,0.578125,0.06810779599282303,1.253968253968254,0.31586902765289526,0,results/T-sweep-Dyck-4/distributions/not_nested_parentheses_and_brackets_L32_T1_gaussian_categorical_sigma20.0.json
unconditional,not_nested_parentheses_and_brackets,32,gaussian,categorical,50.0,,1,5,0.068,0.01833,0.066,0.025768,0.008,0.004,0.624,0.056427,500,0.003115,0.020387,1.006,2,False,21.32,4,True,,,,4,,,,,,,,,0.515625,0.120017902310447,1.126984126984127,0.3742801943667174,0,results/T-sweep-Dyck-4/distributions/not_nested_parentheses_and_brackets_L32_T1_gaussian_categorical_sigma50.0.json
unconditional,not_nested_parentheses_and_brackets,32,gaussian,categorical,100.0,,1,5,0.064,0.013565,0.066,0.027276,0.012,0.004,0.516,0.07526,500,0.005511,0.025931,1.014,2,False,21.34,6,False,1.0,0.0,0.26145833333333335,6,0.08602150537634409,0.3388888888888889,,,,,,,0.5,0.11410886614690961,1.0846560846560847,0.31140611575792937,0,results/T-sweep-Dyck-4/distributions/not_nested_parentheses_and_brackets_L32_T1_gaussian_categorical_sigma100.0.json
unconditional,not_nested_parentheses_and_brackets,32,gaussian,greedy,5.0,,256,5,0.958,0.01833,0.968,0.013266,0.954,0.019596,0.966,0.013565,500,0.931922,0.969155,217.818,250,False,1722.27,477,False,1.0,0.0,0.2498696608040201,200,0.0010820315141678502,0.004472396925227114,,,,,,,0.45191299790356393,0.06702886107341179,0.6081909239141944,0.30491160895815744,0,results/T-sweep-Dyck-4/distributions/not_nested_parentheses_and_brackets_L32_T256_gaussian_greedy_sigma5.0.json
unconditional,not_nested_parentheses_and_brackets,32,gaussian,categorical,256.0,,1,5,0.056,0.008,0.072,0.026382,0.014,0.004899,0.458,0.058788,500,0.006798,0.028613,1.016,2,False,21.4,7,False,1.0,0.0,0.26413690476190477,7,0.07373271889400922,0.3,,,,,,,0.5,0.10564428184106457,1.1133786848072564,0.29676640633075535,0,results/T-sweep-Dyck-4/distributions/not_nested_parentheses_and_brackets_L32_T1_gaussian_categorical_sigma256.0.json
unconditional,not_nested_parentheses_and_brackets,32,gaussian,categorical,1.0,,2,5,0.056,0.016248,0.078,0.011662,0.014,0.004899,0.43,0.028284,500,0.006798,0.028613,1.492,2,False,24.08,7,False,1.0,0.0,0.25595238095238093,7,0.07373271889400922,0.2904761904761905,,,,,,,0.6160714285714286,0.15821468880954775,1.2312925170068028,0.7421308319625491,0,results/T-sweep-Dyck-4/distributions/not_nested_parentheses_and_brackets_L32_T2_gaussian_categorical_sigma1.0.json
unconditional,not_nested_parentheses_and_brackets,32,gaussian,categorical,2.0,,2,5,0.074,0.020591,0.094,0.024166,0.018,0.007483,0.432,0.041665,500,0.009498,0.033852,1.504,2,False,24.05,9,False,1.0,0.0,0.2604166666666667,9,0.05734767025089606,0.22962962962962963,,,,,,,0.6597222222222222,0.14163943093313291,1.1354497354497353,0.6851326816925271,0,results/T-sweep-Dyck-4/distributions/not_nested_parentheses_and_brackets_L32_T2_gaussian_categorical_sigma2.0.json
unconditional,not_nested_parentheses_and_brackets,32,gaussian,categorical,5.0,,2,5,0.1,0.014142,0.076,0.018547,0.024,0.013565,0.488,0.039699,500,0.013781,0.041477,1.57,2,False,24.06,12,False,1.0,0.0,0.2677556818181818,12,0.043010752688172046,0.175,,,,,,,0.5416666666666666,0.19320038532282716,1.1206830206830207,0.6550587216711022,0,results/T-sweep-Dyck-4/distributions/not_nested_parentheses_and_brackets_L32_T2_gaussian_categorical_sigma5.0.json
unconditional,not_nested_parentheses_and_brackets,32,gaussian,categorical,10.0,,2,5,0.086,0.018547,0.128,0.021354,0.02,0.006325,0.584,0.030067,500,0.010899,0.036421,1.72,3,False,23.81,10,False,1.0,0.0,0.259375,10,0.05161290322580645,0.20333333333333334,,,,,,,0.5375,0.10897247358851683,1.0025974025974027,0.32454754580331313,0,results/T-sweep-Dyck-4/distributions/not_nested_parentheses_and_brackets_L32_T2_gaussian_categorical_sigma10.0.json
unconditional,not_nested_parentheses_and_brackets,32,gaussian,categorical,20.0,,2,5,0.108,0.017205,0.13,0.020976,0.034,0.018547,0.686,0.020591,500,0.021334,0.053772,1.81,3,False,23.18,17,False,1.0,0.0,0.2632610701107011,17,0.030476190476190476,0.12598425196850394,,,,,,,0.49411764705882355,0.10101667442611009,1.109547152194211,0.46400564686417,0,results/T-sweep-Dyck-4/distributions/not_nested_parentheses_and_brackets_L32_T2_gaussian_categorical_sigma20.0.json
unconditional,not_nested_parentheses_and_brackets,32,gaussian,categorical,50.0,,2,5,0.136,0.033823,0.162,0.031875,0.05,0.022804,0.594,0.045869,500,0.034094,0.072769,1.882,3,False,22.97,25,False,1.0,0.0,0.26240577889447236,25,0.020752269779507133,0.08579088471849866,,,,,,,0.4325,0.08697062083766499,0.9816493506493507,0.40211097017580344,0,results/T-sweep-Dyck-4/distributions/not_nested_parentheses_and_brackets_L32_T2_gaussian_categorical_sigma50.0.json
unconditional,not_nested_parentheses_and_brackets,32,gaussian,categorical,100.0,,2,5,0.146,0.030725,0.156,0.034986,0.074,0.018547,0.6,0.026833,500,0.054161,0.100335,1.92,3,False,22.92,37,False,1.0,0.0,0.2663135593220339,37,0.01399825021872266,0.05786618444846293,,,,,,,0.46114864864864863,0.08301207249464099,1.044926094926095,0.35240442021795126,0,results/T-sweep-Dyck-4/distributions/not_nested_parentheses_and_brackets_L32_T2_gaussian_categorical_sigma100.0.json
unconditional,not_nested_parentheses_and_brackets,32,gaussian,categorical,256.0,,2,5,0.112,0.024819,0.144,0.023324,0.056,0.02245,0.462,0.024819,500,0.039025,0.079745,1.91,3,False,20.1,28,False,1.0,0.0,0.2682078051205568,28,0.018475750577367205,0.07637231503579953,,,,,,,0.4694940476190476,0.06830259881037984,0.9865491651205938,0.45401475722092705,0,results/T-sweep-Dyck-4/distributions/not_nested_parentheses_and_brackets_L32_T2_gaussian_categorical_sigma256.0.json
unconditional,not_nested_parentheses_and_brackets,32,gaussian,categorical,2.0,,4,5,0.156,0.018547,0.154,0.013565,0.102,0.011662,0.29,0.032863,500,0.078434,0.131635,2.732,4,False,22.18,51,False,1.0,0.0,0.2680269607843137,51,0.010120177103099304,0.04183006535947712,,,,,,,0.5465686274509803,0.12793319410152343,0.9630478454007866,0.3809360641439999,0,results/T-sweep-Dyck-4/distributions/not_nested_parentheses_and_brackets_L32_T4_gaussian_categorical_sigma2.0.json
unconditional,not_nested_parentheses_and_brackets,32,gaussian,categorical,1.0,,4,5,0.138,0.052307,0.124,0.044989,0.068,0.042615,0.308,0.082316,500,0.049066,0.093521,2.592,4,False,33.37,34,False,1.0,0.0,0.2710282976827095,34,0.015180265654648957,0.06274509803921569,,,,,,,0.5514705882352942,0.12451245751379485,1.047839741957389,0.5410916688437156,0,results/T-sweep-Dyck-4/distributions/not_nested_parentheses_and_brackets_L32_T4_gaussian_categorical_sigma1.0.json
unconditional,not_nested_parentheses_and_brackets,32,gaussian,categorical,5.0,,4,5,0.17,0.017889,0.174,0.048415,0.114,0.025768,0.24,0.065115,500,0.089036,0.14485,2.854,5,False,24.65,57,False,1.0,0.0,0.2690345368916798,57,0.009075439591605219,0.03751465416178194,,,,,,,0.5167397660818713,0.11477818686859437,1.223913318650161,0.6121592477747947,0,results/T-sweep-Dyck-4/distributions/not_nested_parentheses_and_brackets_L32_T4_gaussian_categorical_sigma5.0.json
unconditional,not_nested_parentheses_and_brackets,32,gaussian,categorical,10.0,,4,5,0.166,0.018547,0.178,0.021354,0.114,0.017436,0.24,0.038471,500,0.089036,0.14485,3.014,5,False,40.22,57,False,1.0,0.0,0.26766069464089265,57,0.009085746734809767,0.03755868544600939,,,,,,,0.48698830409356725,0.09665163655914238,1.03895850737956,0.39746359932196546,0,results/T-sweep-Dyck-4/distributions/not_nested_parentheses_and_brackets_L32_T4_gaussian_categorical_sigma10.0.json
unconditional,not_nested_parentheses_and_brackets,32,gaussian,categorical,20.0,,4,5,0.206,0.014967,0.196,0.042708,0.146,0.036111,0.292,0.03763,500,0.117748,0.17965,3.174,5,False,23.54,73,False,1.0,0.0,0.2648179912330856,73,0.007082779991146525,0.0292772186642269,,,,,,,0.4382990867579909,0.09004548554170544,1.099442072387278,0.4396317660280252,0,results/T-sweep-Dyck-4/distributions/not_nested_parentheses_and_brackets_L32_T4_gaussian_categorical_sigma20.0.json
unconditional,not_nested_parentheses_and_brackets,32,gaussian,categorical,100.0,,4,5,0.31,0.046043,0.308,0.031875,0.254,0.038262,0.458,0.044452,500,0.21782,0.293932,3.602,5,False,19.97,127,False,1.0,0.0,0.26837660917385325,127,0.004064008128016256,0.01679790026246719,,,,,,,0.45226377952755903,0.10594319207915105,1.1425094590448923,0.546267437533161,0,results/T-sweep-Dyck-4/distributions/not_nested_parentheses_and_brackets_L32_T4_gaussian_categorical_sigma100.0.json
unconditional,not_nested_parentheses_and_brackets,32,gaussian,categorical,50.0,,4,5,0.242,0.017205,0.262,0.045343,0.188,0.029257,0.368,0.0449,500,0.156179,0.224578,3.382,5,False,33.69,94,False,1.0,0.0,0.2680270936137508,94,0.005517241379310344,0.022808267997148968,,,,,,,0.4375886524822695,0.08332663697253996,1.0263547327377114,0.3716530671140052,0,results/T-sweep-Dyck-4/distributions/not_nested_parentheses_and_brackets_L32_T4_gaussian_categorical_sigma50.0.json
unconditional,not_nested_parentheses_and_brackets,32,gaussian,categorical,256.0,,4,5,0.324,0.057827,0.306,0.064684,0.258,0.055281,0.462,0.026382,500,0.221596,0.298095,3.66,5,False,19.49,129,False,1.0,0.0,0.26772501213003397,129,0.004007012271475081,0.016563146997929608,,,,,,,0.44838501291989663,0.09918421293633814,1.1500609640144526,0.542996810744646,0,results/T-sweep-Dyck-4/distributions/not_nested_parentheses_and_brackets_L32_T4_gaussian_categorical_sigma256.0.json
unconditional,not_nested_parentheses_and_brackets,32,gaussian,categorical,1.0,,8,5,0.218,0.053442,0.198,0.009798,0.144,0.025768,0.174,0.028705,500,0.115938,0.177491,5.33,8,False,58.25,72,False,1.0,0.0,0.273949785670545,72,0.00718132854578097,0.029684601113172542,,,,,,,0.515625,0.12458021719749612,1.1343133332716666,0.5515012722178507,0,results/T-sweep-Dyck-4/distributions/not_nested_parentheses_and_brackets_L32_T8_gaussian_categorical_sigma1.0.json
unconditional,parentheses_and_brackets,32,gaussian,greedy,50.0,,512,5,0.952,0.024819,1.0,0.0,0.952,0.024819,0.998,0.004,500,0.929572,0.967535,465.456,498,False,37063.78,476,False,1.0,0.0,0.138388033919598,200,0.0002710761724044456,0.0005602240896358543,,,,,,,0.3799894957983193,0.10308744806466631,0.0,0.0,0,results/T-sweep-Dyck-4/distributions/parentheses_and_brackets_L32_T512_gaussian_greedy_sigma50.0.json
unconditional,not_nested_parentheses_and_brackets,32,gaussian,categorical,2.0,,8,5,0.242,0.033106,0.226,0.033823,0.158,0.023152,0.244,0.040792,500,0.128652,0.192563,5.436,8,False,54.8,79,False,1.0,0.0,0.2664951174452362,79,0.006538618716796077,0.02702702702702703,,,,,,,0.48765822784810126,0.1074461461897852,1.0158876285458565,0.395211883383797,0,results/T-sweep-Dyck-4/distributions/not_nested_parentheses_and_brackets_L32_T8_gaussian_categorical_sigma2.0.json
unconditional,not_nested_parentheses_and_brackets,32,gaussian,categorical,20.0,,8,5,0.446,0.034986,0.416,0.032,0.378,0.04996,0.48,0.05099,500,0.33658,0.42128,6.624,9,False,62.64,189,False,1.0,0.0,0.2682265037130022,189,0.002737382378100941,0.011315417256011316,,,,,,,0.44010141093474425,0.09973248685322807,1.0877566290264704,0.4135824562449186,0,results/T-sweep-Dyck-4/distributions/not_nested_parentheses_and_brackets_L32_T8_gaussian_categorical_sigma20.0.json
unconditional,not_nested_parentheses_and_brackets,32,gaussian,categorical,5.0,,8,5,0.312,0.037094,0.328,0.033106,0.256,0.036111,0.382,0.051147,500,0.219707,0.296014,5.946,9,False,68.35,128,False,1.0,0.0,0.2680075232886638,128,0.00404244567963618,0.01671018276762402,,,,,,,0.47044270833333335,0.11639015490425791,0.9916779401154402,0.3742390959236247,0,results/T-sweep-Dyck-4/distributions/not_nested_parentheses_and_brackets_L32_T8_gaussian_categorical_sigma5.0.json
unconditional,not_nested_parentheses_and_brackets,32,gaussian,categorical,10.0,,8,5,0.302,0.03763,0.308,0.034293,0.262,0.031875,0.378,0.017205,500,0.225376,0.302254,6.202,9,False,67.44,131,False,1.0,0.0,0.2702175750670734,131,0.003945745992601726,0.0163098878695209,,,,,,,0.4405216284987278,0.10860951953707386,1.0824328343412313,0.46092768436667353,0,results/T-sweep-Dyck-4/distributions/not_nested_parentheses_and_brackets_L32_T8_gaussian_categorical_sigma10.0.json
unconditional,not_nested_parentheses_and_brackets,32,gaussian,categorical,100.0,,8,5,0.49,0.038987,0.49,0.030332,0.444,0.030067,0.584,0.049639,500,0.40104,0.487814,7.22,9,False,51.57,222,False,1.0,0.0,0.2674534367283829,200,0.002335084646818447,0.009653092006033183,,,,,,,0.43837924462924466,0.09189615890991079,1.0192234442234442,0.4089694632797321,0,results/T-sweep-Dyck-4/distributions/not_nested_parentheses_and_brackets_L32_T8_gaussian_categorical_sigma100.0.json
unconditional,not_nested_parentheses_and_brackets,32,gaussian,categorical,256.0,,8,5,0.464,0.02498,0.506,0.023324,0.436,0.026533,0.568,0.052688,500,0.393185,0.479791,7.216,9,False,48.95,218,False,1.0,0.0,0.26844779102539046,200,0.002376002376002376,0.009821976672805401,,,,,,,0.4304663608562691,0.09084230598394892,1.0693636893178178,0.42398697945423075,0,results/T-sweep-Dyck-4/distributions/not_nested_parentheses_and_brackets_L32_T8_gaussian_categorical_sigma256.0.json
unconditional,not_nested_parentheses_and_brackets,32,gaussian,categorical,50.0,,8,5,0.492,0.043081,0.484,0.028705,0.436,0.02498,0.562,0.056,500,0.393185,0.479791,6.938,9,False,54.32,218,False,1.0,0.0,0.2687466152819234,200,0.0023745918670228555,0.0098159509202454,,,,,,,0.4397553516819572,0.09442613320696576,1.0803520001914497,0.44815501281804154,0,results/T-sweep-Dyck-4/distributions/not_nested_parentheses_and_brackets_L32_T8_gaussian_categorical_sigma50.0.json
unconditional,not_nested_parentheses_and_brackets,32,gaussian,categorical,1.0,,16,5,0.378,0.03763,0.382,0.024,0.326,0.032,0.366,0.018547,500,0.286375,0.368279,11.996,16,False,70.63,163,False,1.0,0.0,0.2701886488076598,163,0.0031739734179726245,0.013120131201312012,,,,,,,0.47119120654396723,0.10135037331357274,1.069816260767181,0.42497056271066896,0,results/T-sweep-Dyck-4/distributions/not_nested_parentheses_and_brackets_L32_T16_gaussian_categorical_sigma1.0.json
unconditional,not_nested_parentheses_and_brackets,32,gaussian,categorical,2.0,,16,5,0.428,0.046648,0.438,0.063056,0.368,0.056356,0.412,0.061123,500,0.326884,0.411129,12.094,17,False,114.21,184,False,1.0,0.0,0.2709377123653662,184,0.0028139289482940555,0.011632133769538349,,,,,,,0.4539628623188406,0.10808419643100296,1.0878164408055713,0.4635221001986201,0,results/T-sweep-Dyck-4/distributions/not_nested_parentheses_and_brackets_L32_T16_gaussian_categorical_sigma2.0.json
unconditional,not_nested_parentheses_and_brackets,32,gaussian,categorical,5.0,,16,5,0.512,0.020396,0.516,0.032,0.484,0.020591,0.546,0.018547,500,0.440485,0.527759,12.764,17,False,125.62,242,False,1.0,0.0,0.2700469767383282,200,0.0021407546160021407,0.008849557522123894,,,,,,,0.4407467532467533,0.09725673000212348,1.0707675932882545,0.452183009164907,0,results/T-sweep-Dyck-4/distributions/not_nested_parentheses_and_brackets_L32_T16_gaussian_categorical_sigma5.0.json
unconditional,not_nested_parentheses_and_brackets,32,gaussian,categorical,10.0,,16,5,0.572,0.046648,0.596,0.04128,0.55,0.040988,0.61,0.033466,500,0.506176,0.593061,13.08,17,False,80.62,275,False,1.0,0.0,0.26914459337793456,200,0.0018852362436667844,0.007793472966390648,,,,,,,0.4346688311688312,0.10000618845752829,1.0584945559491015,0.4218332742289531,0,results/T-sweep-Dyck-4/distributions/not_nested_parentheses_and_brackets_L32_T16_gaussian_categorical_sigma10.0.json
unconditional,not_nested_parentheses_and_brackets,32,gaussian,categorical,50.0,,16,5,0.654,0.04128,0.66,0.05099,0.626,0.049234,0.706,0.02245,500,0.582778,0.667301,14.274,17,False,68.68,313,False,1.0,0.0,0.269754729761661,200,0.0016540887005065646,0.006837606837606838,,,,,,,0.42466719914802975,0.10070279177677721,1.0630885532642722,0.43398457586434475,0,results/T-sweep-Dyck-4/distributions/not_nested_parentheses_and_brackets_L32_T16_gaussian_categorical_sigma50.0.json
unconditional,not_nested_parentheses_and_brackets,32,gaussian,categorical,100.0,,16,5,0.716,0.05748,0.706,0.064062,0.69,0.064187,0.772,0.067646,500,0.648141,0.728962,14.86,17,False,58.4,345,False,1.0,0.0,0.269450104079507,200,0.0015022063655994742,0.006209974771977489,,,,,,,0.4256090407177364,0.0934541986526812,1.06914172783738,0.40817756859875726,0,results/T-sweep-Dyck-4/distributions/not_nested_parentheses_and_brackets_L32_T16_gaussian_categorical_sigma100.0.json
unconditional,not_nested_parentheses_and_brackets,32,gaussian,categorical,20.0,,16,5,0.648,0.036551,0.648,0.029257,0.614,0.033226,0.68,0.016733,500,0.570612,0.655649,13.644,17,False,112.22,307,False,1.0,0.0,0.2684073222357866,200,0.0016893675430260796,0.006983849847228284,,,,,,,0.43601675197766404,0.10289981558936119,1.0761023449948532,0.4281259250621142,0,results/T-sweep-Dyck-4/distributions/not_nested_parentheses_and_brackets_L32_T16_gaussian_categorical_sigma20.0.json
unconditional,parentheses_and_brackets,32,gaussian,categorical,2.0,,256,5,0.86,0.027568,1.0,0.0,0.86,0.027568,0.862,0.027857,500,0.826832,0.887678,211.14,250,False,15551.41,430,False,1.0,0.0,0.2736443292411424,200,0.0010633449794926325,0.0037688442211055275,,,,,,,0.3646825751767613,0.09756564472763754,1.1735014920480038,0.7483337976722354,0,results/T-sweep-Dyck-4/distributions/parentheses_and_brackets_L32_T256_gaussian_categorical_sigma2.0.json
unconditional,not_nested_parentheses_and_brackets,32,gaussian,categorical,256.0,,16,5,0.706,0.061188,0.714,0.055714,0.686,0.05748,0.762,0.068527,500,0.644031,0.725133,15.024,17,False,55.16,343,False,1.0,0.0,0.26906633480884046,200,0.0015098612814947628,0.006241466744685001,,,,,,,0.42410694262006216,0.09513450117141461,1.0681462690209047,0.4468143225152382,0,results/T-sweep-Dyck-4/distributions/not_nested_parentheses_and_brackets_L32_T16_gaussian_categorical_sigma256.0.json
unconditional,parentheses_and_brackets,32,gaussian,categorical,10.0,,256,5,0.932,0.027857,1.0,0.0,0.932,0.027857,0.934,0.026533,500,0.906479,0.950934,211.11,250,False,15249.2,466,False,1.0,0.0,0.2721440906013184,200,0.0009791579241852006,0.003470213996529786,,,,,,,0.3687844880441447,0.0902483064968402,1.1653470456582045,0.7399293188980075,0,results/T-sweep-Dyck-4/distributions/parentheses_and_brackets_L32_T256_gaussian_categorical_sigma10.0.json
unconditional,not_nested_parentheses_and_brackets,32,gaussian,categorical,1.0,,32,5,0.6,0.038471,0.616,0.038781,0.574,0.048415,0.586,0.040792,500,0.530253,0.616618,25.808,32,False,153.96,287,False,1.0,0.0,0.27100796996578,200,0.0018036298049825274,0.007455731593662628,,,,,,,0.43803716608594656,0.09856212862265026,1.072127195297927,0.4800572897098136,0,results/T-sweep-Dyck-4/distributions/not_nested_parentheses_and_brackets_L32_T32_gaussian_categorical_sigma1.0.json
unconditional,not_nested_parentheses_and_brackets,32,gaussian,categorical,2.0,,32,5,0.648,0.03544,0.654,0.044091,0.61,0.041952,0.65,0.04858,500,0.566563,0.651759,26.542,33,False,224.15,305,False,1.0,0.0,0.2704823677860669,200,0.0017019466014253802,0.007036059806508356,,,,,,,0.44300141115714886,0.09953772077835782,1.08344853689116,0.42039805072967396,0,results/T-sweep-Dyck-4/distributions/not_nested_parentheses_and_brackets_L32_T32_gaussian_categorical_sigma2.0.json
unconditional,not_nested_parentheses_and_brackets,32,gaussian,categorical,10.0,,32,5,0.746,0.047159,0.73,0.038471,0.716,0.048415,0.746,0.034986,500,0.674943,0.753763,26.452,33,False,205.36,358,False,1.0,0.0,0.27045200910449363,200,0.001448225923244026,0.00598690364826941,,,,,,,0.4197343043362597,0.09059203629598751,1.0543522740450115,0.47434203655688983,0,results/T-sweep-Dyck-4/distributions/not_nested_parentheses_and_brackets_L32_T32_gaussian_categorical_sigma10.0.json
unconditional,not_nested_parentheses_and_brackets,32,gaussian,categorical,5.0,,32,5,0.698,0.027857,0.692,0.029257,0.676,0.028,0.724,0.02245,500,0.633771,0.715545,26.094,33,False,237.83,338,False,1.0,0.0,0.26932749722884897,200,0.0015334483419589802,0.006339144215530904,,,,,,,0.4268103691180614,0.09389519409190873,1.0675486824155462,0.4187162655930868,0,results/T-sweep-Dyck-4/distributions/not_nested_parentheses_and_brackets_L32_T32_gaussian_categorical_sigma5.0.json
unconditional,not_nested_parentheses_and_brackets,32,gaussian,categorical,50.0,,32,5,0.81,0.055498,0.788,0.054185,0.78,0.068993,0.836,0.051614,500,0.741631,0.8141,28.988,33,False,149.08,390,False,1.0,0.0,0.26909752910280044,200,0.0013300083125519534,0.005498281786941581,,,,,,,0.43207112332112335,0.09701795404651849,1.0574510674510675,0.44780345090868057,0,results/T-sweep-Dyck-4/distributions/not_nested_parentheses_and_brackets_L32_T32_gaussian_categorical_sigma50.0.json
unconditional,not_nested_parentheses_and_brackets,32,gaussian,categorical,20.0,,32,5,0.8,0.040497,0.794,0.036111,0.78,0.035214,0.818,0.030594,500,0.741631,0.8141,27.88,33,False,212.97,390,False,1.0,0.0,0.2700499352106444,200,0.0013313363288400732,0.005503955968352253,,,,,,,0.4261401098901099,0.09323237192951161,1.0743165168165167,0.43667774023969996,0,results/T-sweep-Dyck-4/distributions/not_nested_parentheses_and_brackets_L32_T32_gaussian_categorical_sigma20.0.json
unconditional,not_nested_parentheses_and_brackets,32,gaussian,categorical,100.0,,32,5,0.812,0.030594,0.826,0.028705,0.802,0.029257,0.864,0.032,500,0.764825,0.834569,29.972,33,False,173.65,401,False,1.0,0.0,0.26864608938503387,200,0.0012935564718247231,0.0053475935828877,,,,,,,0.4194433787326556,0.09418312306401526,1.0639079609777864,0.4065461084734882,0,results/T-sweep-Dyck-4/distributions/not_nested_parentheses_and_brackets_L32_T32_gaussian_categorical_sigma100.0.json
unconditional,not_nested_parentheses_and_brackets,32,gaussian,categorical,256.0,,32,5,0.792,0.027857,0.792,0.017205,0.77,0.022804,0.828,0.017205,500,0.731137,0.804746,29.884,33,False,168.67,385,False,1.0,0.0,0.2693364621851395,200,0.0013487313495743067,0.0055758843004007665,,,,,,,0.42659186052043196,0.09191010940930312,1.0743789471711551,0.4025805880146308,0,results/T-sweep-Dyck-4/distributions/not_nested_parentheses_and_brackets_L32_T32_gaussian_categorical_sigma256.0.json
unconditional,not_nested_parentheses_and_brackets,32,gaussian,categorical,2.0,,64,5,0.782,0.048332,0.79,0.04858,0.758,0.054185,0.772,0.047497,500,0.718583,0.793483,53.054,64,False,273.88,379,False,1.0,0.0,0.268928524718292,200,0.0013669372063220846,0.005650715168638531,,,,,,,0.43187900490011305,0.09521982373153291,1.1120962737057725,0.4248013656016411,0,results/T-sweep-Dyck-4/distributions/not_nested_parentheses_and_brackets_L32_T64_gaussian_categorical_sigma2.0.json
unconditional,not_nested_parentheses_and_brackets,32,gaussian,categorical,1.0,,64,5,0.744,0.040792,0.752,0.040694,0.726,0.044989,0.732,0.043543,500,0.685294,0.76326,54.048,64,False,397.69,363,False,1.0,0.0,0.2694727561221046,200,0.001429209468512729,0.005908419497784343,,,,,,,0.43174931129476585,0.09744878916292703,1.0580702737727532,0.39584568786813806,0,results/T-sweep-Dyck-4/distributions/not_nested_parentheses_and_brackets_L32_T64_gaussian_categorical_sigma1.0.json
unconditional,not_nested_parentheses_and_brackets,32,gaussian,categorical,20.0,,64,5,0.862,0.034293,0.868,0.037094,0.85,0.038471,0.884,0.026533,500,0.816038,0.878625,55.402,64,False,330.56,425,False,1.0,0.0,0.26901067346149904,200,0.0012194192515814343,0.005040957781978576,,,,,,,0.42749159663865544,0.09351174458124649,1.0802980157097803,0.4294167627973203,0,results/T-sweep-Dyck-4/distributions/not_nested_parentheses_and_brackets_L32_T64_gaussian_categorical_sigma20.0.json
unconditional,not_nested_parentheses_and_brackets,32,gaussian,categorical,50.0,,64,5,0.888,0.023152,0.892,0.019391,0.884,0.018547,0.916,0.027276,500,0.852958,0.909187,57.836,64,False,228.23,442,False,1.0,0.0,0.2704108315874041,200,0.0011728485559302155,0.0048484848484848485,,,,,,,0.4333616138763197,0.09230439833968047,1.0916666603883798,0.47219535469543,0,results/T-sweep-Dyck-4/distributions/not_nested_parentheses_and_brackets_L32_T64_gaussian_categorical_sigma50.0.json
unconditional,not_nested_parentheses_and_brackets,32,gaussian,categorical,5.0,,64,5,0.834,0.045869,0.846,0.040299,0.826,0.040792,0.85,0.043359,500,0.790318,0.856711,53.476,64,False,462.05,413,False,1.0,0.0,0.2683311475823282,200,0.001254803544820014,0.00518722645485492,,,,,,,0.43557592528536837,0.1000880822734128,1.0605270973309715,0.4069529877220984,0,results/T-sweep-Dyck-4/distributions/not_nested_parentheses_and_brackets_L32_T64_gaussian_categorical_sigma5.0.json
unconditional,not_nested_parentheses_and_brackets,32,gaussian,categorical,10.0,,64,5,0.832,0.029257,0.836,0.025768,0.826,0.028705,0.848,0.026382,500,0.790318,0.856711,53.808,64,False,448.09,413,False,1.0,0.0,0.26852029911161834,200,0.00125421337305009,0.005184705119896306,,,,,,,0.42324743456704716,0.09838048646577685,1.098541363129741,0.4659924668700183,0,results/T-sweep-Dyck-4/distributions/not_nested_parentheses_and_brackets_L32_T64_gaussian_categorical_sigma10.0.json
unconditional,not_nested_parentheses_and_brackets,32,gaussian,categorical,100.0,,64,5,0.85,0.025298,0.852,0.021354,0.844,0.02245,0.886,0.018547,500,0.809585,0.87317,58.686,64,False,322.72,422,False,1.0,0.0,0.2686802383426388,200,0.0012283126055581146,0.0050777530942557915,,,,,,,0.42092078537576166,0.10178886889065765,1.0921391470562087,0.44574470100419356,0,results/T-sweep-Dyck-4/distributions/not_nested_parentheses_and_brackets_L32_T64_gaussian_categorical_sigma100.0.json
unconditional,not_nested_parentheses_and_brackets,32,gaussian,categorical,256.0,,64,5,0.868,0.017205,0.88,0.017889,0.864,0.017436,0.92,0.031623,500,0.831164,0.891285,59.69,64,False,282.28,432,False,1.0,0.0,0.2686410979085424,200,0.0012042751768779167,0.004978994865411545,,,,,,,0.42092565035273366,0.09783827118320972,1.0717856410564743,0.4577133271348433,0,results/T-sweep-Dyck-4/distributions/not_nested_parentheses_and_brackets_L32_T64_gaussian_categorical_sigma256.0.json
unconditional,not_nested_parentheses_and_brackets,32,gaussian,greedy,1.0,,512,5,0.97,0.026833,0.962,0.023152,0.96,0.026077,0.96,0.026077,500,0.939026,0.973959,457.554,498,False,2874.08,480,False,1.0,0.0,0.17334092336683418,200,0.001075268817204301,0.004375,,,,,,,0.3890625,0.03198357732884175,0.2590825840825841,0.05358910675618906,0,results/T-sweep-Dyck-4/distributions/not_nested_parentheses_and_brackets_L32_T512_gaussian_greedy_sigma1.0.json
unconditional,parentheses_and_brackets,32,gaussian,categorical,20.0,,256,5,0.934,0.02498,1.0,0.0,0.934,0.02498,0.934,0.02498,500,0.90876,0.952622,217.73,250,False,16215.86,467,False,1.0,0.0,0.2699540355807473,200,0.0009764943851572854,0.003460706560922855,,,,,,,0.36183593351687565,0.09150433323435173,1.2010066901929857,0.6974039157385421,0,results/T-sweep-Dyck-4/distributions/parentheses_and_brackets_L32_T256_gaussian_categorical_sigma20.0.json
unconditional,not_nested_parentheses_and_brackets,32,gaussian,greedy,256.0,,512,5,0.898,0.029933,0.996,0.004899,0.898,0.029933,0.996,0.004899,500,0.868365,0.921566,472.012,498,False,2079.33,449,False,1.0,0.0,0.24274733040201005,200,0.0011495078669444645,0.004751299183370453,,,,,,,0.5993875278396437,0.10522096349338565,0.7385809439261556,0.3230083598176069,0,results/T-sweep-Dyck-4/distributions/not_nested_parentheses_and_brackets_L32_T512_gaussian_greedy_sigma256.0.json
unconditional,not_nested_parentheses_and_brackets,32,gaussian,greedy,100.0,,512,5,0.92,0.021909,0.992,0.011662,0.918,0.024,0.998,0.004,500,0.890645,0.938981,469.512,498,False,2233.27,459,False,1.0,0.0,0.2422683731155779,200,0.0011244641225665894,0.004647785039941903,,,,,,,0.6025326797385621,0.10460228661738656,0.7494701860714933,0.3402130270471412,0,results/T-sweep-Dyck-4/distributions/not_nested_parentheses_and_brackets_L32_T512_gaussian_greedy_sigma100.0.json
unconditional,parentheses_and_brackets,32,gaussian,categorical,5.0,,256,5,0.924,0.026533,1.0,0.0,0.924,0.026533,0.93,0.022804,500,0.897403,0.944131,212.45,250,False,16914.43,462,False,1.0,0.0,0.26985019526338017,200,0.0009864712514092446,0.0034959941733430444,,,,,,,0.3666885693671408,0.099001024394766,1.1355432266146552,0.6537764804798395,0,results/T-sweep-Dyck-4/distributions/parentheses_and_brackets_L32_T256_gaussian_categorical_sigma5.0.json
unconditional,not_nested_parentheses_and_brackets,32,gaussian,categorical,1.0,,128,5,0.864,0.040792,0.858,0.051536,0.854,0.047582,0.854,0.047582,500,0.82035,0.882252,110.436,126,False,705.47,427,False,1.0,0.0,0.2696410602054459,200,0.0012149745614701193,0.005022759378433527,,,,,,,0.4301842868294859,0.09616065441458255,1.0999065597426254,0.44206169500628667,0,results/T-sweep-Dyck-4/distributions/not_nested_parentheses_and_brackets_L32_T128_gaussian_categorical_sigma1.0.json
unconditional,not_nested_parentheses_and_brackets,32,gaussian,categorical,2.0,,128,5,0.892,0.022271,0.898,0.017205,0.888,0.01833,0.894,0.014967,500,0.857346,0.912738,109.5,126,False,828.74,444,False,1.0,0.0,0.26840546955884953,200,0.0011678832116788322,0.004828002414001207,,,,,,,0.42306547619047624,0.09585210546782456,1.057632795132795,0.3819257813305107,0,results/T-sweep-Dyck-4/distributions/not_nested_parentheses_and_brackets_L32_T128_gaussian_categorical_sigma2.0.json
unconditional,not_nested_parentheses_and_brackets,32,gaussian,categorical,50.0,,128,5,0.938,0.007483,0.942,0.011662,0.934,0.010198,0.95,0.016733,500,0.90876,0.952622,115.248,126,False,566.82,467,False,1.0,0.0,0.26807355444728354,200,0.0011114970475859674,0.004595060310166571,,,,,,,0.4182560925869277,0.0930929353778772,1.0576274368030256,0.41490621190534566,0,results/T-sweep-Dyck-4/distributions/not_nested_parentheses_and_brackets_L32_T128_gaussian_categorical_sigma50.0.json
unconditional,not_nested_parentheses_and_brackets,32,gaussian,greedy,50.0,,512,5,0.952,0.019391,0.992,0.007483,0.95,0.017889,0.996,0.004899,500,0.927231,0.965906,459.176,498,False,2553.97,475,False,1.0,0.0,0.24410254396984923,200,0.0010865874363327674,0.004491228070175438,,,,,,,0.6,0.10403061290337874,0.7719237020289652,0.38996479592236793,0,results/T-sweep-Dyck-4/distributions/not_nested_parentheses_and_brackets_L32_T512_gaussian_greedy_sigma50.0.json
unconditional,not_nested_parentheses_and_brackets,32,gaussian,categorical,100.0,,128,5,0.922,0.011662,0.924,0.008,0.918,0.011662,0.96,0.006325,500,0.890645,0.938981,118.136,126,False,597.63,459,False,1.0,0.0,0.26949644514211535,200,0.0011303426351112682,0.004672897196261682,,,,,,,0.4173980703392468,0.09377972006134354,1.1097582579608725,0.44807766681000627,0,results/T-sweep-Dyck-4/distributions/not_nested_parentheses_and_brackets_L32_T128_gaussian_categorical_sigma100.0.json
unconditional,not_nested_parentheses_and_brackets,32,gaussian,categorical,5.0,,128,5,0.908,0.03544,0.902,0.025612,0.896,0.028705,0.906,0.020591,500,0.866155,0.919806,107.594,126,False,883.94,448,False,1.0,0.0,0.26833159826166353,200,0.0011584129742253113,0.004788985333732416,,,,,,,0.4193713002027734,0.09646017129051296,1.097910057452468,0.4625992760839684,0,results/T-sweep-Dyck-4/distributions/not_nested_parentheses_and_brackets_L32_T128_gaussian_categorical_sigma5.0.json
unconditional,not_nested_parentheses_and_brackets,32,gaussian,categorical,20.0,,128,5,0.944,0.018547,0.944,0.023324,0.942,0.021354,0.958,0.022271,500,0.917943,0.959317,111.048,126,False,778.44,471,False,1.0,0.0,0.2690598544435475,200,0.0011023079572855666,0.004557106237539163,,,,,,,0.42418739257911237,0.09510883069368298,1.0895976634830138,0.43956742279043354,0,results/T-sweep-Dyck-4/distributions/not_nested_parentheses_and_brackets_L32_T128_gaussian_categorical_sigma20.0.json
unconditional,not_nested_parentheses_and_brackets,32,gaussian,categorical,10.0,,128,5,0.946,0.016248,0.942,0.009798,0.938,0.011662,0.946,0.010198,500,0.91334,0.955981,107.984,126,False,860.74,469,False,1.0,0.0,0.26980620989076365,200,0.001107496366027549,0.004578623551294892,,,,,,,0.42583003350593973,0.08569553716101375,1.069798272090383,0.44612196620664857,0,results/T-sweep-Dyck-4/distributions/not_nested_parentheses_and_brackets_L32_T128_gaussian_categorical_sigma10.0.json
unconditional,not_nested_parentheses_and_brackets,32,gaussian,greedy,20.0,,512,5,0.988,0.007483,0.994,0.004899,0.986,0.004899,0.994,0.004899,500,0.971387,0.993202,443.552,498,False,2786.31,493,False,1.0,0.0,0.24400596733668342,200,0.0010469148727344107,0.0043272481406355645,,,,,,,0.577079107505071,0.09784111198435604,0.8047525609391735,0.3879184857666189,0,results/T-sweep-Dyck-4/distributions/not_nested_parentheses_and_brackets_L32_T512_gaussian_greedy_sigma20.0.json
unconditional,not_nested_parentheses_and_brackets,32,gaussian,categorical,256.0,,128,5,0.906,0.02245,0.916,0.032619,0.902,0.027857,0.948,0.014697,500,0.872793,0.925076,119.07,126,False,575.35,451,False,1.0,0.0,0.2687227345518803,200,0.0011493427196322104,0.004751299183370453,,,,,,,0.4192719881744272,0.1029322033600643,1.0908025455697297,0.42755287616693144,0,results/T-sweep-Dyck-4/distributions/not_nested_parentheses_and_brackets_L32_T128_gaussian_categorical_sigma256.0.json
unconditional,parentheses_and_brackets,32,gaussian,greedy,1.0,,512,5,0.998,0.004,1.0,0.0,0.998,0.004,0.998,0.004,500,0.988759,0.999647,459.374,496,False,40594.74,499,False,0.9218436873747495,0.07815631262525047,0.10575847989949749,200,0.00025858167948800825,0.0005344021376085504,,,,,,,0.16144789579158317,0.03575369833276136,0.0,0.0,0,results/T-sweep-Dyck-4/distributions/parentheses_and_brackets_L32_T512_gaussian_greedy_sigma1.0.json
unconditional,not_nested_parentheses_and_brackets,32,gaussian,greedy,2.0,,512,5,0.974,0.021541,0.974,0.016248,0.97,0.02,0.97,0.02,500,0.951096,0.981737,446.318,498,False,3400.08,485,False,1.0,0.0,0.20942054020100503,200,0.0010641835716661125,0.004398625429553264,,,,,,,0.39548969072164947,0.04367853393497166,0.3193402702681053,0.09848434332850281,0,results/T-sweep-Dyck-4/distributions/not_nested_parentheses_and_brackets_L32_T512_gaussian_greedy_sigma2.0.json
unconditional,not_nested_parentheses_and_brackets,32,gaussian,greedy,10.0,,512,5,0.984,0.010198,0.992,0.004,0.978,0.009798,0.982,0.009798,500,0.961039,0.987672,433.856,498,False,3198.32,489,False,1.0,0.0,0.2516669283919598,200,0.001055478593574774,0.0043626448534424,,,,,,,0.526840490797546,0.08496999420199783,0.8201351477425097,0.39604260073985154,0,results/T-sweep-Dyck-4/distributions/not_nested_parentheses_and_brackets_L32_T512_gaussian_greedy_sigma10.0.json
unconditional,not_nested_parentheses_and_brackets,32,gaussian,greedy,5.0,,512,5,0.98,0.010954,0.99,0.010954,0.978,0.011662,0.986,0.008,500,0.961039,0.987672,433.064,498,False,3390.62,489,False,1.0,0.0,0.24943781407035176,200,0.001055478593574774,0.0043626448534424,,,,,,,0.44452965235173825,0.06858270603108196,0.602807099739615,0.28890406263257745,0,results/T-sweep-Dyck-4/distributions/not_nested_parentheses_and_brackets_L32_T512_gaussian_greedy_sigma5.0.json
unconditional,not_nested_parentheses_and_brackets,32,gaussian,categorical,2.0,,256,5,0.938,0.023152,0.94,0.018974,0.934,0.024166,0.938,0.020396,500,0.90876,0.952622,220.028,250,False,1174.11,467,False,1.0,0.0,0.2710410403632075,200,0.0011096469935501767,0.0045871559633027525,,,,,,,0.4209633425104517,0.09998529444389934,1.0598331718246066,0.474408834483901,0,results/T-sweep-Dyck-4/distributions/not_nested_parentheses_and_brackets_L32_T256_gaussian_categorical_sigma2.0.json
unconditional,not_nested_parentheses_and_brackets,32,ar,greedy,,,34,1,1.0,0.0,1.0,0.0,1.0,0.0,1.0,0.0,100,0.963005,1.0,33.0,33,True,27.33,100,False,0.01,0.99,0.0,100,0.0025806451612903226,0.0036666666666666666,,,,,,,0.375,0.0,0.23076923076923075,2.7755575615628914e-17,0,results/T-sweep-Dyck-4/distributions/not_nested_parentheses_and_brackets_L32_T34_ar_greedy_none.json
unconditional,not_nested_parentheses_and_brackets,32,ar,categorical,,,34,5,1.0,0.0,1.0,0.0,1.0,0.0,1.0,0.0,500,0.992375,1.0,33.0,33,False,133.19,500,False,1.0,0.0,0.2701649170672488,200,0.0010382868267358857,0.004292421193829644,,,,,,,0.4220892857142857,0.09404494778454707,1.1061323953823954,0.45653699769558553,0,results/T-sweep-Dyck-4/distributions/not_nested_parentheses_and_brackets_L32_T34_ar_categorical_none.json
unconditional,not_nested_parentheses_and_brackets,32,ebsampler,greedy,,0.1,32,1,1.0,0.0,1.0,0.0,1.0,0.0,1.0,0.0,100,0.963005,1.0,33.0,33,True,15.92,100,False,0.01,0.99,0.0,100,0.002903225806451613,0.005333333333333333,,,,,,,0.6875,0.0,0.45454545454545453,0.0,0,results/T-sweep-Dyck-4/distributions/not_nested_parentheses_and_brackets_L32_T32_ebsampler_greedy_gamma0.1.json
unconditional,not_nested_parentheses_and_brackets,32,ebsampler,greedy,,0.5,32,1,1.0,0.0,1.0,0.0,1.0,0.0,1.0,0.0,100,0.963005,1.0,32.0,32,True,11.97,100,False,0.01,0.99,0.0,100,0.002903225806451613,0.005333333333333333,,,,,,,0.6875,0.0,0.45454545454545453,0.0,0,results/T-sweep-Dyck-4/distributions/not_nested_parentheses_and_brackets_L32_T32_ebsampler_greedy_gamma0.5.json
unconditional,not_nested_parentheses_and_brackets,32,ebsampler,greedy,,0.9,32,1,1.0,0.0,1.0,0.0,1.0,0.0,1.0,0.0,100,0.963005,1.0,31.0,31,True,9.82,100,False,0.01,0.99,0.0,100,0.002903225806451613,0.005333333333333333,,,,,,,0.6875,0.0,0.45454545454545453,0.0,0,results/T-sweep-Dyck-4/distributions/not_nested_parentheses_and_brackets_L32_T32_ebsampler_greedy_gamma0.9.json
unconditional,not_nested_parentheses_and_brackets,32,ebsampler,greedy,,2.0,32,1,1.0,0.0,1.0,0.0,1.0,0.0,1.0,0.0,100,0.963005,1.0,16.0,16,True,6.1,100,False,0.01,0.99,0.0,100,0.0032258064516129032,0.005333333333333333,,,,,,,0.75,0.0,0.23076923076923075,2.7755575615628914e-17,0,results/T-sweep-Dyck-4/distributions/not_nested_parentheses_and_brackets_L32_T32_ebsampler_greedy_gamma2.0.json
unconditional,not_nested_parentheses_and_brackets,32,ebsampler,greedy,,5.0,32,1,1.0,0.0,1.0,0.0,1.0,0.0,1.0,0.0,100,0.963005,1.0,8.0,8,True,4.11,100,False,0.01,0.99,0.0,100,0.0032258064516129032,0.006,,,,,,,0.8125,0.0,0.23076923076923075,2.7755575615628914e-17,0,results/T-sweep-Dyck-4/distributions/not_nested_parentheses_and_brackets_L32_T32_ebsampler_greedy_gamma5.0.json
unconditional,not_nested_parentheses_and_brackets,32,ebsampler,greedy,,10.0,32,1,0.0,0.0,0.0,0.0,0.0,0.0,1.0,0.0,100,0.0,0.036995,4.0,4,True,3.22,0,True,,,,0,,,,,,,,,,,,,0,results/T-sweep-Dyck-4/distributions/not_nested_parentheses_and_brackets_L32_T32_ebsampler_greedy_gamma10.0.json
unconditional,not_nested_parentheses_and_brackets,32,gaussian,categorical,256.0,,256,5,0.926,0.02245,0.934,0.021541,0.924,0.02498,0.982,0.007483,500,0.897403,0.944131,237.75,250,False,1115.17,462,False,1.0,0.0,0.2699690725067373,200,0.0011228070175438596,0.004641717435451117,,,,,,,0.41048752834467117,0.09782761126140595,1.0784207975766418,0.4368277921881632,0,results/T-sweep-Dyck-4/distributions/not_nested_parentheses_and_brackets_L32_T256_gaussian_categorical_sigma256.0.json
unconditional,not_nested_parentheses_and_brackets,32,ebsampler,categorical,,0.1,32,5,1.0,0.0,1.0,0.0,1.0,0.0,1.0,0.0,500,0.992375,1.0,32.716,33,False,65.31,500,False,1.0,0.0,0.26967411626420956,200,0.001037344398340249,0.004288394532296971,,,,,,,0.41663690476190474,0.09496068134751418,1.0628611777111778,0.42745736255439143,0,results/T-sweep-Dyck-4/distributions/not_nested_parentheses_and_brackets_L32_T32_ebsampler_categorical_gamma0.1.json
unconditional,not_nested_parentheses_and_brackets,32,ebsampler,categorical,,0.5,32,5,0.998,0.004,0.998,0.004,0.994,0.004899,0.994,0.004899,500,0.982509,0.997957,31.494,32,False,73.24,497,False,1.0,0.0,0.26841338353208044,200,0.0010421416009900345,0.004308023694130318,,,,,,,0.4232813547954393,0.09611567240919439,1.0727820692609427,0.4047081704687867,0,results/T-sweep-Dyck-4/distributions/not_nested_parentheses_and_brackets_L32_T32_ebsampler_categorical_gamma0.5.json
unconditional,not_nested_parentheses_and_brackets,32,gaussian,categorical,1.0,,256,5,0.954,0.023324,0.952,0.020396,0.944,0.018547,0.944,0.018547,500,0.920255,0.960975,227.734,250,False,1495.77,472,False,1.0,0.0,0.2693030574901492,200,0.001098901098901099,0.004542873367404884,,,,,,,0.42379060734463275,0.09668720315075374,1.1001290082328217,0.4526698890788817,0,results/T-sweep-Dyck-4/distributions/not_nested_parentheses_and_brackets_L32_T256_gaussian_categorical_sigma1.0.json
unconditional,not_nested_parentheses_and_brackets,32,gaussian,categorical,100.0,,256,5,0.934,0.026533,0.94,0.024495,0.928,0.022271,0.98,0.008944,500,0.901931,0.947542,235.694,250,False,1199.83,464,False,1.0,0.0,0.26981830295050496,200,0.0011188811188811189,0.004625614339404453,,,,,,,0.4255888238916256,0.09981559322015424,1.0884747197247198,0.4128889410606633,0,results/T-sweep-Dyck-4/distributions/not_nested_parentheses_and_brackets_L32_T256_gaussian_categorical_sigma100.0.json
unconditional,not_nested_parentheses_and_brackets,32,ebsampler,categorical,,0.9,32,5,0.774,0.076315,0.77,0.078486,0.756,0.090907,0.928,0.041183,500,0.716494,0.791602,28.648,31,False,53.8,378,False,1.0,0.0,0.2711778780981444,200,0.001370097619455386,0.005663716814159292,,,,,,,0.42971781305114637,0.09365169405981455,1.1364333050840987,0.44095362071410504,0,results/T-sweep-Dyck-4/distributions/not_nested_parentheses_and_brackets_L32_T32_ebsampler_categorical_gamma0.9.json
unconditional,not_nested_parentheses_and_brackets,32,ebsampler,categorical,,5.0,32,5,0.266,0.053516,0.294,0.042708,0.154,0.044989,0.36,0.026833,500,0.12501,0.188266,4.424,8,False,21.75,77,False,1.0,0.0,0.26924021701982226,77,0.006702974444909929,0.027705627705627706,,,,,,,0.4967532467532468,0.09915230391965421,1.0759880811828866,0.45350603461137845,0,results/T-sweep-Dyck-4/distributions/not_nested_parentheses_and_brackets_L32_T32_ebsampler_categorical_gamma5.0.json
unconditional,not_nested_parentheses_and_brackets,32,ebsampler,categorical,,10.0,32,5,0.186,0.028,0.146,0.042237,0.044,0.016248,0.39,0.046043,500,0.029234,0.06572,2.544,4,False,24.52,22,False,1.0,0.0,0.27238906926406925,22,0.02346041055718475,0.09696969696969697,,,,,,,0.5227272727272727,0.09709095165133558,1.1774447774447774,0.5236928626152112,0,results/T-sweep-Dyck-4/distributions/not_nested_parentheses_and_brackets_L32_T32_ebsampler_categorical_gamma10.0.json
unconditional,not_nested_parentheses_and_brackets,32,ebsampler,categorical,,2.0,32,5,0.506,0.018547,0.484,0.02245,0.39,0.026077,0.526,0.05748,500,0.348241,0.433437,10.656,16,False,38.32,195,False,1.0,0.0,0.26872687020882896,195,0.0026468155500413565,0.01094017094017094,,,,,,,0.4403846153846154,0.08404161526676497,1.1041773041773042,0.4122388921635882,0,results/T-sweep-Dyck-4/distributions/not_nested_parentheses_and_brackets_L32_T32_ebsampler_categorical_gamma2.0.json
unconditional,not_nested_parentheses_and_brackets,32,gaussian,categorical,50.0,,256,5,0.946,0.004899,0.948,0.004,0.944,0.004899,0.972,0.007483,500,0.920255,0.960975,230.864,250,False,1312.99,472,False,1.0,0.0,0.269701494895863,200,0.0010993541294489488,0.004544808975997728,,,,,,,0.4290580182529335,0.09748222256250227,1.0595608722727368,0.4116387193002154,0,results/T-sweep-Dyck-4/distributions/not_nested_parentheses_and_brackets_L32_T256_gaussian_categorical_sigma50.0.json
unconditional,not_nested_parentheses_and_brackets,32,gaussian,categorical,20.0,,256,5,0.974,0.024166,0.972,0.024,0.972,0.024,0.978,0.022271,500,0.953553,0.983249,221.284,250,False,1482.76,486,False,1.0,0.0,0.26974606575195725,200,0.0010676631522754572,0.004413793103448276,,,,,,,0.4136451597099745,0.09106753077088989,1.0745140262115571,0.4340986120324511,0,results/T-sweep-Dyck-4/distributions/not_nested_parentheses_and_brackets_L32_T256_gaussian_categorical_sigma20.0.json
unconditional,parentheses_and_brackets,32,gaussian,greedy,2.0,,512,5,0.992,0.007483,1.0,0.0,0.992,0.007483,0.994,0.004899,500,0.979613,0.996885,448.962,494,False,41762.98,496,False,1.0,0.0,0.12599089195979898,200,0.00026014568158168577,0.0005376344086021505,,,,,,,0.19430443548387097,0.04219972266768715,0.0,0.0,0,results/T-sweep-Dyck-4/distributions/parentheses_and_brackets_L32_T512_gaussian_greedy_sigma2.0.json
unconditional,not_nested_parentheses_and_brackets,32,gaussian,categorical,10.0,,256,5,0.972,0.004,0.974,0.008,0.97,0.006325,0.98,0.012649,500,0.951096,0.981737,215.83,250,False,1580.91,485,False,1.0,0.0,0.267242738157538,200,0.0010693042839002875,0.004420500069070314,,,,,,,0.4248109965635739,0.08880027214307305,1.0874310855238691,0.43443584322564943,0,results/T-sweep-Dyck-4/distributions/not_nested_parentheses_and_brackets_L32_T256_gaussian_categorical_sigma10.0.json
unconditional,not_nested_parentheses_and_brackets,32,gaussian,categorical,5.0,,256,5,0.942,0.019391,0.948,0.020396,0.942,0.019391,0.944,0.019596,500,0.917943,0.959317,216.044,250,False,1743.5,471,False,1.0,0.0,0.26917465544924873,200,0.0011010942123735462,0.004551920341394026,,,,,,,0.4276766757658477,0.08855366559078322,1.0540453825485674,0.40321160625138325,0,results/T-sweep-Dyck-4/distributions/not_nested_parentheses_and_brackets_L32_T256_gaussian_categorical_sigma5.0.json
unconditional,parentheses_and_brackets,32,gaussian,greedy,20.0,,512,5,0.986,0.008,1.0,0.0,0.986,0.008,1.0,0.0,500,0.971387,0.993202,443.474,498,False,41203.81,493,False,1.0,0.0,0.1404656092964824,200,0.0002617287181836027,0.0005409060175794456,,,,,,,0.37322515212981744,0.10386798756107196,0.0,0.0,0,results/T-sweep-Dyck-4/distributions/parentheses_and_brackets_L32_T512_gaussian_greedy_sigma20.0.json
unconditional,not_nested_parentheses_and_brackets,32,gaussian,categorical,100.0,,512,5,0.958,0.01833,0.958,0.014697,0.956,0.016248,0.986,0.012,500,0.93428,0.970766,469.406,498,False,1833.0,478,False,1.0,0.0,0.27031566237713034,200,0.0010848928668294006,0.004484933426769446,,,,,,,0.4151760808926081,0.09426006571226682,1.1106680163165519,0.44314160400869784,0,results/T-sweep-Dyck-4/distributions/not_nested_parentheses_and_brackets_L32_T512_gaussian_categorical_sigma100.0.json
unconditional,not_nested_parentheses_and_brackets,32,gaussian,categorical,256.0,,512,5,0.956,0.027276,0.956,0.028,0.952,0.029257,0.992,0.016,500,0.929572,0.967535,473.57,498,False,1703.41,476,False,1.0,0.0,0.26860259815734866,200,0.00109080992637033,0.004509582863585118,,,,,,,0.41996298519407765,0.09002710199709052,1.1264480034438018,0.4786002911784089,0,results/T-sweep-Dyck-4/distributions/not_nested_parentheses_and_brackets_L32_T512_gaussian_categorical_sigma256.0.json
unconditional,not_nested_parentheses_and_brackets,32,gaussian,categorical,50.0,,512,5,0.99,0.012649,0.992,0.009798,0.99,0.012649,0.996,0.004899,500,0.976807,0.995721,462.3,498,False,2055.23,495,False,1.0,0.0,0.2695540872179881,200,0.0010482867064142043,0.004333694474539545,,,,,,,0.4252100677100677,0.09479152931805497,1.0910821053245296,0.47756402663808634,0,results/T-sweep-Dyck-4/distributions/not_nested_parentheses_and_brackets_L32_T512_gaussian_categorical_sigma50.0.json
unconditional,not_nested_parentheses_and_brackets,32,gaussian,categorical,20.0,,512,5,0.988,0.007483,0.986,0.004899,0.986,0.004899,0.994,0.004899,500,0.971387,0.993202,444.896,498,False,2324.15,493,False,1.0,0.0,0.26853467966793215,200,0.001053116566839992,0.004353741496598639,,,,,,,0.4285026079397276,0.09985076437373125,1.083177983837213,0.4402688712303749,0,results/T-sweep-Dyck-4/distributions/not_nested_parentheses_and_brackets_L32_T512_gaussian_categorical_sigma20.0.json
unconditional,not_nested_parentheses_and_brackets,32,gaussian,categorical,1.0,,512,5,0.96,0.014142,0.962,0.007483,0.956,0.012,0.958,0.014697,500,0.93428,0.970766,454.374,498,False,2512.69,478,False,1.0,0.0,0.2690478784118519,200,0.0010848928668294006,0.004484933426769446,,,,,,,0.41679741980474194,0.08960067619031545,1.0741564630162956,0.4483877332654475,0,results/T-sweep-Dyck-4/distributions/not_nested_parentheses_and_brackets_L32_T512_gaussian_categorical_sigma1.0.json
unconditional,not_nested_parentheses_and_brackets,32,gaussian,categorical,2.0,,512,5,0.964,0.025768,0.96,0.022804,0.96,0.022804,0.962,0.023152,500,0.939026,0.973959,441.638,498,False,2499.07,480,False,1.0,0.0,0.2687755890914541,200,0.0010804970286331713,0.00446677833612507,,,,,,,0.42048363095238095,0.09141251004140187,1.1155984698172197,0.4283601504136487,0,results/T-sweep-Dyck-4/distributions/not_nested_parentheses_and_brackets_L32_T512_gaussian_categorical_sigma2.0.json
unconditional,not_nested_parentheses_and_brackets,32,gaussian,categorical,5.0,,512,5,0.984,0.008,0.986,0.010198,0.984,0.008,0.986,0.010198,500,0.968749,0.991871,433.37,498,False,2486.87,492,False,1.0,0.0,0.2701320277674445,200,0.0010548523206751054,0.004360861270100845,,,,,,,0.42363167828106857,0.10099728446358114,1.057524211335187,0.41632285337822483,0,results/T-sweep-Dyck-4/distributions/not_nested_parentheses_and_brackets_L32_T512_gaussian_categorical_sigma5.0.json
unconditional,not_nested_parentheses_and_brackets,32,gaussian,categorical,10.0,,512,5,0.982,0.014697,0.982,0.009798,0.98,0.012649,0.984,0.012,500,0.963579,0.989101,432.446,498,False,2554.36,490,False,1.0,0.0,0.2702148532997694,200,0.001057781303715457,0.004372779447936594,,,,,,,0.421062925170068,0.0917117839349547,1.100496068557293,0.44745213354615654,0,results/T-sweep-Dyck-4/distributions/not_nested_parentheses_and_brackets_L32_T512_gaussian_categorical_sigma10.0.json
unconditional,parentheses_and_brackets,32,gaussian,greedy,5.0,,512,5,0.992,0.007483,1.0,0.0,0.992,0.007483,0.992,0.007483,500,0.979613,0.996885,440.048,498,False,43286.71,496,False,1.0,0.0,0.14051900125628142,200,0.00026014568158168577,0.0005376344086021505,,,,,,,0.25806451612903225,0.06373168515352316,0.0,0.0,0,results/T-sweep-Dyck-4/distributions/parentheses_and_brackets_L32_T512_gaussian_greedy_sigma5.0.json
unconditional,parentheses_and_brackets,32,gaussian,greedy,10.0,,512,5,0.996,0.004899,1.0,0.0,0.996,0.004899,1.0,0.0,500,0.985534,0.998902,437.188,498,False,43597.63,498,False,1.0,0.0,0.14193624371859295,200,0.0002591009198082653,0.000535475234270415,,,,,,,0.3230421686746988,0.07871047314842325,0.0,0.0,0,results/T-sweep-Dyck-4/distributions/parentheses_and_brackets_L32_T512_gaussian_greedy_sigma10.0.json
unconditional,parentheses_and_brackets,32,gaussian,categorical,1.0,,512,5,0.896,0.044989,1.0,0.0,0.896,0.044989,0.896,0.044989,500,0.866155,0.919806,437.82,498,False,23316.9,448,False,1.0,0.0,0.27067283937868286,200,0.0010184781027207915,0.0036095653481726577,,,,,,,0.36410358614599686,0.09668925772839701,1.2030445930557538,0.9508010790153224,0,results/T-sweep-Dyck-4/distributions/parentheses_and_brackets_L32_T512_gaussian_categorical_sigma1.0.json
unconditional,parentheses_and_brackets,32,gaussian,categorical,50.0,,512,5,0.976,0.013565,1.0,0.0,0.976,0.013565,0.98,0.006325,500,0.958523,0.986219,458.532,498,False,20701.38,488,False,1.0,0.0,0.2689234317869296,200,0.000934454678948071,0.0033117151924934455,,,,,,,0.3622109192037471,0.09707250462174992,1.177415167937709,0.7953101271438772,0,results/T-sweep-Dyck-4/distributions/parentheses_and_brackets_L32_T512_gaussian_categorical_sigma50.0.json
unconditional,parentheses_and_brackets,32,gaussian,categorical,100.0,,512,5,0.98,0.014142,1.0,0.0,0.98,0.014142,0.986,0.012,500,0.963579,0.989101,466.972,498,False,19064.63,490,False,1.0,0.0,0.26927080763335204,200,0.0009323388385721897,0.003304419661296985,,,,,,,0.3583276332511026,0.09881501670322373,1.1646790114647259,0.7433782820317149,0,results/T-sweep-Dyck-4/distributions/parentheses_and_brackets_L32_T512_gaussian_categorical_sigma100.0.json
unconditional,parentheses_and_brackets,32,gaussian,categorical,256.0,,512,5,0.96,0.016733,1.0,0.0,0.96,0.016733,0.978,0.014697,500,0.939026,0.973959,472.614,498,False,19051.56,480,False,1.0,0.0,0.27032588717434297,200,0.0009514747859181732,0.0033722073907545315,,,,,,,0.35678685897435897,0.0962179722524081,1.1538311977374476,0.6797821555689997,0,results/T-sweep-Dyck-4/distributions/parentheses_and_brackets_L32_T512_gaussian_categorical_sigma256.0.json
unconditional,parentheses_and_brackets,32,gaussian,categorical,2.0,,512,5,0.948,0.009798,1.0,0.0,0.948,0.009798,0.948,0.009798,500,0.924898,0.96427,436.916,498,False,23591.8,474,False,1.0,0.0,0.2686554616516928,200,0.0009641873278236915,0.0034173430158052115,,,,,,,0.3655027549806031,0.10012519254461101,1.1225928373080272,0.6838097360088898,0,results/T-sweep-Dyck-4/distributions/parentheses_and_brackets_L32_T512_gaussian_categorical_sigma2.0.json
unconditional,parentheses_and_brackets,32,gaussian,categorical,20.0,,512,5,0.974,0.013565,1.0,0.0,0.974,0.013565,0.974,0.013565,500,0.956028,0.984744,434.806,498,False,24144.31,487,False,1.0,0.0,0.2694349465575593,200,0.0009357663257803623,0.0033162912809175074,,,,,,,0.3624549646110221,0.09758071651929257,1.1431816301426159,0.9150980390146204,0,results/T-sweep-Dyck-4/distributions/parentheses_and_brackets_L32_T512_gaussian_categorical_sigma20.0.json
unconditional,parentheses_and_brackets,32,gaussian,categorical,5.0,,512,5,0.966,0.012,1.0,0.0,0.964,0.010198,0.964,0.010198,500,0.943815,0.977109,427.072,498,False,24345.45,482,False,1.0,0.0,0.27138936300732,200,0.0009459459459459459,0.003352423522838385,,,,,,,0.36794852795890143,0.09478432856493736,1.2168375999288863,1.0792825166166358,0,results/T-sweep-Dyck-4/distributions/parentheses_and_brackets_L32_T512_gaussian_categorical_sigma5.0.json
unconditional,parentheses_and_brackets,32,gaussian,categorical,10.0,,512,5,0.946,0.008,1.0,0.0,0.946,0.008,0.946,0.008,500,0.922573,0.962626,426.378,498,False,25564.74,473,False,1.0,0.0,0.2710865050806081,200,0.000962794855924627,0.0034119988626670457,,,,,,,0.3551092318534179,0.09618117016654236,1.1860924781115056,0.7023222455007359,0,results/T-sweep-Dyck-4/distributions/parentheses_and_brackets_L32_T512_gaussian_categorical_sigma10.0.json
