dataset,grammar,L,strategy,sampling_strategy,sigma,eb_gamma,T,n_reps,mean_rule1,std_rule1,mean_rule2,std_rule2,mean_both_rules,std_both_rules,mean_format,std_format,n_steps_mean,n_steps_max,deterministic,elapsed_s,n_correct,n_correct_too_low,uniqueness,duplication_rate,mean_lev_dist_normalized,lev_n_used,bigram_diversity,trigram_diversity,dfa_state_coverage,dfa_transition_coverage,n_entropy,n_coverage,m_entropy,nm_joint_coverage,max_depth_ratio_mean,max_depth_ratio_std,brackets_parens_ratio_mean,brackets_parens_ratio_std,n_zero_paren_sequences,distribution_path
unconditional,parentheses_and_brackets,32,gaussian,greedy,100.0,,1,5,0.196,0.02245,1.0,0.0,0.196,0.02245,0.852,0.030594,1.216,2,False,129.2,98,False,0.16326530612244897,0.8367346938775511,0.02931701030927835,98,0.0013166556945358788,0.002380952380952381,,,,,,,0.9406887755102041,0.013752460875540705,0.0,0.0,0,results/T-sweep-Dyck-3/distributions/parentheses_and_brackets_L32_T1_gaussian_greedy_sigma100.0.json
unconditional,parentheses_and_brackets,32,gaussian,greedy,5.0,,2,5,0.002,0.004,1.0,0.0,0.002,0.004,0.974,0.018547,2.002,3,False,153.37,1,True,1.0,0.0,,1,0.12903225806451613,0.2,,,,,,,0.9375,,0.0,,0,results/T-sweep-Dyck-3/distributions/parentheses_and_brackets_L32_T2_gaussian_greedy_sigma5.0.json
unconditional,parentheses_and_brackets,32,gaussian,greedy,10.0,,2,5,0.002,0.004,1.0,0.0,0.002,0.004,0.926,0.014967,2.0,2,False,160.78,1,True,1.0,0.0,,1,0.12903225806451613,0.26666666666666666,,,,,,,0.5625,,0.0,,0,results/T-sweep-Dyck-3/distributions/parentheses_and_brackets_L32_T2_gaussian_greedy_sigma10.0.json
unconditional,parentheses_and_brackets,32,gaussian,greedy,20.0,,1,5,0.096,0.024166,1.0,0.0,0.096,0.024166,0.972,0.011662,1.104,2,False,181.93,48,False,0.3125,0.6875,0.02917220744680851,48,0.002688172043010753,0.004166666666666667,,,,,,,0.9388020833333334,0.008926633594272194,0.0,0.0,0,results/T-sweep-Dyck-3/distributions/parentheses_and_brackets_L32_T1_gaussian_greedy_sigma20.0.json
unconditional,parentheses_and_brackets,32,uniform,greedy,,,1,5,0.0,0.0,1.0,0.0,0.0,0.0,1.0,0.0,1.0,1,False,189.18,0,True,,,,0,,,,,,,,,,,,,0,results/T-sweep-Dyck-3/distributions/parentheses_and_brackets_L32_T1_uniform_greedy_none.json
unconditional,parentheses_and_brackets,32,gaussian,greedy,1.0,,1,5,0.0,0.0,1.0,0.0,0.0,0.0,1.0,0.0,1.0,1,False,200.04,0,True,,,,0,,,,,,,,,,,,,0,results/T-sweep-Dyck-3/distributions/parentheses_and_brackets_L32_T1_gaussian_greedy_sigma1.0.json
unconditional,parentheses_and_brackets,32,uniform,categorical,,,1,5,0.0,0.0,1.0,0.0,0.0,0.0,0.762,0.029933,1.0,1,False,201.64,0,True,,,,0,,,,,,,,,,,,,0,results/T-sweep-Dyck-3/distributions/parentheses_and_brackets_L32_T1_uniform_categorical_none.json
unconditional,parentheses_and_brackets,32,gaussian,greedy,1.0,,2,5,0.0,0.0,1.0,0.0,0.0,0.0,1.0,0.0,2.0,2,False,201.44,0,True,,,,0,,,,,,,,,,,,,0,results/T-sweep-Dyck-3/distributions/parentheses_and_brackets_L32_T2_gaussian_greedy_sigma1.0.json
unconditional,parentheses_and_brackets,32,gaussian,greedy,10.0,,1,5,0.038,0.017205,1.0,0.0,0.038,0.017205,0.978,0.004,1.04,2,False,204.15,19,False,0.42105263157894735,0.5789473684210527,0.027777777777777776,19,0.006791171477079796,0.010526315789473684,,,,,,,0.9375,0.0,0.0,0.0,0,results/T-sweep-Dyck-3/distributions/parentheses_and_brackets_L32_T1_gaussian_greedy_sigma10.0.json
unconditional,parentheses_and_brackets,32,gaussian,greedy,2.0,,1,5,0.0,0.0,1.0,0.0,0.0,0.0,0.998,0.004,1.0,1,False,204.89,0,True,,,,0,,,,,,,,,,,,,0,results/T-sweep-Dyck-3/distributions/parentheses_and_brackets_L32_T1_gaussian_greedy_sigma2.0.json
unconditional,parentheses_and_brackets,32,gaussian,greedy,5.0,,1,5,0.004,0.004899,1.0,0.0,0.004,0.004899,0.988,0.009798,1.004,2,False,205.03,2,True,,,,2,,,,,,,,,0.9375,0.0,0.0,0.0,0,results/T-sweep-Dyck-3/distributions/parentheses_and_brackets_L32_T1_gaussian_greedy_sigma5.0.json
unconditional,parentheses_and_brackets,32,gaussian,greedy,50.0,,1,5,0.164,0.020591,1.0,0.0,0.164,0.020591,0.916,0.024166,1.174,2,False,205.41,82,False,0.1951219512195122,0.8048780487804879,0.029142201144233666,82,0.0015735641227380016,0.002845528455284553,,,,,,,0.9405487804878049,0.013463050101109524,0.0,0.0,0,results/T-sweep-Dyck-3/distributions/parentheses_and_brackets_L32_T1_gaussian_greedy_sigma50.0.json
unconditional,parentheses_and_brackets,32,uniform,categorical,,,2,5,0.002,0.004,1.0,0.0,0.002,0.004,0.248,0.044452,1.25,2,False,206.38,1,True,1.0,0.0,,1,0.3548387096774194,0.6666666666666666,,,,,,,0.3125,,2.2,,0,results/T-sweep-Dyck-3/distributions/parentheses_and_brackets_L32_T2_uniform_categorical_none.json
unconditional,parentheses_and_brackets,32,uniform,greedy,,,2,5,0.034,0.014967,1.0,0.0,0.034,0.014967,1.0,0.0,2.0,2,False,223.16,17,False,1.0,0.0,0.12143841911764706,17,0.007590132827324478,0.01568627450980392,,,,,,,0.5625,0.11741705457846553,0.0,0.0,0,results/T-sweep-Dyck-3/distributions/parentheses_and_brackets_L32_T2_uniform_greedy_none.json
unconditional,parentheses_and_brackets,32,gaussian,greedy,20.0,,2,5,0.012,0.007483,1.0,0.0,0.012,0.007483,0.852,0.022271,2.002,3,False,225.23,6,False,1.0,0.0,0.13229166666666667,6,0.021505376344086023,0.044444444444444446,,,,,,,0.5208333333333334,0.09991315673568166,0.0,0.0,0,results/T-sweep-Dyck-3/distributions/parentheses_and_brackets_L32_T2_gaussian_greedy_sigma20.0.json
unconditional,parentheses_and_brackets,32,uniform,greedy,,,4,5,0.11,0.028284,1.0,0.0,0.11,0.028284,0.898,0.017205,3.898,4,False,226.63,55,False,1.0,0.0,0.13805765993265992,55,0.002346041055718475,0.0048484848484848485,,,,,,,0.4636363636363636,0.10705968830285342,0.0,0.0,0,results/T-sweep-Dyck-3/distributions/parentheses_and_brackets_L32_T4_uniform_greedy_none.json
unconditional,parentheses_and_brackets,32,gaussian,greedy,2.0,,2,5,0.0,0.0,1.0,0.0,0.0,0.0,0.996,0.004899,2.0,2,False,232.39,0,True,,,,0,,,,,,,,,,,,,0,results/T-sweep-Dyck-3/distributions/parentheses_and_brackets_L32_T2_gaussian_greedy_sigma2.0.json
unconditional,parentheses_and_brackets,32,uniform,categorical,,,4,5,0.06,0.018974,1.0,0.0,0.06,0.018974,0.244,0.05748,2.494,4,False,252.23,30,False,1.0,0.0,0.2696580580002886,30,0.01511879049676026,0.05357142857142857,,,,,,,0.3891666666666667,0.11125130045016036,1.0775060125060125,0.49146752479514544,0,results/T-sweep-Dyck-3/distributions/parentheses_and_brackets_L32_T4_uniform_categorical_none.json
unconditional,parentheses_and_brackets,32,uniform,categorical,,,8,5,0.212,0.050754,1.0,0.0,0.212,0.050754,0.366,0.031369,5.842,8,False,288.07,106,False,1.0,0.0,0.2695839718485726,106,0.0043076923076923075,0.015267175572519083,,,,,,,0.35363881401617253,0.0943201537263452,1.0638126024918477,0.6044511989538256,0,results/T-sweep-Dyck-3/distributions/parentheses_and_brackets_L32_T8_uniform_categorical_none.json
unconditional,parentheses_and_brackets,32,gaussian,greedy,100.0,,2,5,0.036,0.013565,1.0,0.0,0.036,0.013565,0.576,0.051225,2.032,3,False,183.11,18,False,1.0,0.0,0.12928921568627452,18,0.007168458781362007,0.014814814814814815,,,,,,,0.5590277777777778,0.11500343862277218,0.0,0.0,0,results/T-sweep-Dyck-3/distributions/parentheses_and_brackets_L32_T2_gaussian_greedy_sigma100.0.json
unconditional,parentheses_and_brackets,32,gaussian,greedy,50.0,,2,5,0.046,0.013565,1.0,0.0,0.046,0.013565,0.688,0.049558,2.02,3,False,221.49,23,False,1.0,0.0,0.12957015810276679,23,0.005610098176718092,0.011594202898550725,,,,,,,0.5652173913043478,0.1468397400663728,0.0,0.0,0,results/T-sweep-Dyck-3/distributions/parentheses_and_brackets_L32_T2_gaussian_greedy_sigma50.0.json
unconditional,parentheses_and_brackets,32,gaussian,greedy,1.0,,4,5,0.03,0.02,1.0,0.0,0.03,0.02,0.15,0.025298,2.306,4,False,191.66,15,False,0.4666666666666667,0.5333333333333333,0.040773809523809525,15,0.008602150537634409,0.017777777777777778,,,,,,,0.4875,0.0338501600193165,0.0,0.0,0,results/T-sweep-Dyck-3/distributions/parentheses_and_brackets_L32_T4_gaussian_greedy_sigma1.0.json
unconditional,parentheses_and_brackets,32,uniform,greedy,,,8,5,0.282,0.044452,1.0,0.0,0.282,0.044452,0.87,0.031623,7.832,8,False,421.26,141,False,1.0,0.0,0.1396403242147923,141,0.0009151223976206818,0.0018912529550827422,,,,,,,0.4228723404255319,0.1062221745667999,0.0,0.0,0,results/T-sweep-Dyck-3/distributions/parentheses_and_brackets_L32_T8_uniform_greedy_none.json
unconditional,parentheses_and_brackets,32,gaussian,greedy,10.0,,4,5,0.178,0.027857,1.0,0.0,0.178,0.027857,0.338,0.060465,3.102,5,False,263.35,89,False,1.0,0.0,0.14400456460674158,89,0.0014498006524102935,0.00299625468164794,,,,,,,0.449438202247191,0.1280787990469438,0.0,0.0,0,results/T-sweep-Dyck-3/distributions/parentheses_and_brackets_L32_T4_gaussian_greedy_sigma10.0.json
unconditional,parentheses_and_brackets,32,gaussian,greedy,5.0,,4,5,0.108,0.027857,1.0,0.0,0.108,0.027857,0.182,0.041183,2.51,5,False,288.1,54,False,1.0,0.0,0.1333420684835779,54,0.0023894862604540022,0.0049382716049382715,,,,,,,0.4351851851851852,0.09314073860523477,0.0,0.0,0,results/T-sweep-Dyck-3/distributions/parentheses_and_brackets_L32_T4_gaussian_greedy_sigma5.0.json
unconditional,parentheses_and_brackets,32,gaussian,greedy,50.0,,4,5,0.236,0.038262,1.0,0.0,0.236,0.038262,0.39,0.053666,3.53,5,False,279.28,118,False,1.0,0.0,0.14108901926698536,118,0.0010934937124111536,0.0022598870056497176,,,,,,,0.4809322033898305,0.11607675564138507,0.0,0.0,0,results/T-sweep-Dyck-3/distributions/parentheses_and_brackets_L32_T4_gaussian_greedy_sigma50.0.json
unconditional,parentheses_and_brackets,32,gaussian,greedy,2.0,,4,5,0.032,0.007483,1.0,0.0,0.032,0.007483,0.066,0.004899,2.144,4,False,333.64,16,False,0.9375,0.0625,0.08450520833333333,16,0.008064516129032258,0.016666666666666666,,,,,,,0.484375,0.05182226234930312,0.0,0.0,0,results/T-sweep-Dyck-3/distributions/parentheses_and_brackets_L32_T4_gaussian_greedy_sigma2.0.json
unconditional,parentheses_and_brackets,32,gaussian,greedy,100.0,,4,5,0.242,0.017205,1.0,0.0,0.242,0.017205,0.416,0.042237,3.644,5,False,323.08,121,False,1.0,0.0,0.141432076446281,121,0.0010663822980538523,0.0022038567493112946,,,,,,,0.4772727272727273,0.1280616780634619,0.0,0.0,0,results/T-sweep-Dyck-3/distributions/parentheses_and_brackets_L32_T4_gaussian_greedy_sigma100.0.json
unconditional,parentheses_and_brackets,32,uniform,greedy,,,16,5,0.454,0.048826,1.0,0.0,0.454,0.048826,0.862,0.032496,15.652,16,False,555.73,227,False,1.0,0.0,0.14073649497487437,200,0.0005684240443370755,0.0011747430249632893,,,,,,,0.4041850220264317,0.11663224384489337,0.0,0.0,0,results/T-sweep-Dyck-3/distributions/parentheses_and_brackets_L32_T16_uniform_greedy_none.json
unconditional,parentheses_and_brackets,32,gaussian,greedy,20.0,,4,5,0.196,0.032,1.0,0.0,0.196,0.032,0.332,0.050754,3.336,5,False,367.67,98,False,1.0,0.0,0.14217007679360405,98,0.0013166556945358788,0.0027210884353741495,,,,,,,0.47831632653061223,0.1363185679881591,0.0,0.0,0,results/T-sweep-Dyck-3/distributions/parentheses_and_brackets_L32_T4_gaussian_greedy_sigma20.0.json
unconditional,parentheses_and_brackets,32,uniform,categorical,,,16,5,0.502,0.061123,1.0,0.0,0.502,0.061123,0.572,0.044,13.194,16,False,615.11,251,False,1.0,0.0,0.2703780484521568,200,0.0018151173343705432,0.006432591798445457,,,,,,,0.36130003794346427,0.09489801213737883,1.1285029269093014,0.6623747270047451,0,results/T-sweep-Dyck-3/distributions/parentheses_and_brackets_L32_T16_uniform_categorical_none.json
unconditional,parentheses_and_brackets,32,gaussian,greedy,1.0,,8,5,0.174,0.025768,1.0,0.0,0.174,0.025768,0.178,0.024,5.6,9,False,508.89,87,False,0.8160919540229885,0.1839080459770115,0.134255546645282,87,0.0014831294030404152,0.0030651340996168583,,,,,,,0.36853448275862066,0.056089716367652684,0.0,0.0,0,results/T-sweep-Dyck-3/distributions/parentheses_and_brackets_L32_T8_gaussian_greedy_sigma1.0.json
unconditional,parentheses_and_brackets,32,gaussian,greedy,50.0,,8,5,0.526,0.02245,1.0,0.0,0.526,0.02245,0.724,0.021541,7.562,9,False,509.99,263,False,1.0,0.0,0.14055590452261307,200,0.0004906169508156506,0.0010139416983523447,,,,,,,0.44082699619771865,0.10591290414109485,0.0,0.0,0,results/T-sweep-Dyck-3/distributions/parentheses_and_brackets_L32_T8_gaussian_greedy_sigma50.0.json
unconditional,parentheses_and_brackets,32,gaussian,greedy,20.0,,8,5,0.508,0.044,1.0,0.0,0.508,0.044,0.666,0.057827,7.112,9,False,554.67,254,False,1.0,0.0,0.14295147613065326,200,0.000508001016002032,0.0010498687664041995,,,,,,,0.4183070866141732,0.10286610338381857,0.0,0.0,0,results/T-sweep-Dyck-3/distributions/parentheses_and_brackets_L32_T8_gaussian_greedy_sigma20.0.json
unconditional,parentheses_and_brackets,32,gaussian,greedy,100.0,,8,5,0.556,0.056427,1.0,0.0,0.556,0.056427,0.778,0.039699,7.842,9,False,552.9,278,False,1.0,0.0,0.14082050879396985,200,0.0004641448131817127,0.0009592326139088729,,,,,,,0.4318794964028777,0.11582514750877654,0.0,0.0,0,results/T-sweep-Dyck-3/distributions/parentheses_and_brackets_L32_T8_gaussian_greedy_sigma100.0.json
unconditional,parentheses_and_brackets,32,gaussian,greedy,2.0,,8,5,0.154,0.046303,1.0,0.0,0.154,0.046303,0.212,0.0449,5.548,8,False,602.8,77,False,1.0,0.0,0.1541566985645933,77,0.0016757436112274822,0.003463203463203463,,,,,,,0.37012987012987014,0.07852009431776967,0.0,0.0,0,results/T-sweep-Dyck-3/distributions/parentheses_and_brackets_L32_T8_gaussian_greedy_sigma2.0.json
unconditional,parentheses_and_brackets,32,gaussian,greedy,5.0,,8,5,0.286,0.028705,1.0,0.0,0.286,0.028705,0.404,0.034986,6.052,9,False,626.43,143,False,1.0,0.0,0.15058972717423422,143,0.0009023234829686443,0.0018648018648018648,,,,,,,0.361013986013986,0.09125304754094679,0.0,0.0,0,results/T-sweep-Dyck-3/distributions/parentheses_and_brackets_L32_T8_gaussian_greedy_sigma5.0.json
unconditional,parentheses_and_brackets,32,gaussian,greedy,10.0,,8,5,0.464,0.076837,1.0,0.0,0.464,0.076837,0.59,0.05933,6.73,9,False,673.12,232,False,1.0,0.0,0.14558260050251257,200,0.0005561735261401557,0.0011494252873563218,,,,,,,0.3911637931034483,0.10286857148519887,0.0,0.0,0,results/T-sweep-Dyck-3/distributions/parentheses_and_brackets_L32_T8_gaussian_greedy_sigma10.0.json
unconditional,parentheses_and_brackets,32,gaussian,greedy,1.0,,16,5,0.458,0.038678,1.0,0.0,0.458,0.038678,0.464,0.037202,13.146,16,False,837.1,229,False,1.0,0.0,0.1366441582914573,200,0.0005634596422031273,0.0011644832605531296,,,,,,,0.2535480349344978,0.04603959144969333,0.0,0.0,0,results/T-sweep-Dyck-3/distributions/parentheses_and_brackets_L32_T16_gaussian_greedy_sigma1.0.json
unconditional,parentheses_and_brackets,32,uniform,greedy,,,32,5,0.658,0.047074,1.0,0.0,0.658,0.047074,0.936,0.039294,31.372,32,False,1170.3,329,False,1.0,0.0,0.14014525753768844,200,0.0003921953132660065,0.0008105369807497467,,,,,,,0.39190729483282677,0.10353988295917081,0.0,0.0,0,results/T-sweep-Dyck-3/distributions/parentheses_and_brackets_L32_T32_uniform_greedy_none.json
unconditional,parentheses_and_brackets,32,gaussian,greedy,50.0,,16,5,0.744,0.028,1.0,0.0,0.744,0.028,0.876,0.034409,15.134,17,False,869.74,372,False,1.0,0.0,0.1414533605527638,200,0.000346860908775581,0.0007168458781362007,,,,,,,0.4025537634408602,0.1073618945928568,0.0,0.0,0,results/T-sweep-Dyck-3/distributions/parentheses_and_brackets_L32_T16_gaussian_greedy_sigma50.0.json
unconditional,parentheses_and_brackets,32,uniform,categorical,,,32,5,0.72,0.026077,1.0,0.0,0.72,0.026077,0.758,0.031875,28.968,32,False,1268.81,360,False,1.0,0.0,0.27061905608955017,200,0.0012690355329949238,0.004497751124437781,,,,,,,0.3672577075702076,0.0957474588871537,1.20278171674005,0.8545070893308246,0,results/T-sweep-Dyck-3/distributions/parentheses_and_brackets_L32_T32_uniform_categorical_none.json
unconditional,parentheses_and_brackets,32,gaussian,greedy,2.0,,16,5,0.5,0.029665,1.0,0.0,0.5,0.029665,0.53,0.022804,13.018,16,False,1017.22,250,False,1.0,0.0,0.14384108040201005,200,0.0005161290322580645,0.0010666666666666667,,,,,,,0.2705,0.060866657539247214,0.0,0.0,0,results/T-sweep-Dyck-3/distributions/parentheses_and_brackets_L32_T16_gaussian_greedy_sigma2.0.json
unconditional,parentheses_and_brackets,32,gaussian,greedy,20.0,,16,5,0.758,0.021354,1.0,0.0,0.758,0.021354,0.89,0.028983,14.646,17,False,947.05,379,False,1.0,0.0,0.13963410804020102,200,0.0003404545067665333,0.0007036059806508355,,,,,,,0.3954485488126649,0.10537921528956481,0.0,0.0,0,results/T-sweep-Dyck-3/distributions/parentheses_and_brackets_L32_T16_gaussian_greedy_sigma20.0.json
unconditional,parentheses_and_brackets,32,gaussian,greedy,100.0,,16,5,0.702,0.016,1.0,0.0,0.702,0.016,0.9,0.044721,15.614,17,False,884.5,351,False,1.0,0.0,0.13963410804020102,200,0.00036761327083907727,0.0007597340930674264,,,,,,,0.40865384615384615,0.1081621947676035,0.0,0.0,0,results/T-sweep-Dyck-3/distributions/parentheses_and_brackets_L32_T16_gaussian_greedy_sigma100.0.json
unconditional,parentheses_and_brackets,32,gaussian,greedy,5.0,,16,5,0.592,0.026382,1.0,0.0,0.592,0.026382,0.698,0.027857,13.588,17,False,1180.78,296,False,1.0,0.0,0.1463049623115578,200,0.00043591979075850045,0.0009009009009009009,,,,,,,0.3061655405405405,0.07071809252124206,0.0,0.0,0,results/T-sweep-Dyck-3/distributions/parentheses_and_brackets_L32_T16_gaussian_greedy_sigma5.0.json
unconditional,parentheses_and_brackets,32,gaussian,categorical,1.0,,1,5,0.0,0.0,1.0,0.0,0.0,0.0,0.76,0.027568,1.0,1,False,199.06,0,True,,,,0,,,,,,,,,,,,,0,results/T-sweep-Dyck-3/distributions/parentheses_and_brackets_L32_T1_gaussian_categorical_sigma1.0.json
unconditional,parentheses_and_brackets,32,gaussian,greedy,10.0,,16,5,0.692,0.026382,1.0,0.0,0.692,0.026382,0.816,0.025768,13.956,17,False,1232.77,346,False,1.0,0.0,0.14522927135678393,200,0.00037292560134253216,0.0007707129094412332,,,,,,,0.36235549132947975,0.09163917957321027,0.0,0.0,0,results/T-sweep-Dyck-3/distributions/parentheses_and_brackets_L32_T16_gaussian_greedy_sigma10.0.json
unconditional,parentheses_and_brackets,32,gaussian,categorical,2.0,,1,5,0.0,0.0,1.0,0.0,0.0,0.0,0.752,0.031875,1.0,1,False,177.4,0,True,,,,0,,,,,,,,,,,,,0,results/T-sweep-Dyck-3/distributions/parentheses_and_brackets_L32_T1_gaussian_categorical_sigma2.0.json
unconditional,parentheses_and_brackets,32,gaussian,categorical,5.0,,1,5,0.0,0.0,1.0,0.0,0.0,0.0,0.74,0.030984,1.0,1,False,198.91,0,True,,,,0,,,,,,,,,,,,,0,results/T-sweep-Dyck-3/distributions/parentheses_and_brackets_L32_T1_gaussian_categorical_sigma5.0.json
unconditional,parentheses_and_brackets,32,gaussian,categorical,10.0,,1,5,0.0,0.0,1.0,0.0,0.0,0.0,0.682,0.044452,1.0,1,False,199.14,0,True,,,,0,,,,,,,,,,,,,0,results/T-sweep-Dyck-3/distributions/parentheses_and_brackets_L32_T1_gaussian_categorical_sigma10.0.json
unconditional,parentheses_and_brackets,32,gaussian,categorical,20.0,,1,5,0.0,0.0,1.0,0.0,0.0,0.0,0.634,0.047582,1.0,1,False,127.67,0,True,,,,0,,,,,,,,,,,,,0,results/T-sweep-Dyck-3/distributions/parentheses_and_brackets_L32_T1_gaussian_categorical_sigma20.0.json
unconditional,parentheses_and_brackets,32,gaussian,categorical,50.0,,1,5,0.0,0.0,1.0,0.0,0.0,0.0,0.526,0.034409,1.0,1,False,139.04,0,True,,,,0,,,,,,,,,,,,,0,results/T-sweep-Dyck-3/distributions/parentheses_and_brackets_L32_T1_gaussian_categorical_sigma50.0.json
unconditional,parentheses_and_brackets,32,gaussian,categorical,100.0,,1,5,0.0,0.0,1.0,0.0,0.0,0.0,0.426,0.018547,1.0,1,False,199.17,0,True,,,,0,,,,,,,,,,,,,0,results/T-sweep-Dyck-3/distributions/parentheses_and_brackets_L32_T1_gaussian_categorical_sigma100.0.json
unconditional,parentheses_and_brackets,32,gaussian,categorical,1.0,,2,5,0.004,0.004899,1.0,0.0,0.004,0.004899,0.022,0.011662,1.028,2,False,203.37,2,True,,,,2,,,,,,,,,0.9375,0.0625,0.6888888888888889,0.0888888888888889,0,results/T-sweep-Dyck-3/distributions/parentheses_and_brackets_L32_T2_gaussian_categorical_sigma1.0.json
unconditional,parentheses_and_brackets,32,gaussian,categorical,2.0,,2,5,0.0,0.0,1.0,0.0,0.0,0.0,0.026,0.010198,1.034,2,False,194.03,0,True,,,,0,,,,,,,,,,,,,0,results/T-sweep-Dyck-3/distributions/parentheses_and_brackets_L32_T2_gaussian_categorical_sigma2.0.json
unconditional,parentheses_and_brackets,32,gaussian,categorical,5.0,,2,5,0.0,0.0,1.0,0.0,0.0,0.0,0.044,0.024166,1.056,2,False,204.18,0,True,,,,0,,,,,,,,,,,,,0,results/T-sweep-Dyck-3/distributions/parentheses_and_brackets_L32_T2_gaussian_categorical_sigma5.0.json
unconditional,parentheses_and_brackets,32,gaussian,categorical,10.0,,2,5,0.002,0.004,1.0,0.0,0.002,0.004,0.082,0.034293,1.112,2,False,205.06,1,True,1.0,0.0,,1,0.41935483870967744,0.7,,,,,,,0.6875,,0.7777777777777778,,0,results/T-sweep-Dyck-3/distributions/parentheses_and_brackets_L32_T2_gaussian_categorical_sigma10.0.json
unconditional,parentheses_and_brackets,32,uniform,categorical,,,64,5,0.842,0.036551,1.0,0.0,0.842,0.036551,0.858,0.041665,58.492,63,False,2187.37,420,False,1.0,0.0,0.2724851328114322,200,0.0010874631039304024,0.003854183394893207,,,,,,,0.3638329626722484,0.09547849740641577,1.2074450879808023,0.7195309360175676,0,results/T-sweep-Dyck-3/distributions/parentheses_and_brackets_L32_T64_uniform_categorical_none.json
unconditional,parentheses_and_brackets,32,gaussian,greedy,100.0,,32,5,0.804,0.02498,1.0,0.0,0.804,0.02498,0.956,0.020591,30.744,33,False,1622.22,402,False,1.0,0.0,0.14072157663316584,200,0.0003209757663296421,0.0006633499170812604,,,,,,,0.3935012437810945,0.10337574257378694,0.0,0.0,0,results/T-sweep-Dyck-3/distributions/parentheses_and_brackets_L32_T32_gaussian_greedy_sigma100.0.json
unconditional,parentheses_and_brackets,32,gaussian,categorical,20.0,,2,5,0.004,0.004899,1.0,0.0,0.004,0.004899,0.148,0.017205,1.21,2,False,205.86,2,True,,,,2,,,,,,,,,0.68125,0.11875000000000002,1.2708333333333335,0.39583333333333337,0,results/T-sweep-Dyck-3/distributions/parentheses_and_brackets_L32_T2_gaussian_categorical_sigma20.0.json
unconditional,parentheses_and_brackets,32,gaussian,greedy,1.0,,32,5,0.806,0.013565,1.0,0.0,0.806,0.013565,0.806,0.013565,28.776,32,False,1827.63,403,False,0.9975186104218362,0.002481389578163795,0.12449277638190955,200,0.0003201793004082286,0.0006617038875103391,,,,,,,0.2126240694789082,0.040935290474945034,0.0,0.0,0,results/T-sweep-Dyck-3/distributions/parentheses_and_brackets_L32_T32_gaussian_greedy_sigma1.0.json
unconditional,parentheses_and_brackets,32,gaussian,categorical,2.0,,4,5,0.0,0.0,1.0,0.0,0.0,0.0,0.0,0.0,1.554,3,False,168.69,0,True,,,,0,,,,,,,,,,,,,0,results/T-sweep-Dyck-3/distributions/parentheses_and_brackets_L32_T4_gaussian_categorical_sigma2.0.json
unconditional,parentheses_and_brackets,32,gaussian,categorical,50.0,,2,5,0.0,0.0,1.0,0.0,0.0,0.0,0.136,0.02498,1.232,2,False,205.58,0,True,,,,0,,,,,,,,,,,,,0,results/T-sweep-Dyck-3/distributions/parentheses_and_brackets_L32_T2_gaussian_categorical_sigma50.0.json
unconditional,parentheses_and_brackets,32,gaussian,categorical,100.0,,2,5,0.0,0.0,1.0,0.0,0.0,0.0,0.12,0.022804,1.236,2,False,205.6,0,True,,,,0,,,,,,,,,,,,,0,results/T-sweep-Dyck-3/distributions/parentheses_and_brackets_L32_T2_gaussian_categorical_sigma100.0.json
unconditional,parentheses_and_brackets,32,gaussian,categorical,1.0,,4,5,0.0,0.0,1.0,0.0,0.0,0.0,0.002,0.004,1.398,4,False,243.37,0,True,,,,0,,,,,,,,,,,,,0,results/T-sweep-Dyck-3/distributions/parentheses_and_brackets_L32_T4_gaussian_categorical_sigma1.0.json
unconditional,parentheses_and_brackets,32,uniform,greedy,,,64,5,0.822,0.011662,1.0,0.0,0.822,0.011662,0.974,0.016248,61.508,63,False,2495.81,411,False,1.0,0.0,0.14114007537688442,200,0.00031394709991366455,0.0006488240064882401,,,,,,,0.3867092457420925,0.10319993357174276,0.0,0.0,0,results/T-sweep-Dyck-3/distributions/parentheses_and_brackets_L32_T64_uniform_greedy_none.json
unconditional,parentheses_and_brackets,32,gaussian,greedy,50.0,,32,5,0.844,0.024166,1.0,0.0,0.844,0.024166,0.944,0.020591,30.216,33,False,1946.28,422,False,1.0,0.0,0.13998508165829146,200,0.00030576364470264486,0.000631911532385466,,,,,,,0.39351303317535546,0.104421909849785,0.0,0.0,0,results/T-sweep-Dyck-3/distributions/parentheses_and_brackets_L32_T32_gaussian_greedy_sigma50.0.json
unconditional,parentheses_and_brackets,32,gaussian,categorical,10.0,,4,5,0.014,0.010198,1.0,0.0,0.014,0.010198,0.022,0.013266,2.144,5,False,263.49,7,False,1.0,0.0,0.256006006006006,7,0.06511627906976744,0.21634615384615385,,,,,,,0.45952380952380956,0.07957957126841855,1.4111111111111112,0.7006421846416836,0,results/T-sweep-Dyck-3/distributions/parentheses_and_brackets_L32_T4_gaussian_categorical_sigma10.0.json
unconditional,parentheses_and_brackets,32,gaussian,categorical,5.0,,4,5,0.002,0.004,1.0,0.0,0.002,0.004,0.004,0.004899,1.938,4,False,325.99,1,True,1.0,0.0,,1,0.41935483870967744,0.8,,,,,,,0.375,,1.2857142857142858,,0,results/T-sweep-Dyck-3/distributions/parentheses_and_brackets_L32_T4_gaussian_categorical_sigma5.0.json
unconditional,parentheses_and_brackets,32,gaussian,greedy,2.0,,32,5,0.792,0.042615,1.0,0.0,0.792,0.042615,0.81,0.038987,28.154,33,False,2125.04,396,False,0.9974747474747475,0.002525252525252486,0.13790201005025127,200,0.00032583903551645487,0.0006734006734006734,,,,,,,0.2307449494949495,0.05009599975710751,0.0,0.0,0,results/T-sweep-Dyck-3/distributions/parentheses_and_brackets_L32_T32_gaussian_greedy_sigma2.0.json
unconditional,parentheses_and_brackets,32,gaussian,categorical,50.0,,4,5,0.018,0.009798,1.0,0.0,0.018,0.009798,0.048,0.01833,2.39,5,False,251.32,9,False,1.0,0.0,0.2674825174825175,9,0.05054151624548736,0.17537313432835822,,,,,,,0.3768518518518518,0.14877471668173708,1.2671957671957672,0.6598713049783592,0,results/T-sweep-Dyck-3/distributions/parentheses_and_brackets_L32_T4_gaussian_categorical_sigma50.0.json
unconditional,parentheses_and_brackets,32,gaussian,categorical,20.0,,4,5,0.016,0.008,1.0,0.0,0.016,0.008,0.02,0.015492,2.286,5,False,306.25,8,False,1.0,0.0,0.28065241844769406,8,0.056910569105691054,0.19327731092436976,,,,,,,0.3463541666666667,0.053050908300685845,0.7925324675324675,0.23824104318215605,0,results/T-sweep-Dyck-3/distributions/parentheses_and_brackets_L32_T4_gaussian_categorical_sigma20.0.json
unconditional,parentheses_and_brackets,32,gaussian,categorical,100.0,,4,5,0.05,0.016733,1.0,0.0,0.05,0.016733,0.064,0.020591,2.468,5,False,299.08,25,False,1.0,0.0,0.2695214105793451,25,0.018205461638491547,0.06451612903225806,,,,,,,0.38549999999999995,0.10947551730359116,1.1336666666666668,0.7614071430519626,0,results/T-sweep-Dyck-3/distributions/parentheses_and_brackets_L32_T4_gaussian_categorical_sigma100.0.json
unconditional,parentheses_and_brackets,32,gaussian,greedy,5.0,,32,5,0.822,0.017205,1.0,0.0,0.822,0.017205,0.868,0.023152,27.632,33,False,2232.11,411,False,1.0,0.0,0.14352308417085427,200,0.00031394709991366455,0.0006488240064882401,,,,,,,0.2913625304136253,0.06377875732222923,0.0,0.0,0,results/T-sweep-Dyck-3/distributions/parentheses_and_brackets_L32_T32_gaussian_greedy_sigma5.0.json
unconditional,parentheses_and_brackets,32,gaussian,greedy,20.0,,32,5,0.846,0.020591,1.0,0.0,0.846,0.020591,0.906,0.036111,28.704,33,False,2260.41,423,False,1.0,0.0,0.14312107412060301,200,0.00030504079920689394,0.0006304176516942475,,,,,,,0.3888888888888889,0.10399414397244743,0.0,0.0,0,results/T-sweep-Dyck-3/distributions/parentheses_and_brackets_L32_T32_gaussian_greedy_sigma20.0.json
unconditional,parentheses_and_brackets,32,gaussian,greedy,10.0,,32,5,0.82,0.018974,1.0,0.0,0.82,0.018974,0.882,0.024819,27.974,33,False,2309.55,410,False,1.0,0.0,0.14250235552763818,200,0.0003147128245476003,0.0006504065040650406,,,,,,,0.34176829268292686,0.0797819893454302,0.0,0.0,0,results/T-sweep-Dyck-3/distributions/parentheses_and_brackets_L32_T32_gaussian_greedy_sigma10.0.json
unconditional,parentheses_and_brackets,32,gaussian,categorical,1.0,,8,5,0.008,0.007483,1.0,0.0,0.008,0.007483,0.008,0.007483,2.486,8,False,400.87,4,True,,,,4,,,,,,,,,0.3489583333333333,0.027063293868263713,1.4468253968253968,0.537499670410699,0,results/T-sweep-Dyck-3/distributions/parentheses_and_brackets_L32_T8_gaussian_categorical_sigma1.0.json
unconditional,parentheses_and_brackets,32,gaussian,categorical,5.0,,8,5,0.034,0.013565,1.0,0.0,0.034,0.013565,0.048,0.023152,3.84,8,False,397.44,17,False,1.0,0.0,0.26447610294117646,17,0.026565464895635674,0.09411764705882353,,,,,,,0.4338235294117647,0.10385622714577598,0.9959021370786078,0.48274583228654977,0,results/T-sweep-Dyck-3/distributions/parentheses_and_brackets_L32_T8_gaussian_categorical_sigma5.0.json
unconditional,parentheses_and_brackets,32,gaussian,categorical,100.0,,8,5,0.186,0.033823,1.0,0.0,0.186,0.033823,0.198,0.032496,5.408,9,False,345.79,93,False,1.0,0.0,0.27027733592553316,93,0.004896817068905212,0.01735357917570499,,,,,,,0.36553379416282644,0.0895042156795916,1.0336157271641142,0.5479721201062091,0,results/T-sweep-Dyck-3/distributions/parentheses_and_brackets_L32_T8_gaussian_categorical_sigma100.0.json
unconditional,parentheses_and_brackets,32,gaussian,categorical,2.0,,8,5,0.014,0.010198,1.0,0.0,0.014,0.010198,0.018,0.014697,3.1,8,False,481.69,7,False,1.0,0.0,0.27157738095238093,7,0.06451612903225806,0.22380952380952382,,,,,,,0.4375,0.1417366773784602,1.5424036281179139,1.2502979421866605,0,results/T-sweep-Dyck-3/distributions/parentheses_and_brackets_L32_T8_gaussian_categorical_sigma2.0.json
unconditional,parentheses_and_brackets,32,gaussian,categorical,50.0,,8,5,0.184,0.037202,1.0,0.0,0.184,0.037202,0.196,0.034409,5.33,9,False,529.83,92,False,1.0,0.0,0.2729476405946994,92,0.0049435028248587575,0.017518248175182483,,,,,,,0.37554347826086953,0.09249097706862779,1.174299281636238,0.6599756955908168,0,results/T-sweep-Dyck-3/distributions/parentheses_and_brackets_L32_T8_gaussian_categorical_sigma50.0.json
unconditional,parentheses_and_brackets,32,gaussian,categorical,20.0,,8,5,0.138,0.023152,1.0,0.0,0.138,0.023152,0.15,0.024495,4.844,9,False,583.68,68,False,1.0,0.0,0.27309286898839136,68,0.006692160611854685,0.023715415019762844,,,,,,,0.38389355742296916,0.10311624649859945,1.2170045640633875,0.7935652707791296,0,results/T-sweep-Dyck-3/distributions/parentheses_and_brackets_L32_T8_gaussian_categorical_sigma20.0.json
unconditional,parentheses_and_brackets,32,gaussian,categorical,10.0,,8,5,0.122,0.029257,1.0,0.0,0.122,0.029257,0.138,0.037094,4.604,9,False,635.76,59,False,1.0,0.0,0.27008417632725396,59,0.007739082365948038,0.027428571428571427,,,,,,,0.40261299435028247,0.09149926389070275,1.2310531746972426,0.8542102912843829,0,results/T-sweep-Dyck-3/distributions/parentheses_and_brackets_L32_T8_gaussian_categorical_sigma10.0.json
unconditional,parentheses_and_brackets,32,gaussian,categorical,50.0,,16,5,0.44,0.059666,1.0,0.0,0.44,0.059666,0.45,0.061644,11.938,17,False,620.83,220,False,1.0,0.0,0.27210561367395,200,0.002082093991671624,0.007380073800738007,,,,,,,0.3722858391608392,0.0954519177920202,1.1665602200829475,0.6542978420428994,0,results/T-sweep-Dyck-3/distributions/parentheses_and_brackets_L32_T16_gaussian_categorical_sigma50.0.json
unconditional,parentheses_and_brackets,32,gaussian,categorical,1.0,,16,5,0.028,0.007483,1.0,0.0,0.028,0.007483,0.028,0.007483,5.848,17,False,814.55,14,False,1.0,0.0,0.2702656088306313,14,0.032407407407407406,0.11483253588516747,,,,,,,0.36815476190476193,0.08676858623193848,1.0588149945292804,0.7371114320712941,0,results/T-sweep-Dyck-3/distributions/parentheses_and_brackets_L32_T16_gaussian_categorical_sigma1.0.json
unconditional,parentheses_and_brackets,32,gaussian,categorical,2.0,,16,5,0.072,0.021354,1.0,0.0,0.072,0.021354,0.074,0.021541,7.266,16,False,896.65,36,False,1.0,0.0,0.2734480179506357,36,0.012612612612612612,0.0446927374301676,,,,,,,0.444130291005291,0.1195613216190862,1.1997454705788038,0.7471795437126704,0,results/T-sweep-Dyck-3/distributions/parentheses_and_brackets_L32_T16_gaussian_categorical_sigma2.0.json
unconditional,parentheses_and_brackets,32,gaussian,categorical,5.0,,16,5,0.212,0.036551,1.0,0.0,0.212,0.036551,0.212,0.036551,9.37,17,False,918.2,105,False,1.0,0.0,0.27057842367716317,105,0.004338394793926247,0.015374759769378604,,,,,,,0.3936394557823129,0.11141163342147437,1.1417274524417382,0.6707617169928327,0,results/T-sweep-Dyck-3/distributions/parentheses_and_brackets_L32_T16_gaussian_categorical_sigma5.0.json
unconditional,parentheses_and_brackets,32,gaussian,categorical,100.0,,16,5,0.452,0.023152,1.0,0.0,0.452,0.023152,0.468,0.017205,12.394,17,False,916.45,225,False,1.0,0.0,0.2693706779400315,200,0.0020286914939863787,0.007189934092270821,,,,,,,0.3731349206349206,0.09598014486661698,1.1626160012826678,0.6565311843815151,0,results/T-sweep-Dyck-3/distributions/parentheses_and_brackets_L32_T16_gaussian_categorical_sigma100.0.json
unconditional,parentheses_and_brackets,32,gaussian,categorical,20.0,,16,5,0.36,0.010954,1.0,0.0,0.36,0.010954,0.372,0.009798,11.228,17,False,1049.07,180,False,1.0,0.0,0.27044193759845025,180,0.002531645569620253,0.00897196261682243,,,,,,,0.3685711741961742,0.10410005928812792,1.1525939800939802,0.7781980532513892,0,results/T-sweep-Dyck-3/distributions/parentheses_and_brackets_L32_T16_gaussian_categorical_sigma20.0.json
unconditional,parentheses_and_brackets,32,gaussian,greedy,5.0,,64,5,0.932,0.03763,1.0,0.0,0.932,0.03763,0.952,0.019391,55.3,64,False,3226.72,466,False,1.0,0.0,0.14325219849246232,200,0.00027689325764917625,0.0005722460658082976,,,,,,,0.2687768240343348,0.06355994415904741,0.0,0.0,0,results/T-sweep-Dyck-3/distributions/parentheses_and_brackets_L32_T64_gaussian_greedy_sigma5.0.json
unconditional,parentheses_and_brackets,32,gaussian,categorical,10.0,,16,5,0.334,0.034409,1.0,0.0,0.334,0.034409,0.35,0.031623,10.72,17,False,1209.83,167,False,1.0,0.0,0.2690698594984166,167,0.002729576915578085,0.009673518742442563,,,,,,,0.3750035642999715,0.10615192394548714,1.150263957599287,0.5718976560067148,0,results/T-sweep-Dyck-3/distributions/parentheses_and_brackets_L32_T16_gaussian_categorical_sigma10.0.json
unconditional,parentheses_and_brackets,32,uniform,categorical,,,128,5,0.922,0.013266,1.0,0.0,0.922,0.013266,0.936,0.012,119.0,125,False,4077.33,461,False,1.0,0.0,0.2741841108350208,200,0.0009886307464162135,0.0035036496350364962,,,,,,,0.3692142817413967,0.09450654152691253,1.210985941029325,1.0266515332594728,0,results/T-sweep-Dyck-3/distributions/parentheses_and_brackets_L32_T128_uniform_categorical_none.json
unconditional,parentheses_and_brackets,32,gaussian,greedy,10.0,,64,5,0.912,0.022271,1.0,0.0,0.912,0.022271,0.954,0.013565,55.52,64,False,3465.18,456,False,1.0,0.0,0.14220791457286433,200,0.0002829654782116582,0.0005847953216374269,,,,,,,0.3315515350877193,0.08312556607016647,0.0,0.0,0,results/T-sweep-Dyck-3/distributions/parentheses_and_brackets_L32_T64_gaussian_greedy_sigma10.0.json
unconditional,parentheses_and_brackets,32,gaussian,greedy,1.0,,64,5,0.954,0.020591,1.0,0.0,0.954,0.020591,0.954,0.020591,58.41,63,False,3636.98,477,False,0.9811320754716981,0.018867924528301883,0.11683103015075377,200,0.00027050787854196256,0.0005590496156533892,,,,,,,0.1931341719077568,0.039973836123383066,0.0,0.0,0,results/T-sweep-Dyck-3/distributions/parentheses_and_brackets_L32_T64_gaussian_greedy_sigma1.0.json
unconditional,parentheses_and_brackets,32,gaussian,greedy,100.0,,64,5,0.858,0.004,1.0,0.0,0.858,0.004,0.97,0.008944,60.206,64,False,3433.63,429,False,1.0,0.0,0.14006516959798995,200,0.0003007744943228814,0.0006216006216006216,,,,,,,0.38956876456876455,0.10218199542898446,0.0,0.0,0,results/T-sweep-Dyck-3/distributions/parentheses_and_brackets_L32_T64_gaussian_greedy_sigma100.0.json
unconditional,parentheses_and_brackets,32,gaussian,greedy,50.0,,64,5,0.882,0.038678,1.0,0.0,0.882,0.038678,0.972,0.017205,58.788,64,False,3598.65,441,False,1.0,0.0,0.1397385364321608,200,0.0002925901543413064,0.0006046863189720333,,,,,,,0.39526643990929705,0.10372484470399417,0.0,0.0,0,results/T-sweep-Dyck-3/distributions/parentheses_and_brackets_L32_T64_gaussian_greedy_sigma50.0.json
unconditional,parentheses_and_brackets,32,gaussian,greedy,2.0,,64,5,0.928,0.029933,1.0,0.0,0.928,0.029933,0.932,0.027857,56.932,64,False,3896.67,464,False,1.0,0.0,0.13034155150753768,200,0.00027808676307007786,0.0005747126436781609,,,,,,,0.21066810344827586,0.045898721620575574,0.0,0.0,0,results/T-sweep-Dyck-3/distributions/parentheses_and_brackets_L32_T64_gaussian_greedy_sigma2.0.json
unconditional,parentheses_and_brackets,32,gaussian,categorical,1.0,,32,5,0.172,0.024819,1.0,0.0,0.172,0.024819,0.172,0.023152,16.07,32,False,1686.19,84,False,1.0,0.0,0.26985336555804057,84,0.005409582689335394,0.019169329073482427,,,,,,,0.4007086167800454,0.10198995055276062,1.1775565704137132,0.6359946627507969,0,results/T-sweep-Dyck-3/distributions/parentheses_and_brackets_L32_T32_gaussian_categorical_sigma1.0.json
unconditional,parentheses_and_brackets,32,gaussian,categorical,5.0,,32,5,0.45,0.058652,1.0,0.0,0.45,0.058652,0.448,0.058788,21.946,33,False,1687.55,224,False,1.0,0.0,0.27054536136774526,200,0.0020325203252032522,0.007202881152460984,,,,,,,0.3715189200680272,0.09109967194319821,1.144699360659182,0.700785598205652,0,results/T-sweep-Dyck-3/distributions/parentheses_and_brackets_L32_T32_gaussian_categorical_sigma5.0.json
unconditional,parentheses_and_brackets,32,gaussian,categorical,2.0,,32,5,0.302,0.039192,1.0,0.0,0.302,0.039192,0.304,0.039294,19.22,31,False,1870.75,148,False,1.0,0.0,0.2697897996703985,148,0.0030661410424879547,0.010864644635581712,,,,,,,0.39273246460746464,0.10153879253447877,1.1634442884442884,0.6508781035332923,0,results/T-sweep-Dyck-3/distributions/parentheses_and_brackets_L32_T32_gaussian_categorical_sigma2.0.json
unconditional,parentheses_and_brackets,32,gaussian,greedy,20.0,,64,5,0.93,0.026833,1.0,0.0,0.93,0.026833,0.978,0.016,56.714,64,False,4106.04,465,False,1.0,0.0,0.14092101130653267,200,0.00027748872702046477,0.0005734767025089606,,,,,,,0.36989247311827955,0.10209888337468145,0.0,0.0,0,results/T-sweep-Dyck-3/distributions/parentheses_and_brackets_L32_T64_gaussian_greedy_sigma20.0.json
unconditional,parentheses_and_brackets,32,uniform,greedy,,,128,5,0.888,0.017205,1.0,0.0,0.888,0.017205,0.98,0.010954,121.644,125,False,4920.21,444,False,1.0,0.0,0.13984532035175878,200,0.0002906131938390003,0.0006006006006006006,,,,,,,0.38161599099099097,0.10023659260240474,0.0,0.0,0,results/T-sweep-Dyck-3/distributions/parentheses_and_brackets_L32_T128_uniform_greedy_none.json
unconditional,parentheses_and_brackets,32,ebsampler,greedy,,0.1,1,1,1.0,0.0,1.0,0.0,1.0,0.0,1.0,0.0,33.0,33,True,186.84,100,False,0.01,0.99,0.0,100,0.0012903225806451613,0.002,,,,,,,0.5,0.0,0.0,0.0,0,results/T-sweep-Dyck-3/distributions/parentheses_and_brackets_L32_T1_ebsampler_greedy_gamma0.1.json
unconditional,parentheses_and_brackets,32,gaussian,categorical,50.0,,32,5,0.644,0.017436,1.0,0.0,0.644,0.017436,0.648,0.017205,25.872,33,False,1656.69,321,False,1.0,0.0,0.2701036689433304,200,0.0014205986808726535,0.005034612964128383,,,,,,,0.371818264808919,0.09520506636164824,1.1192363019465823,0.6379865683115835,0,results/T-sweep-Dyck-3/distributions/parentheses_and_brackets_L32_T32_gaussian_categorical_sigma50.0.json
unconditional,parentheses_and_brackets,32,ar,greedy,,,34,1,1.0,0.0,1.0,0.0,1.0,0.0,1.0,0.0,33.0,33,True,404.35,100,False,0.01,0.99,0.0,100,0.0012903225806451613,0.0016666666666666668,,,,,,,0.125,0.0,0.0,0.0,0,results/T-sweep-Dyck-3/distributions/parentheses_and_brackets_L32_T34_ar_greedy_none.json
unconditional,parentheses_and_brackets,32,ebsampler,greedy,,0.9,1,1,1.0,0.0,1.0,0.0,1.0,0.0,1.0,0.0,31.0,31,True,160.94,100,False,0.01,0.99,0.0,100,0.0012903225806451613,0.002,,,,,,,0.5,0.0,0.0,0.0,0,results/T-sweep-Dyck-3/distributions/parentheses_and_brackets_L32_T1_ebsampler_greedy_gamma0.9.json
unconditional,parentheses_and_brackets,32,ebsampler,greedy,,0.5,1,1,1.0,0.0,1.0,0.0,1.0,0.0,1.0,0.0,32.0,32,True,174.71,100,False,0.01,0.99,0.0,100,0.0012903225806451613,0.002,,,,,,,0.5,0.0,0.0,0.0,0,results/T-sweep-Dyck-3/distributions/parentheses_and_brackets_L32_T1_ebsampler_greedy_gamma0.5.json
unconditional,parentheses_and_brackets,32,gaussian,categorical,100.0,,32,5,0.668,0.050359,1.0,0.0,0.668,0.050359,0.684,0.047582,26.82,33,False,1813.74,332,False,1.0,0.0,0.271357577778307,200,0.0013763271726307512,0.004878048780487805,,,,,,,0.3638141853126793,0.08882233372568021,1.1099552555877856,0.6209261538632235,0,results/T-sweep-Dyck-3/distributions/parentheses_and_brackets_L32_T32_gaussian_categorical_sigma100.0.json
unconditional,parentheses_and_brackets,32,ebsampler,greedy,,10.0,1,1,1.0,0.0,1.0,0.0,1.0,0.0,1.0,0.0,4.0,4,True,49.65,100,False,0.01,0.99,0.0,100,0.0012903225806451613,0.0026666666666666666,,,,,,,0.4375,0.0,0.0,0.0,0,results/T-sweep-Dyck-3/distributions/parentheses_and_brackets_L32_T1_ebsampler_greedy_gamma10.0.json
unconditional,parentheses_and_brackets,32,ebsampler,greedy,,5.0,1,1,0.0,0.0,1.0,0.0,0.0,0.0,0.0,0.0,6.0,6,True,61.27,0,True,,,,0,,,,,,,,,,,,,0,results/T-sweep-Dyck-3/distributions/parentheses_and_brackets_L32_T1_ebsampler_greedy_gamma5.0.json
unconditional,parentheses_and_brackets,32,ebsampler,greedy,,2.0,1,1,0.0,0.0,1.0,0.0,0.0,0.0,1.0,0.0,15.0,15,True,104.97,0,True,,,,0,,,,,,,,,,,,,0,results/T-sweep-Dyck-3/distributions/parentheses_and_brackets_L32_T1_ebsampler_greedy_gamma2.0.json
unconditional,parentheses_and_brackets,32,gaussian,categorical,20.0,,32,5,0.612,0.054918,1.0,0.0,0.612,0.054918,0.616,0.054991,25.064,33,False,2197.13,306,False,1.0,0.0,0.2714788453307547,200,0.0014896786550329857,0.005279366476022877,,,,,,,0.3697926392779334,0.09412151846815774,1.1337953350208252,0.7118310674485017,0,results/T-sweep-Dyck-3/distributions/parentheses_and_brackets_L32_T32_gaussian_categorical_sigma20.0.json
unconditional,parentheses_and_brackets,32,ebsampler,greedy,,5.0,2,1,0.0,0.0,1.0,0.0,0.0,0.0,0.0,0.0,6.0,6,True,63.06,0,True,,,,0,,,,,,,,,,,,,0,results/T-sweep-Dyck-3/distributions/parentheses_and_brackets_L32_T2_ebsampler_greedy_gamma5.0.json
unconditional,parentheses_and_brackets,32,ebsampler,greedy,,2.0,2,1,0.0,0.0,1.0,0.0,0.0,0.0,1.0,0.0,15.0,15,True,104.79,0,True,,,,0,,,,,,,,,,,,,0,results/T-sweep-Dyck-3/distributions/parentheses_and_brackets_L32_T2_ebsampler_greedy_gamma2.0.json
unconditional,parentheses_and_brackets,32,gaussian,categorical,10.0,,32,5,0.554,0.048,1.0,0.0,0.554,0.048,0.55,0.0502,23.762,33,False,2311.25,272,False,1.0,0.0,0.2684103916044871,200,0.0016750418760469012,0.005936186000494682,,,,,,,0.3673888305322129,0.10354980436285878,1.1737415974548329,0.6982524458712958,0,results/T-sweep-Dyck-3/distributions/parentheses_and_brackets_L32_T32_gaussian_categorical_sigma10.0.json
unconditional,parentheses_and_brackets,32,ebsampler,greedy,,0.1,2,1,1.0,0.0,1.0,0.0,1.0,0.0,1.0,0.0,33.0,33,True,187.73,100,False,0.01,0.99,0.0,100,0.0012903225806451613,0.002,,,,,,,0.5,0.0,0.0,0.0,0,results/T-sweep-Dyck-3/distributions/parentheses_and_brackets_L32_T2_ebsampler_greedy_gamma0.1.json
unconditional,parentheses_and_brackets,32,ebsampler,greedy,,0.9,2,1,1.0,0.0,1.0,0.0,1.0,0.0,1.0,0.0,31.0,31,True,161.0,100,False,0.01,0.99,0.0,100,0.0012903225806451613,0.002,,,,,,,0.5,0.0,0.0,0.0,0,results/T-sweep-Dyck-3/distributions/parentheses_and_brackets_L32_T2_ebsampler_greedy_gamma0.9.json
unconditional,parentheses_and_brackets,32,ebsampler,greedy,,10.0,2,1,1.0,0.0,1.0,0.0,1.0,0.0,1.0,0.0,4.0,4,True,51.12,100,False,0.01,0.99,0.0,100,0.0012903225806451613,0.0026666666666666666,,,,,,,0.4375,0.0,0.0,0.0,0,results/T-sweep-Dyck-3/distributions/parentheses_and_brackets_L32_T2_ebsampler_greedy_gamma10.0.json
unconditional,parentheses_and_brackets,32,ebsampler,greedy,,0.5,2,1,1.0,0.0,1.0,0.0,1.0,0.0,1.0,0.0,32.0,32,True,171.26,100,False,0.01,0.99,0.0,100,0.0012903225806451613,0.002,,,,,,,0.5,0.0,0.0,0.0,0,results/T-sweep-Dyck-3/distributions/parentheses_and_brackets_L32_T2_ebsampler_greedy_gamma0.5.json
unconditional,parentheses_and_brackets,32,ebsampler,greedy,,10.0,4,1,1.0,0.0,1.0,0.0,1.0,0.0,1.0,0.0,4.0,4,True,42.98,100,False,0.01,0.99,0.0,100,0.0012903225806451613,0.0026666666666666666,,,,,,,0.4375,0.0,0.0,0.0,0,results/T-sweep-Dyck-3/distributions/parentheses_and_brackets_L32_T4_ebsampler_greedy_gamma10.0.json
unconditional,parentheses_and_brackets,32,ebsampler,greedy,,5.0,4,1,0.0,0.0,1.0,0.0,0.0,0.0,0.0,0.0,6.0,6,True,63.19,0,True,,,,0,,,,,,,,,,,,,0,results/T-sweep-Dyck-3/distributions/parentheses_and_brackets_L32_T4_ebsampler_greedy_gamma5.0.json
unconditional,parentheses_and_brackets,32,ebsampler,greedy,,2.0,4,1,0.0,0.0,1.0,0.0,0.0,0.0,1.0,0.0,15.0,15,True,101.8,0,True,,,,0,,,,,,,,,,,,,0,results/T-sweep-Dyck-3/distributions/parentheses_and_brackets_L32_T4_ebsampler_greedy_gamma2.0.json
unconditional,parentheses_and_brackets,32,ebsampler,greedy,,0.1,4,1,1.0,0.0,1.0,0.0,1.0,0.0,1.0,0.0,33.0,33,True,162.05,100,False,0.01,0.99,0.0,100,0.0012903225806451613,0.002,,,,,,,0.5,0.0,0.0,0.0,0,results/T-sweep-Dyck-3/distributions/parentheses_and_brackets_L32_T4_ebsampler_greedy_gamma0.1.json
unconditional,parentheses_and_brackets,32,ebsampler,greedy,,0.5,4,1,1.0,0.0,1.0,0.0,1.0,0.0,1.0,0.0,32.0,32,True,170.83,100,False,0.01,0.99,0.0,100,0.0012903225806451613,0.002,,,,,,,0.5,0.0,0.0,0.0,0,results/T-sweep-Dyck-3/distributions/parentheses_and_brackets_L32_T4_ebsampler_greedy_gamma0.5.json
unconditional,parentheses_and_brackets,32,ebsampler,greedy,,0.9,4,1,1.0,0.0,1.0,0.0,1.0,0.0,1.0,0.0,31.0,31,True,166.49,100,False,0.01,0.99,0.0,100,0.0012903225806451613,0.002,,,,,,,0.5,0.0,0.0,0.0,0,results/T-sweep-Dyck-3/distributions/parentheses_and_brackets_L32_T4_ebsampler_greedy_gamma0.9.json
unconditional,parentheses_and_brackets,32,ebsampler,greedy,,0.1,8,1,1.0,0.0,1.0,0.0,1.0,0.0,1.0,0.0,33.0,33,True,110.55,100,False,0.01,0.99,0.0,100,0.0012903225806451613,0.002,,,,,,,0.5,0.0,0.0,0.0,0,results/T-sweep-Dyck-3/distributions/parentheses_and_brackets_L32_T8_ebsampler_greedy_gamma0.1.json
unconditional,parentheses_and_brackets,32,ebsampler,greedy,,5.0,8,1,0.0,0.0,1.0,0.0,0.0,0.0,0.0,0.0,6.0,6,True,54.73,0,True,,,,0,,,,,,,,,,,,,0,results/T-sweep-Dyck-3/distributions/parentheses_and_brackets_L32_T8_ebsampler_greedy_gamma5.0.json
unconditional,parentheses_and_brackets,32,ebsampler,greedy,,10.0,8,1,1.0,0.0,1.0,0.0,1.0,0.0,1.0,0.0,4.0,4,True,51.28,100,False,0.01,0.99,0.0,100,0.0012903225806451613,0.0026666666666666666,,,,,,,0.4375,0.0,0.0,0.0,0,results/T-sweep-Dyck-3/distributions/parentheses_and_brackets_L32_T8_ebsampler_greedy_gamma10.0.json
unconditional,parentheses_and_brackets,32,ebsampler,greedy,,2.0,8,1,0.0,0.0,1.0,0.0,0.0,0.0,1.0,0.0,15.0,15,True,105.11,0,True,,,,0,,,,,,,,,,,,,0,results/T-sweep-Dyck-3/distributions/parentheses_and_brackets_L32_T8_ebsampler_greedy_gamma2.0.json
unconditional,parentheses_and_brackets,32,ebsampler,greedy,,0.5,8,1,1.0,0.0,1.0,0.0,1.0,0.0,1.0,0.0,32.0,32,True,176.16,100,False,0.01,0.99,0.0,100,0.0012903225806451613,0.002,,,,,,,0.5,0.0,0.0,0.0,0,results/T-sweep-Dyck-3/distributions/parentheses_and_brackets_L32_T8_ebsampler_greedy_gamma0.5.json
unconditional,parentheses_and_brackets,32,ebsampler,greedy,,0.9,8,1,1.0,0.0,1.0,0.0,1.0,0.0,1.0,0.0,31.0,31,True,160.84,100,False,0.01,0.99,0.0,100,0.0012903225806451613,0.002,,,,,,,0.5,0.0,0.0,0.0,0,results/T-sweep-Dyck-3/distributions/parentheses_and_brackets_L32_T8_ebsampler_greedy_gamma0.9.json
unconditional,parentheses_and_brackets,32,ebsampler,greedy,,0.1,16,1,1.0,0.0,1.0,0.0,1.0,0.0,1.0,0.0,33.0,33,True,114.52,100,False,0.01,0.99,0.0,100,0.0012903225806451613,0.002,,,,,,,0.5,0.0,0.0,0.0,0,results/T-sweep-Dyck-3/distributions/parentheses_and_brackets_L32_T16_ebsampler_greedy_gamma0.1.json
unconditional,parentheses_and_brackets,32,ebsampler,greedy,,5.0,16,1,0.0,0.0,1.0,0.0,0.0,0.0,0.0,0.0,6.0,6,True,63.18,0,True,,,,0,,,,,,,,,,,,,0,results/T-sweep-Dyck-3/distributions/parentheses_and_brackets_L32_T16_ebsampler_greedy_gamma5.0.json
unconditional,parentheses_and_brackets,32,ebsampler,greedy,,10.0,16,1,1.0,0.0,1.0,0.0,1.0,0.0,1.0,0.0,4.0,4,True,49.43,100,False,0.01,0.99,0.0,100,0.0012903225806451613,0.0026666666666666666,,,,,,,0.4375,0.0,0.0,0.0,0,results/T-sweep-Dyck-3/distributions/parentheses_and_brackets_L32_T16_ebsampler_greedy_gamma10.0.json
unconditional,parentheses_and_brackets,32,ebsampler,greedy,,2.0,16,1,0.0,0.0,1.0,0.0,0.0,0.0,1.0,0.0,15.0,15,True,105.26,0,True,,,,0,,,,,,,,,,,,,0,results/T-sweep-Dyck-3/distributions/parentheses_and_brackets_L32_T16_ebsampler_greedy_gamma2.0.json
unconditional,parentheses_and_brackets,32,ebsampler,greedy,,0.5,16,1,1.0,0.0,1.0,0.0,1.0,0.0,1.0,0.0,32.0,32,True,170.67,100,False,0.01,0.99,0.0,100,0.0012903225806451613,0.002,,,,,,,0.5,0.0,0.0,0.0,0,results/T-sweep-Dyck-3/distributions/parentheses_and_brackets_L32_T16_ebsampler_greedy_gamma0.5.json
unconditional,parentheses_and_brackets,32,ebsampler,greedy,,0.9,16,1,1.0,0.0,1.0,0.0,1.0,0.0,1.0,0.0,31.0,31,True,166.56,100,False,0.01,0.99,0.0,100,0.0012903225806451613,0.002,,,,,,,0.5,0.0,0.0,0.0,0,results/T-sweep-Dyck-3/distributions/parentheses_and_brackets_L32_T16_ebsampler_greedy_gamma0.9.json
unconditional,parentheses_and_brackets,32,ebsampler,greedy,,0.1,32,1,1.0,0.0,1.0,0.0,1.0,0.0,1.0,0.0,33.0,33,True,111.03,100,False,0.01,0.99,0.0,100,0.0012903225806451613,0.002,,,,,,,0.5,0.0,0.0,0.0,0,results/T-sweep-Dyck-3/distributions/parentheses_and_brackets_L32_T32_ebsampler_greedy_gamma0.1.json
unconditional,parentheses_and_brackets,32,ebsampler,greedy,,10.0,32,1,1.0,0.0,1.0,0.0,1.0,0.0,1.0,0.0,4.0,4,True,51.25,100,False,0.01,0.99,0.0,100,0.0012903225806451613,0.0026666666666666666,,,,,,,0.4375,0.0,0.0,0.0,0,results/T-sweep-Dyck-3/distributions/parentheses_and_brackets_L32_T32_ebsampler_greedy_gamma10.0.json
unconditional,parentheses_and_brackets,32,ebsampler,greedy,,5.0,32,1,0.0,0.0,1.0,0.0,0.0,0.0,0.0,0.0,6.0,6,True,61.37,0,True,,,,0,,,,,,,,,,,,,0,results/T-sweep-Dyck-3/distributions/parentheses_and_brackets_L32_T32_ebsampler_greedy_gamma5.0.json
unconditional,parentheses_and_brackets,32,ebsampler,greedy,,2.0,32,1,0.0,0.0,1.0,0.0,0.0,0.0,1.0,0.0,15.0,15,True,104.88,0,True,,,,0,,,,,,,,,,,,,0,results/T-sweep-Dyck-3/distributions/parentheses_and_brackets_L32_T32_ebsampler_greedy_gamma2.0.json
unconditional,parentheses_and_brackets,32,ebsampler,greedy,,0.9,32,1,1.0,0.0,1.0,0.0,1.0,0.0,1.0,0.0,31.0,31,True,145.47,100,False,0.01,0.99,0.0,100,0.0012903225806451613,0.002,,,,,,,0.5,0.0,0.0,0.0,0,results/T-sweep-Dyck-3/distributions/parentheses_and_brackets_L32_T32_ebsampler_greedy_gamma0.9.json
unconditional,parentheses_and_brackets,32,ebsampler,greedy,,0.5,32,1,1.0,0.0,1.0,0.0,1.0,0.0,1.0,0.0,32.0,32,True,176.19,100,False,0.01,0.99,0.0,100,0.0012903225806451613,0.002,,,,,,,0.5,0.0,0.0,0.0,0,results/T-sweep-Dyck-3/distributions/parentheses_and_brackets_L32_T32_ebsampler_greedy_gamma0.5.json
unconditional,parentheses_and_brackets,32,ebsampler,greedy,,5.0,64,1,0.0,0.0,1.0,0.0,0.0,0.0,0.0,0.0,6.0,6,True,41.5,0,True,,,,0,,,,,,,,,,,,,0,results/T-sweep-Dyck-3/distributions/parentheses_and_brackets_L32_T64_ebsampler_greedy_gamma5.0.json
unconditional,parentheses_and_brackets,32,ebsampler,greedy,,0.1,64,1,1.0,0.0,1.0,0.0,1.0,0.0,1.0,0.0,33.0,33,True,111.99,100,False,0.01,0.99,0.0,100,0.0012903225806451613,0.002,,,,,,,0.5,0.0,0.0,0.0,0,results/T-sweep-Dyck-3/distributions/parentheses_and_brackets_L32_T64_ebsampler_greedy_gamma0.1.json
unconditional,parentheses_and_brackets,32,ebsampler,greedy,,10.0,64,1,1.0,0.0,1.0,0.0,1.0,0.0,1.0,0.0,4.0,4,True,51.07,100,False,0.01,0.99,0.0,100,0.0012903225806451613,0.0026666666666666666,,,,,,,0.4375,0.0,0.0,0.0,0,results/T-sweep-Dyck-3/distributions/parentheses_and_brackets_L32_T64_ebsampler_greedy_gamma10.0.json
unconditional,parentheses_and_brackets,32,ebsampler,greedy,,2.0,64,1,0.0,0.0,1.0,0.0,0.0,0.0,1.0,0.0,15.0,15,True,104.65,0,True,,,,0,,,,,,,,,,,,,0,results/T-sweep-Dyck-3/distributions/parentheses_and_brackets_L32_T64_ebsampler_greedy_gamma2.0.json
unconditional,parentheses_and_brackets,32,ebsampler,greedy,,0.9,64,1,1.0,0.0,1.0,0.0,1.0,0.0,1.0,0.0,31.0,31,True,161.16,100,False,0.01,0.99,0.0,100,0.0012903225806451613,0.002,,,,,,,0.5,0.0,0.0,0.0,0,results/T-sweep-Dyck-3/distributions/parentheses_and_brackets_L32_T64_ebsampler_greedy_gamma0.9.json
unconditional,parentheses_and_brackets,32,ebsampler,greedy,,0.5,64,1,1.0,0.0,1.0,0.0,1.0,0.0,1.0,0.0,32.0,32,True,176.43,100,False,0.01,0.99,0.0,100,0.0012903225806451613,0.002,,,,,,,0.5,0.0,0.0,0.0,0,results/T-sweep-Dyck-3/distributions/parentheses_and_brackets_L32_T64_ebsampler_greedy_gamma0.5.json
unconditional,parentheses_and_brackets,32,ebsampler,greedy,,5.0,128,1,0.0,0.0,1.0,0.0,0.0,0.0,0.0,0.0,6.0,6,True,37.44,0,True,,,,0,,,,,,,,,,,,,0,results/T-sweep-Dyck-3/distributions/parentheses_and_brackets_L32_T128_ebsampler_greedy_gamma5.0.json
unconditional,parentheses_and_brackets,32,ebsampler,greedy,,10.0,128,1,1.0,0.0,1.0,0.0,1.0,0.0,1.0,0.0,4.0,4,True,47.01,100,False,0.01,0.99,0.0,100,0.0012903225806451613,0.0026666666666666666,,,,,,,0.4375,0.0,0.0,0.0,0,results/T-sweep-Dyck-3/distributions/parentheses_and_brackets_L32_T128_ebsampler_greedy_gamma10.0.json
unconditional,parentheses_and_brackets,32,ebsampler,greedy,,0.5,128,1,1.0,0.0,1.0,0.0,1.0,0.0,1.0,0.0,32.0,32,True,152.65,100,False,0.01,0.99,0.0,100,0.0012903225806451613,0.002,,,,,,,0.5,0.0,0.0,0.0,0,results/T-sweep-Dyck-3/distributions/parentheses_and_brackets_L32_T128_ebsampler_greedy_gamma0.5.json
unconditional,parentheses_and_brackets,32,ebsampler,greedy,,2.0,128,1,0.0,0.0,1.0,0.0,0.0,0.0,1.0,0.0,15.0,15,True,104.99,0,True,,,,0,,,,,,,,,,,,,0,results/T-sweep-Dyck-3/distributions/parentheses_and_brackets_L32_T128_ebsampler_greedy_gamma2.0.json
unconditional,parentheses_and_brackets,32,ebsampler,greedy,,0.1,128,1,1.0,0.0,1.0,0.0,1.0,0.0,1.0,0.0,33.0,33,True,172.32,100,False,0.01,0.99,0.0,100,0.0012903225806451613,0.002,,,,,,,0.5,0.0,0.0,0.0,0,results/T-sweep-Dyck-3/distributions/parentheses_and_brackets_L32_T128_ebsampler_greedy_gamma0.1.json
unconditional,parentheses_and_brackets,32,ebsampler,greedy,,0.9,128,1,1.0,0.0,1.0,0.0,1.0,0.0,1.0,0.0,31.0,31,True,166.17,100,False,0.01,0.99,0.0,100,0.0012903225806451613,0.002,,,,,,,0.5,0.0,0.0,0.0,0,results/T-sweep-Dyck-3/distributions/parentheses_and_brackets_L32_T128_ebsampler_greedy_gamma0.9.json
unconditional,parentheses_and_brackets,32,ebsampler,categorical,,5.0,1,5,0.032,0.011662,1.0,0.0,0.032,0.011662,0.048,0.007483,2.286,7,False,235.41,12,False,1.0,0.0,0.2784090909090909,12,0.03763440860215054,0.13333333333333333,,,,,,,0.4322916666666667,0.06484322707285797,1.4010249010249012,0.9247258927562094,0,results/T-sweep-Dyck-3/distributions/parentheses_and_brackets_L32_T1_ebsampler_categorical_gamma5.0.json
unconditional,parentheses_and_brackets,32,ebsampler,categorical,,10.0,1,5,0.014,0.010198,1.0,0.0,0.014,0.010198,0.042,0.011662,1.554,4,False,219.23,7,False,1.0,0.0,0.27529761904761907,7,0.06451612903225806,0.22380952380952382,,,,,,,0.39285714285714285,0.07985957062499249,1.2412698412698415,0.5580804303071933,0,results/T-sweep-Dyck-3/distributions/parentheses_and_brackets_L32_T1_ebsampler_categorical_gamma10.0.json
unconditional,parentheses_and_brackets,32,ebsampler,categorical,,2.0,1,5,0.3,0.037417,1.0,0.0,0.3,0.037417,0.364,0.038262,8.494,15,False,394.51,120,False,1.0,0.0,0.27037891759100724,120,0.0037654653039268424,0.013340744858254585,,,,,,,0.3454861111111111,0.0743209680277393,1.2851972101972102,0.8688303658818066,0,results/T-sweep-Dyck-3/distributions/parentheses_and_brackets_L32_T1_ebsampler_categorical_gamma2.0.json
unconditional,parentheses_and_brackets,32,ebsampler,categorical,,0.5,1,5,0.972,0.011662,1.0,0.0,0.972,0.011662,0.958,0.021354,29.318,32,False,521.27,479,False,1.0,0.0,0.2697234202508606,200,0.0009498609132234209,0.0033660589060308557,,,,,,,0.3554267322795507,0.09302195862078999,1.1392950183659998,0.6544143027773245,0,results/T-sweep-Dyck-3/distributions/parentheses_and_brackets_L32_T1_ebsampler_categorical_gamma0.5.json
unconditional,parentheses_and_brackets,32,gaussian,categorical,100.0,,64,5,0.816,0.052764,1.0,0.0,0.816,0.052764,0.83,0.048166,56.588,64,False,2602.1,408,False,1.0,0.0,0.2678556718016311,200,0.0011153601019757808,0.003952569169960474,,,,,,,0.361750116713352,0.08934251840717065,1.184725391710686,0.7033326680248967,0,results/T-sweep-Dyck-3/distributions/parentheses_and_brackets_L32_T64_gaussian_categorical_sigma100.0.json
unconditional,parentheses_and_brackets,32,ebsampler,categorical,,0.9,1,5,0.924,0.018547,1.0,0.0,0.924,0.018547,0.912,0.027857,25.282,31,False,723.07,456,False,1.0,0.0,0.269092950611006,200,0.0009971509971509972,0.0035335689045936395,,,,,,,0.35689875730994153,0.10049693497074526,1.1468809638217534,0.6627150680766581,0,results/T-sweep-Dyck-3/distributions/parentheses_and_brackets_L32_T1_ebsampler_categorical_gamma0.9.json
unconditional,parentheses_and_brackets,32,ebsampler,categorical,,0.1,1,5,1.0,0.0,1.0,0.0,1.0,0.0,1.0,0.0,31.526,33,False,757.62,500,False,1.0,0.0,0.27197716979961534,200,0.0009143155694879833,0.0032406157169862274,,,,,,,0.364543315018315,0.09785704107260966,1.161052147852148,0.7316348594809261,0,results/T-sweep-Dyck-3/distributions/parentheses_and_brackets_L32_T1_ebsampler_categorical_gamma0.1.json
unconditional,parentheses_and_brackets,32,ebsampler,categorical,,2.0,2,5,0.3,0.037417,1.0,0.0,0.3,0.037417,0.364,0.038262,8.494,15,False,242.78,120,False,1.0,0.0,0.27037891759100724,120,0.0037654653039268424,0.013340744858254585,,,,,,,0.3454861111111111,0.0743209680277393,1.2851972101972102,0.8688303658818066,0,results/T-sweep-Dyck-3/distributions/parentheses_and_brackets_L32_T2_ebsampler_categorical_gamma2.0.json
unconditional,parentheses_and_brackets,32,ar,categorical,,,34,5,1.0,0.0,1.0,0.0,1.0,0.0,1.0,0.0,33.0,33,False,2024.57,500,False,1.0,0.0,0.2685518788913119,200,0.0009102730819245773,0.0032258064516129032,,,,,,,0.3567607142857143,0.0878439261174364,1.1668617493617495,0.6956900098153185,0,results/T-sweep-Dyck-3/distributions/parentheses_and_brackets_L32_T34_ar_categorical_none.json
unconditional,parentheses_and_brackets,32,ebsampler,categorical,,5.0,2,5,0.032,0.011662,1.0,0.0,0.032,0.011662,0.048,0.007483,2.286,7,False,242.29,12,False,1.0,0.0,0.2784090909090909,12,0.03763440860215054,0.13333333333333333,,,,,,,0.4322916666666667,0.06484322707285797,1.4010249010249012,0.9247258927562094,0,results/T-sweep-Dyck-3/distributions/parentheses_and_brackets_L32_T2_ebsampler_categorical_gamma5.0.json
unconditional,parentheses_and_brackets,32,ebsampler,categorical,,10.0,2,5,0.014,0.010198,1.0,0.0,0.014,0.010198,0.042,0.011662,1.554,4,False,214.25,7,False,1.0,0.0,0.27529761904761907,7,0.06451612903225806,0.22380952380952382,,,,,,,0.39285714285714285,0.07985957062499249,1.2412698412698415,0.5580804303071933,0,results/T-sweep-Dyck-3/distributions/parentheses_and_brackets_L32_T2_ebsampler_categorical_gamma10.0.json
unconditional,parentheses_and_brackets,32,gaussian,greedy,2.0,,128,5,0.976,0.016248,1.0,0.0,0.976,0.016248,0.98,0.014142,113.31,126,False,6050.8,488,False,0.9959016393442623,0.004098360655737654,0.12951868718592965,200,0.00026441036488630354,0.000546448087431694,,,,,,,0.20350922131147542,0.03950634698187951,0.0,0.0,0,results/T-sweep-Dyck-3/distributions/parentheses_and_brackets_L32_T128_gaussian_greedy_sigma2.0.json
unconditional,parentheses_and_brackets,32,gaussian,categorical,1.0,,64,5,0.44,0.046476,1.0,0.0,0.44,0.046476,0.436,0.044542,41.918,63,False,3561.83,218,False,1.0,0.0,0.2726312837833556,200,0.002090800477897252,0.007409694350108058,,,,,,,0.3862139580602883,0.09842033752862549,1.2141915424025516,0.8131402114883837,0,results/T-sweep-Dyck-3/distributions/parentheses_and_brackets_L32_T64_gaussian_categorical_sigma1.0.json
unconditional,parentheses_and_brackets,32,ebsampler,categorical,,0.5,2,5,0.972,0.011662,1.0,0.0,0.972,0.011662,0.958,0.021354,29.318,32,False,841.87,479,False,1.0,0.0,0.2697234202508606,200,0.0009498609132234209,0.0033660589060308557,,,,,,,0.3554267322795507,0.09302195862078999,1.1392950183659998,0.6544143027773245,0,results/T-sweep-Dyck-3/distributions/parentheses_and_brackets_L32_T2_ebsampler_categorical_gamma0.5.json
unconditional,parentheses_and_brackets,32,ebsampler,categorical,,0.9,2,5,0.924,0.018547,1.0,0.0,0.924,0.018547,0.912,0.027857,25.282,31,False,741.01,456,False,1.0,0.0,0.269092950611006,200,0.0009971509971509972,0.0035335689045936395,,,,,,,0.35689875730994153,0.10049693497074526,1.1468809638217534,0.6627150680766581,0,results/T-sweep-Dyck-3/distributions/parentheses_and_brackets_L32_T2_ebsampler_categorical_gamma0.9.json
unconditional,parentheses_and_brackets,32,ebsampler,categorical,,0.1,2,5,1.0,0.0,1.0,0.0,1.0,0.0,1.0,0.0,31.526,33,False,895.5,500,False,1.0,0.0,0.27197716979961534,200,0.0009143155694879833,0.0032406157169862274,,,,,,,0.364543315018315,0.09785704107260966,1.161052147852148,0.7316348594809261,0,results/T-sweep-Dyck-3/distributions/parentheses_and_brackets_L32_T2_ebsampler_categorical_gamma0.1.json
unconditional,parentheses_and_brackets,32,ebsampler,categorical,,10.0,4,5,0.014,0.010198,1.0,0.0,0.014,0.010198,0.042,0.011662,1.554,4,False,178.87,7,False,1.0,0.0,0.27529761904761907,7,0.06451612903225806,0.22380952380952382,,,,,,,0.39285714285714285,0.07985957062499249,1.2412698412698415,0.5580804303071933,0,results/T-sweep-Dyck-3/distributions/parentheses_and_brackets_L32_T4_ebsampler_categorical_gamma10.0.json
unconditional,parentheses_and_brackets,32,ebsampler,categorical,,2.0,4,5,0.3,0.037417,1.0,0.0,0.3,0.037417,0.364,0.038262,8.494,15,False,388.27,120,False,1.0,0.0,0.27037891759100724,120,0.0037654653039268424,0.013340744858254585,,,,,,,0.3454861111111111,0.0743209680277393,1.2851972101972102,0.8688303658818066,0,results/T-sweep-Dyck-3/distributions/parentheses_and_brackets_L32_T4_ebsampler_categorical_gamma2.0.json
unconditional,parentheses_and_brackets,32,gaussian,categorical,2.0,,64,5,0.518,0.040694,1.0,0.0,0.518,0.040694,0.51,0.042895,45.208,64,False,3688.3,254,False,1.0,0.0,0.2720916273773532,200,0.0017916560020476069,0.006349206349206349,,,,,,,0.3779550993625797,0.10010714656017813,1.3025556355280765,0.9051234761444344,0,results/T-sweep-Dyck-3/distributions/parentheses_and_brackets_L32_T64_gaussian_categorical_sigma2.0.json
unconditional,parentheses_and_brackets,32,ebsampler,categorical,,5.0,4,5,0.032,0.011662,1.0,0.0,0.032,0.011662,0.048,0.007483,2.286,7,False,236.67,12,False,1.0,0.0,0.2784090909090909,12,0.03763440860215054,0.13333333333333333,,,,,,,0.4322916666666667,0.06484322707285797,1.4010249010249012,0.9247258927562094,0,results/T-sweep-Dyck-3/distributions/parentheses_and_brackets_L32_T4_ebsampler_categorical_gamma5.0.json
unconditional,parentheses_and_brackets,32,ebsampler,categorical,,5.0,8,5,0.032,0.011662,1.0,0.0,0.032,0.011662,0.048,0.007483,2.286,7,False,142.2,12,False,1.0,0.0,0.2784090909090909,12,0.03763440860215054,0.13333333333333333,,,,,,,0.4322916666666667,0.06484322707285797,1.4010249010249012,0.9247258927562094,0,results/T-sweep-Dyck-3/distributions/parentheses_and_brackets_L32_T8_ebsampler_categorical_gamma5.0.json
unconditional,parentheses_and_brackets,32,ebsampler,categorical,,10.0,8,5,0.014,0.010198,1.0,0.0,0.014,0.010198,0.042,0.011662,1.554,4,False,213.34,7,False,1.0,0.0,0.27529761904761907,7,0.06451612903225806,0.22380952380952382,,,,,,,0.39285714285714285,0.07985957062499249,1.2412698412698415,0.5580804303071933,0,results/T-sweep-Dyck-3/distributions/parentheses_and_brackets_L32_T8_ebsampler_categorical_gamma10.0.json
unconditional,parentheses_and_brackets,32,ebsampler,categorical,,0.5,4,5,0.972,0.011662,1.0,0.0,0.972,0.011662,0.958,0.021354,29.318,32,False,641.51,479,False,1.0,0.0,0.2697234202508606,200,0.0009498609132234209,0.0033660589060308557,,,,,,,0.3554267322795507,0.09302195862078999,1.1392950183659998,0.6544143027773245,0,results/T-sweep-Dyck-3/distributions/parentheses_and_brackets_L32_T4_ebsampler_categorical_gamma0.5.json
unconditional,parentheses_and_brackets,32,gaussian,categorical,10.0,,64,5,0.716,0.029394,1.0,0.0,0.716,0.029394,0.72,0.031623,49.646,64,False,3700.88,357,False,1.0,0.0,0.2714811446893991,200,0.0012779552715654952,0.004529156444612191,,,,,,,0.37331111931952266,0.1038646702719699,1.170273633929096,0.7031993464550502,0,results/T-sweep-Dyck-3/distributions/parentheses_and_brackets_L32_T64_gaussian_categorical_sigma10.0.json
unconditional,parentheses_and_brackets,32,gaussian,categorical,50.0,,64,5,0.82,0.025298,1.0,0.0,0.82,0.025298,0.824,0.02245,55.214,64,False,3606.5,410,False,1.0,0.0,0.27041934355320907,200,0.0011158935118762952,0.003955174686882004,,,,,,,0.3641778343607612,0.09586594716184808,1.1997344999174266,0.62116426460341,0,results/T-sweep-Dyck-3/distributions/parentheses_and_brackets_L32_T64_gaussian_categorical_sigma50.0.json
unconditional,parentheses_and_brackets,32,ebsampler,categorical,,0.9,4,5,0.924,0.018547,1.0,0.0,0.924,0.018547,0.912,0.027857,25.282,31,False,738.9,456,False,1.0,0.0,0.269092950611006,200,0.0009971509971509972,0.0035335689045936395,,,,,,,0.35689875730994153,0.10049693497074526,1.1468809638217534,0.6627150680766581,0,results/T-sweep-Dyck-3/distributions/parentheses_and_brackets_L32_T4_ebsampler_categorical_gamma0.9.json
unconditional,parentheses_and_brackets,32,ebsampler,categorical,,2.0,8,5,0.3,0.037417,1.0,0.0,0.3,0.037417,0.364,0.038262,8.494,15,False,377.45,120,False,1.0,0.0,0.27037891759100724,120,0.0037654653039268424,0.013340744858254585,,,,,,,0.3454861111111111,0.0743209680277393,1.2851972101972102,0.8688303658818066,0,results/T-sweep-Dyck-3/distributions/parentheses_and_brackets_L32_T8_ebsampler_categorical_gamma2.0.json
unconditional,parentheses_and_brackets,32,gaussian,greedy,100.0,,128,5,0.91,0.012649,1.0,0.0,0.91,0.012649,0.986,0.004899,118.38,126,False,6380.61,455,False,0.9978021978021978,0.00219780219780219,0.13957914572864322,200,0.0002835873803615739,0.0005860805860805861,,,,,,,0.3938186813186813,0.10473628621928664,0.0,0.0,0,results/T-sweep-Dyck-3/distributions/parentheses_and_brackets_L32_T128_gaussian_greedy_sigma100.0.json
unconditional,parentheses_and_brackets,32,ebsampler,categorical,,0.1,4,5,1.0,0.0,1.0,0.0,1.0,0.0,1.0,0.0,31.526,33,False,894.67,500,False,1.0,0.0,0.27197716979961534,200,0.0009143155694879833,0.0032406157169862274,,,,,,,0.364543315018315,0.09785704107260966,1.161052147852148,0.7316348594809261,0,results/T-sweep-Dyck-3/distributions/parentheses_and_brackets_L32_T4_ebsampler_categorical_gamma0.1.json
unconditional,parentheses_and_brackets,32,ebsampler,categorical,,5.0,16,5,0.032,0.011662,1.0,0.0,0.032,0.011662,0.048,0.007483,2.286,7,False,243.48,12,False,1.0,0.0,0.2784090909090909,12,0.03763440860215054,0.13333333333333333,,,,,,,0.4322916666666667,0.06484322707285797,1.4010249010249012,0.9247258927562094,0,results/T-sweep-Dyck-3/distributions/parentheses_and_brackets_L32_T16_ebsampler_categorical_gamma5.0.json
unconditional,parentheses_and_brackets,32,ebsampler,categorical,,10.0,16,5,0.014,0.010198,1.0,0.0,0.014,0.010198,0.042,0.011662,1.554,4,False,219.62,7,False,1.0,0.0,0.27529761904761907,7,0.06451612903225806,0.22380952380952382,,,,,,,0.39285714285714285,0.07985957062499249,1.2412698412698415,0.5580804303071933,0,results/T-sweep-Dyck-3/distributions/parentheses_and_brackets_L32_T16_ebsampler_categorical_gamma10.0.json
unconditional,parentheses_and_brackets,32,ebsampler,categorical,,0.9,16,5,0.924,0.018547,1.0,0.0,0.924,0.018547,0.912,0.027857,25.282,31,False,438.94,456,False,1.0,0.0,0.269092950611006,200,0.0009971509971509972,0.0035335689045936395,,,,,,,0.35689875730994153,0.10049693497074526,1.1468809638217534,0.6627150680766581,0,results/T-sweep-Dyck-3/distributions/parentheses_and_brackets_L32_T16_ebsampler_categorical_gamma0.9.json
unconditional,parentheses_and_brackets,32,ebsampler,categorical,,2.0,16,5,0.3,0.037417,1.0,0.0,0.3,0.037417,0.364,0.038262,8.494,15,False,382.58,120,False,1.0,0.0,0.27037891759100724,120,0.0037654653039268424,0.013340744858254585,,,,,,,0.3454861111111111,0.0743209680277393,1.2851972101972102,0.8688303658818066,0,results/T-sweep-Dyck-3/distributions/parentheses_and_brackets_L32_T16_ebsampler_categorical_gamma2.0.json
unconditional,parentheses_and_brackets,32,gaussian,categorical,5.0,,64,5,0.676,0.058172,1.0,0.0,0.676,0.058172,0.672,0.059464,48.328,64,False,4119.26,336,False,1.0,0.0,0.269707740476217,200,0.0013584319813700757,0.00481444332998997,,,,,,,0.37013125763125765,0.09347557325815828,1.1581258853580283,0.7454500193584019,0,results/T-sweep-Dyck-3/distributions/parentheses_and_brackets_L32_T64_gaussian_categorical_sigma5.0.json
unconditional,parentheses_and_brackets,32,ebsampler,categorical,,5.0,32,5,0.032,0.011662,1.0,0.0,0.032,0.011662,0.048,0.007483,2.286,7,False,235.58,12,False,1.0,0.0,0.2784090909090909,12,0.03763440860215054,0.13333333333333333,,,,,,,0.4322916666666667,0.06484322707285797,1.4010249010249012,0.9247258927562094,0,results/T-sweep-Dyck-3/distributions/parentheses_and_brackets_L32_T32_ebsampler_categorical_gamma5.0.json
unconditional,parentheses_and_brackets,32,ebsampler,categorical,,0.1,16,5,1.0,0.0,1.0,0.0,1.0,0.0,1.0,0.0,31.526,33,False,691.49,500,False,1.0,0.0,0.27197716979961534,200,0.0009143155694879833,0.0032406157169862274,,,,,,,0.364543315018315,0.09785704107260966,1.161052147852148,0.7316348594809261,0,results/T-sweep-Dyck-3/distributions/parentheses_and_brackets_L32_T16_ebsampler_categorical_gamma0.1.json
unconditional,parentheses_and_brackets,32,ebsampler,categorical,,10.0,32,5,0.014,0.010198,1.0,0.0,0.014,0.010198,0.042,0.011662,1.554,4,False,220.48,7,False,1.0,0.0,0.27529761904761907,7,0.06451612903225806,0.22380952380952382,,,,,,,0.39285714285714285,0.07985957062499249,1.2412698412698415,0.5580804303071933,0,results/T-sweep-Dyck-3/distributions/parentheses_and_brackets_L32_T32_ebsampler_categorical_gamma10.0.json
unconditional,parentheses_and_brackets,32,ebsampler,categorical,,0.9,8,5,0.924,0.018547,1.0,0.0,0.924,0.018547,0.912,0.027857,25.282,31,False,740.02,456,False,1.0,0.0,0.269092950611006,200,0.0009971509971509972,0.0035335689045936395,,,,,,,0.35689875730994153,0.10049693497074526,1.1468809638217534,0.6627150680766581,0,results/T-sweep-Dyck-3/distributions/parentheses_and_brackets_L32_T8_ebsampler_categorical_gamma0.9.json
unconditional,parentheses_and_brackets,32,gaussian,greedy,50.0,,128,5,0.94,0.021909,1.0,0.0,0.94,0.021909,0.99,0.006325,117.05,126,False,6789.27,470,False,1.0,0.0,0.13950062814070352,200,0.0002745367192862045,0.0005673758865248227,,,,,,,0.38457446808510637,0.1016392493463809,0.0,0.0,0,results/T-sweep-Dyck-3/distributions/parentheses_and_brackets_L32_T128_gaussian_greedy_sigma50.0.json
unconditional,parentheses_and_brackets,32,ebsampler,categorical,,0.1,8,5,1.0,0.0,1.0,0.0,1.0,0.0,1.0,0.0,31.526,33,False,917.15,500,False,1.0,0.0,0.27197716979961534,200,0.0009143155694879833,0.0032406157169862274,,,,,,,0.364543315018315,0.09785704107260966,1.161052147852148,0.7316348594809261,0,results/T-sweep-Dyck-3/distributions/parentheses_and_brackets_L32_T8_ebsampler_categorical_gamma0.1.json
unconditional,parentheses_and_brackets,32,ebsampler,categorical,,2.0,32,5,0.3,0.037417,1.0,0.0,0.3,0.037417,0.364,0.038262,8.494,15,False,384.69,120,False,1.0,0.0,0.27037891759100724,120,0.0037654653039268424,0.013340744858254585,,,,,,,0.3454861111111111,0.0743209680277393,1.2851972101972102,0.8688303658818066,0,results/T-sweep-Dyck-3/distributions/parentheses_and_brackets_L32_T32_ebsampler_categorical_gamma2.0.json
unconditional,parentheses_and_brackets,32,gaussian,categorical,20.0,,64,5,0.782,0.046217,1.0,0.0,0.782,0.046217,0.79,0.051769,52.428,64,False,4130.64,391,False,1.0,0.0,0.27019653157261614,200,0.001164434833236297,0.0041265474552957355,,,,,,,0.36443783198898294,0.09389041161424473,1.1658628597886909,0.6385520363259242,0,results/T-sweep-Dyck-3/distributions/parentheses_and_brackets_L32_T64_gaussian_categorical_sigma20.0.json
unconditional,parentheses_and_brackets,32,ebsampler,categorical,,0.5,8,5,0.972,0.011662,1.0,0.0,0.972,0.011662,0.958,0.021354,29.318,32,False,841.3,479,False,1.0,0.0,0.2697234202508606,200,0.0009498609132234209,0.0033660589060308557,,,,,,,0.3554267322795507,0.09302195862078999,1.1392950183659998,0.6544143027773245,0,results/T-sweep-Dyck-3/distributions/parentheses_and_brackets_L32_T8_ebsampler_categorical_gamma0.5.json
unconditional,not_nested_parentheses_and_brackets,32,uniform,greedy,,,1,5,1.0,0.0,1.0,0.0,1.0,0.0,1.0,0.0,1.0,1,False,21.4,500,False,0.002,0.998,0.0,200,0.0001935483870967742,0.0002666666666666667,,,,,,,1.0,0.0,0.0,0.0,0,results/T-sweep-Dyck-3/distributions/not_nested_parentheses_and_brackets_L32_T1_uniform_greedy_none.json
unconditional,not_nested_parentheses_and_brackets,32,uniform,greedy,,,2,5,0.002,0.004,0.524,0.038781,0.002,0.004,1.0,0.0,2.0,2,False,22.86,1,True,1.0,0.0,,1,0.2903225806451613,0.6,,,,,,,1.0,,0.6,,0,results/T-sweep-Dyck-3/distributions/not_nested_parentheses_and_brackets_L32_T2_uniform_greedy_none.json
unconditional,parentheses_and_brackets,32,ebsampler,categorical,,0.5,16,5,0.972,0.011662,1.0,0.0,0.972,0.011662,0.958,0.021354,29.318,32,False,825.44,479,False,1.0,0.0,0.2697234202508606,200,0.0009498609132234209,0.0033660589060308557,,,,,,,0.3554267322795507,0.09302195862078999,1.1392950183659998,0.6544143027773245,0,results/T-sweep-Dyck-3/distributions/parentheses_and_brackets_L32_T16_ebsampler_categorical_gamma0.5.json
unconditional,parentheses_and_brackets,32,gaussian,greedy,1.0,,128,5,0.988,0.011662,1.0,0.0,0.988,0.011662,0.988,0.011662,115.954,125,False,7280.94,494,False,0.9534412955465587,0.046558704453441346,0.10986730527638192,200,0.0002611989029646076,0.0005398110661268556,,,,,,,0.1737095141700405,0.03676633364978578,0.0,0.0,0,results/T-sweep-Dyck-3/distributions/parentheses_and_brackets_L32_T128_gaussian_greedy_sigma1.0.json
unconditional,not_nested_parentheses_and_brackets,32,uniform,greedy,,,4,5,0.106,0.036111,0.188,0.057061,0.02,0.014142,0.818,0.03544,3.812,4,False,28.11,10,False,1.0,0.0,0.25277777777777777,10,0.05161290322580645,0.17666666666666667,,,,,,,0.61875,0.12639842760097927,0.7813919413919413,0.9393515722970718,0,results/T-sweep-Dyck-3/distributions/not_nested_parentheses_and_brackets_L32_T4_uniform_greedy_none.json
unconditional,not_nested_parentheses_and_brackets,32,uniform,greedy,,,8,5,0.29,0.045607,0.348,0.044452,0.124,0.036111,0.786,0.039294,7.756,8,False,39.73,62,False,1.0,0.0,0.2610969725013221,62,0.008324661810613945,0.034408602150537634,,,,,,,0.6179435483870968,0.11617260187375777,1.2507707346417025,1.2475774018808088,0,results/T-sweep-Dyck-3/distributions/not_nested_parentheses_and_brackets_L32_T8_uniform_greedy_none.json
unconditional,not_nested_parentheses_and_brackets,32,uniform,greedy,,,16,5,0.446,0.044091,0.682,0.020396,0.36,0.044272,0.812,0.047917,15.632,16,False,68.87,180,False,1.0,0.0,0.25439459186840474,180,0.002867383512544803,0.011851851851851851,,,,,,,0.596875,0.09822093682385419,1.0234891034891036,0.7501564710075498,0,results/T-sweep-Dyck-3/distributions/not_nested_parentheses_and_brackets_L32_T16_uniform_greedy_none.json
unconditional,parentheses_and_brackets,32,ebsampler,categorical,,10.0,64,5,0.014,0.010198,1.0,0.0,0.014,0.010198,0.042,0.011662,1.554,4,False,219.2,7,False,1.0,0.0,0.27529761904761907,7,0.06451612903225806,0.22380952380952382,,,,,,,0.39285714285714285,0.07985957062499249,1.2412698412698415,0.5580804303071933,0,results/T-sweep-Dyck-3/distributions/parentheses_and_brackets_L32_T64_ebsampler_categorical_gamma10.0.json
unconditional,parentheses_and_brackets,32,ebsampler,categorical,,5.0,64,5,0.032,0.011662,1.0,0.0,0.032,0.011662,0.048,0.007483,2.286,7,False,235.8,12,False,1.0,0.0,0.2784090909090909,12,0.03763440860215054,0.13333333333333333,,,,,,,0.4322916666666667,0.06484322707285797,1.4010249010249012,0.9247258927562094,0,results/T-sweep-Dyck-3/distributions/parentheses_and_brackets_L32_T64_ebsampler_categorical_gamma5.0.json
unconditional,not_nested_parentheses_and_brackets,32,uniform,categorical,,,1,5,0.066,0.012,0.066,0.024166,0.006,0.004899,0.846,0.036111,1.0,1,False,21.48,3,True,,,,3,,,,,,,,,0.5416666666666666,0.02946278254943948,1.2433862433862435,0.36411958802296834,0,results/T-sweep-Dyck-3/distributions/not_nested_parentheses_and_brackets_L32_T1_uniform_categorical_none.json
unconditional,not_nested_parentheses_and_brackets,32,uniform,categorical,,,2,5,0.122,0.034871,0.132,0.029257,0.032,0.024819,0.794,0.037736,1.814,2,False,22.26,16,False,1.0,0.0,0.27098039215686276,16,0.032388663967611336,0.13389121338912133,,,,,,,0.4778645833333333,0.07671249125862206,1.2327741702741704,0.8382035553900415,0,results/T-sweep-Dyck-3/distributions/not_nested_parentheses_and_brackets_L32_T2_uniform_categorical_none.json
unconditional,not_nested_parentheses_and_brackets,32,uniform,categorical,,,4,5,0.202,0.026382,0.19,0.016733,0.098,0.01833,0.786,0.025768,3.67,4,False,27.27,49,False,1.0,0.0,0.2665653008962868,49,0.010575016523463317,0.04371584699453552,,,,,,,0.45986394557823135,0.08698908937677306,1.0862075566157199,0.445319938541924,0,results/T-sweep-Dyck-3/distributions/not_nested_parentheses_and_brackets_L32_T4_uniform_categorical_none.json
unconditional,not_nested_parentheses_and_brackets,32,uniform,greedy,,,32,5,0.642,0.017205,0.88,0.008944,0.596,0.02498,0.906,0.039294,31.304,32,False,123.53,298,False,1.0,0.0,0.24762484296482412,200,0.0017319766183156527,0.0071588366890380315,,,,,,,0.6098993288590604,0.10877285272292189,0.8634020714557628,0.46150789877106785,0,results/T-sweep-Dyck-3/distributions/not_nested_parentheses_and_brackets_L32_T32_uniform_greedy_none.json
unconditional,parentheses_and_brackets,32,ebsampler,categorical,,5.0,128,5,0.032,0.011662,1.0,0.0,0.032,0.011662,0.048,0.007483,2.286,7,False,236.52,12,False,1.0,0.0,0.2784090909090909,12,0.03763440860215054,0.13333333333333333,,,,,,,0.4322916666666667,0.06484322707285797,1.4010249010249012,0.9247258927562094,0,results/T-sweep-Dyck-3/distributions/parentheses_and_brackets_L32_T128_ebsampler_categorical_gamma5.0.json
unconditional,not_nested_parentheses_and_brackets,32,uniform,categorical,,,8,5,0.344,0.037736,0.36,0.010954,0.282,0.027857,0.726,0.013565,7.426,8,False,37.32,141,False,1.0,0.0,0.26887800393126626,141,0.003665521191294387,0.015151515151515152,,,,,,,0.4309988179669031,0.0981775532028453,0.9956676696038399,0.3538252867082323,0,results/T-sweep-Dyck-3/distributions/not_nested_parentheses_and_brackets_L32_T8_uniform_categorical_none.json
unconditional,parentheses_and_brackets,32,ebsampler,categorical,,10.0,128,5,0.014,0.010198,1.0,0.0,0.014,0.010198,0.042,0.011662,1.554,4,False,219.77,7,False,1.0,0.0,0.27529761904761907,7,0.06451612903225806,0.22380952380952382,,,,,,,0.39285714285714285,0.07985957062499249,1.2412698412698415,0.5580804303071933,0,results/T-sweep-Dyck-3/distributions/parentheses_and_brackets_L32_T128_ebsampler_categorical_gamma10.0.json
unconditional,parentheses_and_brackets,32,ebsampler,categorical,,2.0,64,5,0.3,0.037417,1.0,0.0,0.3,0.037417,0.364,0.038262,8.494,15,False,385.04,120,False,1.0,0.0,0.27037891759100724,120,0.0037654653039268424,0.013340744858254585,,,,,,,0.3454861111111111,0.0743209680277393,1.2851972101972102,0.8688303658818066,0,results/T-sweep-Dyck-3/distributions/parentheses_and_brackets_L32_T64_ebsampler_categorical_gamma2.0.json
unconditional,not_nested_parentheses_and_brackets,32,gaussian,greedy,1.0,,1,5,1.0,0.0,1.0,0.0,1.0,0.0,1.0,0.0,1.002,2,False,21.52,500,False,0.002,0.998,0.0,200,0.0001935483870967742,0.0002666666666666667,,,,,,,1.0,0.0,0.0,0.0,0,results/T-sweep-Dyck-3/distributions/not_nested_parentheses_and_brackets_L32_T1_gaussian_greedy_sigma1.0.json
unconditional,not_nested_parentheses_and_brackets,32,gaussian,greedy,2.0,,1,5,1.0,0.0,1.0,0.0,1.0,0.0,1.0,0.0,1.008,2,False,20.97,500,False,0.002,0.998,0.0,200,0.0001935483870967742,0.0002666666666666667,,,,,,,1.0,0.0,0.0,0.0,0,results/T-sweep-Dyck-3/distributions/not_nested_parentheses_and_brackets_L32_T1_gaussian_greedy_sigma2.0.json
unconditional,not_nested_parentheses_and_brackets,32,uniform,categorical,,,16,5,0.562,0.0402,0.566,0.039799,0.52,0.042426,0.774,0.028705,15.088,16,False,62.96,260,False,1.0,0.0,0.270495086035764,200,0.0019975031210986267,0.008258064516129033,,,,,,,0.4289697802197802,0.10013861262746736,1.0579556554556555,0.4264211521483035,0,results/T-sweep-Dyck-3/distributions/not_nested_parentheses_and_brackets_L32_T16_uniform_categorical_none.json
unconditional,not_nested_parentheses_and_brackets,32,gaussian,greedy,5.0,,1,5,1.0,0.0,1.0,0.0,1.0,0.0,1.0,0.0,1.032,2,False,21.47,500,False,0.002,0.998,0.0,200,0.0001935483870967742,0.0002666666666666667,,,,,,,1.0,0.0,0.0,0.0,0,results/T-sweep-Dyck-3/distributions/not_nested_parentheses_and_brackets_L32_T1_gaussian_greedy_sigma5.0.json
unconditional,not_nested_parentheses_and_brackets,32,uniform,greedy,,,64,5,0.784,0.049639,0.946,0.020591,0.77,0.041952,0.94,0.021909,61.39,63,False,174.75,385,False,1.0,0.0,0.2446089824120603,200,0.0013405948889819858,0.005541125541125541,,,,,,,0.6063311688311688,0.11619340153800256,0.7971280090760611,0.4199417757316747,0,results/T-sweep-Dyck-3/distributions/not_nested_parentheses_and_brackets_L32_T64_uniform_greedy_none.json
unconditional,not_nested_parentheses_and_brackets,32,gaussian,greedy,10.0,,1,5,1.0,0.0,1.0,0.0,1.0,0.0,1.0,0.0,1.068,2,False,20.9,500,False,0.002,0.998,0.0,200,0.0001935483870967742,0.0002666666666666667,,,,,,,1.0,0.0,0.0,0.0,0,results/T-sweep-Dyck-3/distributions/not_nested_parentheses_and_brackets_L32_T1_gaussian_greedy_sigma10.0.json
unconditional,not_nested_parentheses_and_brackets,32,gaussian,greedy,20.0,,1,5,0.998,0.004,1.0,0.0,0.998,0.004,1.0,0.0,1.162,2,False,21.54,499,False,0.002004008016032064,0.9979959919839679,0.0,200,0.0001939362596160062,0.0002672010688042752,,,,,,,1.0,0.0,0.0,0.0,0,results/T-sweep-Dyck-3/distributions/not_nested_parentheses_and_brackets_L32_T1_gaussian_greedy_sigma20.0.json
unconditional,not_nested_parentheses_and_brackets,32,gaussian,greedy,100.0,,1,5,0.962,0.013266,1.0,0.0,0.962,0.013266,1.0,0.0,1.434,2,False,13.35,481,False,0.002079002079002079,0.997920997920998,0.0,200,0.00020119374958084635,0.0002772002772002772,,,,,,,1.0,0.0,0.0,0.0,0,results/T-sweep-Dyck-3/distributions/not_nested_parentheses_and_brackets_L32_T1_gaussian_greedy_sigma100.0.json
unconditional,not_nested_parentheses_and_brackets,32,gaussian,greedy,50.0,,1,5,0.99,0.010954,1.0,0.0,0.99,0.010954,1.0,0.0,1.304,2,False,21.62,495,False,0.00202020202020202,0.997979797979798,0.0,200,0.00019550342130987292,0.00026936026936026934,,,,,,,1.0,0.0,0.0,0.0,0,results/T-sweep-Dyck-3/distributions/not_nested_parentheses_and_brackets_L32_T1_gaussian_greedy_sigma50.0.json
unconditional,not_nested_parentheses_and_brackets,32,gaussian,greedy,1.0,,2,5,0.83,0.032863,1.0,0.0,0.83,0.032863,1.0,0.0,2.002,3,False,23.06,415,False,0.0024096385542168677,0.9975903614457832,0.0,200,0.0002331908278274388,0.000321285140562249,,,,,,,1.0,0.0,0.0,0.0,0,results/T-sweep-Dyck-3/distributions/not_nested_parentheses_and_brackets_L32_T2_gaussian_greedy_sigma1.0.json
unconditional,not_nested_parentheses_and_brackets,32,gaussian,greedy,2.0,,2,5,0.564,0.046303,1.0,0.0,0.564,0.046303,1.0,0.0,2.006,3,False,23.8,282,False,0.0035460992907801418,0.9964539007092199,0.0,200,0.00034317089910775565,0.00047281323877068556,,,,,,,1.0,0.0,0.0,0.0,0,results/T-sweep-Dyck-3/distributions/not_nested_parentheses_and_brackets_L32_T2_gaussian_greedy_sigma2.0.json
unconditional,not_nested_parentheses_and_brackets,32,gaussian,greedy,5.0,,2,5,0.128,0.052307,1.0,0.0,0.128,0.052307,0.976,0.013565,2.004,3,False,14.93,64,False,0.046875,0.953125,0.001953125,64,0.0020161290322580645,0.004166666666666667,,,,,,,0.99609375,0.02174907954230477,0.0,0.0,0,results/T-sweep-Dyck-3/distributions/not_nested_parentheses_and_brackets_L32_T2_gaussian_greedy_sigma5.0.json
unconditional,parentheses_and_brackets,32,ebsampler,categorical,,0.1,64,5,1.0,0.0,1.0,0.0,1.0,0.0,1.0,0.0,31.526,33,False,596.44,500,False,1.0,0.0,0.27197716979961534,200,0.0009143155694879833,0.0032406157169862274,,,,,,,0.364543315018315,0.09785704107260966,1.161052147852148,0.7316348594809261,0,results/T-sweep-Dyck-3/distributions/parentheses_and_brackets_L32_T64_ebsampler_categorical_gamma0.1.json
unconditional,parentheses_and_brackets,32,ebsampler,categorical,,0.9,32,5,0.924,0.018547,1.0,0.0,0.924,0.018547,0.912,0.027857,25.282,31,False,720.32,456,False,1.0,0.0,0.269092950611006,200,0.0009971509971509972,0.0035335689045936395,,,,,,,0.35689875730994153,0.10049693497074526,1.1468809638217534,0.6627150680766581,0,results/T-sweep-Dyck-3/distributions/parentheses_and_brackets_L32_T32_ebsampler_categorical_gamma0.9.json
unconditional,not_nested_parentheses_and_brackets,32,gaussian,greedy,10.0,,2,5,0.016,0.012,0.886,0.034986,0.016,0.012,0.94,0.028983,2.004,3,False,24.08,8,False,0.375,0.625,0.015625,8,0.016129032258064516,0.03333333333333333,,,,,,,0.96875,0.05412658773652741,0.0,0.0,0,results/T-sweep-Dyck-3/distributions/not_nested_parentheses_and_brackets_L32_T2_gaussian_greedy_sigma10.0.json
unconditional,not_nested_parentheses_and_brackets,32,gaussian,greedy,100.0,,2,5,0.004,0.004899,0.468,0.036551,0.004,0.004899,0.592,0.030594,2.008,3,False,14.34,2,True,,,,2,,,,,,,,,1.0,0.0,0.5272727272727272,0.07272727272727272,0,results/T-sweep-Dyck-3/distributions/not_nested_parentheses_and_brackets_L32_T2_gaussian_greedy_sigma100.0.json
unconditional,not_nested_parentheses_and_brackets,32,gaussian,greedy,20.0,,2,5,0.004,0.004899,0.564,0.058515,0.004,0.004899,0.854,0.037736,2.004,3,False,22.92,2,True,,,,2,,,,,,,,,0.9375,0.0625,0.0,0.0,0,results/T-sweep-Dyck-3/distributions/not_nested_parentheses_and_brackets_L32_T2_gaussian_greedy_sigma20.0.json
unconditional,not_nested_parentheses_and_brackets,32,uniform,categorical,,,32,5,0.734,0.030725,0.722,0.034871,0.696,0.027276,0.84,0.026077,30.544,32,False,112.49,348,False,1.0,0.0,0.2699999211126275,200,0.001490035388340473,0.006159769008662175,,,,,,,0.4179255610290093,0.09044205035703179,1.0774443946857741,0.44788862511069333,0,results/T-sweep-Dyck-3/distributions/not_nested_parentheses_and_brackets_L32_T32_uniform_categorical_none.json
unconditional,not_nested_parentheses_and_brackets,32,gaussian,greedy,50.0,,2,5,0.0,0.0,0.498,0.01833,0.0,0.0,0.698,0.032496,2.002,3,False,23.29,0,True,,,,0,,,,,,,,,,,,,0,results/T-sweep-Dyck-3/distributions/not_nested_parentheses_and_brackets_L32_T2_gaussian_greedy_sigma50.0.json
unconditional,not_nested_parentheses_and_brackets,32,gaussian,greedy,1.0,,4,5,0.134,0.024166,0.214,0.023324,0.134,0.024166,0.136,0.021541,2.418,4,False,23.16,67,False,0.23880597014925373,0.7611940298507462,0.029101650836725463,67,0.004814636494944632,0.008955223880597015,,,,,,,0.49533582089552236,0.016424269460502808,0.0029850746268656717,0.013787469114976136,0,results/T-sweep-Dyck-3/distributions/not_nested_parentheses_and_brackets_L32_T4_gaussian_greedy_sigma1.0.json
unconditional,not_nested_parentheses_and_brackets,32,gaussian,greedy,10.0,,4,5,0.154,0.027276,0.152,0.020396,0.066,0.014967,0.232,0.034871,3.076,5,False,25.64,33,False,1.0,0.0,0.22132457386363635,33,0.015640273704789834,0.05555555555555555,,,,,,,0.8106060606060606,0.10932477037622584,1.462258953168044,1.310130507088121,0,results/T-sweep-Dyck-3/distributions/not_nested_parentheses_and_brackets_L32_T4_gaussian_greedy_sigma10.0.json
unconditional,not_nested_parentheses_and_brackets,32,gaussian,greedy,2.0,,4,5,0.06,0.0,0.046,0.013565,0.034,0.004899,0.06,0.018974,2.322,4,False,36.95,17,False,0.8235294117647058,0.17647058823529416,0.16590073529411764,17,0.028462998102466792,0.06862745098039216,,,,,,,0.5661764705882353,0.12215623327820699,0.3389355742296919,0.62164127056153,0,results/T-sweep-Dyck-3/distributions/not_nested_parentheses_and_brackets_L32_T4_gaussian_greedy_sigma2.0.json
unconditional,not_nested_parentheses_and_brackets,32,gaussian,greedy,5.0,,4,5,0.224,0.028705,0.102,0.019391,0.06,0.006325,0.216,0.032,2.962,5,False,41.41,30,False,1.0,0.0,0.21580459770114943,30,0.017204301075268817,0.06,,,,,,,0.79375,0.12305782854685299,2.4776046176046176,1.9392198757608743,0,results/T-sweep-Dyck-3/distributions/not_nested_parentheses_and_brackets_L32_T4_gaussian_greedy_sigma5.0.json
unconditional,not_nested_parentheses_and_brackets,32,gaussian,greedy,50.0,,4,5,0.146,0.034986,0.194,0.042237,0.098,0.024819,0.242,0.029257,3.288,5,False,34.82,49,False,1.0,0.0,0.2360358205782313,49,0.01053324555628703,0.04353741496598639,,,,,,,0.6849489795918368,0.1546263516397116,0.6328302083404124,0.5915294702195052,0,results/T-sweep-Dyck-3/distributions/not_nested_parentheses_and_brackets_L32_T4_gaussian_greedy_sigma50.0.json
unconditional,not_nested_parentheses_and_brackets,32,gaussian,greedy,100.0,,4,5,0.146,0.038781,0.202,0.050359,0.092,0.020396,0.274,0.042708,3.384,5,False,33.32,46,False,1.0,0.0,0.2523550724637681,46,0.011220196353436185,0.0463768115942029,,,,,,,0.6603260869565217,0.1413565956917386,0.9722451461581897,0.9861309491759105,0,results/T-sweep-Dyck-3/distributions/not_nested_parentheses_and_brackets_L32_T4_gaussian_greedy_sigma100.0.json
unconditional,not_nested_parentheses_and_brackets,32,gaussian,greedy,20.0,,4,5,0.116,0.037736,0.138,0.016,0.056,0.025768,0.214,0.058172,3.096,5,False,37.87,28,False,1.0,0.0,0.23950066137566137,28,0.018433179723502304,0.06785714285714285,,,,,,,0.7366071428571429,0.1286922795124962,1.1186004471718758,1.2994368942590466,0,results/T-sweep-Dyck-3/distributions/not_nested_parentheses_and_brackets_L32_T4_gaussian_greedy_sigma20.0.json
unconditional,parentheses_and_brackets,32,ebsampler,categorical,,2.0,128,5,0.3,0.037417,1.0,0.0,0.3,0.037417,0.364,0.038262,8.494,15,False,391.4,120,False,1.0,0.0,0.27037891759100724,120,0.0037654653039268424,0.013340744858254585,,,,,,,0.3454861111111111,0.0743209680277393,1.2851972101972102,0.8688303658818066,0,results/T-sweep-Dyck-3/distributions/parentheses_and_brackets_L32_T128_ebsampler_categorical_gamma2.0.json
unconditional,not_nested_parentheses_and_brackets,32,gaussian,greedy,1.0,,8,5,0.048,0.016,0.048,0.024819,0.032,0.017205,0.044,0.014967,4.878,8,False,39.85,16,False,0.9375,0.0625,0.213671875,16,0.03024193548387097,0.07708333333333334,,,,,,,0.46875,0.05846339666834283,2.588034188034188,3.88335400242247,0,results/T-sweep-Dyck-3/distributions/not_nested_parentheses_and_brackets_L32_T8_gaussian_greedy_sigma1.0.json
unconditional,not_nested_parentheses_and_brackets,32,gaussian,greedy,2.0,,8,5,0.098,0.024,0.092,0.032496,0.058,0.026382,0.116,0.030067,5.46,8,False,49.45,29,False,1.0,0.0,0.2817887931034483,29,0.017797552836484983,0.06551724137931035,,,,,,,0.4978448275862069,0.11190306022195835,3.1773460256218877,4.477296159787413,0,results/T-sweep-Dyck-3/distributions/not_nested_parentheses_and_brackets_L32_T8_gaussian_greedy_sigma2.0.json
unconditional,parentheses_and_brackets,32,ebsampler,categorical,,0.5,32,5,0.972,0.011662,1.0,0.0,0.972,0.011662,0.958,0.021354,29.318,32,False,833.2,479,False,1.0,0.0,0.2697234202508606,200,0.0009498609132234209,0.0033660589060308557,,,,,,,0.3554267322795507,0.09302195862078999,1.1392950183659998,0.6544143027773245,0,results/T-sweep-Dyck-3/distributions/parentheses_and_brackets_L32_T32_ebsampler_categorical_gamma0.5.json
unconditional,not_nested_parentheses_and_brackets,32,uniform,categorical,,,64,5,0.854,0.028705,0.858,0.027857,0.848,0.032496,0.93,0.012649,61.086,63,False,190.54,424,False,1.0,0.0,0.2688048145369255,200,0.0012223071046600458,0.005052897520922154,,,,,,,0.42251375786163525,0.10045633305088048,1.073393980233603,0.4530472575442512,0,results/T-sweep-Dyck-3/distributions/not_nested_parentheses_and_brackets_L32_T64_uniform_categorical_none.json
unconditional,not_nested_parentheses_and_brackets,32,gaussian,greedy,100.0,,8,5,0.45,0.04858,0.476,0.066513,0.346,0.048826,0.572,0.033106,7.426,9,False,52.06,173,False,1.0,0.0,0.267007074203522,173,0.0029834048107402573,0.01233140655105973,,,,,,,0.6304190751445087,0.10832609373606962,1.5319543654803771,1.6325365767711417,0,results/T-sweep-Dyck-3/distributions/not_nested_parentheses_and_brackets_L32_T8_gaussian_greedy_sigma100.0.json
unconditional,not_nested_parentheses_and_brackets,32,gaussian,greedy,5.0,,8,5,0.21,0.057619,0.212,0.058788,0.136,0.033823,0.258,0.0402,5.886,9,False,71.76,68,False,1.0,0.0,0.2865246378402107,68,0.007590132827324478,0.03137254901960784,,,,,,,0.5340073529411765,0.09185200262983234,1.6002474649533471,1.700676822218848,0,results/T-sweep-Dyck-3/distributions/not_nested_parentheses_and_brackets_L32_T8_gaussian_greedy_sigma5.0.json
unconditional,not_nested_parentheses_and_brackets,32,gaussian,greedy,50.0,,8,5,0.408,0.040694,0.498,0.022271,0.346,0.033823,0.552,0.049558,7.214,9,False,58.0,173,False,1.0,0.0,0.26585919646457856,173,0.0029834048107402573,0.01233140655105973,,,,,,,0.6123554913294798,0.1262508830686964,1.3008043979142245,1.6138568159355515,0,results/T-sweep-Dyck-3/distributions/not_nested_parentheses_and_brackets_L32_T8_gaussian_greedy_sigma50.0.json
unconditional,not_nested_parentheses_and_brackets,32,gaussian,greedy,20.0,,8,5,0.354,0.043174,0.382,0.046217,0.266,0.04128,0.456,0.067409,6.642,9,False,65.61,133,False,1.0,0.0,0.26699739405331513,133,0.003880669415474169,0.016040100250626566,,,,,,,0.612312030075188,0.1143897768958608,1.2672542161263967,1.2454206278072955,0,results/T-sweep-Dyck-3/distributions/not_nested_parentheses_and_brackets_L32_T8_gaussian_greedy_sigma20.0.json
unconditional,not_nested_parentheses_and_brackets,32,gaussian,greedy,10.0,,8,5,0.298,0.027857,0.328,0.029257,0.218,0.016,0.384,0.063435,6.3,9,False,72.03,109,False,1.0,0.0,0.27666018943255183,109,0.004735128736312519,0.019571865443425075,,,,,,,0.5865825688073395,0.11543329846019834,1.5917063568439713,2.024117446832995,0,results/T-sweep-Dyck-3/distributions/not_nested_parentheses_and_brackets_L32_T8_gaussian_greedy_sigma10.0.json
unconditional,parentheses_and_brackets,32,ebsampler,categorical,,0.1,32,5,1.0,0.0,1.0,0.0,1.0,0.0,1.0,0.0,31.526,33,False,916.44,500,False,1.0,0.0,0.27197716979961534,200,0.0009143155694879833,0.0032406157169862274,,,,,,,0.364543315018315,0.09785704107260966,1.161052147852148,0.7316348594809261,0,results/T-sweep-Dyck-3/distributions/parentheses_and_brackets_L32_T32_ebsampler_categorical_gamma0.1.json
unconditional,not_nested_parentheses_and_brackets,32,gaussian,greedy,50.0,,16,5,0.692,0.034871,0.794,0.027276,0.652,0.03763,0.82,0.042426,14.986,17,False,66.79,326,False,1.0,0.0,0.25621545226130654,200,0.001583217890362161,0.006543967280163599,,,,,,,0.5993098159509203,0.10797167471927033,1.117854333805254,1.1791538522899327,0,results/T-sweep-Dyck-3/distributions/not_nested_parentheses_and_brackets_L32_T16_gaussian_greedy_sigma50.0.json
unconditional,not_nested_parentheses_and_brackets,32,gaussian,greedy,10.0,,16,5,0.602,0.058103,0.636,0.018547,0.528,0.038678,0.644,0.033823,13.456,17,False,83.89,264,False,1.0,0.0,0.26858746859296484,200,0.0019550342130987292,0.00808080808080808,,,,,,,0.5400094696969697,0.10269901644371604,1.243693007329371,1.1794863927335628,0,results/T-sweep-Dyck-3/distributions/not_nested_parentheses_and_brackets_L32_T16_gaussian_greedy_sigma10.0.json
unconditional,not_nested_parentheses_and_brackets,32,gaussian,greedy,1.0,,16,5,0.15,0.051381,0.12,0.038987,0.1,0.040988,0.114,0.042237,11.144,16,False,118.72,50,False,1.0,0.0,0.25698979591836735,50,0.01032258064516129,0.042,,,,,,,0.45375,0.05563553271066972,0.8167059607059608,0.8236122203820193,0,results/T-sweep-Dyck-3/distributions/not_nested_parentheses_and_brackets_L32_T16_gaussian_greedy_sigma1.0.json
unconditional,not_nested_parentheses_and_brackets,32,gaussian,greedy,2.0,,16,5,0.25,0.054037,0.242,0.045343,0.194,0.04128,0.252,0.048744,11.996,17,False,125.35,97,False,1.0,0.0,0.2722428049828179,97,0.005320917858330562,0.021993127147766325,,,,,,,0.4587628865979381,0.06464526887208251,0.8744307239152601,0.7639494680522819,0,results/T-sweep-Dyck-3/distributions/not_nested_parentheses_and_brackets_L32_T16_gaussian_greedy_sigma2.0.json
unconditional,not_nested_parentheses_and_brackets,32,gaussian,greedy,100.0,,16,5,0.714,0.045869,0.794,0.032619,0.652,0.038678,0.826,0.030725,15.332,17,False,98.7,326,False,1.0,0.0,0.25590452261306534,200,0.001583217890362161,0.006543967280163599,,,,,,,0.5991180981595092,0.10886549227672165,1.0362135478699896,0.7253438131278396,0,results/T-sweep-Dyck-3/distributions/not_nested_parentheses_and_brackets_L32_T16_gaussian_greedy_sigma100.0.json
unconditional,parentheses_and_brackets,32,ebsampler,categorical,,0.5,64,5,0.972,0.011662,1.0,0.0,0.972,0.011662,0.958,0.021354,29.318,32,False,723.34,479,False,1.0,0.0,0.2697234202508606,200,0.0009498609132234209,0.0033660589060308557,,,,,,,0.3554267322795507,0.09302195862078999,1.1392950183659998,0.6544143027773245,0,results/T-sweep-Dyck-3/distributions/parentheses_and_brackets_L32_T64_ebsampler_categorical_gamma0.5.json
unconditional,not_nested_parentheses_and_brackets,32,gaussian,greedy,20.0,,16,5,0.682,0.054918,0.768,0.061774,0.636,0.078128,0.764,0.074993,14.228,17,False,116.75,318,False,1.0,0.0,0.26034783291457286,200,0.0016230472712517752,0.0067085953878406705,,,,,,,0.5807783018867925,0.10721570745659564,1.0910677023884572,0.900119329271741,0,results/T-sweep-Dyck-3/distributions/not_nested_parentheses_and_brackets_L32_T16_gaussian_greedy_sigma20.0.json
unconditional,not_nested_parentheses_and_brackets,32,gaussian,greedy,5.0,,16,5,0.446,0.023324,0.54,0.028284,0.412,0.027857,0.512,0.039699,12.864,17,False,130.47,206,False,1.0,0.0,0.27434359296482413,200,0.002505480739116818,0.010355987055016181,,,,,,,0.4933252427184466,0.08877906221106985,1.0659077707621398,1.0477437040386388,0,results/T-sweep-Dyck-3/distributions/not_nested_parentheses_and_brackets_L32_T16_gaussian_greedy_sigma5.0.json
unconditional,parentheses_and_brackets,32,ebsampler,categorical,,0.9,64,5,0.924,0.018547,1.0,0.0,0.924,0.018547,0.912,0.027857,25.282,31,False,715.9,456,False,1.0,0.0,0.269092950611006,200,0.0009971509971509972,0.0035335689045936395,,,,,,,0.35689875730994153,0.10049693497074526,1.1468809638217534,0.6627150680766581,0,results/T-sweep-Dyck-3/distributions/parentheses_and_brackets_L32_T64_ebsampler_categorical_gamma0.9.json
unconditional,parentheses_and_brackets,32,ebsampler,categorical,,0.9,128,5,0.924,0.018547,1.0,0.0,0.924,0.018547,0.912,0.027857,25.282,31,False,575.66,456,False,1.0,0.0,0.269092950611006,200,0.0009971509971509972,0.0035335689045936395,,,,,,,0.35689875730994153,0.10049693497074526,1.1468809638217534,0.6627150680766581,0,results/T-sweep-Dyck-3/distributions/parentheses_and_brackets_L32_T128_ebsampler_categorical_gamma0.9.json
unconditional,parentheses_and_brackets,32,gaussian,greedy,5.0,,128,5,0.954,0.013565,1.0,0.0,0.954,0.013565,0.97,0.012649,109.532,126,False,7472.46,477,False,1.0,0.0,0.1432011620603015,200,0.00027050787854196256,0.0005590496156533892,,,,,,,0.2727987421383648,0.06074099012213552,0.0,0.0,0,results/T-sweep-Dyck-3/distributions/parentheses_and_brackets_L32_T128_gaussian_greedy_sigma5.0.json
unconditional,not_nested_parentheses_and_brackets,32,uniform,greedy,,,128,5,0.888,0.013266,0.984,0.012,0.884,0.016248,0.978,0.011662,121.628,125,False,448.1,442,False,1.0,0.0,0.24306218592964823,200,0.0011677127426653043,0.0048265460030165915,,,,,,,0.6073246606334841,0.09938518764421021,0.769528309799803,0.37902221424855365,0,results/T-sweep-Dyck-3/distributions/not_nested_parentheses_and_brackets_L32_T128_uniform_greedy_none.json
unconditional,not_nested_parentheses_and_brackets,32,gaussian,greedy,50.0,,32,5,0.842,0.019391,0.952,0.013266,0.832,0.020396,0.924,0.014967,30.06,33,False,126.26,416,False,1.0,0.0,0.25202418341708543,200,0.0012406947890818859,0.005128205128205128,,,,,,,0.5934495192307693,0.10391552990548665,0.9208951305105152,0.571821261055066,0,results/T-sweep-Dyck-3/distributions/not_nested_parentheses_and_brackets_L32_T32_gaussian_greedy_sigma50.0.json
unconditional,not_nested_parentheses_and_brackets,32,uniform,categorical,,,128,5,0.926,0.020591,0.94,0.02,0.924,0.019596,0.96,0.020976,121.364,125,False,413.55,462,False,1.0,0.0,0.2694510555289008,200,0.0011231222799382282,0.0046430644225188625,,,,,,,0.42124819624819626,0.09516428020231231,1.0935369464590243,0.44983072086812126,0,results/T-sweep-Dyck-3/distributions/not_nested_parentheses_and_brackets_L32_T128_uniform_categorical_none.json
unconditional,not_nested_parentheses_and_brackets,32,gaussian,greedy,1.0,,32,5,0.422,0.060465,0.356,0.077872,0.33,0.075366,0.344,0.075525,26.29,32,False,234.39,165,False,1.0,0.0,0.23217618255728012,165,0.0031280547409579668,0.01292929292929293,,,,,,,0.42234848484848486,0.04137293157852469,0.45286982377891466,0.23562728811980008,0,results/T-sweep-Dyck-3/distributions/not_nested_parentheses_and_brackets_L32_T32_gaussian_greedy_sigma1.0.json
unconditional,not_nested_parentheses_and_brackets,32,gaussian,greedy,20.0,,32,5,0.832,0.044452,0.914,0.027276,0.816,0.049639,0.904,0.026533,28.664,33,False,183.24,408,False,1.0,0.0,0.25521199748743717,200,0.001265022137887413,0.00522875816993464,,,,,,,0.5715379901960784,0.10458562212734888,0.9451353657236011,0.604396216475669,0,results/T-sweep-Dyck-3/distributions/not_nested_parentheses_and_brackets_L32_T32_gaussian_greedy_sigma20.0.json
unconditional,not_nested_parentheses_and_brackets,32,gaussian,greedy,2.0,,32,5,0.526,0.05004,0.534,0.041761,0.484,0.049639,0.526,0.030067,26.492,33,False,243.77,242,False,1.0,0.0,0.24815797738693468,200,0.0021327645961077045,0.008815426997245178,,,,,,,0.4269111570247934,0.05330831265229512,0.5286579352695056,0.36887853985333796,0,results/T-sweep-Dyck-3/distributions/not_nested_parentheses_and_brackets_L32_T32_gaussian_greedy_sigma2.0.json
unconditional,not_nested_parentheses_and_brackets,32,gaussian,greedy,100.0,,32,5,0.82,0.022804,0.932,0.013266,0.8,0.034059,0.936,0.013565,30.662,33,False,184.69,400,False,1.0,0.0,0.24917478015075376,200,0.0012903225806451613,0.005333333333333333,,,,,,,0.60640625,0.11082069114537006,0.9064800754800756,0.5982526778627605,0,results/T-sweep-Dyck-3/distributions/not_nested_parentheses_and_brackets_L32_T32_gaussian_greedy_sigma100.0.json
unconditional,not_nested_parentheses_and_brackets,32,gaussian,greedy,5.0,,32,5,0.692,0.059127,0.77,0.0498,0.672,0.057061,0.746,0.049234,27.47,33,False,259.59,336,False,1.0,0.0,0.26587233040201,200,0.0015360983102918587,0.006349206349206349,,,,,,,0.46335565476190477,0.07666015272384158,0.8723612366469509,0.6446159503880621,0,results/T-sweep-Dyck-3/distributions/not_nested_parentheses_and_brackets_L32_T32_gaussian_greedy_sigma5.0.json
unconditional,not_nested_parentheses_and_brackets,32,gaussian,greedy,10.0,,32,5,0.778,0.037094,0.838,0.037094,0.736,0.035553,0.828,0.053066,27.666,33,False,256.96,368,False,1.0,0.0,0.2616763505025126,200,0.001402524544179523,0.005797101449275362,,,,,,,0.5254755434782609,0.08903798621282416,1.0536779645475298,0.7804902074197468,0,results/T-sweep-Dyck-3/distributions/not_nested_parentheses_and_brackets_L32_T32_gaussian_greedy_sigma10.0.json
unconditional,not_nested_parentheses_and_brackets,32,gaussian,categorical,1.0,,1,5,0.066,0.012,0.066,0.024166,0.006,0.004899,0.846,0.036111,1.0,1,False,21.26,3,True,,,,3,,,,,,,,,0.5416666666666666,0.02946278254943948,1.2433862433862435,0.36411958802296834,0,results/T-sweep-Dyck-3/distributions/not_nested_parentheses_and_brackets_L32_T1_gaussian_categorical_sigma1.0.json
unconditional,not_nested_parentheses_and_brackets,32,gaussian,categorical,2.0,,1,5,0.066,0.012,0.066,0.024166,0.006,0.004899,0.838,0.040694,1.0,1,False,21.27,3,True,,,,3,,,,,,,,,0.5416666666666666,0.02946278254943948,1.2433862433862435,0.36411958802296834,0,results/T-sweep-Dyck-3/distributions/not_nested_parentheses_and_brackets_L32_T1_gaussian_categorical_sigma2.0.json
unconditional,not_nested_parentheses_and_brackets,32,gaussian,categorical,5.0,,1,5,0.066,0.012,0.066,0.024166,0.006,0.004899,0.83,0.037947,1.0,1,False,21.29,3,True,,,,3,,,,,,,,,0.5416666666666666,0.02946278254943948,1.2433862433862435,0.36411958802296834,0,results/T-sweep-Dyck-3/distributions/not_nested_parentheses_and_brackets_L32_T1_gaussian_categorical_sigma5.0.json
unconditional,not_nested_parentheses_and_brackets,32,gaussian,categorical,10.0,,1,5,0.06,0.010954,0.066,0.024166,0.008,0.004,0.78,0.035777,1.002,2,False,21.19,4,True,,,,4,,,,,,,,,0.578125,0.06810779599282303,1.253968253968254,0.31586902765289526,0,results/T-sweep-Dyck-3/distributions/not_nested_parentheses_and_brackets_L32_T1_gaussian_categorical_sigma10.0.json
unconditional,not_nested_parentheses_and_brackets,32,gaussian,categorical,20.0,,1,5,0.062,0.011662,0.07,0.026077,0.008,0.004,0.736,0.018547,1.002,2,False,21.35,4,True,,,,4,,,,,,,,,0.578125,0.06810779599282303,1.253968253968254,0.31586902765289526,0,results/T-sweep-Dyck-3/distributions/not_nested_parentheses_and_brackets_L32_T1_gaussian_categorical_sigma20.0.json
unconditional,not_nested_parentheses_and_brackets,32,gaussian,categorical,50.0,,1,5,0.068,0.01833,0.066,0.025768,0.008,0.004,0.624,0.056427,1.006,2,False,21.37,4,True,,,,4,,,,,,,,,0.515625,0.120017902310447,1.126984126984127,0.3742801943667174,0,results/T-sweep-Dyck-3/distributions/not_nested_parentheses_and_brackets_L32_T1_gaussian_categorical_sigma50.0.json
unconditional,not_nested_parentheses_and_brackets,32,gaussian,categorical,100.0,,1,5,0.064,0.013565,0.066,0.027276,0.012,0.004,0.516,0.07526,1.014,2,False,21.26,6,False,1.0,0.0,0.26145833333333335,6,0.08602150537634409,0.3388888888888889,,,,,,,0.5,0.11410886614690961,1.0846560846560847,0.31140611575792937,0,results/T-sweep-Dyck-3/distributions/not_nested_parentheses_and_brackets_L32_T1_gaussian_categorical_sigma100.0.json
unconditional,not_nested_parentheses_and_brackets,32,gaussian,categorical,1.0,,2,5,0.056,0.016248,0.078,0.011662,0.014,0.004899,0.43,0.028284,1.492,2,False,24.06,7,False,1.0,0.0,0.25595238095238093,7,0.07373271889400922,0.2904761904761905,,,,,,,0.6160714285714286,0.15821468880954775,1.2312925170068028,0.7421308319625491,0,results/T-sweep-Dyck-3/distributions/not_nested_parentheses_and_brackets_L32_T2_gaussian_categorical_sigma1.0.json
unconditional,not_nested_parentheses_and_brackets,32,gaussian,categorical,2.0,,2,5,0.074,0.020591,0.094,0.024166,0.018,0.007483,0.432,0.041665,1.504,2,False,24.08,9,False,1.0,0.0,0.2604166666666667,9,0.05734767025089606,0.22962962962962963,,,,,,,0.6597222222222222,0.14163943093313291,1.1354497354497353,0.6851326816925271,0,results/T-sweep-Dyck-3/distributions/not_nested_parentheses_and_brackets_L32_T2_gaussian_categorical_sigma2.0.json
unconditional,not_nested_parentheses_and_brackets,32,gaussian,categorical,5.0,,2,5,0.1,0.014142,0.076,0.018547,0.024,0.013565,0.488,0.039699,1.57,2,False,23.92,12,False,1.0,0.0,0.2677556818181818,12,0.043010752688172046,0.175,,,,,,,0.5416666666666666,0.19320038532282716,1.1206830206830207,0.6550587216711022,0,results/T-sweep-Dyck-3/distributions/not_nested_parentheses_and_brackets_L32_T2_gaussian_categorical_sigma5.0.json
unconditional,not_nested_parentheses_and_brackets,32,gaussian,categorical,10.0,,2,5,0.086,0.018547,0.128,0.021354,0.02,0.006325,0.584,0.030067,1.72,3,False,23.71,10,False,1.0,0.0,0.259375,10,0.05161290322580645,0.20333333333333334,,,,,,,0.5375,0.10897247358851683,1.0025974025974027,0.32454754580331313,0,results/T-sweep-Dyck-3/distributions/not_nested_parentheses_and_brackets_L32_T2_gaussian_categorical_sigma10.0.json
unconditional,not_nested_parentheses_and_brackets,32,gaussian,categorical,20.0,,2,5,0.108,0.017205,0.13,0.020976,0.036,0.017436,0.686,0.020591,1.81,3,False,23.16,17,False,1.0,0.0,0.2632610701107011,17,0.030476190476190476,0.12598425196850394,,,,,,,0.49411764705882355,0.10101667442611009,1.109547152194211,0.46400564686417,0,results/T-sweep-Dyck-3/distributions/not_nested_parentheses_and_brackets_L32_T2_gaussian_categorical_sigma20.0.json
unconditional,not_nested_parentheses_and_brackets,32,gaussian,categorical,50.0,,2,5,0.136,0.033823,0.162,0.031875,0.056,0.024166,0.594,0.045869,1.882,3,False,22.94,25,False,1.0,0.0,0.26240577889447236,25,0.020752269779507133,0.08579088471849866,,,,,,,0.4325,0.08697062083766499,0.9816493506493507,0.40211097017580344,0,results/T-sweep-Dyck-3/distributions/not_nested_parentheses_and_brackets_L32_T2_gaussian_categorical_sigma50.0.json
unconditional,parentheses_and_brackets,32,ebsampler,categorical,,0.5,128,5,0.972,0.011662,1.0,0.0,0.972,0.011662,0.958,0.021354,29.318,32,False,853.03,479,False,1.0,0.0,0.2697234202508606,200,0.0009498609132234209,0.0033660589060308557,,,,,,,0.3554267322795507,0.09302195862078999,1.1392950183659998,0.6544143027773245,0,results/T-sweep-Dyck-3/distributions/parentheses_and_brackets_L32_T128_ebsampler_categorical_gamma0.5.json
unconditional,not_nested_parentheses_and_brackets,32,gaussian,categorical,100.0,,2,5,0.146,0.030725,0.156,0.034986,0.078,0.017205,0.6,0.026833,1.92,3,False,22.88,37,False,1.0,0.0,0.2663135593220339,37,0.01399825021872266,0.05786618444846293,,,,,,,0.46114864864864863,0.08301207249464099,1.044926094926095,0.35240442021795126,0,results/T-sweep-Dyck-3/distributions/not_nested_parentheses_and_brackets_L32_T2_gaussian_categorical_sigma100.0.json
unconditional,not_nested_parentheses_and_brackets,32,gaussian,categorical,1.0,,4,5,0.138,0.052307,0.124,0.044989,0.07,0.040497,0.308,0.082316,2.592,4,False,33.38,34,False,1.0,0.0,0.2710282976827095,34,0.015180265654648957,0.06274509803921569,,,,,,,0.5514705882352942,0.12451245751379485,1.047839741957389,0.5410916688437156,0,results/T-sweep-Dyck-3/distributions/not_nested_parentheses_and_brackets_L32_T4_gaussian_categorical_sigma1.0.json
unconditional,not_nested_parentheses_and_brackets,32,gaussian,categorical,2.0,,4,5,0.156,0.018547,0.154,0.013565,0.102,0.011662,0.29,0.032863,2.732,4,False,35.4,51,False,1.0,0.0,0.2680269607843137,51,0.010120177103099304,0.04183006535947712,,,,,,,0.5465686274509803,0.12793319410152343,0.9630478454007866,0.3809360641439999,0,results/T-sweep-Dyck-3/distributions/not_nested_parentheses_and_brackets_L32_T4_gaussian_categorical_sigma2.0.json
unconditional,not_nested_parentheses_and_brackets,32,gaussian,categorical,5.0,,4,5,0.17,0.017889,0.174,0.048415,0.114,0.025768,0.24,0.065115,2.854,5,False,39.66,57,False,1.0,0.0,0.2690345368916798,57,0.009075439591605219,0.03751465416178194,,,,,,,0.5167397660818713,0.11477818686859437,1.223913318650161,0.6121592477747947,0,results/T-sweep-Dyck-3/distributions/not_nested_parentheses_and_brackets_L32_T4_gaussian_categorical_sigma5.0.json
unconditional,not_nested_parentheses_and_brackets,32,gaussian,categorical,10.0,,4,5,0.166,0.018547,0.178,0.021354,0.114,0.017436,0.24,0.038471,3.014,5,False,40.28,57,False,1.0,0.0,0.26766069464089265,57,0.009085746734809767,0.03755868544600939,,,,,,,0.48698830409356725,0.09665163655914238,1.03895850737956,0.39746359932196546,0,results/T-sweep-Dyck-3/distributions/not_nested_parentheses_and_brackets_L32_T4_gaussian_categorical_sigma10.0.json
unconditional,parentheses_and_brackets,32,ebsampler,categorical,,0.1,128,5,1.0,0.0,1.0,0.0,1.0,0.0,1.0,0.0,31.526,33,False,917.68,500,False,1.0,0.0,0.27197716979961534,200,0.0009143155694879833,0.0032406157169862274,,,,,,,0.364543315018315,0.09785704107260966,1.161052147852148,0.7316348594809261,0,results/T-sweep-Dyck-3/distributions/parentheses_and_brackets_L32_T128_ebsampler_categorical_gamma0.1.json
unconditional,not_nested_parentheses_and_brackets,32,gaussian,categorical,50.0,,4,5,0.242,0.017205,0.262,0.045343,0.188,0.029257,0.368,0.0449,3.382,5,False,33.56,94,False,1.0,0.0,0.2680270936137508,94,0.005517241379310344,0.022808267997148968,,,,,,,0.4375886524822695,0.08332663697253996,1.0263547327377114,0.3716530671140052,0,results/T-sweep-Dyck-3/distributions/not_nested_parentheses_and_brackets_L32_T4_gaussian_categorical_sigma50.0.json
unconditional,not_nested_parentheses_and_brackets,32,gaussian,categorical,20.0,,4,5,0.206,0.014967,0.196,0.042708,0.146,0.036111,0.292,0.03763,3.174,5,False,37.56,73,False,1.0,0.0,0.2648179912330856,73,0.007082779991146525,0.0292772186642269,,,,,,,0.4382990867579909,0.09004548554170544,1.099442072387278,0.4396317660280252,0,results/T-sweep-Dyck-3/distributions/not_nested_parentheses_and_brackets_L32_T4_gaussian_categorical_sigma20.0.json
unconditional,not_nested_parentheses_and_brackets,32,gaussian,greedy,10.0,,64,5,0.894,0.025768,0.954,0.013565,0.886,0.027276,0.942,0.011662,55.112,64,False,332.37,443,False,1.0,0.0,0.25465059673366836,200,0.0011650768222529672,0.004815650865312265,,,,,,,0.5286399548532731,0.09036044354700515,0.8979824289079368,0.5160629908487254,0,results/T-sweep-Dyck-3/distributions/not_nested_parentheses_and_brackets_L32_T64_gaussian_greedy_sigma10.0.json
unconditional,not_nested_parentheses_and_brackets,32,gaussian,categorical,100.0,,4,5,0.31,0.046043,0.308,0.031875,0.254,0.038262,0.458,0.044452,3.602,5,False,32.07,127,False,1.0,0.0,0.26837660917385325,127,0.004064008128016256,0.01679790026246719,,,,,,,0.45226377952755903,0.10594319207915105,1.1425094590448923,0.546267437533161,0,results/T-sweep-Dyck-3/distributions/not_nested_parentheses_and_brackets_L32_T4_gaussian_categorical_sigma100.0.json
unconditional,not_nested_parentheses_and_brackets,32,gaussian,greedy,100.0,,64,5,0.904,0.024166,0.984,0.010198,0.9,0.023664,0.968,0.014697,60.038,64,False,332.89,450,False,1.0,0.0,0.24584013819095477,200,0.0011469534050179211,0.004740740740740741,,,,,,,0.5944444444444444,0.10114125008687504,0.7863342583342583,0.38521078254863794,0,results/T-sweep-Dyck-3/distributions/not_nested_parentheses_and_brackets_L32_T64_gaussian_greedy_sigma100.0.json
unconditional,not_nested_parentheses_and_brackets,32,gaussian,categorical,20.0,,8,5,0.446,0.034986,0.416,0.032,0.378,0.04996,0.48,0.05099,6.624,9,False,39.16,189,False,1.0,0.0,0.2682265037130022,189,0.002737382378100941,0.011315417256011316,,,,,,,0.44010141093474425,0.09973248685322807,1.0877566290264704,0.4135824562449186,0,results/T-sweep-Dyck-3/distributions/not_nested_parentheses_and_brackets_L32_T8_gaussian_categorical_sigma20.0.json
unconditional,not_nested_parentheses_and_brackets,32,gaussian,categorical,1.0,,8,5,0.218,0.053442,0.198,0.009798,0.146,0.02498,0.174,0.028705,5.33,8,False,58.22,72,False,1.0,0.0,0.273949785670545,72,0.00718132854578097,0.029684601113172542,,,,,,,0.515625,0.12458021719749612,1.1343133332716666,0.5515012722178507,0,results/T-sweep-Dyck-3/distributions/not_nested_parentheses_and_brackets_L32_T8_gaussian_categorical_sigma1.0.json
unconditional,not_nested_parentheses_and_brackets,32,gaussian,categorical,2.0,,8,5,0.242,0.033106,0.226,0.033823,0.162,0.023152,0.244,0.040792,5.436,8,False,60.34,79,False,1.0,0.0,0.2664951174452362,79,0.006538618716796077,0.02702702702702703,,,,,,,0.48765822784810126,0.1074461461897852,1.0158876285458565,0.395211883383797,0,results/T-sweep-Dyck-3/distributions/not_nested_parentheses_and_brackets_L32_T8_gaussian_categorical_sigma2.0.json
unconditional,not_nested_parentheses_and_brackets,32,gaussian,greedy,50.0,,64,5,0.92,0.030332,0.988,0.009798,0.914,0.032619,0.97,0.018974,58.762,64,False,367.65,457,False,1.0,0.0,0.24688991834170854,200,0.001129385190936684,0.0046681254558716264,,,,,,,0.5925875273522976,0.10270596533255787,0.8425519046963248,0.4967543841117787,0,results/T-sweep-Dyck-3/distributions/not_nested_parentheses_and_brackets_L32_T64_gaussian_greedy_sigma50.0.json
unconditional,not_nested_parentheses_and_brackets,32,gaussian,greedy,1.0,,64,5,0.698,0.017205,0.654,0.025768,0.626,0.049234,0.626,0.049234,55.614,63,False,418.89,313,False,1.0,0.0,0.20204773869346734,200,0.0016489745439554778,0.006815761448349307,,,,,,,0.40595047923322686,0.03873801916932908,0.32844790991755846,0.1299761228292708,0,results/T-sweep-Dyck-3/distributions/not_nested_parentheses_and_brackets_L32_T64_gaussian_greedy_sigma1.0.json
unconditional,not_nested_parentheses_and_brackets,32,gaussian,categorical,5.0,,8,5,0.312,0.037094,0.328,0.033106,0.262,0.033705,0.382,0.051147,5.946,9,False,67.88,128,False,1.0,0.0,0.2680075232886638,128,0.00404244567963618,0.01671018276762402,,,,,,,0.47044270833333335,0.11639015490425791,0.9916779401154402,0.3742390959236247,0,results/T-sweep-Dyck-3/distributions/not_nested_parentheses_and_brackets_L32_T8_gaussian_categorical_sigma5.0.json
unconditional,not_nested_parentheses_and_brackets,32,gaussian,categorical,50.0,,8,5,0.492,0.043081,0.484,0.028705,0.436,0.02498,0.562,0.056,6.938,9,False,55.34,218,False,1.0,0.0,0.2687466152819234,200,0.0023745918670228555,0.0098159509202454,,,,,,,0.4397553516819572,0.09442613320696576,1.0803520001914497,0.44815501281804154,0,results/T-sweep-Dyck-3/distributions/not_nested_parentheses_and_brackets_L32_T8_gaussian_categorical_sigma50.0.json
unconditional,not_nested_parentheses_and_brackets,32,gaussian,categorical,10.0,,8,5,0.302,0.03763,0.308,0.034293,0.262,0.031875,0.378,0.017205,6.202,9,False,69.58,131,False,1.0,0.0,0.2702175750670734,131,0.003945745992601726,0.0163098878695209,,,,,,,0.4405216284987278,0.10860951953707386,1.0824328343412313,0.46092768436667353,0,results/T-sweep-Dyck-3/distributions/not_nested_parentheses_and_brackets_L32_T8_gaussian_categorical_sigma10.0.json
unconditional,not_nested_parentheses_and_brackets,32,gaussian,categorical,100.0,,8,5,0.49,0.038987,0.49,0.030332,0.444,0.030067,0.584,0.049639,7.22,9,False,51.84,222,False,1.0,0.0,0.2674534367283829,200,0.002335084646818447,0.009653092006033183,,,,,,,0.43837924462924466,0.09189615890991079,1.0192234442234442,0.4089694632797321,0,results/T-sweep-Dyck-3/distributions/not_nested_parentheses_and_brackets_L32_T8_gaussian_categorical_sigma100.0.json
unconditional,not_nested_parentheses_and_brackets,32,gaussian,greedy,20.0,,64,5,0.9,0.032863,0.974,0.013565,0.894,0.030067,0.954,0.014967,56.274,64,False,419.32,447,False,1.0,0.0,0.2501209170854271,200,0.001154651078877102,0.004772557792692021,,,,,,,0.5769015659955258,0.10211626668403531,0.8749108708840253,0.4849288538491652,0,results/T-sweep-Dyck-3/distributions/not_nested_parentheses_and_brackets_L32_T64_gaussian_greedy_sigma20.0.json
unconditional,not_nested_parentheses_and_brackets,32,gaussian,greedy,2.0,,64,5,0.734,0.033226,0.736,0.048,0.692,0.042615,0.71,0.038471,54.95,64,False,445.35,346,False,1.0,0.0,0.22952104271356785,200,0.0014917024053701287,0.006165703275529865,,,,,,,0.40841763005780346,0.0500726322876076,0.42720234165320875,0.21858967782980546,0,results/T-sweep-Dyck-3/distributions/not_nested_parentheses_and_brackets_L32_T64_gaussian_greedy_sigma2.0.json
unconditional,not_nested_parentheses_and_brackets,32,gaussian,greedy,5.0,,64,5,0.832,0.023152,0.884,0.021541,0.818,0.023152,0.858,0.026382,54.198,64,False,473.07,409,False,1.0,0.0,0.2541174623115578,200,0.0012619291742250965,0.0052159739201303994,,,,,,,0.4559902200488998,0.07149531865058811,0.7267444318789061,0.3986348911350388,0,results/T-sweep-Dyck-3/distributions/not_nested_parentheses_and_brackets_L32_T64_gaussian_greedy_sigma5.0.json
unconditional,not_nested_parentheses_and_brackets,32,gaussian,categorical,1.0,,16,5,0.378,0.03763,0.382,0.024,0.33,0.028284,0.366,0.018547,11.996,16,False,104.87,163,False,1.0,0.0,0.2701886488076598,163,0.0031739734179726245,0.013120131201312012,,,,,,,0.47119120654396723,0.10135037331357274,1.069816260767181,0.42497056271066896,0,results/T-sweep-Dyck-3/distributions/not_nested_parentheses_and_brackets_L32_T16_gaussian_categorical_sigma1.0.json
unconditional,not_nested_parentheses_and_brackets,32,gaussian,categorical,100.0,,16,5,0.716,0.05748,0.706,0.064062,0.69,0.064187,0.772,0.067646,14.86,17,False,92.41,345,False,1.0,0.0,0.269450104079507,200,0.0015022063655994742,0.006209974771977489,,,,,,,0.4256090407177364,0.0934541986526812,1.06914172783738,0.40817756859875726,0,results/T-sweep-Dyck-3/distributions/not_nested_parentheses_and_brackets_L32_T16_gaussian_categorical_sigma100.0.json
unconditional,not_nested_parentheses_and_brackets,32,gaussian,categorical,50.0,,16,5,0.654,0.04128,0.66,0.05099,0.626,0.049234,0.706,0.02245,14.274,17,False,99.12,313,False,1.0,0.0,0.269754729761661,200,0.0016540887005065646,0.006837606837606838,,,,,,,0.42466719914802975,0.10070279177677721,1.0630885532642722,0.43398457586434475,0,results/T-sweep-Dyck-3/distributions/not_nested_parentheses_and_brackets_L32_T16_gaussian_categorical_sigma50.0.json
unconditional,not_nested_parentheses_and_brackets,32,gaussian,categorical,2.0,,16,5,0.428,0.046648,0.438,0.063056,0.372,0.055642,0.412,0.061123,12.094,17,False,117.89,184,False,1.0,0.0,0.2709377123653662,184,0.0028139289482940555,0.011632133769538349,,,,,,,0.4539628623188406,0.10808419643100296,1.0878164408055713,0.4635221001986201,0,results/T-sweep-Dyck-3/distributions/not_nested_parentheses_and_brackets_L32_T16_gaussian_categorical_sigma2.0.json
unconditional,not_nested_parentheses_and_brackets,32,gaussian,categorical,5.0,,16,5,0.512,0.020396,0.516,0.032,0.486,0.02245,0.546,0.018547,12.764,17,False,124.41,242,False,1.0,0.0,0.2700469767383282,200,0.0021407546160021407,0.008849557522123894,,,,,,,0.4407467532467533,0.09725673000212348,1.0707675932882545,0.452183009164907,0,results/T-sweep-Dyck-3/distributions/not_nested_parentheses_and_brackets_L32_T16_gaussian_categorical_sigma5.0.json
unconditional,not_nested_parentheses_and_brackets,32,gaussian,categorical,20.0,,16,5,0.648,0.036551,0.648,0.029257,0.614,0.033226,0.68,0.016733,13.644,17,False,116.54,307,False,1.0,0.0,0.2684073222357866,200,0.0016893675430260796,0.006983849847228284,,,,,,,0.43601675197766404,0.10289981558936119,1.0761023449948532,0.4281259250621142,0,results/T-sweep-Dyck-3/distributions/not_nested_parentheses_and_brackets_L32_T16_gaussian_categorical_sigma20.0.json
unconditional,not_nested_parentheses_and_brackets,32,gaussian,categorical,10.0,,16,5,0.572,0.046648,0.596,0.04128,0.554,0.043635,0.61,0.033466,13.08,17,False,127.59,275,False,1.0,0.0,0.26914459337793456,200,0.0018852362436667844,0.007793472966390648,,,,,,,0.4346688311688312,0.10000618845752829,1.0584945559491015,0.4218332742289531,0,results/T-sweep-Dyck-3/distributions/not_nested_parentheses_and_brackets_L32_T16_gaussian_categorical_sigma10.0.json
unconditional,parentheses_and_brackets,32,gaussian,greedy,10.0,,128,5,0.974,0.010198,1.0,0.0,0.974,0.010198,0.984,0.008,110.352,126,False,7920.22,487,False,1.0,0.0,0.14269864949748745,200,0.00026495330198052594,0.0005475701574264203,,,,,,,0.3313655030800821,0.08073493833445382,0.0,0.0,0,results/T-sweep-Dyck-3/distributions/parentheses_and_brackets_L32_T128_gaussian_greedy_sigma10.0.json
unconditional,not_nested_parentheses_and_brackets,32,gaussian,greedy,1.0,,128,5,0.828,0.038158,0.802,0.039192,0.794,0.039799,0.794,0.039799,112.866,126,False,557.27,397,False,1.0,0.0,0.1799976444723618,200,0.0013000731291135125,0.005373635600335852,,,,,,,0.3962531486146096,0.035083395017518525,0.2806997089112958,0.09346307644009375,0,results/T-sweep-Dyck-3/distributions/not_nested_parentheses_and_brackets_L32_T128_gaussian_greedy_sigma1.0.json
unconditional,not_nested_parentheses_and_brackets,32,gaussian,categorical,1.0,,32,5,0.6,0.038471,0.616,0.038781,0.576,0.045869,0.586,0.040792,25.808,32,False,214.63,287,False,1.0,0.0,0.27100796996578,200,0.0018036298049825274,0.007455731593662628,,,,,,,0.43803716608594656,0.09856212862265026,1.072127195297927,0.4800572897098136,0,results/T-sweep-Dyck-3/distributions/not_nested_parentheses_and_brackets_L32_T32_gaussian_categorical_sigma1.0.json
unconditional,not_nested_parentheses_and_brackets,32,gaussian,categorical,2.0,,32,5,0.648,0.03544,0.654,0.044091,0.618,0.044452,0.65,0.04858,26.542,33,False,223.97,305,False,1.0,0.0,0.2704823677860669,200,0.0017019466014253802,0.007036059806508356,,,,,,,0.44300141115714886,0.09953772077835782,1.08344853689116,0.42039805072967396,0,results/T-sweep-Dyck-3/distributions/not_nested_parentheses_and_brackets_L32_T32_gaussian_categorical_sigma2.0.json
unconditional,not_nested_parentheses_and_brackets,32,gaussian,categorical,5.0,,32,5,0.698,0.027857,0.692,0.029257,0.676,0.028,0.724,0.02245,26.094,33,False,238.85,338,False,1.0,0.0,0.26932749722884897,200,0.0015334483419589802,0.006339144215530904,,,,,,,0.4268103691180614,0.09389519409190873,1.0675486824155462,0.4187162655930868,0,results/T-sweep-Dyck-3/distributions/not_nested_parentheses_and_brackets_L32_T32_gaussian_categorical_sigma5.0.json
unconditional,not_nested_parentheses_and_brackets,32,gaussian,categorical,50.0,,32,5,0.81,0.055498,0.788,0.054185,0.78,0.068993,0.836,0.051614,28.988,33,False,191.2,390,False,1.0,0.0,0.26909752910280044,200,0.0013300083125519534,0.005498281786941581,,,,,,,0.43207112332112335,0.09701795404651849,1.0574510674510675,0.44780345090868057,0,results/T-sweep-Dyck-3/distributions/not_nested_parentheses_and_brackets_L32_T32_gaussian_categorical_sigma50.0.json
unconditional,not_nested_parentheses_and_brackets,32,gaussian,categorical,100.0,,32,5,0.812,0.030594,0.826,0.028705,0.804,0.028705,0.864,0.032,29.972,33,False,178.91,401,False,1.0,0.0,0.26864608938503387,200,0.0012935564718247231,0.0053475935828877,,,,,,,0.4194433787326556,0.09418312306401526,1.0639079609777864,0.4065461084734882,0,results/T-sweep-Dyck-3/distributions/not_nested_parentheses_and_brackets_L32_T32_gaussian_categorical_sigma100.0.json
unconditional,not_nested_parentheses_and_brackets,32,gaussian,categorical,10.0,,32,5,0.746,0.047159,0.73,0.038471,0.718,0.048332,0.746,0.034986,26.452,33,False,234.74,358,False,1.0,0.0,0.27045200910449363,200,0.001448225923244026,0.00598690364826941,,,,,,,0.4197343043362597,0.09059203629598751,1.0543522740450115,0.47434203655688983,0,results/T-sweep-Dyck-3/distributions/not_nested_parentheses_and_brackets_L32_T32_gaussian_categorical_sigma10.0.json
unconditional,not_nested_parentheses_and_brackets,32,gaussian,categorical,20.0,,32,5,0.8,0.040497,0.794,0.036111,0.78,0.035214,0.818,0.030594,27.88,33,False,216.71,390,False,1.0,0.0,0.2700499352106444,200,0.0013313363288400732,0.005503955968352253,,,,,,,0.4261401098901099,0.09323237192951161,1.0743165168165167,0.43667774023969996,0,results/T-sweep-Dyck-3/distributions/not_nested_parentheses_and_brackets_L32_T32_gaussian_categorical_sigma20.0.json
unconditional,not_nested_parentheses_and_brackets,32,gaussian,greedy,2.0,,128,5,0.864,0.02245,0.882,0.036551,0.852,0.024819,0.864,0.026533,110.706,126,False,665.52,426,False,1.0,0.0,0.216147141959799,200,0.0012115704982583674,0.005007824726134585,,,,,,,0.40199530516431925,0.04435218343150218,0.36392996674686817,0.1620544670610539,0,results/T-sweep-Dyck-3/distributions/not_nested_parentheses_and_brackets_L32_T128_gaussian_greedy_sigma2.0.json
unconditional,not_nested_parentheses_and_brackets,32,ar,greedy,,,34,1,1.0,0.0,1.0,0.0,1.0,0.0,1.0,0.0,33.0,33,True,27.82,100,False,0.01,0.99,0.0,100,0.0025806451612903226,0.0036666666666666666,,,,,,,0.375,0.0,0.23076923076923075,2.7755575615628914e-17,0,results/T-sweep-Dyck-3/distributions/not_nested_parentheses_and_brackets_L32_T34_ar_greedy_none.json
unconditional,not_nested_parentheses_and_brackets,32,gaussian,greedy,50.0,,128,5,0.93,0.016733,0.986,0.004899,0.928,0.014697,0.99,0.006325,115.468,126,False,632.24,464,False,1.0,0.0,0.2438018216080402,200,0.0011123470522803114,0.004597701149425287,,,,,,,0.5984644396551724,0.10222800500358793,0.7791417394865671,0.37498152958576203,0,results/T-sweep-Dyck-3/distributions/not_nested_parentheses_and_brackets_L32_T128_gaussian_greedy_sigma50.0.json
unconditional,not_nested_parentheses_and_brackets,32,ebsampler,greedy,,0.1,1,1,1.0,0.0,1.0,0.0,1.0,0.0,1.0,0.0,33.0,33,True,17.04,100,False,0.01,0.99,0.0,100,0.002903225806451613,0.005333333333333333,,,,,,,0.6875,0.0,0.45454545454545453,0.0,0,results/T-sweep-Dyck-3/distributions/not_nested_parentheses_and_brackets_L32_T1_ebsampler_greedy_gamma0.1.json
unconditional,not_nested_parentheses_and_brackets,32,gaussian,greedy,100.0,,128,5,0.912,0.020396,0.98,0.008944,0.908,0.017205,0.982,0.004,118.51,126,False,653.57,454,False,1.0,0.0,0.2440946922110553,200,0.001136848088674151,0.004698972099853157,,,,,,,0.6015969162995595,0.10372102042785984,0.7694824020815211,0.3736674224386279,0,results/T-sweep-Dyck-3/distributions/not_nested_parentheses_and_brackets_L32_T128_gaussian_greedy_sigma100.0.json
unconditional,not_nested_parentheses_and_brackets,32,gaussian,categorical,100.0,,64,5,0.85,0.025298,0.852,0.021354,0.844,0.02245,0.886,0.018547,58.686,64,False,208.21,422,False,1.0,0.0,0.2686802383426388,200,0.0012283126055581146,0.0050777530942557915,,,,,,,0.42092078537576166,0.10178886889065765,1.0921391470562087,0.44574470100419356,0,results/T-sweep-Dyck-3/distributions/not_nested_parentheses_and_brackets_L32_T64_gaussian_categorical_sigma100.0.json
unconditional,not_nested_parentheses_and_brackets,32,ebsampler,greedy,,2.0,1,1,1.0,0.0,1.0,0.0,1.0,0.0,1.0,0.0,16.0,16,True,6.15,100,False,0.01,0.99,0.0,100,0.0032258064516129032,0.005333333333333333,,,,,,,0.75,0.0,0.23076923076923075,2.7755575615628914e-17,0,results/T-sweep-Dyck-3/distributions/not_nested_parentheses_and_brackets_L32_T1_ebsampler_greedy_gamma2.0.json
unconditional,not_nested_parentheses_and_brackets,32,ebsampler,greedy,,0.5,1,1,1.0,0.0,1.0,0.0,1.0,0.0,1.0,0.0,32.0,32,True,16.23,100,False,0.01,0.99,0.0,100,0.002903225806451613,0.005333333333333333,,,,,,,0.6875,0.0,0.45454545454545453,0.0,0,results/T-sweep-Dyck-3/distributions/not_nested_parentheses_and_brackets_L32_T1_ebsampler_greedy_gamma0.5.json
unconditional,not_nested_parentheses_and_brackets,32,ebsampler,greedy,,5.0,1,1,1.0,0.0,1.0,0.0,1.0,0.0,1.0,0.0,8.0,8,True,4.16,100,False,0.01,0.99,0.0,100,0.0032258064516129032,0.006,,,,,,,0.8125,0.0,0.23076923076923075,2.7755575615628914e-17,0,results/T-sweep-Dyck-3/distributions/not_nested_parentheses_and_brackets_L32_T1_ebsampler_greedy_gamma5.0.json
unconditional,not_nested_parentheses_and_brackets,32,ebsampler,greedy,,10.0,1,1,0.0,0.0,0.0,0.0,0.0,0.0,1.0,0.0,4.0,4,True,5.07,0,True,,,,0,,,,,,,,,,,,,0,results/T-sweep-Dyck-3/distributions/not_nested_parentheses_and_brackets_L32_T1_ebsampler_greedy_gamma10.0.json
unconditional,not_nested_parentheses_and_brackets,32,ebsampler,greedy,,0.9,1,1,1.0,0.0,1.0,0.0,1.0,0.0,1.0,0.0,31.0,31,True,15.71,100,False,0.01,0.99,0.0,100,0.002903225806451613,0.005333333333333333,,,,,,,0.6875,0.0,0.45454545454545453,0.0,0,results/T-sweep-Dyck-3/distributions/not_nested_parentheses_and_brackets_L32_T1_ebsampler_greedy_gamma0.9.json
unconditional,not_nested_parentheses_and_brackets,32,ebsampler,greedy,,0.1,2,1,1.0,0.0,1.0,0.0,1.0,0.0,1.0,0.0,33.0,33,True,11.02,100,False,0.01,0.99,0.0,100,0.002903225806451613,0.005333333333333333,,,,,,,0.6875,0.0,0.45454545454545453,0.0,0,results/T-sweep-Dyck-3/distributions/not_nested_parentheses_and_brackets_L32_T2_ebsampler_greedy_gamma0.1.json
unconditional,not_nested_parentheses_and_brackets,32,ebsampler,greedy,,0.5,2,1,1.0,0.0,1.0,0.0,1.0,0.0,1.0,0.0,32.0,32,True,16.11,100,False,0.01,0.99,0.0,100,0.002903225806451613,0.005333333333333333,,,,,,,0.6875,0.0,0.45454545454545453,0.0,0,results/T-sweep-Dyck-3/distributions/not_nested_parentheses_and_brackets_L32_T2_ebsampler_greedy_gamma0.5.json
unconditional,not_nested_parentheses_and_brackets,32,ebsampler,greedy,,2.0,2,1,1.0,0.0,1.0,0.0,1.0,0.0,1.0,0.0,16.0,16,True,6.15,100,False,0.01,0.99,0.0,100,0.0032258064516129032,0.005333333333333333,,,,,,,0.75,0.0,0.23076923076923075,2.7755575615628914e-17,0,results/T-sweep-Dyck-3/distributions/not_nested_parentheses_and_brackets_L32_T2_ebsampler_greedy_gamma2.0.json
unconditional,not_nested_parentheses_and_brackets,32,ebsampler,greedy,,10.0,2,1,0.0,0.0,0.0,0.0,0.0,0.0,1.0,0.0,4.0,4,True,3.29,0,True,,,,0,,,,,,,,,,,,,0,results/T-sweep-Dyck-3/distributions/not_nested_parentheses_and_brackets_L32_T2_ebsampler_greedy_gamma10.0.json
unconditional,not_nested_parentheses_and_brackets,32,ebsampler,greedy,,0.9,2,1,1.0,0.0,1.0,0.0,1.0,0.0,1.0,0.0,31.0,31,True,15.82,100,False,0.01,0.99,0.0,100,0.002903225806451613,0.005333333333333333,,,,,,,0.6875,0.0,0.45454545454545453,0.0,0,results/T-sweep-Dyck-3/distributions/not_nested_parentheses_and_brackets_L32_T2_ebsampler_greedy_gamma0.9.json
unconditional,not_nested_parentheses_and_brackets,32,ebsampler,greedy,,5.0,2,1,1.0,0.0,1.0,0.0,1.0,0.0,1.0,0.0,8.0,8,True,6.51,100,False,0.01,0.99,0.0,100,0.0032258064516129032,0.006,,,,,,,0.8125,0.0,0.23076923076923075,2.7755575615628914e-17,0,results/T-sweep-Dyck-3/distributions/not_nested_parentheses_and_brackets_L32_T2_ebsampler_greedy_gamma5.0.json
unconditional,not_nested_parentheses_and_brackets,32,ebsampler,greedy,,0.1,4,1,1.0,0.0,1.0,0.0,1.0,0.0,1.0,0.0,33.0,33,True,11.06,100,False,0.01,0.99,0.0,100,0.002903225806451613,0.005333333333333333,,,,,,,0.6875,0.0,0.45454545454545453,0.0,0,results/T-sweep-Dyck-3/distributions/not_nested_parentheses_and_brackets_L32_T4_ebsampler_greedy_gamma0.1.json
unconditional,not_nested_parentheses_and_brackets,32,gaussian,greedy,5.0,,128,5,0.938,0.009798,0.962,0.007483,0.928,0.009798,0.948,0.011662,108.89,126,False,761.35,464,False,1.0,0.0,0.253791614321608,200,0.0011123470522803114,0.004597701149425287,,,,,,,0.44127155172413796,0.06669074737565314,0.6455852576542231,0.32943324472633234,0,results/T-sweep-Dyck-3/distributions/not_nested_parentheses_and_brackets_L32_T128_gaussian_greedy_sigma5.0.json
unconditional,not_nested_parentheses_and_brackets,32,ebsampler,greedy,,0.5,4,1,1.0,0.0,1.0,0.0,1.0,0.0,1.0,0.0,32.0,32,True,16.58,100,False,0.01,0.99,0.0,100,0.002903225806451613,0.005333333333333333,,,,,,,0.6875,0.0,0.45454545454545453,0.0,0,results/T-sweep-Dyck-3/distributions/not_nested_parentheses_and_brackets_L32_T4_ebsampler_greedy_gamma0.5.json
unconditional,not_nested_parentheses_and_brackets,32,ebsampler,greedy,,2.0,4,1,1.0,0.0,1.0,0.0,1.0,0.0,1.0,0.0,16.0,16,True,6.22,100,False,0.01,0.99,0.0,100,0.0032258064516129032,0.005333333333333333,,,,,,,0.75,0.0,0.23076923076923075,2.7755575615628914e-17,0,results/T-sweep-Dyck-3/distributions/not_nested_parentheses_and_brackets_L32_T4_ebsampler_greedy_gamma2.0.json
unconditional,not_nested_parentheses_and_brackets,32,ebsampler,greedy,,0.9,4,1,1.0,0.0,1.0,0.0,1.0,0.0,1.0,0.0,31.0,31,True,15.44,100,False,0.01,0.99,0.0,100,0.002903225806451613,0.005333333333333333,,,,,,,0.6875,0.0,0.45454545454545453,0.0,0,results/T-sweep-Dyck-3/distributions/not_nested_parentheses_and_brackets_L32_T4_ebsampler_greedy_gamma0.9.json
unconditional,not_nested_parentheses_and_brackets,32,ebsampler,greedy,,5.0,4,1,1.0,0.0,1.0,0.0,1.0,0.0,1.0,0.0,8.0,8,True,6.65,100,False,0.01,0.99,0.0,100,0.0032258064516129032,0.006,,,,,,,0.8125,0.0,0.23076923076923075,2.7755575615628914e-17,0,results/T-sweep-Dyck-3/distributions/not_nested_parentheses_and_brackets_L32_T4_ebsampler_greedy_gamma5.0.json
unconditional,not_nested_parentheses_and_brackets,32,ebsampler,greedy,,10.0,4,1,0.0,0.0,0.0,0.0,0.0,0.0,1.0,0.0,4.0,4,True,5.26,0,True,,,,0,,,,,,,,,,,,,0,results/T-sweep-Dyck-3/distributions/not_nested_parentheses_and_brackets_L32_T4_ebsampler_greedy_gamma10.0.json
unconditional,not_nested_parentheses_and_brackets,32,gaussian,categorical,50.0,,64,5,0.888,0.023152,0.892,0.019391,0.884,0.018547,0.916,0.027276,57.836,64,False,318.87,442,False,1.0,0.0,0.2704108315874041,200,0.0011728485559302155,0.0048484848484848485,,,,,,,0.4333616138763197,0.09230439833968047,1.0916666603883798,0.47219535469543,0,results/T-sweep-Dyck-3/distributions/not_nested_parentheses_and_brackets_L32_T64_gaussian_categorical_sigma50.0.json
unconditional,not_nested_parentheses_and_brackets,32,ebsampler,greedy,,5.0,8,1,1.0,0.0,1.0,0.0,1.0,0.0,1.0,0.0,8.0,8,True,6.48,100,False,0.01,0.99,0.0,100,0.0032258064516129032,0.006,,,,,,,0.8125,0.0,0.23076923076923075,2.7755575615628914e-17,0,results/T-sweep-Dyck-3/distributions/not_nested_parentheses_and_brackets_L32_T8_ebsampler_greedy_gamma5.0.json
unconditional,not_nested_parentheses_and_brackets,32,ebsampler,greedy,,0.1,8,1,1.0,0.0,1.0,0.0,1.0,0.0,1.0,0.0,33.0,33,True,11.18,100,False,0.01,0.99,0.0,100,0.002903225806451613,0.005333333333333333,,,,,,,0.6875,0.0,0.45454545454545453,0.0,0,results/T-sweep-Dyck-3/distributions/not_nested_parentheses_and_brackets_L32_T8_ebsampler_greedy_gamma0.1.json
unconditional,not_nested_parentheses_and_brackets,32,ebsampler,greedy,,2.0,8,1,1.0,0.0,1.0,0.0,1.0,0.0,1.0,0.0,16.0,16,True,9.72,100,False,0.01,0.99,0.0,100,0.0032258064516129032,0.005333333333333333,,,,,,,0.75,0.0,0.23076923076923075,2.7755575615628914e-17,0,results/T-sweep-Dyck-3/distributions/not_nested_parentheses_and_brackets_L32_T8_ebsampler_greedy_gamma2.0.json
unconditional,not_nested_parentheses_and_brackets,32,ebsampler,greedy,,10.0,8,1,0.0,0.0,0.0,0.0,0.0,0.0,1.0,0.0,4.0,4,True,5.09,0,True,,,,0,,,,,,,,,,,,,0,results/T-sweep-Dyck-3/distributions/not_nested_parentheses_and_brackets_L32_T8_ebsampler_greedy_gamma10.0.json
unconditional,not_nested_parentheses_and_brackets,32,ebsampler,greedy,,0.5,8,1,1.0,0.0,1.0,0.0,1.0,0.0,1.0,0.0,32.0,32,True,16.18,100,False,0.01,0.99,0.0,100,0.002903225806451613,0.005333333333333333,,,,,,,0.6875,0.0,0.45454545454545453,0.0,0,results/T-sweep-Dyck-3/distributions/not_nested_parentheses_and_brackets_L32_T8_ebsampler_greedy_gamma0.5.json
unconditional,not_nested_parentheses_and_brackets,32,ebsampler,greedy,,0.9,8,1,1.0,0.0,1.0,0.0,1.0,0.0,1.0,0.0,31.0,31,True,15.79,100,False,0.01,0.99,0.0,100,0.002903225806451613,0.005333333333333333,,,,,,,0.6875,0.0,0.45454545454545453,0.0,0,results/T-sweep-Dyck-3/distributions/not_nested_parentheses_and_brackets_L32_T8_ebsampler_greedy_gamma0.9.json
unconditional,not_nested_parentheses_and_brackets,32,ebsampler,greedy,,0.1,16,1,1.0,0.0,1.0,0.0,1.0,0.0,1.0,0.0,33.0,33,True,11.16,100,False,0.01,0.99,0.0,100,0.002903225806451613,0.005333333333333333,,,,,,,0.6875,0.0,0.45454545454545453,0.0,0,results/T-sweep-Dyck-3/distributions/not_nested_parentheses_and_brackets_L32_T16_ebsampler_greedy_gamma0.1.json
unconditional,not_nested_parentheses_and_brackets,32,ebsampler,greedy,,10.0,16,1,0.0,0.0,0.0,0.0,0.0,0.0,1.0,0.0,4.0,4,True,3.26,0,True,,,,0,,,,,,,,,,,,,0,results/T-sweep-Dyck-3/distributions/not_nested_parentheses_and_brackets_L32_T16_ebsampler_greedy_gamma10.0.json
unconditional,not_nested_parentheses_and_brackets,32,ebsampler,greedy,,5.0,16,1,1.0,0.0,1.0,0.0,1.0,0.0,1.0,0.0,8.0,8,True,6.65,100,False,0.01,0.99,0.0,100,0.0032258064516129032,0.006,,,,,,,0.8125,0.0,0.23076923076923075,2.7755575615628914e-17,0,results/T-sweep-Dyck-3/distributions/not_nested_parentheses_and_brackets_L32_T16_ebsampler_greedy_gamma5.0.json
unconditional,not_nested_parentheses_and_brackets,32,ebsampler,greedy,,2.0,16,1,1.0,0.0,1.0,0.0,1.0,0.0,1.0,0.0,16.0,16,True,9.53,100,False,0.01,0.99,0.0,100,0.0032258064516129032,0.005333333333333333,,,,,,,0.75,0.0,0.23076923076923075,2.7755575615628914e-17,0,results/T-sweep-Dyck-3/distributions/not_nested_parentheses_and_brackets_L32_T16_ebsampler_greedy_gamma2.0.json
unconditional,not_nested_parentheses_and_brackets,32,ebsampler,greedy,,0.5,16,1,1.0,0.0,1.0,0.0,1.0,0.0,1.0,0.0,32.0,32,True,16.77,100,False,0.01,0.99,0.0,100,0.002903225806451613,0.005333333333333333,,,,,,,0.6875,0.0,0.45454545454545453,0.0,0,results/T-sweep-Dyck-3/distributions/not_nested_parentheses_and_brackets_L32_T16_ebsampler_greedy_gamma0.5.json
unconditional,not_nested_parentheses_and_brackets,32,ebsampler,greedy,,0.9,16,1,1.0,0.0,1.0,0.0,1.0,0.0,1.0,0.0,31.0,31,True,15.36,100,False,0.01,0.99,0.0,100,0.002903225806451613,0.005333333333333333,,,,,,,0.6875,0.0,0.45454545454545453,0.0,0,results/T-sweep-Dyck-3/distributions/not_nested_parentheses_and_brackets_L32_T16_ebsampler_greedy_gamma0.9.json
unconditional,not_nested_parentheses_and_brackets,32,ebsampler,greedy,,0.1,32,1,1.0,0.0,1.0,0.0,1.0,0.0,1.0,0.0,33.0,33,True,11.18,100,False,0.01,0.99,0.0,100,0.002903225806451613,0.005333333333333333,,,,,,,0.6875,0.0,0.45454545454545453,0.0,0,results/T-sweep-Dyck-3/distributions/not_nested_parentheses_and_brackets_L32_T32_ebsampler_greedy_gamma0.1.json
unconditional,not_nested_parentheses_and_brackets,32,ebsampler,greedy,,5.0,32,1,1.0,0.0,1.0,0.0,1.0,0.0,1.0,0.0,8.0,8,True,6.49,100,False,0.01,0.99,0.0,100,0.0032258064516129032,0.006,,,,,,,0.8125,0.0,0.23076923076923075,2.7755575615628914e-17,0,results/T-sweep-Dyck-3/distributions/not_nested_parentheses_and_brackets_L32_T32_ebsampler_greedy_gamma5.0.json
unconditional,not_nested_parentheses_and_brackets,32,ebsampler,greedy,,10.0,32,1,0.0,0.0,0.0,0.0,0.0,0.0,1.0,0.0,4.0,4,True,3.29,0,True,,,,0,,,,,,,,,,,,,0,results/T-sweep-Dyck-3/distributions/not_nested_parentheses_and_brackets_L32_T32_ebsampler_greedy_gamma10.0.json
unconditional,not_nested_parentheses_and_brackets,32,ebsampler,greedy,,2.0,32,1,1.0,0.0,1.0,0.0,1.0,0.0,1.0,0.0,16.0,16,True,9.76,100,False,0.01,0.99,0.0,100,0.0032258064516129032,0.005333333333333333,,,,,,,0.75,0.0,0.23076923076923075,2.7755575615628914e-17,0,results/T-sweep-Dyck-3/distributions/not_nested_parentheses_and_brackets_L32_T32_ebsampler_greedy_gamma2.0.json
unconditional,not_nested_parentheses_and_brackets,32,ebsampler,greedy,,0.9,32,1,1.0,0.0,1.0,0.0,1.0,0.0,1.0,0.0,31.0,31,True,15.35,100,False,0.01,0.99,0.0,100,0.002903225806451613,0.005333333333333333,,,,,,,0.6875,0.0,0.45454545454545453,0.0,0,results/T-sweep-Dyck-3/distributions/not_nested_parentheses_and_brackets_L32_T32_ebsampler_greedy_gamma0.9.json
unconditional,not_nested_parentheses_and_brackets,32,ebsampler,greedy,,0.5,32,1,1.0,0.0,1.0,0.0,1.0,0.0,1.0,0.0,32.0,32,True,16.61,100,False,0.01,0.99,0.0,100,0.002903225806451613,0.005333333333333333,,,,,,,0.6875,0.0,0.45454545454545453,0.0,0,results/T-sweep-Dyck-3/distributions/not_nested_parentheses_and_brackets_L32_T32_ebsampler_greedy_gamma0.5.json
unconditional,not_nested_parentheses_and_brackets,32,ar,categorical,,,34,5,1.0,0.0,1.0,0.0,1.0,0.0,1.0,0.0,33.0,33,False,133.97,500,False,1.0,0.0,0.2701649170672488,200,0.0010382868267358857,0.004292421193829644,,,,,,,0.4220892857142857,0.09404494778454707,1.1061323953823954,0.45653699769558553,0,results/T-sweep-Dyck-3/distributions/not_nested_parentheses_and_brackets_L32_T34_ar_categorical_none.json
unconditional,not_nested_parentheses_and_brackets,32,ebsampler,greedy,,5.0,64,1,1.0,0.0,1.0,0.0,1.0,0.0,1.0,0.0,8.0,8,True,6.65,100,False,0.01,0.99,0.0,100,0.0032258064516129032,0.006,,,,,,,0.8125,0.0,0.23076923076923075,2.7755575615628914e-17,0,results/T-sweep-Dyck-3/distributions/not_nested_parentheses_and_brackets_L32_T64_ebsampler_greedy_gamma5.0.json
unconditional,not_nested_parentheses_and_brackets,32,ebsampler,greedy,,0.5,64,1,1.0,0.0,1.0,0.0,1.0,0.0,1.0,0.0,32.0,32,True,10.63,100,False,0.01,0.99,0.0,100,0.002903225806451613,0.005333333333333333,,,,,,,0.6875,0.0,0.45454545454545453,0.0,0,results/T-sweep-Dyck-3/distributions/not_nested_parentheses_and_brackets_L32_T64_ebsampler_greedy_gamma0.5.json
unconditional,not_nested_parentheses_and_brackets,32,ebsampler,greedy,,10.0,64,1,0.0,0.0,0.0,0.0,0.0,0.0,1.0,0.0,4.0,4,True,3.29,0,True,,,,0,,,,,,,,,,,,,0,results/T-sweep-Dyck-3/distributions/not_nested_parentheses_and_brackets_L32_T64_ebsampler_greedy_gamma10.0.json
unconditional,not_nested_parentheses_and_brackets,32,ebsampler,greedy,,2.0,64,1,1.0,0.0,1.0,0.0,1.0,0.0,1.0,0.0,16.0,16,True,9.56,100,False,0.01,0.99,0.0,100,0.0032258064516129032,0.005333333333333333,,,,,,,0.75,0.0,0.23076923076923075,2.7755575615628914e-17,0,results/T-sweep-Dyck-3/distributions/not_nested_parentheses_and_brackets_L32_T64_ebsampler_greedy_gamma2.0.json
unconditional,not_nested_parentheses_and_brackets,32,ebsampler,greedy,,0.1,64,1,1.0,0.0,1.0,0.0,1.0,0.0,1.0,0.0,33.0,33,True,17.17,100,False,0.01,0.99,0.0,100,0.002903225806451613,0.005333333333333333,,,,,,,0.6875,0.0,0.45454545454545453,0.0,0,results/T-sweep-Dyck-3/distributions/not_nested_parentheses_and_brackets_L32_T64_ebsampler_greedy_gamma0.1.json
unconditional,not_nested_parentheses_and_brackets,32,gaussian,categorical,1.0,,64,5,0.744,0.040792,0.752,0.040694,0.726,0.044989,0.732,0.043543,54.048,64,False,407.58,363,False,1.0,0.0,0.2694727561221046,200,0.001429209468512729,0.005908419497784343,,,,,,,0.43174931129476585,0.09744878916292703,1.0580702737727532,0.39584568786813806,0,results/T-sweep-Dyck-3/distributions/not_nested_parentheses_and_brackets_L32_T64_gaussian_categorical_sigma1.0.json
unconditional,not_nested_parentheses_and_brackets,32,ebsampler,greedy,,0.9,64,1,1.0,0.0,1.0,0.0,1.0,0.0,1.0,0.0,31.0,31,True,15.84,100,False,0.01,0.99,0.0,100,0.002903225806451613,0.005333333333333333,,,,,,,0.6875,0.0,0.45454545454545453,0.0,0,results/T-sweep-Dyck-3/distributions/not_nested_parentheses_and_brackets_L32_T64_ebsampler_greedy_gamma0.9.json
unconditional,not_nested_parentheses_and_brackets,32,ebsampler,greedy,,10.0,128,1,0.0,0.0,0.0,0.0,0.0,0.0,1.0,0.0,4.0,4,True,5.25,0,True,,,,0,,,,,,,,,,,,,0,results/T-sweep-Dyck-3/distributions/not_nested_parentheses_and_brackets_L32_T128_ebsampler_greedy_gamma10.0.json
unconditional,not_nested_parentheses_and_brackets,32,ebsampler,greedy,,0.5,128,1,1.0,0.0,1.0,0.0,1.0,0.0,1.0,0.0,32.0,32,True,10.55,100,False,0.01,0.99,0.0,100,0.002903225806451613,0.005333333333333333,,,,,,,0.6875,0.0,0.45454545454545453,0.0,0,results/T-sweep-Dyck-3/distributions/not_nested_parentheses_and_brackets_L32_T128_ebsampler_greedy_gamma0.5.json
unconditional,not_nested_parentheses_and_brackets,32,ebsampler,greedy,,2.0,128,1,1.0,0.0,1.0,0.0,1.0,0.0,1.0,0.0,16.0,16,True,9.56,100,False,0.01,0.99,0.0,100,0.0032258064516129032,0.005333333333333333,,,,,,,0.75,0.0,0.23076923076923075,2.7755575615628914e-17,0,results/T-sweep-Dyck-3/distributions/not_nested_parentheses_and_brackets_L32_T128_ebsampler_greedy_gamma2.0.json
unconditional,not_nested_parentheses_and_brackets,32,ebsampler,greedy,,0.9,128,1,1.0,0.0,1.0,0.0,1.0,0.0,1.0,0.0,31.0,31,True,10.05,100,False,0.01,0.99,0.0,100,0.002903225806451613,0.005333333333333333,,,,,,,0.6875,0.0,0.45454545454545453,0.0,0,results/T-sweep-Dyck-3/distributions/not_nested_parentheses_and_brackets_L32_T128_ebsampler_greedy_gamma0.9.json
unconditional,not_nested_parentheses_and_brackets,32,ebsampler,greedy,,5.0,128,1,1.0,0.0,1.0,0.0,1.0,0.0,1.0,0.0,8.0,8,True,6.44,100,False,0.01,0.99,0.0,100,0.0032258064516129032,0.006,,,,,,,0.8125,0.0,0.23076923076923075,2.7755575615628914e-17,0,results/T-sweep-Dyck-3/distributions/not_nested_parentheses_and_brackets_L32_T128_ebsampler_greedy_gamma5.0.json
unconditional,not_nested_parentheses_and_brackets,32,ebsampler,greedy,,0.1,128,1,1.0,0.0,1.0,0.0,1.0,0.0,1.0,0.0,33.0,33,True,17.64,100,False,0.01,0.99,0.0,100,0.002903225806451613,0.005333333333333333,,,,,,,0.6875,0.0,0.45454545454545453,0.0,0,results/T-sweep-Dyck-3/distributions/not_nested_parentheses_and_brackets_L32_T128_ebsampler_greedy_gamma0.1.json
unconditional,not_nested_parentheses_and_brackets,32,gaussian,categorical,20.0,,64,5,0.862,0.034293,0.868,0.037094,0.85,0.038471,0.884,0.026533,55.402,64,False,414.2,425,False,1.0,0.0,0.26901067346149904,200,0.0012194192515814343,0.005040957781978576,,,,,,,0.42749159663865544,0.09351174458124649,1.0802980157097803,0.4294167627973203,0,results/T-sweep-Dyck-3/distributions/not_nested_parentheses_and_brackets_L32_T64_gaussian_categorical_sigma20.0.json
unconditional,parentheses_and_brackets,32,gaussian,greedy,20.0,,128,5,0.948,0.011662,1.0,0.0,0.948,0.011662,0.978,0.007483,111.89,126,False,8264.54,474,False,1.0,0.0,0.1396050565326633,200,0.00027221995372260786,0.0005625879043600563,,,,,,,0.372626582278481,0.097491126990643,0.0,0.0,0,results/T-sweep-Dyck-3/distributions/parentheses_and_brackets_L32_T128_gaussian_greedy_sigma20.0.json
unconditional,not_nested_parentheses_and_brackets,32,ebsampler,categorical,,5.0,1,5,0.266,0.053516,0.294,0.042708,0.16,0.047749,0.36,0.026833,4.424,8,False,17.75,77,False,1.0,0.0,0.26924021701982226,77,0.006702974444909929,0.027705627705627706,,,,,,,0.4967532467532468,0.09915230391965421,1.0759880811828866,0.45350603461137845,0,results/T-sweep-Dyck-3/distributions/not_nested_parentheses_and_brackets_L32_T1_ebsampler_categorical_gamma5.0.json
unconditional,not_nested_parentheses_and_brackets,32,gaussian,categorical,2.0,,64,5,0.782,0.048332,0.79,0.04858,0.764,0.051614,0.772,0.047497,53.054,64,False,432.62,379,False,1.0,0.0,0.268928524718292,200,0.0013669372063220846,0.005650715168638531,,,,,,,0.43187900490011305,0.09521982373153291,1.1120962737057725,0.4248013656016411,0,results/T-sweep-Dyck-3/distributions/not_nested_parentheses_and_brackets_L32_T64_gaussian_categorical_sigma2.0.json
unconditional,not_nested_parentheses_and_brackets,32,ebsampler,categorical,,10.0,1,5,0.186,0.028,0.146,0.042237,0.044,0.016248,0.39,0.046043,2.544,4,False,23.93,22,False,1.0,0.0,0.27238906926406925,22,0.02346041055718475,0.09696969696969697,,,,,,,0.5227272727272727,0.09709095165133558,1.1774447774447774,0.5236928626152112,0,results/T-sweep-Dyck-3/distributions/not_nested_parentheses_and_brackets_L32_T1_ebsampler_categorical_gamma10.0.json
unconditional,not_nested_parentheses_and_brackets,32,gaussian,categorical,5.0,,64,5,0.834,0.045869,0.846,0.040299,0.826,0.040792,0.85,0.043359,53.476,64,False,438.33,413,False,1.0,0.0,0.2683311475823282,200,0.001254803544820014,0.00518722645485492,,,,,,,0.43557592528536837,0.1000880822734128,1.0605270973309715,0.4069529877220984,0,results/T-sweep-Dyck-3/distributions/not_nested_parentheses_and_brackets_L32_T64_gaussian_categorical_sigma5.0.json
unconditional,not_nested_parentheses_and_brackets,32,ebsampler,categorical,,2.0,1,5,0.506,0.018547,0.484,0.02245,0.404,0.024166,0.526,0.05748,10.656,16,False,38.55,195,False,1.0,0.0,0.26872687020882896,195,0.0026468155500413565,0.01094017094017094,,,,,,,0.4403846153846154,0.08404161526676497,1.1041773041773042,0.4122388921635882,0,results/T-sweep-Dyck-3/distributions/not_nested_parentheses_and_brackets_L32_T1_ebsampler_categorical_gamma2.0.json
unconditional,not_nested_parentheses_and_brackets,32,ebsampler,categorical,,2.0,2,5,0.506,0.018547,0.484,0.02245,0.404,0.024166,0.526,0.05748,10.656,16,False,25.04,195,False,1.0,0.0,0.26872687020882896,195,0.0026468155500413565,0.01094017094017094,,,,,,,0.4403846153846154,0.08404161526676497,1.1041773041773042,0.4122388921635882,0,results/T-sweep-Dyck-3/distributions/not_nested_parentheses_and_brackets_L32_T2_ebsampler_categorical_gamma2.0.json
unconditional,not_nested_parentheses_and_brackets,32,ebsampler,categorical,,0.9,1,5,0.774,0.076315,0.77,0.078486,0.762,0.086348,0.928,0.041183,28.648,31,False,45.26,378,False,1.0,0.0,0.2711778780981444,200,0.001370097619455386,0.005663716814159292,,,,,,,0.42971781305114637,0.09365169405981455,1.1364333050840987,0.44095362071410504,0,results/T-sweep-Dyck-3/distributions/not_nested_parentheses_and_brackets_L32_T1_ebsampler_categorical_gamma0.9.json
unconditional,not_nested_parentheses_and_brackets,32,ebsampler,categorical,,5.0,2,5,0.266,0.053516,0.294,0.042708,0.16,0.047749,0.36,0.026833,4.424,8,False,28.16,77,False,1.0,0.0,0.26924021701982226,77,0.006702974444909929,0.027705627705627706,,,,,,,0.4967532467532468,0.09915230391965421,1.0759880811828866,0.45350603461137845,0,results/T-sweep-Dyck-3/distributions/not_nested_parentheses_and_brackets_L32_T2_ebsampler_categorical_gamma5.0.json
unconditional,not_nested_parentheses_and_brackets,32,ebsampler,categorical,,10.0,2,5,0.186,0.028,0.146,0.042237,0.044,0.016248,0.39,0.046043,2.544,4,False,23.87,22,False,1.0,0.0,0.27238906926406925,22,0.02346041055718475,0.09696969696969697,,,,,,,0.5227272727272727,0.09709095165133558,1.1774447774447774,0.5236928626152112,0,results/T-sweep-Dyck-3/distributions/not_nested_parentheses_and_brackets_L32_T2_ebsampler_categorical_gamma10.0.json
unconditional,not_nested_parentheses_and_brackets,32,gaussian,greedy,20.0,,128,5,0.938,0.021354,0.98,0.014142,0.936,0.024166,0.976,0.016248,110.736,126,False,834.42,468,False,1.0,0.0,0.243075533919598,200,0.0011028398125172319,0.004558404558404558,,,,,,,0.5838675213675214,0.09879157446085507,0.8145053427104709,0.4091440082984259,0,results/T-sweep-Dyck-3/distributions/not_nested_parentheses_and_brackets_L32_T128_gaussian_greedy_sigma20.0.json
unconditional,not_nested_parentheses_and_brackets,32,gaussian,categorical,10.0,,64,5,0.832,0.029257,0.836,0.025768,0.826,0.028705,0.848,0.026382,53.808,64,False,461.54,413,False,1.0,0.0,0.26852029911161834,200,0.00125421337305009,0.005184705119896306,,,,,,,0.42324743456704716,0.09838048646577685,1.098541363129741,0.4659924668700183,0,results/T-sweep-Dyck-3/distributions/not_nested_parentheses_and_brackets_L32_T64_gaussian_categorical_sigma10.0.json
unconditional,not_nested_parentheses_and_brackets,32,ebsampler,categorical,,2.0,4,5,0.506,0.018547,0.484,0.02245,0.404,0.024166,0.526,0.05748,10.656,16,False,24.95,195,False,1.0,0.0,0.26872687020882896,195,0.0026468155500413565,0.01094017094017094,,,,,,,0.4403846153846154,0.08404161526676497,1.1041773041773042,0.4122388921635882,0,results/T-sweep-Dyck-3/distributions/not_nested_parentheses_and_brackets_L32_T4_ebsampler_categorical_gamma2.0.json
unconditional,not_nested_parentheses_and_brackets,32,ebsampler,categorical,,10.0,4,5,0.186,0.028,0.146,0.042237,0.044,0.016248,0.39,0.046043,2.544,4,False,23.91,22,False,1.0,0.0,0.27238906926406925,22,0.02346041055718475,0.09696969696969697,,,,,,,0.5227272727272727,0.09709095165133558,1.1774447774447774,0.5236928626152112,0,results/T-sweep-Dyck-3/distributions/not_nested_parentheses_and_brackets_L32_T4_ebsampler_categorical_gamma10.0.json
unconditional,not_nested_parentheses_and_brackets,32,ebsampler,categorical,,5.0,4,5,0.266,0.053516,0.294,0.042708,0.16,0.047749,0.36,0.026833,4.424,8,False,28.13,77,False,1.0,0.0,0.26924021701982226,77,0.006702974444909929,0.027705627705627706,,,,,,,0.4967532467532468,0.09915230391965421,1.0759880811828866,0.45350603461137845,0,results/T-sweep-Dyck-3/distributions/not_nested_parentheses_and_brackets_L32_T4_ebsampler_categorical_gamma5.0.json
unconditional,not_nested_parentheses_and_brackets,32,ebsampler,categorical,,0.5,1,5,0.998,0.004,0.998,0.004,0.998,0.004,0.994,0.004899,31.494,32,False,77.57,497,False,1.0,0.0,0.26841338353208044,200,0.0010421416009900345,0.004308023694130318,,,,,,,0.4232813547954393,0.09611567240919439,1.0727820692609427,0.4047081704687867,0,results/T-sweep-Dyck-3/distributions/not_nested_parentheses_and_brackets_L32_T1_ebsampler_categorical_gamma0.5.json
unconditional,not_nested_parentheses_and_brackets,32,ebsampler,categorical,,0.1,1,5,1.0,0.0,1.0,0.0,1.0,0.0,1.0,0.0,32.716,33,False,83.1,500,False,1.0,0.0,0.26967411626420956,200,0.001037344398340249,0.004288394532296971,,,,,,,0.41663690476190474,0.09496068134751418,1.0628611777111778,0.42745736255439143,0,results/T-sweep-Dyck-3/distributions/not_nested_parentheses_and_brackets_L32_T1_ebsampler_categorical_gamma0.1.json
unconditional,not_nested_parentheses_and_brackets,32,ebsampler,categorical,,0.9,2,5,0.774,0.076315,0.77,0.078486,0.762,0.086348,0.928,0.041183,28.648,31,False,71.56,378,False,1.0,0.0,0.2711778780981444,200,0.001370097619455386,0.005663716814159292,,,,,,,0.42971781305114637,0.09365169405981455,1.1364333050840987,0.44095362071410504,0,results/T-sweep-Dyck-3/distributions/not_nested_parentheses_and_brackets_L32_T2_ebsampler_categorical_gamma0.9.json
unconditional,not_nested_parentheses_and_brackets,32,ebsampler,categorical,,0.9,4,5,0.774,0.076315,0.77,0.078486,0.762,0.086348,0.928,0.041183,28.648,31,False,45.29,378,False,1.0,0.0,0.2711778780981444,200,0.001370097619455386,0.005663716814159292,,,,,,,0.42971781305114637,0.09365169405981455,1.1364333050840987,0.44095362071410504,0,results/T-sweep-Dyck-3/distributions/not_nested_parentheses_and_brackets_L32_T4_ebsampler_categorical_gamma0.9.json
unconditional,not_nested_parentheses_and_brackets,32,ebsampler,categorical,,0.1,2,5,1.0,0.0,1.0,0.0,1.0,0.0,1.0,0.0,32.716,33,False,82.78,500,False,1.0,0.0,0.26967411626420956,200,0.001037344398340249,0.004288394532296971,,,,,,,0.41663690476190474,0.09496068134751418,1.0628611777111778,0.42745736255439143,0,results/T-sweep-Dyck-3/distributions/not_nested_parentheses_and_brackets_L32_T2_ebsampler_categorical_gamma0.1.json
unconditional,not_nested_parentheses_and_brackets,32,ebsampler,categorical,,0.5,2,5,0.998,0.004,0.998,0.004,0.998,0.004,0.994,0.004899,31.494,32,False,77.79,497,False,1.0,0.0,0.26841338353208044,200,0.0010421416009900345,0.004308023694130318,,,,,,,0.4232813547954393,0.09611567240919439,1.0727820692609427,0.4047081704687867,0,results/T-sweep-Dyck-3/distributions/not_nested_parentheses_and_brackets_L32_T2_ebsampler_categorical_gamma0.5.json
unconditional,not_nested_parentheses_and_brackets,32,gaussian,greedy,10.0,,128,5,0.946,0.013565,0.974,0.020591,0.94,0.010954,0.962,0.011662,108.502,126,False,899.81,470,False,1.0,0.0,0.252816425879397,200,0.001098146877144818,0.0045390070921985815,,,,,,,0.5228723404255319,0.0902979387670961,0.8485330272564315,0.45361943714728215,0,results/T-sweep-Dyck-3/distributions/not_nested_parentheses_and_brackets_L32_T128_gaussian_greedy_sigma10.0.json
unconditional,not_nested_parentheses_and_brackets,32,ebsampler,categorical,,10.0,8,5,0.186,0.028,0.146,0.042237,0.044,0.016248,0.39,0.046043,2.544,4,False,24.46,22,False,1.0,0.0,0.27238906926406925,22,0.02346041055718475,0.09696969696969697,,,,,,,0.5227272727272727,0.09709095165133558,1.1774447774447774,0.5236928626152112,0,results/T-sweep-Dyck-3/distributions/not_nested_parentheses_and_brackets_L32_T8_ebsampler_categorical_gamma10.0.json
unconditional,not_nested_parentheses_and_brackets,32,ebsampler,categorical,,5.0,8,5,0.266,0.053516,0.294,0.042708,0.16,0.047749,0.36,0.026833,4.424,8,False,28.12,77,False,1.0,0.0,0.26924021701982226,77,0.006702974444909929,0.027705627705627706,,,,,,,0.4967532467532468,0.09915230391965421,1.0759880811828866,0.45350603461137845,0,results/T-sweep-Dyck-3/distributions/not_nested_parentheses_and_brackets_L32_T8_ebsampler_categorical_gamma5.0.json
unconditional,not_nested_parentheses_and_brackets,32,ebsampler,categorical,,2.0,8,5,0.506,0.018547,0.484,0.02245,0.404,0.024166,0.526,0.05748,10.656,16,False,38.48,195,False,1.0,0.0,0.26872687020882896,195,0.0026468155500413565,0.01094017094017094,,,,,,,0.4403846153846154,0.08404161526676497,1.1041773041773042,0.4122388921635882,0,results/T-sweep-Dyck-3/distributions/not_nested_parentheses_and_brackets_L32_T8_ebsampler_categorical_gamma2.0.json
unconditional,not_nested_parentheses_and_brackets,32,ebsampler,categorical,,0.5,4,5,0.998,0.004,0.998,0.004,0.998,0.004,0.994,0.004899,31.494,32,False,75.78,497,False,1.0,0.0,0.26841338353208044,200,0.0010421416009900345,0.004308023694130318,,,,,,,0.4232813547954393,0.09611567240919439,1.0727820692609427,0.4047081704687867,0,results/T-sweep-Dyck-3/distributions/not_nested_parentheses_and_brackets_L32_T4_ebsampler_categorical_gamma0.5.json
unconditional,not_nested_parentheses_and_brackets,32,ebsampler,categorical,,0.1,4,5,1.0,0.0,1.0,0.0,1.0,0.0,1.0,0.0,32.716,33,False,80.52,500,False,1.0,0.0,0.26967411626420956,200,0.001037344398340249,0.004288394532296971,,,,,,,0.41663690476190474,0.09496068134751418,1.0628611777111778,0.42745736255439143,0,results/T-sweep-Dyck-3/distributions/not_nested_parentheses_and_brackets_L32_T4_ebsampler_categorical_gamma0.1.json
unconditional,not_nested_parentheses_and_brackets,32,ebsampler,categorical,,0.9,8,5,0.774,0.076315,0.77,0.078486,0.762,0.086348,0.928,0.041183,28.648,31,False,45.42,378,False,1.0,0.0,0.2711778780981444,200,0.001370097619455386,0.005663716814159292,,,,,,,0.42971781305114637,0.09365169405981455,1.1364333050840987,0.44095362071410504,0,results/T-sweep-Dyck-3/distributions/not_nested_parentheses_and_brackets_L32_T8_ebsampler_categorical_gamma0.9.json
unconditional,not_nested_parentheses_and_brackets,32,ebsampler,categorical,,10.0,16,5,0.186,0.028,0.146,0.042237,0.044,0.016248,0.39,0.046043,2.544,4,False,16.77,22,False,1.0,0.0,0.27238906926406925,22,0.02346041055718475,0.09696969696969697,,,,,,,0.5227272727272727,0.09709095165133558,1.1774447774447774,0.5236928626152112,0,results/T-sweep-Dyck-3/distributions/not_nested_parentheses_and_brackets_L32_T16_ebsampler_categorical_gamma10.0.json
unconditional,parentheses_and_brackets,32,gaussian,categorical,1.0,,128,5,0.638,0.032496,1.0,0.0,0.638,0.032496,0.638,0.032496,95.918,125,False,5395.2,319,False,1.0,0.0,0.27353296968816426,200,0.0014284256708499133,0.0050622231596709555,,,,,,,0.3624942586149483,0.09451680472528214,1.1357840435426643,0.6191423268123175,0,results/T-sweep-Dyck-3/distributions/parentheses_and_brackets_L32_T128_gaussian_categorical_sigma1.0.json
unconditional,not_nested_parentheses_and_brackets,32,ebsampler,categorical,,5.0,16,5,0.266,0.053516,0.294,0.042708,0.16,0.047749,0.36,0.026833,4.424,8,False,28.11,77,False,1.0,0.0,0.26924021701982226,77,0.006702974444909929,0.027705627705627706,,,,,,,0.4967532467532468,0.09915230391965421,1.0759880811828866,0.45350603461137845,0,results/T-sweep-Dyck-3/distributions/not_nested_parentheses_and_brackets_L32_T16_ebsampler_categorical_gamma5.0.json
unconditional,not_nested_parentheses_and_brackets,32,ebsampler,categorical,,2.0,16,5,0.506,0.018547,0.484,0.02245,0.404,0.024166,0.526,0.05748,10.656,16,False,39.47,195,False,1.0,0.0,0.26872687020882896,195,0.0026468155500413565,0.01094017094017094,,,,,,,0.4403846153846154,0.08404161526676497,1.1041773041773042,0.4122388921635882,0,results/T-sweep-Dyck-3/distributions/not_nested_parentheses_and_brackets_L32_T16_ebsampler_categorical_gamma2.0.json
unconditional,not_nested_parentheses_and_brackets,32,ebsampler,categorical,,10.0,32,5,0.186,0.028,0.146,0.042237,0.044,0.016248,0.39,0.046043,2.544,4,False,15.47,22,False,1.0,0.0,0.27238906926406925,22,0.02346041055718475,0.09696969696969697,,,,,,,0.5227272727272727,0.09709095165133558,1.1774447774447774,0.5236928626152112,0,results/T-sweep-Dyck-3/distributions/not_nested_parentheses_and_brackets_L32_T32_ebsampler_categorical_gamma10.0.json
unconditional,not_nested_parentheses_and_brackets,32,ebsampler,categorical,,0.9,16,5,0.774,0.076315,0.77,0.078486,0.762,0.086348,0.928,0.041183,28.648,31,False,45.26,378,False,1.0,0.0,0.2711778780981444,200,0.001370097619455386,0.005663716814159292,,,,,,,0.42971781305114637,0.09365169405981455,1.1364333050840987,0.44095362071410504,0,results/T-sweep-Dyck-3/distributions/not_nested_parentheses_and_brackets_L32_T16_ebsampler_categorical_gamma0.9.json
unconditional,not_nested_parentheses_and_brackets,32,ebsampler,categorical,,0.1,8,5,1.0,0.0,1.0,0.0,1.0,0.0,1.0,0.0,32.716,33,False,82.58,500,False,1.0,0.0,0.26967411626420956,200,0.001037344398340249,0.004288394532296971,,,,,,,0.41663690476190474,0.09496068134751418,1.0628611777111778,0.42745736255439143,0,results/T-sweep-Dyck-3/distributions/not_nested_parentheses_and_brackets_L32_T8_ebsampler_categorical_gamma0.1.json
unconditional,not_nested_parentheses_and_brackets,32,ebsampler,categorical,,0.5,8,5,0.998,0.004,0.998,0.004,0.998,0.004,0.994,0.004899,31.494,32,False,77.95,497,False,1.0,0.0,0.26841338353208044,200,0.0010421416009900345,0.004308023694130318,,,,,,,0.4232813547954393,0.09611567240919439,1.0727820692609427,0.4047081704687867,0,results/T-sweep-Dyck-3/distributions/not_nested_parentheses_and_brackets_L32_T8_ebsampler_categorical_gamma0.5.json
unconditional,not_nested_parentheses_and_brackets,32,ebsampler,categorical,,5.0,32,5,0.266,0.053516,0.294,0.042708,0.16,0.047749,0.36,0.026833,4.424,8,False,27.37,77,False,1.0,0.0,0.26924021701982226,77,0.006702974444909929,0.027705627705627706,,,,,,,0.4967532467532468,0.09915230391965421,1.0759880811828866,0.45350603461137845,0,results/T-sweep-Dyck-3/distributions/not_nested_parentheses_and_brackets_L32_T32_ebsampler_categorical_gamma5.0.json
unconditional,not_nested_parentheses_and_brackets,32,ebsampler,categorical,,5.0,64,5,0.266,0.053516,0.294,0.042708,0.16,0.047749,0.36,0.026833,4.424,8,False,17.76,77,False,1.0,0.0,0.26924021701982226,77,0.006702974444909929,0.027705627705627706,,,,,,,0.4967532467532468,0.09915230391965421,1.0759880811828866,0.45350603461137845,0,results/T-sweep-Dyck-3/distributions/not_nested_parentheses_and_brackets_L32_T64_ebsampler_categorical_gamma5.0.json
unconditional,not_nested_parentheses_and_brackets,32,ebsampler,categorical,,10.0,64,5,0.186,0.028,0.146,0.042237,0.044,0.016248,0.39,0.046043,2.544,4,False,15.38,22,False,1.0,0.0,0.27238906926406925,22,0.02346041055718475,0.09696969696969697,,,,,,,0.5227272727272727,0.09709095165133558,1.1774447774447774,0.5236928626152112,0,results/T-sweep-Dyck-3/distributions/not_nested_parentheses_and_brackets_L32_T64_ebsampler_categorical_gamma10.0.json
unconditional,not_nested_parentheses_and_brackets,32,ebsampler,categorical,,2.0,32,5,0.506,0.018547,0.484,0.02245,0.404,0.024166,0.526,0.05748,10.656,16,False,38.44,195,False,1.0,0.0,0.26872687020882896,195,0.0026468155500413565,0.01094017094017094,,,,,,,0.4403846153846154,0.08404161526676497,1.1041773041773042,0.4122388921635882,0,results/T-sweep-Dyck-3/distributions/not_nested_parentheses_and_brackets_L32_T32_ebsampler_categorical_gamma2.0.json
unconditional,not_nested_parentheses_and_brackets,32,ebsampler,categorical,,0.1,16,5,1.0,0.0,1.0,0.0,1.0,0.0,1.0,0.0,32.716,33,False,83.05,500,False,1.0,0.0,0.26967411626420956,200,0.001037344398340249,0.004288394532296971,,,,,,,0.41663690476190474,0.09496068134751418,1.0628611777111778,0.42745736255439143,0,results/T-sweep-Dyck-3/distributions/not_nested_parentheses_and_brackets_L32_T16_ebsampler_categorical_gamma0.1.json
unconditional,not_nested_parentheses_and_brackets,32,ebsampler,categorical,,0.5,16,5,0.998,0.004,0.998,0.004,0.998,0.004,0.994,0.004899,31.494,32,False,78.06,497,False,1.0,0.0,0.26841338353208044,200,0.0010421416009900345,0.004308023694130318,,,,,,,0.4232813547954393,0.09611567240919439,1.0727820692609427,0.4047081704687867,0,results/T-sweep-Dyck-3/distributions/not_nested_parentheses_and_brackets_L32_T16_ebsampler_categorical_gamma0.5.json
unconditional,not_nested_parentheses_and_brackets,32,ebsampler,categorical,,2.0,64,5,0.506,0.018547,0.484,0.02245,0.404,0.024166,0.526,0.05748,10.656,16,False,36.97,195,False,1.0,0.0,0.26872687020882896,195,0.0026468155500413565,0.01094017094017094,,,,,,,0.4403846153846154,0.08404161526676497,1.1041773041773042,0.4122388921635882,0,results/T-sweep-Dyck-3/distributions/not_nested_parentheses_and_brackets_L32_T64_ebsampler_categorical_gamma2.0.json
unconditional,not_nested_parentheses_and_brackets,32,ebsampler,categorical,,5.0,128,5,0.266,0.053516,0.294,0.042708,0.16,0.047749,0.36,0.026833,4.424,8,False,17.64,77,False,1.0,0.0,0.26924021701982226,77,0.006702974444909929,0.027705627705627706,,,,,,,0.4967532467532468,0.09915230391965421,1.0759880811828866,0.45350603461137845,0,results/T-sweep-Dyck-3/distributions/not_nested_parentheses_and_brackets_L32_T128_ebsampler_categorical_gamma5.0.json
unconditional,not_nested_parentheses_and_brackets,32,ebsampler,categorical,,0.1,64,5,1.0,0.0,1.0,0.0,1.0,0.0,1.0,0.0,32.716,33,False,51.0,500,False,1.0,0.0,0.26967411626420956,200,0.001037344398340249,0.004288394532296971,,,,,,,0.41663690476190474,0.09496068134751418,1.0628611777111778,0.42745736255439143,0,results/T-sweep-Dyck-3/distributions/not_nested_parentheses_and_brackets_L32_T64_ebsampler_categorical_gamma0.1.json
unconditional,not_nested_parentheses_and_brackets,32,ebsampler,categorical,,0.5,64,5,0.998,0.004,0.998,0.004,0.998,0.004,0.994,0.004899,31.494,32,False,48.79,497,False,1.0,0.0,0.26841338353208044,200,0.0010421416009900345,0.004308023694130318,,,,,,,0.4232813547954393,0.09611567240919439,1.0727820692609427,0.4047081704687867,0,results/T-sweep-Dyck-3/distributions/not_nested_parentheses_and_brackets_L32_T64_ebsampler_categorical_gamma0.5.json
unconditional,not_nested_parentheses_and_brackets,32,ebsampler,categorical,,10.0,128,5,0.186,0.028,0.146,0.042237,0.044,0.016248,0.39,0.046043,2.544,4,False,20.05,22,False,1.0,0.0,0.27238906926406925,22,0.02346041055718475,0.09696969696969697,,,,,,,0.5227272727272727,0.09709095165133558,1.1774447774447774,0.5236928626152112,0,results/T-sweep-Dyck-3/distributions/not_nested_parentheses_and_brackets_L32_T128_ebsampler_categorical_gamma10.0.json
unconditional,not_nested_parentheses_and_brackets,32,ebsampler,categorical,,2.0,128,5,0.506,0.018547,0.484,0.02245,0.404,0.024166,0.526,0.05748,10.656,16,False,24.8,195,False,1.0,0.0,0.26872687020882896,195,0.0026468155500413565,0.01094017094017094,,,,,,,0.4403846153846154,0.08404161526676497,1.1041773041773042,0.4122388921635882,0,results/T-sweep-Dyck-3/distributions/not_nested_parentheses_and_brackets_L32_T128_ebsampler_categorical_gamma2.0.json
unconditional,not_nested_parentheses_and_brackets,32,ebsampler,categorical,,0.1,32,5,1.0,0.0,1.0,0.0,1.0,0.0,1.0,0.0,32.716,33,False,77.73,500,False,1.0,0.0,0.26967411626420956,200,0.001037344398340249,0.004288394532296971,,,,,,,0.41663690476190474,0.09496068134751418,1.0628611777111778,0.42745736255439143,0,results/T-sweep-Dyck-3/distributions/not_nested_parentheses_and_brackets_L32_T32_ebsampler_categorical_gamma0.1.json
unconditional,not_nested_parentheses_and_brackets,32,ebsampler,categorical,,0.9,32,5,0.774,0.076315,0.77,0.078486,0.762,0.086348,0.928,0.041183,28.648,31,False,69.02,378,False,1.0,0.0,0.2711778780981444,200,0.001370097619455386,0.005663716814159292,,,,,,,0.42971781305114637,0.09365169405981455,1.1364333050840987,0.44095362071410504,0,results/T-sweep-Dyck-3/distributions/not_nested_parentheses_and_brackets_L32_T32_ebsampler_categorical_gamma0.9.json
unconditional,not_nested_parentheses_and_brackets,32,ebsampler,categorical,,0.9,64,5,0.774,0.076315,0.77,0.078486,0.762,0.086348,0.928,0.041183,28.648,31,False,61.13,378,False,1.0,0.0,0.2711778780981444,200,0.001370097619455386,0.005663716814159292,,,,,,,0.42971781305114637,0.09365169405981455,1.1364333050840987,0.44095362071410504,0,results/T-sweep-Dyck-3/distributions/not_nested_parentheses_and_brackets_L32_T64_ebsampler_categorical_gamma0.9.json
unconditional,not_nested_parentheses_and_brackets,32,ebsampler,categorical,,0.5,32,5,0.998,0.004,0.998,0.004,0.998,0.004,0.994,0.004899,31.494,32,False,77.11,497,False,1.0,0.0,0.26841338353208044,200,0.0010421416009900345,0.004308023694130318,,,,,,,0.4232813547954393,0.09611567240919439,1.0727820692609427,0.4047081704687867,0,results/T-sweep-Dyck-3/distributions/not_nested_parentheses_and_brackets_L32_T32_ebsampler_categorical_gamma0.5.json
unconditional,not_nested_parentheses_and_brackets,32,ebsampler,categorical,,0.5,128,5,0.998,0.004,0.998,0.004,0.998,0.004,0.994,0.004899,31.494,32,False,60.0,497,False,1.0,0.0,0.26841338353208044,200,0.0010421416009900345,0.004308023694130318,,,,,,,0.4232813547954393,0.09611567240919439,1.0727820692609427,0.4047081704687867,0,results/T-sweep-Dyck-3/distributions/not_nested_parentheses_and_brackets_L32_T128_ebsampler_categorical_gamma0.5.json
unconditional,not_nested_parentheses_and_brackets,32,ebsampler,categorical,,0.9,128,5,0.774,0.076315,0.77,0.078486,0.762,0.086348,0.928,0.041183,28.648,31,False,56.18,378,False,1.0,0.0,0.2711778780981444,200,0.001370097619455386,0.005663716814159292,,,,,,,0.42971781305114637,0.09365169405981455,1.1364333050840987,0.44095362071410504,0,results/T-sweep-Dyck-3/distributions/not_nested_parentheses_and_brackets_L32_T128_ebsampler_categorical_gamma0.9.json
unconditional,not_nested_parentheses_and_brackets,32,ebsampler,categorical,,0.1,128,5,1.0,0.0,1.0,0.0,1.0,0.0,1.0,0.0,32.716,33,False,62.73,500,False,1.0,0.0,0.26967411626420956,200,0.001037344398340249,0.004288394532296971,,,,,,,0.41663690476190474,0.09496068134751418,1.0628611777111778,0.42745736255439143,0,results/T-sweep-Dyck-3/distributions/not_nested_parentheses_and_brackets_L32_T128_ebsampler_categorical_gamma0.1.json
unconditional,not_nested_parentheses_and_brackets,32,gaussian,categorical,100.0,,128,5,0.922,0.011662,0.924,0.008,0.918,0.011662,0.96,0.006325,118.136,126,False,530.68,459,False,1.0,0.0,0.26949644514211535,200,0.0011303426351112682,0.004672897196261682,,,,,,,0.4173980703392468,0.09377972006134354,1.1097582579608725,0.44807766681000627,0,results/T-sweep-Dyck-3/distributions/not_nested_parentheses_and_brackets_L32_T128_gaussian_categorical_sigma100.0.json
unconditional,not_nested_parentheses_and_brackets,32,gaussian,categorical,50.0,,128,5,0.938,0.007483,0.942,0.011662,0.936,0.008,0.95,0.016733,115.248,126,False,550.7,467,False,1.0,0.0,0.26807355444728354,200,0.0011114970475859674,0.004595060310166571,,,,,,,0.4182560925869277,0.0930929353778772,1.0576274368030256,0.41490621190534566,0,results/T-sweep-Dyck-3/distributions/not_nested_parentheses_and_brackets_L32_T128_gaussian_categorical_sigma50.0.json
unconditional,not_nested_parentheses_and_brackets,32,gaussian,categorical,1.0,,128,5,0.864,0.040792,0.858,0.051536,0.854,0.047582,0.854,0.047582,110.436,126,False,656.85,427,False,1.0,0.0,0.2696410602054459,200,0.0012149745614701193,0.005022759378433527,,,,,,,0.4301842868294859,0.09616065441458255,1.0999065597426254,0.44206169500628667,0,results/T-sweep-Dyck-3/distributions/not_nested_parentheses_and_brackets_L32_T128_gaussian_categorical_sigma1.0.json
unconditional,not_nested_parentheses_and_brackets,32,gaussian,categorical,2.0,,128,5,0.892,0.022271,0.898,0.017205,0.89,0.021909,0.894,0.014967,109.5,126,False,663.71,444,False,1.0,0.0,0.26840546955884953,200,0.0011678832116788322,0.004828002414001207,,,,,,,0.42306547619047624,0.09585210546782456,1.057632795132795,0.3819257813305107,0,results/T-sweep-Dyck-3/distributions/not_nested_parentheses_and_brackets_L32_T128_gaussian_categorical_sigma2.0.json
unconditional,not_nested_parentheses_and_brackets,32,gaussian,categorical,20.0,,128,5,0.944,0.018547,0.944,0.023324,0.942,0.021354,0.958,0.022271,111.048,126,False,631.07,471,False,1.0,0.0,0.2690598544435475,200,0.0011023079572855666,0.004557106237539163,,,,,,,0.42418739257911237,0.09510883069368298,1.0895976634830138,0.43956742279043354,0,results/T-sweep-Dyck-3/distributions/not_nested_parentheses_and_brackets_L32_T128_gaussian_categorical_sigma20.0.json
unconditional,not_nested_parentheses_and_brackets,32,gaussian,categorical,5.0,,128,5,0.908,0.03544,0.902,0.025612,0.896,0.028705,0.906,0.020591,107.594,126,False,684.81,448,False,1.0,0.0,0.26833159826166353,200,0.0011584129742253113,0.004788985333732416,,,,,,,0.4193713002027734,0.09646017129051296,1.097910057452468,0.4625992760839684,0,results/T-sweep-Dyck-3/distributions/not_nested_parentheses_and_brackets_L32_T128_gaussian_categorical_sigma5.0.json
unconditional,not_nested_parentheses_and_brackets,32,gaussian,categorical,10.0,,128,5,0.946,0.016248,0.942,0.009798,0.938,0.011662,0.946,0.010198,107.984,126,False,681.58,469,False,1.0,0.0,0.26980620989076365,200,0.001107496366027549,0.004578623551294892,,,,,,,0.42583003350593973,0.08569553716101375,1.069798272090383,0.44612196620664857,0,results/T-sweep-Dyck-3/distributions/not_nested_parentheses_and_brackets_L32_T128_gaussian_categorical_sigma10.0.json
unconditional,parentheses_and_brackets,32,gaussian,categorical,100.0,,128,5,0.908,0.026382,1.0,0.0,0.908,0.026382,0.92,0.026077,115.412,126,False,5356.38,454,False,1.0,0.0,0.26916264804476353,200,0.001004016064257028,0.003558191252779837,,,,,,,0.3607734867922093,0.09454261166166723,1.2630612840414603,0.9422022156477828,0,results/T-sweep-Dyck-3/distributions/parentheses_and_brackets_L32_T128_gaussian_categorical_sigma100.0.json
unconditional,parentheses_and_brackets,32,gaussian,categorical,50.0,,128,5,0.892,0.027129,1.0,0.0,0.892,0.027129,0.898,0.026382,112.088,126,False,5863.25,446,False,1.0,0.0,0.2701151703611145,200,0.0010229431535876078,0.0036253776435045317,,,,,,,0.3646247063847961,0.09629103005536044,1.1295244926971384,0.6329684247617708,0,results/T-sweep-Dyck-3/distributions/parentheses_and_brackets_L32_T128_gaussian_categorical_sigma50.0.json
unconditional,parentheses_and_brackets,32,gaussian,categorical,20.0,,128,5,0.886,0.034409,1.0,0.0,0.886,0.034409,0.888,0.036551,107.614,126,False,6019.33,443,False,1.0,0.0,0.2705192629815745,200,0.0010291847386605896,0.00364741641337386,,,,,,,0.35863245107037434,0.0949331016169977,1.1775573310562024,0.7311148450583405,0,results/T-sweep-Dyck-3/distributions/parentheses_and_brackets_L32_T128_gaussian_categorical_sigma20.0.json
unconditional,parentheses_and_brackets,32,gaussian,categorical,2.0,,128,5,0.724,0.014967,1.0,0.0,0.724,0.014967,0.728,0.01833,99.724,126,False,6668.99,361,False,1.0,0.0,0.27106212018478265,200,0.0012620571531596501,0.004472605292582929,,,,,,,0.3651103974511177,0.09319657605609476,1.1090817923227896,0.6712378327480736,0,results/T-sweep-Dyck-3/distributions/parentheses_and_brackets_L32_T128_gaussian_categorical_sigma2.0.json
unconditional,parentheses_and_brackets,32,gaussian,categorical,5.0,,128,5,0.834,0.010198,1.0,0.0,0.834,0.010198,0.84,0.016733,103.148,126,False,6954.4,417,False,1.0,0.0,0.26902527110062585,200,0.0010911074740861974,0.0038666022232962784,,,,,,,0.36792994176087707,0.09194067010013487,1.175600285672228,0.9203984257896982,0,results/T-sweep-Dyck-3/distributions/parentheses_and_brackets_L32_T128_gaussian_categorical_sigma5.0.json
unconditional,parentheses_and_brackets,32,gaussian,categorical,10.0,,128,5,0.862,0.024819,1.0,0.0,0.862,0.024819,0.862,0.024819,103.622,126,False,6876.5,431,False,1.0,0.0,0.27234079140951906,200,0.001062941310454787,0.0037676609105180532,,,,,,,0.37214534305601593,0.09409357637609107,1.175119222102981,0.6576540920870778,0,results/T-sweep-Dyck-3/distributions/parentheses_and_brackets_L32_T128_gaussian_categorical_sigma10.0.json
